_row,_code,A,B,C,D,E,F,G,H,I,J,K,L,M,N,O,P,Q,R,S,T,U,V,W,X,Y,Z,AA,AB,AC,AD,AE,AF,AG,AH,AI,AJ,AK,AL,AM,AN
2,1,2023-07-06 00:00:00,23:02:00,11010444,Air-1-1,2617,0.68,1.1,0,4,4,4,1,1,1,2.14442,0.0351459,4814.01,11.7348,307.366,43452.2,48032.5,6490.56,0.260006,342.567,1236.33,4324.24,6291.24,6201.62,0.00373478,21379.5,5280.33,40.7272,4.42845,98.3291,927.296,206.723,730.297,766.775,299.609,251.671
3,1,2023-07-07 00:00:00,02:02:00,11020444,Air-1-2,2618,0.53,1.1,0,4,4,4,1,1,2,3.52084,0.0708735,8813.97,20.9202,551.378,39579.5,82054.2,11158.4,0.447692,660.463,2550.04,8835.75,12906.2,12735.4,0.00482518,44046.5,10791,46.7764,9.69808,203.12,1896.81,422.7,1496.85,1573.07,607.791,515.554
4,1,2023-07-07 00:00:00,05:02:00,11030444,Air-1-3,2619,0.43,1.09,0,4,4,4,1,1,3,5.86434,0.106207,14113.7,31.3784,857.225,39707,109673,14968.6,0.59926,972.932,3855.81,13351.1,19460.5,19255.8,0.00589267,66915.2,16299.8,51.728,14.0057,303.09,2876.94,634.496,2249.81,2376.76,925.226,778.251
5,1,2023-07-07 00:00:00,08:02:00,11040444,Air-1-4,2620,0.37,1.06,0,4,4,4,1,1,4,7.256,0.14072,19696.2,47.6469,1194.26,40423.2,137765,18920.3,0.755995,1294.32,5178.41,17783.9,26167.6,25885.5,0.00690372,90002.2,22011.1,57.33,19.42,406.515,3865.84,854.707,3048.34,3231.22,1246.76,1052.96
6,1,2023-07-07 00:00:00,11:02:00,11050444,Air-1-5,2621,0.31,1.11,0,4,4,4,1,1,5,8.54916,0.174063,25293.2,61.9014,1534.49,40930.6,162051,22386.1,0.891548,1615.93,6446,22383,32826.8,32423,0.00793789,113483,27518.3,68.2135,24.5029,513.748,4881.16,1074.4,3839.86,4052.39,1576.92,1335.26
8,1,2023-07-07 00:00:00,17:02:00,11010444,Air-1-1,2622,0.23,1.08,0,4,4,4,1,1,1,1.47471,0.0332717,5106.93,12.1051,320.931,39286.7,47768.6,6431.45,0.259202,335.79,1233.99,4199.29,6183.87,6098.57,0.00373641,20783.4,5194.83,45.5094,4.59764,95.2217,902.401,201.692,713.226,746.97,296.261,245.508
9,1,2023-07-07 00:00:00,20:02:00,11020444,Air-1-2,2623,0.2,1.1,0,4,4,4,1,1,2,3.51482,0.0676005,10086.5,23.4646,612.256,38345.9,80614,10935.5,0.439866,650.336,2528.49,8665.19,12768.6,12559.2,0.0047946,43161,10626.6,52.8912,8.99726,201.68,1856.74,413.731,1466.82,1548.46,594.966,510.86
10,1,2023-07-07 00:00:00,23:02:00,11030444,Air-1-3,2624,0.18,1.07,0,4,4,4,1,1,3,4.75268,0.102408,15252.9,37.3486,932.051,38755.7,111023,15141.6,0.607573,974.162,3793.15,13107.1,19331,19125.6,0.00585747,66251.1,16220.9,54.7133,13.8648,299.215,2836.82,630.801,2241.95,2373.79,911.787,769.138
11,1,2023-07-08 00:00:00,02:02:00,11040444,Air-1-4,2625,0.16,1.06,0,4,4,4,1,1,4,6.47782,0.137196,19832.2,46.7745,1209.57,39695.9,133270,18229,0.731293,1282.49,5108.68,17628.4,25807.4,25560.3,0.00687616,89114.6,21676.6,60.9635,19.6487,401.349,3805.21,845.088,3005.2,3172.05,1211.6,1035.18
12,1,2023-07-08 00:00:00,05:02:00,11050444,Air-1-5,2626,0.14,1.07,0,4,4,4,1,1,5,6.83838,0.170658,24024.5,54.4558,1467.84,39999.4,159989,22036,0.880362,1593.7,6393.58,22187.6,32425.3,32090.2,0.00791448,112728,27261.9,71.873,23.9761,509.106,4822.81,1062.27,3804.4,3986.24,1542.8,1299.92
14,1,2023-07-08 00:00:00,11:02:00,12050444,Air-2-5,2628,0.12,2.07,0,4,4,4,1,2,5,15.8709,0.344991,48629.2,113.546,2918.5,39068,272323,37994.6,1.50818,3207.84,13059.6,45452.6,66552.6,66043.6,0.0132101,232951,55927.8,104.366,48.9526,1047.14,9902.09,2171.45,7827.41,8157.97,3148.99,2675.8
15,1,2023-07-08 00:00:00,14:02:00,11010444,Air-1-1,2629,0.11,1.07,0,4,4,4,1,1,1,1.41633,0.0326571,4823.05,11.6338,305.31,41494,47466.9,6413.57,0.256952,351.698,1227.02,4223.72,6192,6085.55,0.0037372,20881.9,5208.2,48.5692,4.84709,96.6924,911.586,195.315,712.655,751.872,291.672,250.762
16,1,2023-07-08 00:00:00,17:02:00,11020444,Air-1-2,2630,0.1,1.07,0,4,4,4,1,1,2,2.77924,0.0668919,9017.09,20.2492,555.785,39368.8,81163.3,11036.7,0.442311,658.949,2523.46,8697.58,12773.5,12598.5,0.00478785,43299.5,10649.2,53.4175,8.33535,196.209,1879.07,414.717,1473.01,1555.86,601.715,508.096
17,1,2023-07-08 00:00:00,20:02:00,11030444,Air-1-3,2631,0.1,1.06,0,4,4,4,1,1,3,4.52518,0.102078,15511.2,37.534,943.82,39013.7,110433,15060.4,0.603605,968.976,3814.39,13145.5,19289.9,19069.5,0.00582912,65852.5,16149.4,58.7976,14.3328,306.661,2835.24,627.687,2236.97,2360.67,917.326,781.284
18,1,2023-07-08 00:00:00,23:02:00,11040444,Air-1-4,2632,0.09,1.06,0,4,4,4,1,1,4,6.13137,0.136838,19706,46.2092,1205.22,40001.2,136259,18677.9,0.748172,1277.02,5094.65,17571.2,25845.8,25563.8,0.00686092,89025.7,21604.9,63.4517,20.039,404.688,3842.91,848.993,3017.55,3165.77,1219.43,1040.69
19,1,2023-07-09 00:00:00,02:02:00,11050444,Air-1-5,2633,0.08,1.06,0,4,4,4,1,1,5,7.46563,0.1704,23265.1,56.6088,1428.83,40025.2,159389,21924.3,0.876998,1584.28,6367.55,21998.6,32369.2,31982.2,0.00788143,111986,27061,71.0675,24.4504,496.84,4786.93,1055.21,3781.14,3981.92,1532.02,1300.94
21,1,2023-07-09 00:00:00,08:02:00,11010444,Air-1-1,2634,0.08,1.07,0,4,4,4,1,1,1,1.23674,0.0328802,5134.26,11.8389,318.489,38552.3,47761.3,6435.65,0.259316,344.478,1210.91,4178.74,6152.21,6055.2,0.00372369,20500.6,5127.11,46.2658,4.39908,96.8452,895.457,200.276,705.786,746.74,289.729,244.549
22,1,2023-07-09 00:00:00,11:02:00,11020444,Air-1-2,2635,0.07,1.04,0,4,4,4,1,1,2,2.70288,0.0669056,10561.2,25.3265,645.507,38313.2,80723.6,10952.1,0.440237,660.57,2508.98,8565.61,12705.9,12509.9,0.00477229,42847.6,10596,57.0451,9.9091,195.172,1843.9,411.913,1454.12,1543.96,597.071,503.746
23,1,2023-07-09 00:00:00,14:02:00,11030444,Air-1-3,2636,0.07,1.04,0,4,4,4,1,1,3,4.37952,0.101845,14967.6,34.7126,916.132,38767.4,108967,14844.4,0.595444,968.102,3805.02,13015.9,19236,19015.6,0.0058227,65495.2,16079.8,62.2065,14.5049,301.565,2811.86,635.411,2231.73,2365.92,913.342,778.418
24,1,2023-07-09 00:00:00,17:02:00,11040444,Air-1-4,2637,0.07,1.04,0,4,4,4,1,1,4,5.92937,0.13606,18872.7,44.2748,1163.36,39206.2,135012,18493.3,0.740777,1285.28,5095.83,17513.4,25767.8,25395.3,0.00688183,88350.6,21594.9,65.5134,18.9817,401.85,3806.39,842.856,3000.95,3174.8,1225.9,1039.92
25,1,2023-07-09 00:00:00,20:02:00,11050444,Air-1-5,2638,0.07,1.08,0,4,4,4,1,1,5,6.7052,0.169765,23725.7,56.1625,1444.89,39783.1,160261,22074.5,0.88275,1587.59,6340.69,21985.6,32229,31894.3,0.00789627,111384,27080.3,65.7408,24.5904,501.532,4760.82,1057.14,3762.8,3964.62,1535.81,1298.3
27,1,2023-07-10 00:00:00,02:02:00,12050444,Air-2-5,2640,0.06,2.04,0,4,4,4,1,2,5,15.8637,0.343565,46384.7,109.923,2812.9,38586,267770,37221.1,1.48433,3146.92,12755.6,44116.9,65366.5,64803.2,0.0129564,228113,54885.6,94.8065,48.1127,1015.53,9670.45,2116.06,7613.4,8009.73,3091.37,2618.6
28,1,2023-07-10 00:00:00,05:02:00,12050444,Air-2-5,2642,0.06,2.03,0,4,4,4,1,2,5,15.8312,0.342483,45466.8,107.802,2778.89,40181.3,269266,37413.3,1.49147,3180.39,12914.2,45466.7,65879.7,65338.7,0.0131225,233561,55682.5,98.6843,48.4126,1032.51,9938.55,2158.28,7837.47,8158.45,3152.92,2672.29
32,1,2023-07-10 00:00:00,18:44:28,12050444,Air-2-5,2644,0.07,2.05,0,4,4,4,1,2,5,14.8554,0.334509,42806.2,102.23,2607.14,49833.6,259888,36307.2,1.44001,3084.88,12687.6,45745,64634.6,64064.4,0.0129881,234163,55032.5,94.6433,48.7315,1014.01,10005.6,2121.69,7882.97,8060.51,3117.31,2643.32
33,1,2023-07-10 00:00:00,21:44:28,12050444,Air-2-5,2646,0.07,2.03,0,4,4,4,1,2,5,15.0261,0.335119,41912.4,99.5514,2542.29,44961.3,264869,36812.2,1.46778,3099.65,12677.4,45293.3,64753.9,64131.3,0.0129569,232368,54892.9,93.1158,47.5962,1011.48,9908.1,2105.15,7813.68,8081.49,3114.63,2626.81
34,1,2023-07-11 00:00:00,00:44:28,12050444,Air-2-5,2648,0.07,1.99,0,4,4,4,1,2,5,16.0246,0.335441,43928.7,102.304,2662.33,43488.1,264814,36816.9,1.46793,3101.03,12604.6,45168.3,64282.8,63702,0.0129343,231691,54778.2,90.5608,47.9279,1006.19,9880.96,2099.32,7769.77,8029.94,3088.39,2623.66
36,1,2023-07-11 00:00:00,06:44:28,12050444,Air-2-5,2650,0.06,2.04,0,4,4,4,1,2,5,15.2433,0.33544,44971.2,106.745,2723.67,40659.5,260684,36237.1,1.44178,3149.7,12675.1,44666.7,64727.9,64151,0.012928,228566,54857.8,119.331,47.2545,1004.46,9733.02,2121.8,7688.32,8052.53,3101.21,2631.95
39,1,2023-07-11 00:00:00,18:37:34,12050444,Air-2-5,2652,0.53,2.11,0,4,4,4,1,2,5,15.8436,0.349959,46588,111.976,2833.83,43293.6,273580,38006.6,1.51424,3247.89,13177.9,46234.6,67206.8,66585.1,0.0133707,237279,57030.8,107.688,51.1921,1057.93,10097.8,2198.54,7904.78,8352.82,3237.27,2737.32
40,1,2023-07-11 00:00:00,21:37:34,12050444,Air-2-5,2654,0.53,2.03,0,4,4,4,1,2,5,16.2061,0.349631,48387.7,115.737,2954.2,43687.6,273144,38011.2,1.51145,3228.19,13198.8,46680,67156.4,66641,0.0134068,238563,57157.7,98.6779,49.1245,1054.74,10138.3,2207.59,8016.48,8353.78,3227.75,2721.45
41,1,2023-07-12 00:00:00,00:37:34,12050444,Air-2-5,2656,0.52,2.03,0,4,4,4,1,2,5,15.8942,0.34883,47199,112.079,2868.25,44147.6,272887,38017.3,1.51064,3238.25,13212.3,46544.9,67295.9,66841.7,0.0133413,238708,57139.1,103.23,49.4282,1050.72,10189.3,2217.32,8001.65,8396.59,3237.89,2735.31
42,1,2023-07-12 00:00:00,03:37:34,12050444,Air-2-5,2658,0.51,2.05,0,4,4,4,1,2,5,15.1266,0.347875,48816.2,115.922,2951.98,44112,270572,37662.7,1.49661,3225.84,13103.6,46319.2,66926.9,66375.2,0.01328,237932,56853.7,103.794,48.6627,1049.32,10138.6,2176.67,7984.02,8330.22,3227.84,2729.09
45,1,2023-07-12 00:00:00,16:05:35,12050444,Air-2-5,2660,0.06,2.01,0,4,4,4,1,2,5,15.3444,0.339092,52816.3,125.152,3201.51,44005.6,268747,37517.4,1.48507,3165.67,12888.6,45077.7,65778.4,65250.3,0.0131193,230318,55747.9,114.483,47.9626,1037.3,9793.72,2153.49,7738.55,8141.04,3151.25,2687.45
46,1,2023-07-12 00:00:00,19:05:34,12050444,Air-2-5,2662,0.07,2.08,0,4,4,4,1,2,5,15.4927,0.338582,49510.6,116.167,3011.06,43909.3,263553,36755.8,1.45643,3160.34,12861.9,45014.5,65520.8,64877.8,0.0129926,231110,55679.8,107.892,48.0912,1016.16,9832.28,2157.95,7757.26,8159.37,3145.95,2667.25
48,1,2023-07-13 00:00:00,01:05:35,12050444,Air-2-5,2664,0.07,2.08,0,4,4,4,1,2,5,15.051,0.339905,50392.1,123.537,3084.55,40155.7,265305,36887.9,1.46748,3096.33,12615.7,43776.2,64201.9,63716.2,0.0128731,224024,54078.5,102.687,47.8703,998.033,9466.45,2082.98,7443.72,7834.09,3038.79,2574.37
49,1,2023-07-13 00:00:00,04:05:35,12050444,Air-2-5,2666,0.06,2.04,0,4,4,4,1,2,5,15.4263,0.338262,49805.4,122.248,3077.01,41930.4,265540,36923,1.46797,3143.47,12811.1,45239.7,65353,64786.8,0.0130886,230995,55526.8,101.064,48.5317,1018.83,9819.1,2120.08,7746,8138.7,3143.2,2655.25
53,1,2023-07-13 00:00:00,17:19:12,12050444,Air-2-5,2668,0.03,1.97,0,4,4,4,1,2,5,15.6011,0.338707,47977.5,110.574,2920.6,41944.6,260468,36235.6,1.43936,3137.26,12695.3,44447.1,65022.9,64430.8,0.0129365,228478,55389.2,108.216,48.3081,1020.71,9747.59,2133.24,7688.56,8093,3134.14,2642.18
54,1,2023-07-13 00:00:00,20:19:12,12050444,Air-2-5,2670,0.03,1.97,0,4,4,4,1,2,5,14.7742,0.338219,46368.3,108.613,2846.92,42476.1,259665,36199.3,1.43533,3122.72,12739,44601.2,65016.3,64463.7,0.0129131,229236,55231.4,104.982,47.5547,1012.81,9749.31,2125.69,7704.65,8098.92,3125.76,2660.38
55,1,2023-07-13 00:00:00,23:19:12,12050444,Air-2-5,2672,0.03,1.95,0,4,4,4,1,2,5,15.4806,0.33733,47306,112.535,2900.28,42500.9,258932,36007.7,1.43164,3125.76,12708.4,44916,64931.9,64307,0.0129975,229544,55260.4,107.79,50.1196,1015.44,9759.8,2114.14,7688.34,8116.07,3137.49,2661.14
56,1,2023-07-14 00:00:00,02:19:12,12050444,Air-2-5,2674,0.03,1.98,0,4,4,4,1,2,5,15.2485,0.337312,47513.5,115.607,2908,42795,259327,36028.7,1.4336,3117.94,12744.6,44669.4,64885.7,64265,0.0129594,228632,55120.7,104.583,47.1296,1019.62,9750.62,2127.61,7677.09,8077.54,3124.73,2638.98
59,1,2023-07-14 00:00:00,17:23:45,12050444,Air-2-5,2676,0.06,2,0,4,4,4,1,2,5,15.4689,0.337886,46736.4,112.392,2831.51,38981.6,257934,35734.1,1.42806,3101.83,12613.6,43715.1,64333.4,63701,0.012925,223700,54244.9,106.646,47.0389,1006.65,9527.95,2103.17,7532.55,7974.79,3082.54,2596.88
60,1,2023-07-14 00:00:00,20:23:45,12050444,Air-2-5,2678,0.06,2.01,0,4,4,4,1,2,5,15.314,0.336726,45876.6,110.12,2804.99,41929.4,257592,35765.6,1.42485,3103.26,12635,44358.8,64525.3,63931.8,0.0129106,227345,54942.6,104.053,47.3872,1009.38,9688.81,2105.57,7636.3,8037.3,3109.76,2638.52
61,1,2023-07-14 00:00:00,23:23:45,11010444,Air-1-1,2679,0.06,1.03,0,4,4,4,1,1,1,1.39955,0.0324865,4881.61,10.8764,306.966,42128.6,45571,6145.58,0.246911,333.749,1182.3,4086.77,6002.6,5912.16,0.00369622,20199,5074.52,47.2409,4.13284,93.042,878.312,185.704,689.531,746.138,290.718,238.856
62,1,2023-07-15 00:00:00,02:23:45,11020444,Air-1-2,2680,0.06,1.05,0,4,4,4,1,1,2,2.57154,0.0657032,9468.48,21.5298,580.149,39932.1,78145.6,10594.4,0.426243,634.286,2451.26,8379.92,12392.2,12227.6,0.00472875,41821,10428.7,49.1886,9.66068,191.658,1810.18,408.883,1427.84,1532.07,588.052,499.106
63,1,2023-07-15 00:00:00,05:23:45,11030444,Air-1-3,2681,0.06,1.02,0,4,4,4,1,1,3,4.41355,0.0997757,14177.9,34.0355,862.073,39474.8,104505,14216.7,0.571304,939.87,3707.61,12573.4,18715.2,18549.5,0.00573045,63567.3,15782.3,50.2816,13.7436,298.481,2750.11,617.518,2162.33,2314.22,895.005,764.336
64,1,2023-07-15 00:00:00,08:23:45,11040444,Air-1-4,2682,0.06,1.01,0,4,4,4,1,1,4,6.13979,0.133471,18834,45.3196,1150.41,40937.9,126946,17349.8,0.695416,1264.84,4976.36,17045.1,25185.5,24900.8,0.00677881,85919.4,21233.3,75.023,17.8116,391.367,3699.37,824.849,2917.62,3112.26,1200.53,1024.51
66,1,2023-07-15 00:00:00,14:23:45,11010444,Air-1-1,2683,0.06,1.03,0,4,4,4,1,1,1,1.62918,0.0321237,5116.73,11.8144,313.899,40132.9,45904.9,6206.61,0.248942,337.385,1190.14,3970.81,5932.94,5828.04,0.00367258,19607.6,4996.25,58.6624,4.05788,91.949,843.182,188.595,661.75,723.266,281.855,237.663
67,1,2023-07-15 00:00:00,17:23:45,11020444,Air-1-2,2684,0.06,1.05,0,4,4,4,1,1,2,2.79204,0.0654392,10008.6,22.8925,620.37,39208.5,77250.7,10542.5,0.421504,649.059,2455.74,8249.93,12413.7,12235.7,0.00470715,41265,10338.4,57.6915,9.65729,192.763,1781.76,403.189,1410.73,1519.46,584.641,496.805
68,1,2023-07-15 00:00:00,20:23:44,11030444,Air-1-3,2685,0.06,1.04,0,4,4,4,1,1,3,4.57441,0.0991765,14790.5,35.5393,927.935,38489.3,105673,14365.2,0.578039,950.04,3701.07,12583.2,18756.8,18534.3,0.00573237,63194.8,15818.8,61.9746,14.1791,295.906,2733.13,611.672,2157.07,2294.35,895.222,755.11
69,1,2023-07-15 00:00:00,23:23:45,11040444,Air-1-4,2686,0.06,1.05,0,4,4,4,1,1,4,6.26989,0.132962,20822.7,49.9594,1269.95,38945.2,130334,17838.5,0.715302,1236.7,4959.7,16958.2,25135.3,24943.6,0.00675502,85654.6,21178.4,63.2243,19.3003,394.192,3674.63,822.383,2899.49,3103.74,1206.11,1023.54
70,1,2023-07-16 00:00:00,02:23:45,11050444,Air-1-5,2687,0.06,1.03,0,4,4,4,1,1,5,6.8903,0.166119,26373.3,63.0787,1621.72,39698.9,155055,21383,0.853761,1550.09,6169.72,21283,31473.2,31163.3,0.00777058,108069,26611.1,71.6691,24.3616,499.386,4612.29,1031.82,3655.95,3903.68,1515.41,1278.09
72,1,2023-07-16 00:00:00,08:23:45,12050444,Air-2-5,2689,0.06,2.05,0,4,4,4,1,2,5,14.3392,0.336705,50314.2,120.865,3094.59,38956.4,262255,36441,1.45151,3106.11,12642.8,43800,64458.1,63936.5,0.012962,224110,54707.2,107.647,48.1616,1012.89,9551.88,2119.83,7525.03,8017.83,3091.23,2617.3
73,1,2023-07-16 00:00:00,11:23:45,12030444,Air-2-3,2691,0.06,2.07,0,4,4,4,1,2,3,9.33899,0.200622,30620.2,72.7874,1885.97,40625.6,179081,24670.6,0.985487,1890.34,7557.36,26213.8,38442,38043.7,0.00887749,132888,32682.3,89.0368,28.6903,605.425,5695.79,1257.82,4480.69,4808.2,1856.22,1573.38
74,1,2023-07-16 00:00:00,14:23:44,12040444,Air-2-4,2693,0.06,2.04,0,4,4,4,1,2,4,13.2544,0.268248,44016.3,103.942,2669.46,41317.3,220752,30684.3,1.21878,2498.8,10093.9,34984.2,51379.1,50988.2,0.0108428,178661,43642.7,101.012,38.3483,807.186,7648.96,1680.46,6032.07,6418.89,2483.32,2105.29
75,1,2023-07-16 00:00:00,17:23:45,12050444,Air-2-5,2695,0.06,2.01,0,4,4,4,1,2,5,15.98,0.335596,53767,126.539,3285.39,41795,261555,36447.7,1.44662,3093.48,12625.2,43996.1,64458.6,63852.1,0.0128414,225480,54926.5,103.605,47.1285,1011.95,9631.28,2106.56,7584.24,8074.13,3117.53,2650.1
76,1,2023-07-16 00:00:00,20:23:45,12030444,Air-2-3,2697,0.06,2.02,0,4,4,4,1,2,3,8.50633,0.200401,30532.7,73.3654,1872.67,41798.6,177792,24638.3,0.978925,1868.06,7496.32,25957.7,38153.5,37778.9,0.0087568,132373,32494.6,82.6482,27.4569,598.365,5692.5,1247.5,4498.16,4790.8,1855.29,1551.58
77,1,2023-07-16 00:00:00,23:23:44,12040444,Air-2-4,2699,0.06,2.01,0,4,4,4,1,2,4,11.398,0.267216,41538.7,100.285,2585.34,41396.2,217414,30175.5,1.20055,2469.86,10019.3,34993.1,51052.6,50566,0.0108462,178261,43565.2,91.5478,38.2553,801.439,7606.66,1678.12,6005.27,6389.81,2467.88,2086.56
78,1,2023-07-17 00:00:00,02:23:45,12050444,Air-2-5,2701,0.06,2.01,0,4,4,4,1,2,5,14.4652,0.333989,51922.1,124.262,3190.4,41661.3,260119,36265.5,1.43891,3068.2,12566.8,43939,64057.1,63525.9,0.0128116,225135,54564.4,105.034,48.356,1006.66,9621.69,2101.68,7565.62,8030.46,3103.07,2623.65
81,1,2023-07-17 00:00:00,16:52:29,12050444,Air-2-5,2703,0.07,2.03,0,4,4,4,1,2,5,15.8691,0.338669,53561.2,124.737,3243.24,37335.8,261061,36360.9,1.44719,3124.81,12760.4,43788.5,65084,64443.5,0.0130034,224562,55067,109.963,47.6811,1016.43,9571.14,2137.42,7554.12,8095.12,3122.08,2659.85
82,1,2023-07-17 00:00:00,19:52:29,12050444,Air-2-5,2705,0.06,2.01,0,4,4,4,1,2,5,15.4006,0.334994,53988.1,128.816,3311.37,40936.7,258681,36052.4,1.43226,3075.5,12577.8,43771.9,63968.9,63464.5,0.0128285,224265,54623.3,104.24,46.2734,1006.87,9559.36,2098.89,7540.41,8059.73,3098.21,2634.67
83,1,2023-07-17 00:00:00,22:52:29,12050444,Air-2-5,2707,0.06,2.01,0,4,4,4,1,2,5,15.4184,0.334488,53519.4,126.023,3299.8,41665.8,261384,36366.6,1.44649,3080.92,12543.2,44109.6,64118.4,63566.1,0.0129064,225622,54861.3,107.796,46.5918,1005.98,9614.31,2095.79,7582.27,8041.91,3110.49,2627.31
84,1,2023-07-18 00:00:00,01:52:29,12050444,Air-2-5,2709,0.06,2.02,0,4,4,4,1,2,5,14.1628,0.334079,52852.1,127.407,3208.15,41515,259656,36232.7,1.43654,3082.76,12575.9,44136.4,63998.9,63453.7,0.0129309,225364,54792,105.551,49.2211,1000.81,9627.89,2099.55,7581.28,8011.25,3111.76,2621.76
87,1,2023-07-18 00:00:00,14:06:47,12050444,Air-2-5,2711,0.06,2.01,0,4,4,4,1,2,5,16.3515,0.333447,53346.2,128.225,3291.36,49275.1,259288,36201.9,1.43369,3080.21,12602,44647.9,64253,63730.4,0.0128984,228126,55432.6,114.62,47.6389,1008.92,9730.94,2101.65,7665.14,8144.6,3143.66,2657.53
88,1,2023-07-18 00:00:00,17:06:47,12050444,Air-2-5,2713,0.06,2,0,4,4,4,1,2,5,15.0456,0.333188,51378,118.889,3165.53,44905.4,260210,36372,1.43994,3064.85,12550.1,44127.4,63890.3,63388.8,0.0128434,225983,54821.4,111.982,48.3209,1005.87,9641.82,2098.56,7637.95,8072.04,3118.73,2628.47
90,1,2023-07-18 00:00:00,23:06:47,12050444,Air-2-5,2715,0.06,2.03,0,4,4,4,1,2,5,14.7326,0.333581,52139.7,122.227,3180.3,40540.7,258706,36030.5,1.43336,3007.19,12328.8,42461.1,62722.2,62246.1,0.0126254,218084,53282.4,105.251,46.2396,969.847,9217.34,2022.52,7254.8,7761.65,3020.23,2554.62
91,1,2023-07-19 00:00:00,02:06:48,12050444,Air-2-5,2717,0.06,2.01,0,4,4,4,1,2,5,15.573,0.332703,52979.6,125.47,3257.2,42114.4,258989,36077.5,1.43392,2998.06,12299.8,42963.1,62724.4,62135.2,0.0126835,219573,53547.6,106.652,45.1114,975.328,9300.61,2032.73,7321.73,7783.64,2984.62,2542.42
93,1,2023-07-19 00:00:00,12:06:49,11000999,Air-1-all,2718,0.03,1.01,0,9,9,9,1,1,0,173.737,3.87003,104422,255.189,6815.47,1256610,182.791,25.7377,0.0010016,73.9716,2.20283,9.97577,14.2437,16.9411,0.00272699,42.166,10.3301,69.368,0,0.344793,2.19563,0.722685,2.38651,2.52833,1.18803,0.517456
95,1,2023-07-19 00:00:00,18:13:02,12050444,Air-2-5,2720,0.06,1.99,0,4,4,4,1,2,5,14.6171,0.333237,54141.4,126.276,3307.88,41500,258006,36081.9,1.42481,3107.7,12596.2,43104.7,64291.1,63694.4,0.0127967,220420,54710,136.176,46.873,1010.71,9411.93,2109.75,7414.7,8066.58,3121.33,2619.14
96,1,2023-07-19 00:00:00,21:13:02,12050444,Air-2-5,2722,0.06,2.01,0,4,4,4,1,2,5,15.1752,0.332826,54047.4,132.487,3345.4,43750.7,257789,36155.2,1.42231,3105.6,12599.5,43669.5,64430.5,63837,0.0127507,223330,54919.4,129.791,47.7416,1002.12,9529.04,2111.42,7523.04,8079.06,3100.99,2639.5
97,1,2023-07-20 00:00:00,00:13:02,11050444,Air-1-5,2723,0.06,1.01,0,4,4,4,1,1,5,7.61352,0.164744,25179.7,60.3004,1561.96,43912,148894,20637.1,0.816595,1556.15,6186.5,21292.2,31403.5,31083.5,0.00768601,107695,26709.9,97.1413,24.3989,499.454,4640.34,1030.88,3659.26,3939.52,1524.53,1290.26
98,1,2023-07-20 00:00:00,03:13:03,12050444,Air-2-5,2725,0.06,1.99,0,4,4,4,1,2,5,14.8617,0.332503,51916,125.137,3229.41,43158,257605,36132.4,1.42281,3082.77,12571,43671.8,64082.9,63547.6,0.0127755,222851,54832.2,135.11,47.3329,1006.27,9522.46,2104.47,7495.06,8051.31,3117.07,2632.1
101,1,2023-07-20 00:00:00,14:16:12,12000440,Air-HeStandard-2-all,2727,0.03,0.03,0,3,3,0,1,2,0,8.46421,0.0273705,7507.89,18.3966,462.337,44891.6,44112.8,5909.5,0.234606,218.47,701.343,2386.23,3522.97,3498.35,0.00328891,11705.7,3007.88,53.9991,5.11741,117.593,1057.95,238.883,842.765,917.76,354.467,298.724
102,1,2023-07-20 00:00:00,17:50:27,14000330,Air-HeStandard-4-all,2731,0.03,0.03,0,3,3,0,1,4,0,17.9776,0.0506157,7019.81,16.818,427.948,41195.9,44284.7,5881.9,0.235958,207.249,700.177,2377.13,3535.65,3479.33,0.00331248,11661.1,3012.25,45.8058,5.6251,111.896,1054.38,230.522,829.948,920.347,352.94,299.711
103,1,2023-07-20 00:00:00,20:50:27,14050330,Air-HeStandard-4-5x,2735,0.03,0.03,0,3,3,0,1,4,5,0.591896,0.00248025,405.158,0.849435,34.829,40151.9,1308.23,166.221,0.00676891,41.5675,31.6006,107.823,158.413,158.607,0.00274283,518.845,130.986,31.5625,0.175159,5.08867,41.5408,9.3398,33.5657,35.4372,13.3569,12.4434
105,1,2023-07-21 00:00:00,02:50:27,14000330,Air-HeStandard-4-all,2739,0.03,0.03,0,3,3,0,1,4,0,16.8583,0.0503497,6532.45,15.7172,407.793,38567.1,40907.7,5425.01,0.219189,192.354,654.99,2199.63,3301.24,3247.59,0.00326926,10821.2,2800.84,38.1471,4.83543,106.098,986.666,229.03,773.962,848.219,328.307,276.959
106,1,2023-07-21 00:00:00,05:50:27,14050330,Air-HeStandard-4-5x,2743,0.03,0.03,0,3,3,0,1,4,5,0.837135,0.00263716,410.16,0.957411,33.9627,38320.4,1247.74,157.939,0.00644377,37.5137,32.2579,107.643,153.614,157.973,0.00274142,511.693,128.565,29.177,0.140683,4.46823,38.1525,8.3671,31.1123,35.3468,12.9225,12.355
113,1,2023-07-24 00:00:00,19:12:35,12050444,Air-2-5,2751,0.03,1.97,0,4,4,4,1,2,5,15.823,0.331535,51286.9,122.957,3133.95,33914.1,249589,34578.1,1.39509,2931.69,11994.2,40936.1,61266.3,60770.3,0.0126609,209409,51919.7,82.1364,41.2712,950.392,8857.26,2006.8,7001.36,7602.62,2934.1,2469.99
114,1,2023-07-24 00:00:00,22:12:35,12050444,Air-2-5,2753,0.03,1.96,0,4,4,4,1,2,5,16.0054,0.331585,51306.4,122.502,3131.6,36406,250026,34738,1.39395,2931.47,11942,41636.5,60898.7,60385.6,0.0125752,213544,52542.1,87.812,44.5787,945.077,8991.76,1975.45,7083.84,7619.88,2955.17,2489.73
116,1,2023-07-25 00:00:00,04:12:35,12050444,Air-2-5,2755,0.03,1.92,0,4,4,4,1,2,5,14.6762,0.330827,48849.5,114.656,2971.29,34931.2,248125,34301,1.38451,2882.55,11694.8,40582.4,59523.9,59090.4,0.0124322,207393,51055.3,88.9226,42.0168,918.511,8703.17,1913.01,6839.78,7361,2842.1,2393.66
117,1,2023-07-25 00:00:00,07:12:35,12050444,Air-2-5,2757,0.03,1.97,0,4,4,4,1,2,5,15.4485,0.330383,53317.1,128.404,3265.79,37968.1,247372,34352.9,1.37663,2888.55,11779,41127.5,60147.3,59628.1,0.0123922,210413,51677.7,85.5925,45.1376,915.606,8806.81,1928.09,6927.13,7466.6,2872.44,2413.67
118,1,2023-07-25 00:00:00,10:55:42,12050444,Air-2-5 (KrXe-adjusted center values),2759,0.04,1.97,0,4,4,4,1,2,5,15.6188,0.330149,51111.9,122.712,3121.86,39116.8,251523,35123.6,1.39643,842.509,3194.59,11080.4,16092.7,15882.9,0.00534075,54926.5,13723.8,74.2071,7.71831,159.578,1530.68,337.224,1209.04,1291.54,498.44,429.781
119,1,2023-07-25 00:00:00,15:29:42,12050444,Air-2-5,2761,0.04,2,0,4,4,4,1,2,5,15.1928,0.330191,50545.9,119.656,3085.55,41942.1,249347,34657.2,1.38475,2917.35,11759.1,41045.8,59839.6,59447.2,0.0124067,208667,51545.2,96.2233,43.4116,916.542,8765.83,1913.62,6899.98,7442.7,2883.35,2424.44
120,1,2023-07-25 00:00:00,18:29:42,12050444,Air-2-5,2763,0.04,1.95,0,4,4,4,1,2,5,14.7756,0.329626,50225.6,122.319,3110.84,43145.7,247339,34333.9,1.37323,2935.82,11757.8,41591.4,59822.7,59375.2,0.0124727,210990,51921.6,91.8863,44.4984,912.555,8914.3,1927.73,7009.98,7520.92,2898.36,2444.98
122,1,2023-07-26 00:00:00,00:29:42,12050444,Air-2-5,2765,0.05,1.96,0,4,4,4,1,2,5,14.2503,0.329906,51112.1,119.65,3081.83,36187,248213,34259.8,1.37942,2912.38,11693.9,40861.5,59513.3,59184.4,0.0124329,206920,51430.6,86.5927,42.507,914.571,8797.46,1912.8,6952.1,7453.02,2887.3,2432.3
123,1,2023-07-26 00:00:00,03:29:42,12050444,Air-2-5,2767,0.05,1.99,0,4,4,4,1,2,5,14.5001,0.329332,48901.5,115.042,2988.09,40764.1,249815,34556.8,1.38905,2914.47,11679.2,41418.9,59643.2,59142.8,0.0124738,210558,51742.6,85.1959,45.5131,921.526,8884.19,1917.92,6999.51,7509.85,2894.86,2444.01
127,1,2023-07-26 00:00:00,17:26:01,12050444,Air-2-5,2769,0.05,1.96,0,4,4,4,1,2,5,14.6816,0.32795,52953,128.793,3227.92,45552.2,248311,34391.9,1.37837,2922.58,11695.1,41142.3,59464.1,59147,0.0124286,208438,51806.5,91.3302,42.9495,924.244,8833.15,1912.46,6990.63,7525.56,2902.26,2456.29
128,1,2023-07-26 00:00:00,20:26:01,12050444,Air-2-5,2771,0.05,1.91,0,4,4,4,1,2,5,15.0159,0.32754,53442.3,125.811,3271.52,44466.9,248548,34448.7,1.38115,2888.7,11694.3,41470.8,59582.9,59042.3,0.0124627,211366,51875.1,86.5833,44.4495,920.092,8882.08,1911.36,6981.92,7493.71,2884.15,2447.59
130,1,2023-07-27 00:00:00,02:26:01,12050444,Air-2-5,2773,0.05,1.93,0,4,4,4,1,2,5,14.8343,0.327412,52265.8,127.256,3183.51,40878.2,250061,34550.2,1.39206,2883,11669.1,41003.2,59372.8,59025.3,0.0124287,208591,51337.6,82.6392,44.4555,915.374,8769.64,1904.33,6926.27,7417.42,2878.92,2433.64
131,1,2023-07-27 00:00:00,05:26:01,12050444,Air-2-5,2775,0.05,1.93,0,4,4,4,1,2,5,14.1029,0.327284,49377.3,115.543,3015.63,42478.7,252000,34843.5,1.40169,2877.63,11712.5,41427.8,59503.6,59086.1,0.0124364,210147,51533.3,85.6317,43.9725,914.492,8886.53,1920.51,6985.96,7470.99,2893.7,2435.29
134,1,2023-07-27 00:00:00,15:50:12,12050444,Air-2-5,2777,0.04,1.94,0,4,4,4,1,2,5,14.859,0.327017,52122.4,124.156,3210.33,46409.8,250679,34762.8,1.39097,2914.38,11741.8,41135.7,59754.2,59336.8,0.0124068,209025,52042.4,93.9053,44.7516,929.606,8871.26,1921.56,6977.55,7552.59,2913.3,2464.04
135,1,2023-07-27 00:00:00,18:50:12,12050444,Air-2-5,2779,0.05,1.94,0,4,4,4,1,2,5,14.7776,0.326487,52833.3,125.859,3227.97,45377.7,246759,34127.1,1.36827,2905.44,11691.8,41177.3,59431.5,59086,0.012367,207991,51560.7,87.6127,44.1469,925.895,8852.94,1924.43,6981.69,7523.4,2899.13,2442.46
136,1,2023-07-27 00:00:00,21:50:12,11210444,Air-1-1-ProcSpl2,2780,0.05,0.49,0,4,4,4,1,1,1,0.562203,0.0143342,2574.27,6.24575,169.919,44550.4,23772,3167.36,0.128799,161.475,504.017,1718.79,2533.89,2499.51,0.00313773,8430.58,2172.15,33.9159,1.56337,36.4314,364.376,84.3019,292.99,317.246,122.869,104.168
137,1,2023-07-28 00:00:00,00:50:12,12050444,Air-2-5,2782,0.05,1.91,0,4,4,4,1,2,5,14.708,0.326934,53448.4,125.319,3241.47,41290.4,251318,34665.5,1.39642,2891.66,11635.3,40827.2,59258.2,58773.7,0.0124135,208554,51456.3,85.0701,41.7148,921.883,8773.63,1904.95,6908.47,7441.77,2874.83,2433.57
138,1,2023-07-28 00:00:00,03:50:12,12050444,Air-2-5,2784,0.05,1.95,0,4,4,4,1,2,5,13.7976,0.326005,52596.4,124.562,3200.42,43502.8,250932,34654,1.39452,2884.55,11668.6,41340.7,59247.7,58922.4,0.0124088,210385,51578.2,81.9689,44.7969,917.863,8834.08,1913.99,6973.76,7460.63,2880.54,2435.44
141,1,2023-07-28 00:00:00,15:58:32,12050444,Air-2-5,2786,0.03,1.95,0,4,4,4,1,2,5,14.2932,0.325738,51239.1,122.85,3138.59,46207.9,246419,34278.5,1.36613,2886.81,11720.6,41879.5,59560.2,59121.1,0.0123458,211777,51863.3,90.7699,44.2694,919.468,9012.55,1905.63,7080.13,7538.21,2914.82,2472.64
142,1,2023-07-28 00:00:00,18:58:32,12050444,Air-2-5,2788,0.03,1.95,0,4,4,4,1,2,5,14.1998,0.325978,51686.3,123.752,3176.32,45251.5,245444,34016.3,1.36145,2885.55,11599.8,41473.6,59079.4,58613.8,0.012334,211044,51420.6,92.7592,42.6775,906.35,8913.4,1895.13,7027.3,7490.29,2885.18,2426.58
143,1,2023-07-28 00:00:00,21:58:32,11010444,Air-1-1,2789,0.03,0.95,0,4,4,4,1,1,1,1.25019,0.0309709,5274.87,11.648,330.222,44055.7,43255.6,5789.87,0.235784,305.073,1093.35,3822.61,5536.3,5461.38,0.00364316,18784.6,4755.76,38.6197,3.81846,85.6628,813.666,177.885,635.761,687.795,267.851,225.623
144,1,2023-07-29 00:00:00,00:58:32,11020444,Air-1-2,2790,0.03,0.98,0,4,4,4,1,1,2,2.78427,0.0629376,2074.65,23.0857,598.574,40735.5,72699.7,9795.17,0.398308,590.745,2242.27,7784.88,11320.6,11198.5,0.00461313,38521.2,9762.09,42.9129,8.19035,172.726,1652.09,366.302,1305.39,1401.29,544.096,459.892
145,1,2023-07-29 00:00:00,03:58:32,11030444,Air-1-3,2791,0.03,0.95,0,4,4,4,1,1,3,4.10009,0.0956425,14962.3,34.7749,917.175,40026.2,98353.6,13317.3,0.539035,870.425,3408.81,11698.4,17146.8,16998.9,0.00555785,57918,14714.1,49.5453,12.421,264.051,2498.94,547.083,1983.11,2125.13,829.632,690.135
146,1,2023-07-29 00:00:00,06:58:32,11040444,Air-1-4,2792,0.03,0.96,0,4,4,4,1,1,4,5.6177,0.128285,20158.3,48.1438,1240.21,40029.2,124375,16916.1,0.684185,1148.4,4555.08,15821.1,23039.3,22768.2,0.00654379,79278.5,19906.2,51.7745,16.8158,349.616,3374.64,745.567,2663.46,2880.21,1108.86,943.307
147,1,2023-07-29 00:00:00,09:58:32,11050444,Air-1-5,2793,0.03,0.97,0,4,4,4,1,1,5,7.10139,0.160216,25381,60.1295,1564.52,42643.6,146213,19937.8,0.806518,1440.49,5705.79,19830.7,28930.2,28637,0.007504,99750.9,24982.3,61.9859,20.142,445.426,4235.91,927.541,3347.61,3617.07,1396.9,1182.51
149,1,2023-07-29 00:00:00,15:58:32,12050444,Air-2-5,2795,0.03,1.9,0,4,4,4,1,2,5,13.7735,0.325595,51406.8,122.442,3138,38206.4,246525,33987.9,1.37047,2884.79,11501.8,40149.4,58620.7,58074.6,0.0122943,204896,50757.3,91.1608,42.8355,905.312,8649.51,1885.75,6800.81,7354.62,2842.63,2407.62
150,1,2023-07-29 00:00:00,18:58:32,11010444,Air-1-1,2796,0.03,0.98,0,4,4,4,1,1,1,1.48218,0.0307882,5220.48,11.453,328.289,41907.2,43958.8,5882.91,0.239823,308.491,1091.13,3803.44,5509.04,5453.66,0.00365891,18500.2,4792.15,38.2326,4.00935,88.2999,806.042,177.094,631.194,687.188,268.172,225.355
151,1,2023-07-29 00:00:00,21:58:32,11020444,Air-1-2,2797,0.03,0.96,0,4,4,4,1,1,2,2.76581,0.062639,10196.8,23.1077,636.118,38732.4,72875.2,9801.77,0.399319,581.996,2219.08,7660.93,11235.1,11101.6,0.00461464,37726.1,9643.81,42.0713,7.2108,174.833,1623.16,355.041,1281.86,1390.33,537.251,455.697
152,1,2023-07-30 00:00:00,00:58:32,11030444,Air-1-3,2798,0.03,0.96,0,4,4,4,1,1,3,4.05658,0.0951565,106.291,24.449,698.516,38785.8,99092,13407.2,0.544926,854.881,3378.03,11588.7,17022.2,16873.9,0.00557456,57611.1,14636,43.9544,11.7795,259.44,2478.18,547.282,1948.21,2113.05,820.058,695.715
153,1,2023-07-30 00:00:00,03:58:32,11040444,Air-1-4,2799,0.03,0.96,0,4,4,4,1,1,4,5.90595,0.127967,20243.3,48.4361,1241.01,39259.5,122593,16581.1,0.675045,1158.82,4514.56,15670.7,22855.9,22567.1,0.00654219,78479.6,19678.3,49.4151,16.8307,351.749,3348.83,735.429,2618.37,2843.25,1095.41,928.179
154,1,2023-07-30 00:00:00,06:58:32,11050444,Air-1-5,2800,0.04,0.94,0,4,4,4,1,1,5,7.27936,0.159745,25106.3,56.4163,1527.16,39881.2,143738,19519.2,0.794038,1417.09,5662.12,19528.4,28604.7,28318.6,0.00745793,98527,24604.9,53.8667,19.4249,438.701,4181.87,919.639,3316.93,3573.65,1370.35,1168.88
155,1,2023-07-30 00:00:00,09:58:32,12050444,Air-2-5,2802,0.05,1.92,0,4,4,4,1,2,5,14.5289,0.323148,52336.3,121.068,3156.62,40131.4,244802,33706.9,1.36234,2835.1,11443.3,40277.8,58245.6,57812.5,0.0122689,204885,50445.8,78.795,41.3219,903.341,8642.6,1871.58,6830.54,7327.76,2830.79,2388.68
156,1,2023-07-30 00:00:00,12:58:32,11210444,Air-1-1-ProcSpl2,2803,0.06,0.48,0,4,4,4,1,1,1,0.537324,0.014274,2464.61,5.23386,156.208,41543.6,23559.3,3133.83,0.127835,150.986,494.106,1701.89,2465.56,2427.4,0.00314585,8255.11,2134.89,29.4503,1.66293,40.1133,363.462,82.0885,286.2,307.678,121.331,102.3
157,1,2023-07-30 00:00:00,15:58:32,11210444,Air-1-1-ProcSpl2,2804,0.06,0.47,0,4,4,4,1,1,1,0.80777,0.0141943,2444.55,5.87174,160.876,38005.2,23435.6,3104.67,0.127525,148.261,486.657,1674.85,2467.52,2430.19,0.00313764,8159.57,2096.71,30.0255,2.34569,38.038,356.553,80.786,278.96,308.613,117.257,101.358
158,1,2023-07-30 00:00:00,18:58:32,12050444,Air-2-5,2806,0.06,1.89,0,4,4,4,1,2,5,14.2001,0.324047,50242,115.41,3046.02,36952,245054,33722.7,1.36551,2840.89,11390.4,39649.3,58047.8,57582.2,0.0122381,202710,50245,77.588,42.3508,899.976,8540.64,1864.58,6704.39,7284.09,2818.89,2379.14
159,1,2023-07-30 00:00:00,21:58:32,12050444,Air-2-5,2808,0.06,1.9,0,4,4,4,1,2,5,14.6582,0.323039,49493.2,118.159,3054,40962.9,242544,33429.6,1.35072,2816.12,11415.2,40242.9,57982.7,57586,0.0122381,204391,50583.4,76.0795,40.8152,896.627,8607.52,1871.7,6810.89,7328.81,2828.86,2386.77
160,1,2023-07-31 00:00:00,00:58:32,12050444,Air-2-5,2810,0.06,1.91,0,4,4,4,1,2,5,13.349,0.322713,50213.2,118.14,3074.24,41531.7,245720,33868,1.36823,2825.87,11407,40314.7,58090.2,57639.4,0.0122728,204621,50485.4,79.3444,41.6698,889.22,8657.38,1863.35,6843.57,7318.8,2825.01,2390.23
163,1,2023-07-31 00:00:00,17:49:22,12050444,Air-2-5,2812,0.03,1.91,0,4,4,4,1,2,5,14.5728,0.33322,49713,116.832,3000.04,34086.1,243699,33556.8,1.36044,2821.88,11323,39269,57767.8,57279.4,0.0121967,199094,49709,76.8503,41.5664,899.31,8435.42,1849.36,6622.73,7213.3,2778.47,2345.12
164,1,2023-07-31 00:00:00,20:49:22,12050444,Air-2-5,2814,0.04,1.9,0,4,4,4,1,2,5,14.3531,0.331704,49408,120.119,3069.85,39957.3,244213,33768.2,1.36095,2812.73,11414.5,39984.3,58017.2,57626.5,0.0122113,201789,50230.7,78.6928,41.0973,890.922,8595.61,1867.16,6753.37,7298.69,2814.89,2376.66
165,1,2023-07-31 00:00:00,23:49:22,12050444,Air-2-5,2816,0.03,1.91,0,4,4,4,1,2,5,14.0429,0.331344,50669.7,120.146,3068.72,40995.3,243276,33637.3,1.35622,2793.7,11383.9,40220.4,57857.6,57456.6,0.0122391,204262,50384.7,77.9291,41.8336,886.813,8617.94,1854.96,6799.66,7301.68,2819.74,2385.35
166,1,2023-08-01 00:00:00,02:49:22,12050444,Air-2-5,2818,0.04,1.89,0,4,4,4,1,2,5,14.4946,0.330572,50929.7,124.397,3129.19,41669.4,244049,33645.9,1.35957,2805.28,11354.7,40272.8,57754.3,57297.3,0.0122315,205073,50395.3,75.9064,41.1546,896.198,8650.37,1844.23,6794.56,7286.29,2829.22,2377.15
169,1,2023-08-01 00:00:00,16:17:25,12050444,Air-2-5,2820,0.05,1.94,0,4,4,4,1,2,5,14.3076,0.321071,48977,115.519,2979.46,37755.2,243086,33528,1.356,2798.38,11293.3,39402.8,57580,57162.7,0.0121606,200223,49953.8,79.8518,39.7198,888.51,8463,1861.71,6671.72,7281.98,2805.01,2377.99
170,1,2023-08-01 00:00:00,19:17:25,12050444,Air-2-5,2822,0.05,1.91,0,4,4,4,1,2,5,14.0695,0.320447,48390.9,118.393,2988.56,40588.7,241787,33308.6,1.34915,2809.4,11238.3,39865.7,57377.5,56885,0.012171,202843,50118.7,76.9313,41.373,878.305,8563.05,1846.63,6731.74,7292.14,2795.39,2379.52
172,1,2023-08-02 00:00:00,01:17:25,12050444,Air-2-5,2824,0.05,1.91,0,4,4,4,1,2,5,13.6612,0.320649,49974.2,118.659,3046.42,36573.5,241926,33247.2,1.35033,2778,11229.6,39389.2,57211.9,56736,0.0121513,200668,49667.7,77.0421,41.1125,883.758,8507.7,1843.73,6696.31,7194.33,2773.25,2359.98
173,1,2023-08-02 00:00:00,04:17:25,12050444,Air-2-5,2826,0.05,1.91,0,4,4,4,1,2,5,13.388,0.319034,48380.2,116.245,2979.14,42708.3,241351,33244.4,1.3452,2793.94,11258.1,39732.6,57284.9,56988.9,0.0121545,202181,49930.8,76.5354,42.259,887.449,8558.98,1847.09,6726.16,7226.44,2798.85,2352.26
177,1,2023-08-02 00:00:00,17:25:52,12050444,Air-2-5,2828,0.03,1.89,0,4,4,4,1,2,5,14.3865,0.319454,48819,116.684,3014.97,49820.1,243515,33585.7,1.35675,2810.84,11327.8,40013.5,57534.8,57109.9,0.0121773,203999,50448.2,77.9716,40.856,880.612,8573.06,1859.75,6781.64,7320.26,2827.55,2372.24
178,1,2023-08-02 00:00:00,20:25:53,12050444,Air-2-5,2830,0.03,1.86,0,4,4,4,1,2,5,13.6051,0.319338,48226.2,115.01,2974.48,44991.6,242820,33435,1.35293,2818.11,11316.1,39905.9,57572.1,57087.6,0.0121836,203570,50464.4,82.3097,40.8563,898.228,8612.01,1855.47,6754.41,7339.09,2825.41,2394.19
179,1,2023-08-02 00:00:00,23:25:52,12050444,Air-2-5,2832,0.03,1.89,0,4,4,4,1,2,5,14.5757,0.319277,50567.5,122.533,3075.19,44164.1,242161,33316.3,1.34852,2820.48,11291.3,39971.2,57441.9,56983.3,0.0121755,203029,50261.6,77.1566,41.7452,887.889,8573.43,1847.2,6763.14,7325.48,2823.01,2385.21
180,1,2023-08-03 00:00:00,02:25:53,12050444,Air-2-5,2834,0.03,1.87,0,4,4,4,1,2,5,13.5797,0.318981,49302.7,115.753,3020.18,43912.5,245050,33823,1.36552,2785.95,11269.3,40021.5,57307.5,56869.5,0.012191,202847,50247.8,78.8123,41.3461,876.432,8578.51,1859.12,6744.88,7302.24,2814.93,2366.28
183,1,2023-08-03 00:00:00,16:04:28,12050444,Air-2-5,2836,0.04,1.87,0,4,4,4,1,2,5,13.7177,0.319421,48542.9,112.839,2976.04,41118.1,240895,33168.1,1.34246,2802.54,11297.7,39288.1,57299,57003.3,0.0121056,199084,49801.5,83.091,41.5139,888.391,8453.07,1852.27,6680.27,7264.16,2807.48,2351.98
184,1,2023-08-03 00:00:00,19:04:28,12050444,Air-2-5,2838,0.03,1.88,0,4,4,4,1,2,5,14.1997,0.318506,49328.9,114.485,3030.76,42507.6,241536,33328.9,1.3469,2774.48,11219.9,39543.9,57188.3,56778.1,0.0121449,201479,49913,76.0439,41.3626,876.982,8531.12,1840.32,6699.59,7193.63,2791.86,2363.56
186,1,2023-08-04 00:00:00,01:04:28,12050444,Air-2-5,2840,0.03,1.86,0,4,4,4,1,2,5,14.309,0.319079,50740.9,122.899,3081.56,39586.4,240769,33199.5,1.34313,2782.31,11248.1,39423.7,57265.1,56881,0.0121494,199994,49846.1,81.8499,41.8816,887.314,8442.73,1846.83,6681.43,7209.8,2782.66,2367.15
187,1,2023-08-04 00:00:00,04:04:28,12050444,Air-2-5,2842,0.03,1.87,0,4,4,4,1,2,5,13.9983,0.317966,50980,120.903,3122.51,43168.4,240825,33326.4,1.34143,2782.45,11276.5,39700.4,57354.2,56897.6,0.0121135,202062,50062,80.8729,42.7885,877.258,8526.95,1847.97,6698.75,7274.89,2817.12,2370.29
190,1,2023-08-04 00:00:00,18:16:34,12050444,Air-2-5,2844,0.04,1.86,0,4,4,4,1,2,5,13.7426,0.317558,50055.9,119.917,3104.63,46206.4,240747,33343.8,1.34283,2790.06,11235.5,39924.6,57265.5,56881.2,0.0121164,202238,50218.4,79.4391,41.8404,875.68,8564.4,1827.22,6734.4,7313.13,2825.14,2393.22
191,1,2023-08-04 00:00:00,21:16:34,12050444,Air-2-5,2846,0.03,1.86,0,4,4,4,1,2,5,14.1019,0.317294,50304.7,118.695,3073.15,43540.7,240410,33199,1.34176,2785.07,11207.3,39652.5,57081.3,56796.6,0.0121041,201824,49831.5,80.3786,44.9265,878.965,8521.22,1849.09,6729.2,7251.12,2787.2,2361.36
192,1,2023-08-05 00:00:00,00:16:34,11010444,Air-1-1,2847,0.04,0.93,0,4,4,4,1,1,1,1.63456,0.0302725,4965.82,12.3936,307.99,42611.5,42766.9,5728.92,0.234684,282.167,1069.38,3662.66,5351.63,5287.78,0.00363666,17997.4,4620.1,26.1193,4.13823,84.882,780.523,176.671,620.232,667.82,258.162,221.19
193,1,2023-08-05 00:00:00,03:16:34,11020444,Air-1-2,2848,0.04,0.97,0,4,4,4,1,1,2,2.47747,0.0614963,2936.99,22.9405,603.794,39271.6,71540.7,9612.53,0.394282,561.359,2155.97,7427.94,10921.8,10783.2,0.00456373,36816.2,9407.6,32.0572,7.82791,169.085,1583.72,355.867,1238.58,1348.43,525.711,443.934
194,1,2023-08-05 00:00:00,06:16:34,11030444,Air-1-3,2849,0.03,0.96,0,4,4,4,1,1,3,4.12576,0.0930898,15199.7,36.1972,941.852,38922.5,97114.6,13118.6,0.535531,840.258,3294.89,11317.9,16564.7,16435.1,0.00552109,56185.9,14364.2,38.8196,12.4532,253.922,2409.17,532.405,1901.54,2073.33,800.873,676.471
195,1,2023-08-05 00:00:00,09:16:34,11040444,Air-1-4,2850,0.03,0.96,0,4,4,4,1,1,4,5.14082,0.124638,20040,49.2617,1220.6,40018.9,118764,16148,0.656022,1109.05,4413.38,15189.1,22324.8,22116.2,0.00643225,76028,19269.2,47.233,16.7254,348.847,3249.25,715.051,2559.55,2794.36,1080.9,920.731
196,1,2023-08-05 00:00:00,12:16:34,11050444,Air-1-5,2851,0.03,0.95,0,4,4,4,1,1,5,6.89673,0.156102,25030,59.0269,1527.56,40506.2,140751,19167,0.778919,1390.88,5485.77,19054.9,27903,27654.6,0.00737682,96058.8,24229.3,52.9474,20.2073,426.564,4086.97,903.381,3219.32,3501.42,1354.68,1141.45
198,1,2023-08-05 00:00:00,18:16:34,11010444,Air-1-1,2852,0.03,0.95,0,4,4,4,1,1,1,1.19947,0.0301071,4977.04,11.8014,316.882,37614.8,42033,5628.75,0.231129,285.554,1053.51,3560.7,5288.27,5210.28,0.00361309,17521.5,4548.71,29.9434,4.131,80.8888,755.475,168.814,594.837,656.152,254.032,218.286
199,1,2023-08-05 00:00:00,21:16:34,11020444,Air-1-2,2853,0.04,0.95,0,4,4,4,1,1,2,2.69083,0.0611759,1265.27,22.9189,597.267,36245.4,72051.8,9686.32,0.398167,557.404,2146.97,7328.97,10848.7,10719.2,0.00456801,36071.7,9324.48,33.5359,8.53745,166.034,1558.92,351.676,1224.2,1346.13,518.072,438.111
200,1,2023-08-06 00:00:00,00:16:34,11030444,Air-1-3,2854,0.03,0.96,0,4,4,4,1,1,3,3.98204,0.0928121,14892.6,34.9545,910.757,37076,97635.8,13155.3,0.53946,835.204,3260.06,11138.9,16498,16319.6,0.00551186,55258.7,14201.1,36.918,12.0104,253.449,2373.32,534.225,1864.23,2045.01,792.949,673.223
201,1,2023-08-06 00:00:00,03:16:34,11040444,Air-1-4,2855,0.03,0.94,0,4,4,4,1,1,4,4.70887,0.124429,19957.7,48.5295,1218.17,38072.6,120873,16356.6,0.66901,1102.6,4391.79,15136.3,22258.3,21993.9,0.00645501,75791.7,19188.1,39.8572,16.513,337.635,3227.34,713.116,2538.98,2771.26,1067.81,903.809
202,1,2023-08-06 00:00:00,06:16:34,11050444,Air-1-5,2856,0.03,0.93,0,4,4,4,1,1,5,6.91921,0.156044,24575.6,59.256,1495.3,39474.2,139853,19096.4,0.773491,1387.26,5534,18958.1,28032.5,27733.3,0.00735079,95446.1,24275.3,61.778,19.6701,431.357,4037.52,895.43,3194.61,3506.85,1354.6,1149.52
204,1,2023-08-06 00:00:00,12:16:34,12050444,Air-2-5,2858,0.03,1.89,0,4,4,4,1,2,5,13.7584,0.316403,49991.1,117.707,3061.4,37456.4,236609,32639.7,1.31923,2749.58,11130.5,38413.1,56592.3,56167.3,0.0120092,195094,48980.5,84.8234,40.3002,876.446,8274.97,1826.92,6518.67,7108.73,2729.01,2312.05
205,1,2023-08-06 00:00:00,15:16:34,12030444,Air-2-3,2860,0.03,1.87,0,4,4,4,1,2,3,8.64433,0.18859,29988.5,69.4061,1849.53,42029.2,164153,22486.4,0.911396,1658.71,6699.06,23148.2,33826.2,33571.5,0.0083378,116448,29354,55.7331,26.4209,528.777,4974.9,1085.67,3904.52,4268.77,1651.86,1398.58
206,1,2023-08-06 00:00:00,18:16:33,12040444,Air-2-4,2862,0.03,1.92,0,4,4,4,1,2,4,11.4319,0.251617,40075.5,92.4589,2477.54,40379.3,203850,28029.9,1.13602,2202.97,8928.1,31100.8,45230.6,44811.4,0.0101977,158056,39493.3,68.9783,33.2185,700.603,6660.34,1454.63,5274.04,5746.48,2217.27,1869.18
207,1,2023-08-06 00:00:00,21:16:33,12050444,Air-2-5,2864,0.03,1.84,0,4,4,4,1,2,5,13.9148,0.314995,50045,117.21,3065.91,41573.2,243403,33524.9,1.35804,2736.48,11111,39090,56704.3,56216.2,0.0120492,198800,49481.7,73.0935,42.1318,866.254,8399.75,1829.69,6617.32,7161.44,2770.87,2339.72
208,1,2023-08-07 00:00:00,00:16:33,12050444,Air-2-5,2866,0.04,1.84,0,4,4,4,1,2,5,14.2434,0.314661,49552.2,117.289,3043.3,42149.5,242066,33393.3,1.3498,2750.12,11118.7,39001.1,56394.6,56020.3,0.0120342,198239,49315.8,78.8052,43.8334,878.523,8387.82,1823.48,6610.3,7164.73,2775.23,2358.58
210,1,2023-08-07 00:00:00,10:57:02,11020444,Air-1-2,2867,0.03,0.91,0,4,4,4,1,1,2,2.39966,0.0594323,10241.3,23.9375,628.07,40318,70680.9,9535.59,0.388879,556.372,2131.76,7314.17,10728,10570.7,0.0045248,36070.5,9285.26,41.9208,7.27854,160.924,1556.12,344.153,1220.52,1347.67,522.514,441.367
211,1,2023-08-07 00:00:00,15:45:46,12050444,Air-2-5,2869,0.03,1.79,0,4,4,4,1,2,5,13.9756,0.309282,49490.1,117.465,3005.19,35798.3,237941,32689.6,1.32892,2689.42,10823.9,37681.5,55088.6,54672.6,0.0118133,191406,47965.1,75.9801,39.6798,849.752,8090.84,1767.07,6402.78,6982.5,2684.91,2293.68
212,1,2023-08-07 00:00:00,18:45:46,12050444,Air-2-5,2871,0.03,1.82,0,4,4,4,1,2,5,13.4489,0.308572,48795.1,116.712,3025.19,40865.5,237971,32912.7,1.32828,2685.39,10927.6,38168.3,55451.2,55057.3,0.0118362,192423,48278.8,73.3049,39.7415,858.325,8235.43,1781.22,6458.99,6983.56,2716.39,2296.08
213,1,2023-08-07 00:00:00,21:45:46,11010444,Air-1-1,2872,0.03,0.92,0,4,4,4,1,1,1,1.17301,0.0292315,4907.48,12.4596,313.717,41774.3,42187.2,5667.52,0.23144,280.589,1038.32,3550.75,5208.28,5123.13,0.0035975,17340.1,4512.26,31.7993,3.58603,79.3651,757.876,168.66,593.202,659.662,253.356,216.277
214,1,2023-08-08 00:00:00,00:45:46,11020444,Air-1-2,2873,0.03,0.91,0,4,4,4,1,1,2,2.74114,0.059402,3445.55,24.4075,599.45,38407.7,71295.8,9610.18,0.393066,547.1,2108.26,7189.68,10656.7,10534.7,0.00451371,35558.4,9198.3,34.1198,7.57445,166.419,1531.2,343.145,1204.46,1335.14,515.427,433.23
215,1,2023-08-08 00:00:00,03:45:46,11020444,Air-1-2,2874,0.03,0.91,0,4,4,4,1,1,2,2.4917,0.059427,9706.56,24.2094,610.955,38378.2,71290.9,9612.06,0.393296,542.561,2105.13,7187.72,10651,10559.1,0.00450419,35547.1,9184.29,32.3009,7.65102,165.621,1526.84,339.217,1210.48,1336.27,520.241,435.957
216,1,2023-08-08 00:00:00,09:34:33,11300444,Air-1-split3,2875,0.03,0.24,0,4,4,4,1,1,0,28.8473,0.655219,98534.2,232.758,6018.99,34487.9,407879,56865,2.29531,5621.76,23100.3,81095.6,118223,117509,0.0217828,412394,103874,128.229,88.3691,1829.49,17503.8,3812.74,13782,15102.3,5817.59,4914.1
217,1,2023-08-08 00:00:00,12:34:33,11300444,Air-1-split3,2876,0.03,0.24,0,4,4,4,1,1,0,29.3114,0.652948,101267,239.689,6262.5,43087.4,401093,56222.7,2.25132,5630.63,23117.6,82454.1,118114,117661,0.0216865,416182,104390,135.946,86.2719,1828.89,17836.5,3799.34,14054.7,15212,5838.78,4963.94
218,1,2023-08-08 00:00:00,16:29:08,12050444,Air-2-5,2878,0.03,1.83,0,4,4,4,1,2,5,12.7184,0.307592,49114,115.598,3030.77,40620.1,233361,32286.8,1.30019,2668.7,10899.8,38212.3,55449,55068.3,0.011769,192319,48056.4,79.3266,40.4651,856.273,8212.33,1781.62,6481.55,7000.2,2728.9,2286.48
219,1,2023-08-08 00:00:00,19:29:08,11310444,Air-1-1-Procsplit3,2879,0.03,0.24,0,4,4,4,1,1,1,0.294703,0.00658331,1191.52,2.88398,78.8542,42561,12564.9,1653.73,0.0683153,86.6498,226.48,776.214,1147.17,1138.06,0.00292324,3789.84,990.773,31.9241,0.733372,18.4085,169.484,38.6927,133.78,148.965,56.8432,46.5776
220,1,2023-08-08 00:00:00,22:29:08,11310444,Air-1-1-Procsplit3,2880,0.03,0.23,0,4,4,4,1,1,1,0.26432,0.00654537,1214.76,2.76129,81.7278,37715.2,12572.2,1668.5,0.0685721,85.9716,224.286,776.902,1141.84,1126.04,0.0029283,3746.02,974.344,30.4711,0.73725,17.8566,166.76,38.0828,133.712,144.74,56.726,47.5463
221,1,2023-08-09 00:00:00,01:29:09,11310444,Air-1-1-Procsplit3,2881,0.03,0.24,0,4,4,4,1,1,1,0.419003,0.00670556,1179.61,2.92155,81.851,35922.2,12581.2,1665.3,0.0685586,84.5734,226.519,749.187,1129.54,1118.39,0.00290535,3655.69,959.605,26.9562,0.632596,15.4561,162.78,36.6498,131.405,141.936,53.7073,46.2595
222,1,2023-08-09 00:00:00,04:29:08,12050444,Air-2-5,2883,0.03,1.83,0,4,4,4,1,2,5,13.314,0.308249,48849.3,115.479,2978.34,35362,233989,32225,1.30785,2670.31,10848,37185.6,55126.8,54774.7,0.0117446,188676,47402.6,79.5445,40.6369,859.927,8033.87,1777.46,6321.26,6888.1,2668.06,2268.75
235,1,2023-08-11 00:00:00,01:44:46,11310330,Air-1-1-Procsplit3-NeArSplit3,2884,0.03,0.23,0,3,3,0,1,1,1,0.192217,0.00669135,26059.1,60.0595,1576.61,32653.7,129741,17469.8,0.715877,306.224,1131.96,3741.27,5704.42,5643.73,0.00368807,18432.9,4888.78,31.6412,4.03411,91.2626,832.989,200.044,654.103,745.383,288.084,242.701
236,1,2023-08-11 00:00:00,04:44:46,11310444,Air-1-1-Procsplit3-NeArSplit4,2885,0.03,0.24,0,4,4,4,1,1,1,0.357533,0.0066299,1195.47,3.11492,79.8339,36289.8,12440.9,1650.66,0.0680738,80.0888,221.922,728.495,1123.42,1102.23,0.0029047,3589.95,943.36,25.0117,0.714249,19.2723,159.536,35.3223,124.335,137.98,54.9681,45.3275
239,1,2023-08-11 00:00:00,15:48:01,12050444,Air-2-5,2887,0.03,2.19,0,4,4,4,1,2,5,15.0027,0.367381,59404.5,141.632,3611.54,32752.4,264614,36664.7,1.48165,3146.17,12883.9,43410.4,65467.3,65024.4,0.0134261,222120,56333.8,85.957,48.2466,1012.84,9350.55,2125.77,7356.37,8179.71,3149.32,2666.18
242,1,2023-08-12 00:00:00,00:48:00,12050444,Air-2-5,2889,0.03,2.16,0,4,4,4,1,2,5,16.3051,0.36737,59386.7,134.942,3629.17,32949.9,266330,36755.3,1.49286,3137.36,12807.8,43768.6,65232.9,64791.6,0.0134424,223583,56521.2,80.7473,47.7046,1012.15,9426.15,2112.26,7428.96,8210.21,3179.95,2672.79
245,1,2023-08-12 00:00:00,09:48:00,12050444,Air-2-5,2891,0.03,2.14,0,4,4,4,1,2,5,16.0867,0.36684,58917.3,138.835,3619.29,34181.7,265890,36821.3,1.48724,3151.23,12806.9,43686.5,65095.4,64635,0.0133133,222937,56423,90.7141,46.5814,1009.9,9373.56,2085.5,7377.9,8137.23,3140.72,2670.81
248,1,2023-08-12 00:00:00,18:48:00,12050444,Air-2-5,2893,0.03,2.16,0,4,4,4,1,2,5,16.391,0.366133,58838.9,142.196,3605.82,33073.3,267841,36986.6,1.50077,3153.51,12800.7,44238.1,65259.7,64823.9,0.0134559,226022,56741.1,87.7258,47.5277,1014.67,9506.03,2100.62,7479.48,8242.76,3190.14,2684.71
251,1,2023-08-13 00:00:00,03:48:00,12050444,Air-2-5,2895,0.04,2.15,0,4,4,4,1,2,5,16.2512,0.366253,59061,138.284,3609.15,32003.2,267279,36816.7,1.4968,3146.16,12815.1,43861.3,65235.2,64674.1,0.0134057,224952,56571.7,87.5352,47.7329,1010.84,9497.36,2099.9,7458.28,8190.28,3182.41,2684.14
254,1,2023-08-13 00:00:00,12:48:00,12050444,Air-2-5,2897,0.04,2.17,0,4,4,4,1,2,5,16.6787,0.366481,58673.5,138.702,3575.22,32204.8,265919,36687.3,1.48906,3111.47,12754.3,43652.4,65036.7,64492.1,0.0133583,221508,55999.3,83.3183,48.4533,1004.57,9403.07,2101.66,7427.7,8141.52,3124.22,2662.85
257,1,2023-08-13 00:00:00,21:48:00,12050444,Air-2-5,2899,0.03,2.11,0,4,4,4,1,2,5,16.2246,0.365785,59117.2,141.272,3613.25,32625.4,265282,36574.5,1.48859,3123.31,12791.9,43880.9,64911.3,64370.9,0.0133935,224333,56337.7,82.6551,47.0041,1003.03,9442.06,2086.15,7419.36,8180.85,3158.41,2670.46
261,1,2023-08-14 00:00:00,16:44:46,12050444,Air-2-5,2901,0,0,0,4,4,4,1,2,5,20.3488,0.47426,75587.4,177.305,4610.16,32348.7,320547,44308.6,1.8043,4044.74,16590.5,56911.4,84681.1,84231.3,0.0165849,291890,73279.5,95.5907,63.5981,1303.42,12252,2712.86,9637.86,10614.4,4108.99,3452.7
263,1,2023-08-15 00:00:00,15:21:13,12050444,Air-2-5,2903,0,0,0,4,4,4,1,2,5,20.3429,0.471652,56606.3,139.459,3425.57,29020.7,317537,43725.7,1.79073,3993.76,16356.4,55983.4,83523.5,83052.9,0.0165067,286543,71613.4,90.1041,61.1105,1285.55,12050.4,2683.89,9520.75,10424.7,4011.39,3405.55
267,1,2023-08-16 00:00:00,03:21:13,12050444,Air-2-5,2905,0,0,0,4,4,4,1,2,5,20.0003,0.469269,60153.7,142.967,3643.74,31768.4,320141,44226.3,1.80306,3838.45,15674.9,54045.5,79752.8,79254.7,0.0159521,276569,69531.4,86.3595,55.3994,1188.86,11271.1,2474.47,8843.26,9773.12,3766.56,3196.12
270,1,2023-08-16 00:00:00,15:43:19,12050444,Air-2-5,2907,0,0,0,4,4,4,1,2,5,19.6971,0.449247,59703.1,143.237,3619.4,32020.9,308404,42458.5,1.73553,3816.19,15583,53742.5,79487.9,79026.5,0.015893,272849,68640.5,88.1512,57.2062,1210.26,11535.4,2552.25,9095.62,9940.76,3853.07,3261.17
274,1,2023-08-17 00:00:00,03:43:19,12050444,Air-2-5,2909,0,0,0,4,4,4,1,2,5,19.7529,0.44903,58794.8,145.518,3625.15,31777.5,308211,42311.9,1.73476,3802.77,15448.3,53532.3,78916.4,78414.9,0.015848,274092,68606,89.3837,57.4943,1212.8,11535.2,2534.33,9060.15,9916.31,3826.73,3238.15
279,1,2023-08-17 00:00:00,22:42:54,12050444,Air-2-5,2911,0.02,2.28,0,4,4,4,1,2,5,16.143,0.383276,52145.6,123.222,3178.46,31929.7,271812,37495.6,1.52714,3240.02,13192,45402.8,67189.2,66650.1,0.0137699,231041,58118.7,83.4501,48.2162,1033.02,9698.84,2158.51,7658.05,8401.86,3246.72,2740.93
282,1,2023-08-18 00:00:00,07:42:54,12050444,Air-2-5,2913,0.02,2.26,0,4,4,4,1,2,5,16.4931,0.381687,51949.9,118.862,3188.56,32325.5,272231,37618.5,1.52723,3274.6,13325.2,45981.6,67946.2,67510.4,0.0138665,233529,58959,89.2472,48.8095,1056.73,9889.29,2181.47,7805.34,8585.89,3315.67,2792.05
283,1,2023-08-18 00:00:00,19:30:31,12050444,Air-2-5,2915,0.01,2.22,0,4,4,4,1,2,5,16.1643,0.374754,51608.1,125.174,3194.01,29763.7,268294,37050.2,1.50818,3145.09,12881.9,44272.5,65552.4,65012.4,0.0135276,224681,56510.9,84.3244,49.8449,1005.74,9404,2090.09,7430.13,8146.55,3145,2670.22
284,1,2023-08-18 00:00:00,22:30:31,11010444,Air-1-1,2916,0.01,1.1,0,4,4,4,1,1,1,1.35712,0.0356402,5418.3,14.1186,342.144,36992.8,47969.7,6467.76,0.26406,328.335,1248.75,4236.84,6281.32,6178.45,0.00378963,20775.6,5417.44,27.3644,5.09829,97.175,898.096,201.643,724.958,789.628,303.54,256.618
285,1,2023-08-19 00:00:00,01:30:31,11020444,Air-1-2,2917,0,1.11,0,4,4,4,1,1,2,3.13458,0.0724162,10415.4,23.7411,643.885,34410.2,80032.4,10789.6,0.443742,635.373,2537.6,8667.12,12860.9,12721.7,0.00488622,42732.9,11073.8,30.7728,9.68934,194.463,1844.05,412.555,1445.37,1611.28,613.606,523.4
286,1,2023-08-19 00:00:00,04:30:31,11030444,Air-1-3,2918,0.01,1.09,0,4,4,4,1,1,3,4.83659,0.109504,16851.6,43.1359,1028.25,35397.1,108660,14755.3,0.602517,967.326,3881.11,13161.1,19556.6,19351,0.00601445,65713.1,16860.2,37.8904,14.2561,301.542,2803.48,625.637,2211.45,2434.84,941.171,802.25
287,1,2023-08-19 00:00:00,07:30:31,11040444,Air-1-4,2919,0.01,1.11,0,4,4,4,1,1,4,5.97212,0.14709,21238.7,49.8832,1313.54,37921.6,133650,18301.2,0.740388,1312,5228.6,17759.4,26546.7,26278.4,0.00709463,89449.1,22914.1,59.1438,19.7212,415.404,3795.49,861.685,2999.75,3314.93,1288.46,1078.6
288,1,2023-08-19 00:00:00,10:30:31,11050444,Air-1-5,2920,0.01,1.11,0,4,4,4,1,1,5,8.53157,0.183826,27320.5,64.0137,1690.74,38699.8,157055,21546,0.873432,1622.55,6515.1,22245.6,33045.4,32724.4,0.0081769,111891,28532.8,63.5406,24.1074,503.298,4760.39,1063.62,3737.8,4143.92,1598.47,1364.7
290,1,2023-08-19 00:00:00,16:30:31,11010444,Air-1-1,2921,0.01,1.11,0,4,4,4,1,1,1,1.93492,0.0353212,5510.95,13.9809,355.828,34214.5,47626,6388.41,0.261889,330.406,1229.72,4161.54,6243.26,6159.07,0.00378303,20303.1,5361.27,31.3095,4.85324,95.6795,896.187,198.883,696.271,781.734,298.716,255.313
291,1,2023-08-19 00:00:00,19:30:30,11020444,Air-1-2,2922,0.01,1.1,0,4,4,4,1,1,2,2.9199,0.0719148,11223.5,28.0568,691.361,34413.6,79867.3,10768.2,0.442427,635.839,2538.58,8566.85,12847.9,12649.9,0.00489473,42650.5,11054.5,32.5608,9.16928,196.551,1819.74,413.005,1437.78,1598.02,614.509,513.365
292,1,2023-08-19 00:00:00,22:30:31,11030444,Air-1-3,2923,0,1.11,0,4,4,4,1,1,3,4.72228,0.109196,16416,38.6819,1028.67,35816.5,108958,14722.6,0.604632,968.608,3858.15,13028,19489.8,19295.6,0.00598051,65019.3,16771.7,39.4775,15.1526,304.683,2796.88,625.115,2201.29,2452.15,933.865,799.549
293,1,2023-08-20 00:00:00,01:30:31,11040444,Air-1-4,2924,0,1.1,0,4,4,4,1,1,4,6.33106,0.146631,22734.7,53.7435,1423.63,35719.1,133610,18169.4,0.74368,1278.92,5138.98,17553.5,26109.8,25849.6,0.00708123,87509,22510.2,44.7936,18.9947,404.978,3754.46,845.928,2957.83,3283.29,1277.58,1068.7
294,1,2023-08-20 00:00:00,04:30:31,11050444,Air-1-5,2925,0.01,1.1,0,4,4,4,1,1,5,7.64036,0.183579,28753.5,66.672,1766.07,37473.4,157421,21552.8,0.877364,1593.32,6442.18,22093.8,32739.6,32426.4,0.00816156,111613,28264.1,49.8565,24.2116,513.977,4736.03,1058.85,3727.44,4091.87,1579.21,1345.14
296,1,2023-08-20 00:00:00,10:30:31,12050444,Air-2-5,2927,0.01,2.21,0,4,4,4,1,2,5,16.9828,0.372874,57123.5,134.053,3504.19,36016.2,267477,37138.3,1.49826,3198.67,13081.9,44994.9,66701.3,66269.1,0.0135849,228483,57851.3,86.8468,49.8216,1036.58,9730.31,2154.95,7654.26,8428.52,3242.4,2760.7
297,1,2023-08-20 00:00:00,13:30:30,12030444,Air-2-3,2929,0.01,2.19,0,4,4,4,1,2,3,9.34359,0.221717,33517.1,77.6807,2050.19,39365.8,182831,25199.2,1.02014,1933.29,7842.34,27006.9,39796.3,39477.7,0.00929165,136390,34550.1,63.1846,29.4689,613.052,5810.77,1287.44,4577.13,5039.57,1952.9,1645.69
298,1,2023-08-20 00:00:00,16:30:31,12040444,Air-2-4,2931,0.01,2.17,0,4,4,4,1,2,4,13.0926,0.296611,46622.1,112.558,2879.72,39140.6,227412,31411.7,1.27278,2566.37,10430.1,36090.9,53080.4,52766.6,0.0114399,182926,46155.6,72.507,39.6639,819.711,7777.41,1715.22,6123.52,6716.47,2592.06,2208.21
299,1,2023-08-20 00:00:00,19:30:31,12050444,Air-2-5,2933,0.01,2.19,0,4,4,4,1,2,5,16.2179,0.371609,55255.2,133.096,3413.67,40255.9,267408,36998.9,1.49892,3179.63,13029,45479.6,66402.9,65958.4,0.0135969,230058,57811,84.5371,48.7343,1021.94,9799.31,2134.53,7711.27,8409.22,3258.83,2764.26
301,1,2023-08-21 00:00:00,01:30:30,12050444,Air-2-5,2935,0.01,2.2,0,4,4,4,1,2,5,15.7832,0.371743,53197.2,123.473,3271.73,36457.3,268077,37038.1,1.5033,3184.42,13026.4,45175.5,66365.5,65789.8,0.0136145,230297,57917.1,85.2162,49.5154,1022.2,9744.41,2143.77,7656.5,8422.19,3260.76,2757.97
302,1,2023-08-21 00:00:00,04:30:31,12050444,Air-2-5,2937,0.01,2.18,0,4,4,4,1,2,5,16.012,0.370778,55831,130.115,3445.34,40336.8,267287,37079.3,1.49822,3170.48,12997.2,45638.3,66183.6,65705.9,0.013638,231289,57934.9,82.7604,48.4288,1026.88,9756.94,2146.87,7708.52,8451.94,3266.48,2747.76
306,1,2023-08-21 00:00:00,20:41:31,12050444,Air-2-5,2939,0.01,2.17,0,4,4,4,1,2,5,15.7255,0.362553,55253,133.11,3420.73,37934,263114,36558.3,1.47291,3130.2,12801.6,44294.9,65239.3,64720.3,0.0133649,224841,56701.7,88.48,49.8387,1004.61,9506.61,2104.83,7484.39,8264.73,3184.68,2683.28
307,1,2023-08-21 00:00:00,23:41:31,12050444,Air-2-5,2941,0.01,2.17,0,4,4,4,1,2,5,15.6996,0.361853,55511.1,132.194,3441.64,40112.2,262824,36481.8,1.47183,3110.51,12783.5,44469.6,65071.7,64523.9,0.0133215,226489,56985.4,88.7512,47.2017,1006.68,9586.28,2103.13,7549.1,8313.64,3208.03,2707.99
308,1,2023-08-22 00:00:00,02:41:31,12050444,Air-2-5,2943,0.01,2.1,0,4,4,4,1,2,5,15.7145,0.362002,55617.3,133.715,3461.56,40827.8,263131,36492.6,1.47446,3091.86,12717.9,44103.3,64706.3,64460.5,0.0132261,222404,56829.6,82.8921,48.2135,1000.09,9560.17,2103.49,7512.5,8307.8,3204.52,2716.3
311,1,2023-08-22 00:00:00,16:13:03,12050444,Air-2-5,2945,0.02,2.19,0,4,4,4,1,2,5,16.4583,0.371429,56148.5,134.85,3506.87,36547.2,1662.75,217.824,0.00941262,170.632,555.392,1867.74,2824.42,2770.3,0.00319879,9161.32,2408.79,30.6524,1.76718,39.3632,361.652,83.0354,285.543,322.306,124.396,101.929
312,1,2023-08-22 00:00:00,19:13:03,12050444,Air-2-5,2947,0.02,2.21,0,4,4,4,1,2,5,15.6723,0.371183,56134.1,137.866,3477.19,32828.4,268830,37255.5,1.50938,3199.78,12978.5,44703.1,66202.7,65732.5,0.0135777,226241,57831.7,85.0688,47.5763,1016.27,9626.78,2146.34,7582.92,8432.29,3254.69,2745.55
313,1,2023-08-22 00:00:00,22:13:03,11010444,Air-1-1,2948,0.01,1.11,0,4,4,4,1,1,1,1.57906,0.0353363,5589.17,14.447,374.786,38499.4,48334.7,6499.55,0.265574,328.855,1252.26,4235.41,6269.71,6190.67,0.00378613,20791.4,5435.61,28.8026,4.24174,97.7677,908.243,201.918,711.255,782.556,310.045,260.488
314,1,2023-08-23 00:00:00,12:02:05,12050444,Air-2-5,2952,0.02,2.2,0,4,4,4,1,2,5,16.6437,0.372424,55364,133.789,3443.85,35119.4,270413,37661.8,1.51617,0,0,0,0,0,0,0,0,0,0,0,0,0,0,0,0,0
316,1,2023-08-23 00:00:00,18:06:41,12050444,Air-2-5,2954,0.02,2.18,0,4,4,4,1,2,5,17.0779,0.369705,51758.3,127.243,3234.45,37758.3,269488,37345.2,1.51176,3168.07,13007,44621,66361.5,66021.8,0.0134879,226039,57309.3,85.4878,49.4563,1027.49,9664.04,2131.99,7611.22,8362.51,3222.82,2730.54
317,1,2023-08-23 00:00:00,21:06:41,12050444,Air-2-5,2956,0.02,2.16,0,4,4,4,1,2,5,15.9909,0.368426,56449.6,140.12,3480.31,39985.4,268146,37206.4,1.50318,3154.49,12952.9,45083.2,66112.5,65693.9,0.0135166,229349,57771.1,87.3864,49.5759,1024.74,9701.44,2139.28,7649.18,8419.59,3245.29,2746.18
319,1,2023-08-24 00:00:00,03:06:41,12050444,Air-2-5,2958,0.02,2.21,0,4,4,4,1,2,5,17.1283,0.369631,56516.7,134.46,3498.39,35366.6,269004,37216.7,1.51012,3151.5,12936.4,44719.7,65839.2,65494.4,0.0135445,227328,57403.4,82.9979,48.9757,1018.74,9636.79,2130.92,7591.72,8370.76,3213.47,2739.82
322,1,2023-08-24 00:00:00,13:37:16,12059444,Air-2-5-NoHelium,2960,0.02,2.23,9,4,4,4,1,2,5,0.048971,0.000917117,55886.6,134.814,3488.91,41443.9,267123,37290.5,1.4936,3203.32,13177,44870.3,67148,66570.2,0.0135117,228569,58124.9,107.956,47.937,1038.07,9623.18,2177.03,7621.61,8432.74,3254.63,2756.94
326,1,2023-08-25 00:00:00,01:37:16,12050444,Air-2-5,2962,0.02,2.17,0,4,4,4,1,2,5,15.4804,0.367165,56497.4,129.465,3475.8,34197.8,265570,36649.2,1.49173,3149.99,12844.6,43910.8,65511.6,65235.6,0.0134703,224005,57043,82.5526,48.4882,1015.8,9492.58,2108.28,7455.38,8315.17,3213.28,2712.24
327,1,2023-08-28 00:00:00,13:55:07,11010440,Air-1-1-NEW-SPLITTING,2959,0.01,1.11,0,4,4,0,1,1,1,0.854182,0.0239629,2514.69,6.06116,159.998,33306.3,22117.7,2924.01,0.121644,0,0,0,0,0,0,0,0,0,0,0,0,0,0,0,0,0
328,1,2023-08-29 00:00:00,08:11:09,12050440,Air-2-5,2967,0.02,2.18,0,4,4,0,1,2,5,10.5684,0.231878,16477.3,36.2625,1024.39,29781.3,333615,46455.6,1.88376,27016.7,118292,425027,608831,605052,0.0970655,2132710,559258,536.271,456.671,9358.02,92127.9,19505.8,72813.2,80092,30676.9,25920.3
329,1,2023-08-29 00:00:00,11:40:54,12050433,Air-2-5 (Bad Argon),2969,0.02,2.16,0,4,3,3,1,2,5,10.3443,0.228941,644.994,42.9796,1109.51,65505.6,441906,60044.5,2.53912,1821.15,7497.03,25744.9,38047.6,37767.6,0.00879743,129938,32642.7,79.9526,27.3659,586.56,5571.39,1228.35,4373.15,4765.76,1848.55,1561.56
330,1,2023-08-29 00:00:00,15:00:39,12050443,Air-2-5,2971,0.02,2.22,0,4,4,3,1,2,5,10.6171,0.240863,26537.9,62.0858,1676.04,66289.1,331915,46572.5,1.85595,1806.92,7421.67,25406.4,37675.3,37325.5,0.00877638,127561,32296.2,72.4531,27.8056,585.947,5417.77,1213.37,4282.01,4690.16,1823.5,1544.88
331,1,2023-08-29 00:00:00,18:09:09,12050443,Air-2-5,2973,0.02,2.22,0,4,4,3,1,2,5,11.19,0.235716,27001,63.523,1693.82,55112.9,330030,45967.5,1.84689,1792.53,7359.24,25199.6,37364.2,37081.5,0.00878569,127499,32127.2,65.8507,27.699,583.264,5409.44,1206.8,4244.87,4653.83,1811.28,1524.23
332,1,2023-08-29 00:00:00,21:19:09,12050443,Air-2-5,2975,0.02,2.18,0,4,4,3,1,2,5,10.8405,0.237225,26919.4,64.8962,1689.7,50879.8,328936,45728.4,1.8398,1780.31,7312.67,24889.5,37106.4,36825,0.00875219,125334,31782.3,65.1285,26.4838,575.885,5343.7,1199.78,4228.19,4612.17,1779.59,1503.79
333,1,2023-08-30 00:00:00,00:29:09,12050443,Air-2-5,2977,0.02,2.17,0,4,4,3,1,2,5,10.4844,0.238721,26823.6,65.1831,1664.5,48875.6,328697,45588,1.83874,1789.06,7320.31,24976,37135.2,36812.9,0.00877352,125750,31899.1,62.6299,27.4158,574.313,5363.59,1197.25,4225.91,4627.58,1784.98,1516.27
334,1,2023-08-30 00:00:00,03:39:09,12050443,Air-2-5,2979,0.02,2.19,0,4,4,3,1,2,5,11.1074,0.239054,26697,64.5646,1653.87,47924.6,328299,45722.9,1.83789,1788.23,7295.16,24981.3,37086.1,36752.8,0.00877294,125537,31859,66.4632,27.9345,567.582,5316.36,1186.68,4202.54,4632.16,1791.31,1519
335,1,2023-08-30 00:00:00,07:39:05,12052444,Air-2-5,2981,0.01,2.16,2,4,4,4,1,2,5,2.3054,0.0546608,26319.2,64.5823,1655.62,45680.1,328278,45769.7,1.83752,92.808,224.321,755.163,1139.31,1134.79,0.00292053,3693.42,963.764,36.7301,0.565454,15.7984,144.677,31.3545,119.045,124.987,50.1679,43.7547
336,1,2023-08-30 00:00:00,10:49:05,11010330,Air-1-1,2982,0.02,1.07,0,3,3,0,1,1,1,1.01106,0.0233522,61381.6,151.81,3821.73,49761.7,542078,76720.3,3.04524,2937.66,12168.7,41346.2,62069.8,61700.1,0.0127043,210949,53837.2,100.679,44.7415,995.2,9248.03,2096.4,7337.32,8169.73,3159.76,2683.17
337,1,2023-08-30 00:00:00,13:59:05,11010443,Air-1-1,2983,0.02,1.08,0,4,4,3,1,1,1,1.04833,0.0231883,2725.05,6.76476,178.22,60322.2,21091,2805.16,0.11452,198.432,683.157,2281.97,3404.41,3370.14,0.00329663,11156.7,2925.35,35.6516,2.2963,54.2549,481.29,110.839,385.42,424.989,163.554,138.951
339,1,2023-08-30 00:00:00,20:19:05,11010330,Air-1-1,2984,0.02,1.1,0,3,3,0,1,1,1,0.804626,0.0232178,58207.9,141.036,3593.05,48406.8,539697,75619.5,3.03975,2894.1,11934.4,40586.2,60877.3,60677.3,0.01264,207033,52862,86.4598,45.9682,984.387,9121.6,2046.05,7229.52,8014.78,3089.56,2628.28
340,1,2023-08-30 00:00:00,23:29:05,11010443,Air-1-1,2985,0.02,1.08,0,4,4,3,1,1,1,1.17657,0.0233255,2588.5,6.18925,170.34,59223.6,20865.5,2783.19,0.113756,184.506,673.714,2261.6,3385.01,3336.76,0.00329101,11012.4,2901.72,28.8,2.50229,51.5671,474.719,107.267,382.363,421.658,163.688,137.248
342,1,2023-08-31 00:00:00,05:49:05,11010331,Air-1-1,2986,0.01,1.08,0,3,3,1,1,1,1,0.925908,0.023001,58364.8,141.617,3633.34,47321.7,536774,75092.5,3.02607,1456,5884.65,19791.5,29968.2,29764.8,0.00765973,100229,25955.3,51.0095,22.8681,473.355,4386.95,996.38,3475.48,3896.63,1512.16,1272.71
343,1,2023-08-31 00:00:00,08:59:05,11010441,Air-1-1,2987,0.02,1.09,0,4,4,1,1,1,1,1.1663,0.0229904,2683.49,6.42744,173.802,51787.6,20895.4,2771.86,0.113886,1433.94,5787.78,19819.8,29565.2,29305.6,0.00762535,100243,25899.5,52.7411,23.7136,474.048,4401.35,995.675,3479.99,3896.05,1499.72,1269.62
344,1,2023-08-31 00:00:00,12:09:05,12051444,Air-2-5,2989,0.02,2.17,1,4,4,4,1,2,5,4.4226,0.117788,26279.8,60.8657,1636.81,51940.2,326260,45208.9,1.82903,77.1845,224.983,733.587,1108.99,1090.33,0.00291603,3564.73,958.39,22.9042,0.548967,15.684,141.821,33.7105,113.138,125.692,48.5182,39.332
345,1,2023-08-31 00:00:00,15:19:05,12051444,Air-2-5,2991,0.02,2.15,1,4,4,4,1,2,5,4.97338,0.118157,26516.3,61.134,1638.04,43714.2,326224,45051.8,1.82768,79.2051,221.938,725.22,1103.29,1093,0.00291222,3501.75,926.772,22.9075,0.81538,16.0839,138.912,27.2065,110.914,123.356,48.2719,38.3666
346,1,2023-08-31 00:00:00,18:29:04,12052443,Air-2-5,2993,0.02,2.19,2,4,4,3,1,2,5,2.28955,0.0537067,25736.5,62.2489,1588.65,41328.4,325919,44991.9,1.82629,1712.79,6903.74,22946.2,34919.4,34679.5,0.00850485,116369,29952.6,53.7367,25.5347,529.011,4791.75,1091.07,3771.15,4179.21,1613.13,1373.48
347,1,2023-08-31 00:00:00,21:39:04,12052443,Air-2-5,2995,0.01,2.15,2,4,4,3,1,2,5,2.17991,0.0537331,25572,63.1161,1605,44680.2,325791,45047.5,1.82558,1756.84,7162.49,24320.1,36437.8,36035.9,0.00872371,123080,31371.3,55.9667,25.1897,557.955,5183.04,1161.79,4069.97,4547.31,1759.81,1489.86
350,1,2023-09-01 00:00:00,07:09:04,12052443,Air-2-5,2997,0.02,2.14,2,4,4,3,1,2,5,2.3965,0.0541265,25024.2,60.0061,1547.11,38204.1,325838,45104.7,1.82459,1760.91,7184.77,23903,36504.3,36176.8,0.00869774,121518,31336.6,66.7524,27.034,560.58,5130.64,1181.62,4034.17,4523.68,1755.22,1493.27
353,1,2023-09-01 00:00:00,16:39:04,11010330,Air-1-1,2998,0.01,1.09,0,3,3,0,1,1,1,0.754298,0.0227255,57829.2,139.01,3587.98,44432.7,533034,74350.7,3.00511,2878.66,11748.9,39719.1,59877.3,59583,0.0125583,201766,52429.8,80.5001,43.8713,966.135,8939.85,2016.96,7054.99,7964.1,3059.14,2606.73
354,1,2023-09-01 00:00:00,19:49:04,11010443,Air-1-1,2999,0.02,1.08,0,4,4,3,1,1,1,1.08711,0.0226283,2630.52,6.0919,170.719,56130.1,20745.5,2753.34,0.113102,182.852,653.734,2226.46,3308.6,3277.6,0.00330068,10828.7,2857.56,25.0137,2.19224,51.5825,467.939,105.106,373.272,410.339,159.624,135.254
355,1,2023-09-01 00:00:00,22:59:04,11020443,Air-1-2,3000,0.02,1.07,0,4,4,3,1,1,2,2.23023,0.0460979,5128.34,12.7853,322.219,43719.9,50077.3,6676.41,0.274645,351.005,1341.53,4463.66,6763.5,6644.51,0.00386099,21838.3,5823.98,29.3227,5.22273,103.851,941.324,217.725,747.516,833.952,322.116,276.358
356,1,2023-09-02 00:00:00,02:09:04,11030443,Air-1-3 (Bad Ne20),3001,0.02,1.08,0,4,4,3,1,1,3,3.01792,0.0692566,5313.76,17.5153,470.716,40959.3,81070.5,10886.9,0.447329,520.488,2052.46,6846.78,10263.3,10142.2,0.00448185,33706.8,8872.61,31.2071,7.35676,155.554,1446.62,325.687,1134.14,1277.88,493.862,418.502
357,1,2023-09-02 00:00:00,05:19:04,11040443,Air-1-4 (Bad Ne20),3002,0.01,1.09,0,4,4,3,1,1,4,4.39908,0.0925797,2178.18,24.8455,595.447,40869,114659,15451.4,0.633744,693.003,2734.49,9148.15,13867,13717.5,0.00504909,45427.7,11941.9,37.5311,9.02418,210.854,1950.27,440.68,1526.95,1714.52,670.973,555.979
358,1,2023-09-02 00:00:00,08:29:04,11050443,Air-1-5,3003,0.02,1.1,0,4,4,3,1,1,5,4.9083,0.115832,12181.7,27.9875,769.208,41551.7,147698,20240.2,0.81754,888.348,3498.04,11627.5,17713.4,17528.8,0.00563194,57871.1,15236.6,50.534,12.0154,273.541,2476.3,567.788,1942.46,2200.02,851.216,722.057
360,1,2023-09-02 00:00:00,14:49:04,11010330,Air-1-1,3004,0.02,1.09,0,3,3,0,1,1,1,0.983078,0.0227178,58187.8,138.106,3586.24,43110.8,527541,73702.7,2.97357,2867.35,11723.6,39565.4,59722.2,59491.1,0.0125108,200731,52426.3,76.0878,45.2691,971.088,8917.43,2009.29,7044.87,7965.63,3085.49,2615.17
361,1,2023-09-02 00:00:00,17:59:04,12010443,Air-2-1,3006,0.01,2.13,0,4,4,3,1,2,1,1.90148,0.0458862,5181.51,12.2939,326.899,56653.6,49860,6659.64,0.272867,352.435,1341.91,4543.59,6801.84,6704.66,0.00385426,22189.7,5902.93,29.0446,4.82577,105.025,961.579,215.469,755.284,854.355,330.929,278.241
362,1,2023-09-02 00:00:00,21:09:04,12020443,Air-2-2 (Bad Ne20),3008,0.02,2.14,0,4,4,3,1,2,2,4.04478,0.0932589,2686.1,24.9644,611.172,44279.9,114882,15579.7,0.634801,697.326,2762.93,9299.23,13960.4,13768.7,0.00506822,46179.5,12015,33.9415,9.58264,216.181,1957.09,446.28,1536.51,1731.45,672.479,570.455
363,1,2023-09-03 00:00:00,00:19:04,12030443,Air-2-3,3010,0.02,2.16,0,4,4,3,1,2,3,6.25856,0.138822,15518.9,37.8349,964.996,42527.6,183592,25093.5,1.02271,1043.33,4197.27,14101.1,21294,21087.8,0.00624333,70599.3,18305.8,44.256,15.1044,325.675,2999.64,676.95,2358.58,2633.75,1028.95,860.5
364,1,2023-09-03 00:00:00,03:29:04,12040443,Air-2-4,3012,0.02,2.11,0,4,4,3,1,2,4,8.09352,0.186618,20264.5,46.8064,1262.15,42186.6,253496,34899.1,1.41857,1394.69,5652.91,18998.4,28685.2,28443.8,0.00743743,95965.2,24691.4,51.6019,21.0725,442.441,4063.57,922.882,3220.2,3589.35,1374.55,1170.24
365,1,2023-09-03 00:00:00,06:39:04,12050443,Air-2-5,3014,0.02,2.15,0,4,4,3,1,2,5,10.485,0.233459,25862,61.8481,1604.37,42985.4,322651,44840.9,1.8061,1769.88,7145.62,24063.1,36267.2,35921.3,0.00864059,121664,31270.8,66.1231,26.1262,557.375,5152.76,1157.34,4064.21,4537.43,1764.6,1479.56
367,1,2023-09-03 00:00:00,12:59:04,12050443,Air-2-5,3016,0.02,2.14,0,4,4,3,1,2,5,10.5908,0.234352,25626.8,60.5077,1607.21,39911.4,321518,44508.8,1.80162,1736.84,7092.46,23803.6,36090.5,35748.9,0.00866813,120775,31093.1,62.2503,25.9612,558.329,5076.74,1162.49,4006.3,4482.03,1736.96,1474.56
368,1,2023-09-03 00:00:00,16:09:04,12051444,Air-2-5,3018,0.02,2.14,1,4,4,4,1,2,5,4.74746,0.117539,26165.8,64.0411,1628.09,41378.7,321222,44568.1,1.80082,79.0914,214.903,715.198,1074.67,1070.35,0.00291149,3465.08,923.632,25.5152,0.574878,14.8212,136.345,27.5214,107.692,121.452,46.1496,37.8273
369,1,2023-09-03 00:00:00,19:19:04,12052443,Air-2-5,3020,0.02,2.16,2,4,4,3,1,2,5,2.05016,0.0533599,25262.1,62.7401,1566.72,38766.6,321223,44415.5,1.79862,1739.33,7086.28,23752.8,35971.6,35680.8,0.00861404,119571,30868.3,58.0618,26.743,549.796,5100.46,1150.58,4003.95,4483.53,1735.73,1461.37
370,1,2023-09-03 00:00:00,22:29:04,12053444,Air-2-5,3022,0.02,2.12,3,4,4,4,1,2,5,0.88567,0.0166306,24141.5,58.1432,1487.28,42630.1,320856,44463.1,1.79719,80.7769,213.211,707.25,1096.68,1062.09,0.0029044,3485.22,923.493,26.297,0.673645,14.5106,137.984,28.1165,110.68,119.418,46.0267,39.0241
371,1,2023-09-04 00:00:00,01:39:04,12054443,Air-2-5,3024,0.02,2.14,4,4,4,3,1,2,5,0.0447356,0.00124614,23695.7,56.9792,1484.97,39575.9,320701,44542.1,1.79665,1738.32,7098.59,23743.2,36002.5,35725.2,0.00861548,119581,30957.4,56.5404,25.8712,558.829,5086.76,1166.28,4004.55,4505.77,1730.3,1471
373,1,2023-09-04 00:00:00,07:59:04,12050443,Air-2-5,3026,0.02,2.14,0,4,4,3,1,2,5,10.2598,0.233374,25236.5,57.8636,1557.71,39222.2,321466,44631.5,1.79735,1759.16,7125.28,23787.3,36113.9,35793.8,0.00861025,119796,31076.2,79.6121,27.6863,560.321,5092.73,1178.12,4011.36,4520.73,1753.09,1475.15
374,1,2023-09-04 00:00:00,11:09:04,12051444,Air-2-5,3028,0.02,2.14,1,4,4,4,1,2,5,5.16393,0.117894,25137.1,59.2069,1560.98,42609.9,320265,44612.1,1.79121,90.7005,218.065,711.201,1093.55,1071.92,0.00289694,3498.11,918.321,38.5872,0.746391,15.0806,136.731,32.6208,106.818,124.689,47.2875,41.2195
375,1,2023-09-04 00:00:00,14:19:04,12052443,Air-2-5,3030,0.02,2.14,2,4,4,3,1,2,5,1.99671,0.0535257,24522.6,60.5105,1535.24,39520.6,320191,44373.1,1.79161,1746.27,7101.2,23727.7,35948.3,35657.3,0.00861127,119664,30947.8,62.1171,27.35,550.466,5090.17,1154.09,4014.52,4484.63,1736.27,1471.52
376,1,2023-09-04 00:00:00,17:29:04,12053444,Air-2-5,3032,0.02,2.12,3,4,4,4,1,2,5,0.744721,0.0166621,23878,56.471,1486.25,41871.3,319389,44276.6,1.78933,81.649,217.846,715.427,1088.87,1068.69,0.00290465,3467.8,920.174,29.0064,0.488888,13.3554,135.349,31.6122,108.926,121.933,44.8822,38.876
377,1,2023-09-04 00:00:00,20:39:04,12054443,Air-2-5,3034,0.02,2.13,4,4,4,3,1,2,5,0.0577417,0.00129175,23373.2,58.6587,1460.78,38631.4,319015,44143.7,1.7871,1732.24,7063.07,23603,35794.6,35528.6,0.00859843,118245,30686.4,58.9355,25.6095,554.323,5074.55,1152.1,3980.08,4477.1,1725.58,1461.98
379,1,2023-09-05 00:00:00,02:59:04,11010330,Air-1-1,3035,0.01,1.07,0,3,3,0,1,1,1,1.09472,0.0222789,57998.1,137.413,3587.51,41853.2,521153,72918.4,2.93417,2822.19,11610.1,39251.4,59262.5,59069.6,0.0124259,201124,51816.5,77.911,44.8545,959.239,8814.72,2004.47,6973.61,7853.4,3036.37,2583.76
380,1,2023-09-05 00:00:00,06:09:04,11010443,Air-1-1,3036,0.02,1.06,0,4,4,3,1,1,1,1.20556,0.0222295,2617.62,5.29797,169.868,54989.6,20247.1,2695.77,0.110237,196.663,662.052,2211.22,3315.64,3284.75,0.00327236,10761.9,2852.35,38.6236,2.27254,49.3552,470.018,105.14,370.556,418.679,160.883,138.358
381,1,2023-09-05 00:00:00,09:27:17,12050443,Air-2-5,3038,0.02,2.13,0,4,4,3,1,2,5,10.705,0.237783,27799,69.3736,1746.29,46941.2,321310,44932.5,1.79381,1746.09,7152.53,23767.3,36292,36032.9,0.00855873,118971,31103.5,76.5615,27.0362,558.748,5138.29,1175.93,4027.96,4531.36,1749.84,1475.48
382,1,2023-09-06 00:00:00,15:50:24,12010444,Air-2-1 (Ion Counting Trip for Neon),3042,0.02,2.16,0,4,4,4,1,2,1,1.98073,0.0453083,114.89,0.424427,14.6822,210572,1914.62,278.45,0.0119921,48.8397,2.64172,8.47166,11.4432,21.2737,0.00272774,31.3377,12.4869,44.9637,0,0.141092,3.213,0.9314,3.0199,2.94356,0.829007,1.17129
383,1,2023-09-06 00:00:00,18:50:24,12020444,Air-2-2 (Ion Counting Trip),3044,0.01,2.16,0,4,4,4,1,2,2,0,3.63631e-06,453.121,0.85555,27.0735,250053,3386.76,498.034,0.0210961,42.3122,6.76461,23.2219,33.1303,34.0714,0.00271109,97.7952,28.3475,40.4492,0.19935,0.583565,4.4909,2.00785,3.93267,5.4946,1.82102,1.32812
384,1,2023-09-06 00:00:00,21:50:24,12040444,Air-2-4 (Ion Counting Trip),3046,0.02,2.17,0,4,4,4,1,2,4,0,8.4522e-06,851.006,1.44396,51.2165,237259,6116.78,882.746,0.0377324,42.7164,13.1591,42.9719,64.2495,61.4194,0.00272848,208.915,56.351,43.2724,0,0.912502,1.12838,1.22458,2.91585,1.6743,2.08694,0.496103
385,1,2023-09-07 00:00:00,00:50:24,12050444,Air-2-5 (Ion Counting Trip),3048,0.02,2.15,0,4,4,4,1,2,5,0,-1.60848e-05,1020.73,1.92962,65.0916,228403,7284.98,1044.11,0.0450428,39.3213,14.7847,55.1657,82.5426,29.9837,0.00272622,263.674,72.7587,36.5651,0,2.01282,12.009,3.43836,10.0925,13.3287,4.6885,3.47565
387,1,2023-09-11 00:00:00,09:36:29,11010443,Air-1-1,3050,0.15,10.72,0,4,4,3,1,1,1,0.956533,0.022238,3360.77,8.18931,220.059,883736,35660.9,3899.24,0.203286,187.207,592.864,1896.2,2998.33,2947.86,0.00323579,9286.74,2525.71,43.4581,2.21498,45.9234,381.915,94.9083,300.402,354.396,131.722,115.389
392,1,2023-09-13 00:00:00,14:33:04,11010443,Air-1-1,3051,0.14,10.9,0,4,4,3,1,1,1,0.973269,0.0228769,3240.34,7.76719,204.96,608909,33415.5,3646.27,0.190541,181.534,604.621,1926.39,3034.74,2997.27,0.00324683,9329.91,2543.53,37.8636,1.98084,44.2221,385.976,94.367,305.712,352.027,138.328,117.138
394,1,2023-09-13 00:00:00,20:33:04,11020443,Air-1-2,3052,0.13,10.82,0,4,4,3,1,1,2,2.18807,0.0467002,5991.65,13.7176,387.487,600042,78412.6,8715.92,0.449111,327.295,1196.85,3827.34,6070.98,5945.65,0.00374041,18868.5,5115.04,37.2787,3.7391,86.9998,763.959,181.824,602.498,692.957,265.394,230.151
395,1,2023-09-13 00:00:00,23:33:04,12050443,Air-2-5,3054,0.13,21.28,0,4,4,3,1,2,5,10.5298,0.230962,28125.1,68.2542,1753.27,525757,572411,68305.6,3.35445,1650.67,6761.85,21961.5,34349.5,34080.4,0.00836165,110436,29039.9,63.1418,24.684,516.828,4565.62,1074.61,3576.67,4082.46,1598.36,1344.14
397,1,2023-09-14 00:00:00,05:33:04,12050443,Air-2-5,3056,0.13,21.86,0,4,4,3,1,2,5,10.1247,0.22959,27979,67.3077,1775.83,525584,571612,68452.3,3.34358,1640.47,6712.98,21889,34027.7,33659.5,0.00826448,109644,28757.6,67.8243,22.9156,504.676,4483.75,1057.24,3523.22,4003.74,1557.01,1300.71
398,1,2023-09-14 00:00:00,09:45:07,12050443,Air-2-5-LineChange,3058,0.4,18.69,0,4,4,3,1,2,5,8.15213,0.197923,24505.7,60.1583,1555.69,510938,486071,57716.8,2.82182,1479.28,5981.61,19700.8,30279.4,29941.8,0.00760945,98431.5,25838.4,77.5006,21.2663,450.17,4063.65,935.522,3202.24,3622.52,1404.61,1181.21
400,1,2023-09-14 00:00:00,17:04:04,12050443,Air-2-5,3060,0.02,1.84,0,4,4,3,1,2,5,8.41846,0.198513,23981,56.8392,1520.96,469507,482036,57169.8,2.80462,1433.35,5847.62,19265.8,29546.3,29335.2,0.00757172,96641.7,25385.6,56.5731,21.8508,441.378,4000.86,928.298,3143.96,3568.4,1381.52,1153.9
402,1,2023-09-14 00:00:00,23:04:04,11050443,Air-1-5,3061,0.01,0.91,0,4,4,3,1,1,5,4.48268,0.0986428,12175.2,31.5617,788.493,456276,204665,23533.7,1.17972,689.774,2750.82,8995.84,13874.8,13678.1,0.00503725,44671.1,11873.6,41.8,9.8683,204.173,1843.17,427.906,1433.08,1651.82,640.829,538.871
403,1,2023-09-15 00:00:00,02:04:04,11010443,Air-1-1,3062,0.01,0.9,0,4,4,3,1,1,1,0.975216,0.0211293,2717.9,6.38998,178.894,427483,26991.9,2933.79,0.153907,154.644,526.49,1722.52,2666.95,2638.01,0.00317375,8484.08,2266.66,26.2123,2.00041,41.1335,352.402,83.4393,280.748,317.261,125.922,106.008
404,1,2023-09-15 00:00:00,05:04:04,12050443,Air-2-5,3064,0.01,1.81,0,4,4,3,1,2,5,8.66208,0.198052,23722.1,56.9208,1501.34,414406,479864,56643.5,2.80076,1411.74,5741.69,19052.6,29143.6,28921.7,0.00756129,95252.3,25056.3,53.5876,20.4326,437.085,3937.96,919.533,3107.98,3514.07,1362.5,1149.36
406,1,2023-09-15 00:00:00,11:04:04,12050443,Air-2-5,3066,0.01,1.8,0,4,4,3,1,2,5,9.0198,0.197727,24223.5,59.9149,1555.65,428838,478998,56736.3,2.7903,1409.58,5780.15,19146.3,29320.3,29014.5,0.00754528,95428.5,25202.1,60.016,19.0835,442.376,3978.26,918.511,3100.86,3568.26,1371.67,1163.64
407,1,2023-09-15 00:00:00,14:04:04,12050443,Air-2-5,3068,0.01,1.82,0,4,4,3,1,2,5,8.12349,0.196417,24324,58.2517,1554.53,393370,478432,56808.5,2.7892,1398.07,5783.06,19311.5,29336.9,29013.4,0.00755701,97150.4,25214.7,54.0752,21.6465,445.938,3989.21,914.177,3135.26,3549.91,1372.66,1160.89
408,1,2023-09-15 00:00:00,17:04:04,11010443,Air-1-1,3069,0.01,0.91,0,4,4,3,1,1,1,0.874347,0.020673,2710.65,6.59501,184.475,385885,26833.2,2941.81,0.153109,152.337,526.093,1760.42,2680.59,2613.24,0.00316223,8568.38,2305.22,30.3777,1.97572,38.8014,356.187,84.3974,282.161,329.373,123.209,107.232
409,1,2023-09-15 00:00:00,20:04:04,11020443,Air-1-2,3070,0.01,0.92,0,4,4,3,1,1,2,1.78459,0.0402034,5139.17,11.601,335.031,373549,64206.5,7098.64,0.368238,290.289,1067.69,3568.16,5391.93,5342.45,0.00363126,17363.5,4646.76,31.9931,3.33216,79.1926,723.67,165.228,573.046,654.81,255.099,217.378
410,1,2023-09-15 00:00:00,23:04:04,11040443,Air-1-4,3071,0.01,0.91,0,4,4,3,1,1,4,3.58109,0.0813933,9819,23.6814,629.965,364872,153425,17417.8,0.883492,564.997,2215.17,7317.41,11118.4,10950.7,0.0045834,35965.6,9557.26,36.566,7.22464,167.346,1509.11,353.729,1190.99,1359.3,519.612,443.675
411,1,2023-09-16 00:00:00,02:04:04,12030443,Air-2-3,3073,0.01,1.8,0,4,4,3,1,2,3,5.77633,0.119401,14730.2,35.8086,939.868,359185,257895,29791.8,1.49124,846.293,3391.89,11271.7,17092.3,16896.7,0.00558639,55727.1,14748.3,43.0513,11.3025,259.521,2334.19,531.921,1828.11,2069.58,795.257,674.747
412,1,2023-09-16 00:00:00,05:04:04,12050443,Air-2-5,3075,0.01,1.8,0,4,4,3,1,2,5,8.63092,0.199023,23765.5,58.5504,1507.3,350711,476837,56396,2.78139,1400.55,5749.96,19138.9,29121.8,28853.8,0.0075495,96151.3,25081.7,53.0373,19.4703,433.32,3954.63,907.85,3138.65,3511.31,1357.3,1148.99
414,1,2023-09-16 00:00:00,11:04:04,11010443,Air-1-1,3076,0.01,0.92,0,4,4,3,1,1,1,0.804912,0.0196193,2684.81,6.48373,182.32,376322,27135.6,2992.96,0.153918,184.961,529.03,1712.57,2640.7,2593.9,0.0031495,8310.59,2267.99,63.6462,1.96351,37.6177,349.967,79.3803,273.282,317.865,124.934,105.393
415,1,2023-09-16 00:00:00,14:04:04,11020443,Air-1-2,3077,0.01,0.92,0,4,4,3,1,1,2,1.44132,0.0393081,5074.76,12.7771,329.748,336764,63737.8,7117.08,0.365271,291.451,1077.39,3520.96,5355.02,5282.47,0.0036464,17171.6,4640.56,37.662,3.7676,82.0486,726.231,166.392,557.633,647.958,252.956,213.985
416,1,2023-09-16 00:00:00,17:04:04,11040443,Air-1-4,3078,0.01,0.91,0,4,4,3,1,1,4,3.07621,0.078105,9813.17,24.5168,640.782,323173,153062,17350.1,0.88169,559.748,2196.97,7224.63,11043.8,10897.5,0.00459265,35569.5,9517.14,37.3807,7.58009,166.919,1491.02,347.798,1178.87,1336.65,512.341,436.369
417,1,2023-09-16 00:00:00,20:04:04,12030443,Air-2-3,3080,0.01,1.8,0,4,4,3,1,2,3,4.91581,0.11794,14539.6,37.1782,920.47,310466,257033,29622.7,1.4891,827.756,3352.43,11184,17022.2,16808.8,0.00559289,55543.8,14574.8,39.4841,11.7641,254.061,2301.87,529.836,1806.02,2043.18,801.768,668.417
418,1,2023-09-16 00:00:00,23:04:04,12050443,Air-2-5,3082,0.01,1.82,0,4,4,3,1,2,5,8.63098,0.19679,23371.9,57.0282,1491.72,304643,475686,56273.3,2.7786,1381.16,5745.37,19105.5,28916.9,28616.5,0.00754013,95368.9,24886.6,50.1412,20.3538,433.955,3941.31,902.091,3091.71,3496.06,1344.89,1142.77
420,1,2023-09-17 00:00:00,05:04:04,12053343,Air-2-5-HeNeSpl3,3084,0.01,1.78,3,3,4,3,1,2,5,0.402889,0.0139992,466729,1154.86,30142.1,324198,477048,56025.5,2.77053,1405.8,5746.17,19095.5,29053.3,28724.5,0.00753915,96122.8,25602,53.0308,20.7475,437.925,3939.35,907.124,3114.94,3572.81,1385.8,1169.54
421,1,2023-09-17 00:00:00,08:04:04,12053343,Air-2-5-HeNeSpl3,3086,0.01,1.82,3,3,4,3,1,2,5,0.645895,0.013918,475562,1166.84,30894,306378,477558,56202.7,2.76688,1418.37,5742,19143.6,29068.1,28886.4,0.00750882,95748.2,25586.3,55.9412,23.0874,438.158,3975.8,910.394,3123.34,3600.9,1382.09,1187.77
422,1,2023-09-17 00:00:00,11:04:04,12050443,Air-2-5,3088,0.01,1.81,0,4,4,3,1,2,5,8.44699,0.194151,23920.7,58.7031,1538.94,294310,476036,56111.6,2.76467,1406.59,5779.29,19274.5,29255,28964.1,0.0075109,97090.5,25391.2,58.9441,20.3264,435.191,3988.38,908.441,3147.53,3586.89,1389.87,1173.77
423,1,2023-09-17 00:00:00,14:04:04,12052442,Air-2-5-HeKrSpl2,3090,0.01,1.78,2,4,4,2,1,2,5,1.80714,0.0448705,23823.1,57.8491,1510.11,288033,475004,56125,2.76102,5028.08,21042.7,73017.1,107449,106847,0.0201358,371273,95699,131.186,77.5558,1631.15,15419.4,3404.18,12148,13739,5297.6,4454.22
424,1,2023-09-17 00:00:00,17:04:03,12052442,Air-2-5-HeKrSpl2,3092,0.01,1.79,2,4,4,2,1,2,5,2.04962,0.044838,23186.4,57.9352,1489.48,287940,474479,56100,2.76149,4992.28,21064.4,73704.9,107740,107064,0.0200765,376278,96085.1,127.107,76.6699,1639.06,15608.9,3416.02,12329,13754.5,5305.7,4486.8
426,1,2023-09-17 00:00:00,23:04:03,12050443,Air-2-5,3094,0.01,1.78,0,4,4,3,1,2,5,8.93196,0.198058,23273.8,57.6383,1498.41,268795,473534,56036.3,2.75794,1396.75,5727.16,19294.4,29029.4,28811,0.00749878,96318.1,25073.8,54.8569,21.896,436.075,4013.15,904.263,3148.85,3502.4,1358.59,1151.08
427,1,2023-09-18 00:00:00,02:04:03,12050443,Air-2-5,3096,0.01,1.79,0,4,4,3,1,2,5,9.07747,0.198438,23274.9,57.818,1509.9,266850,473188,56055.3,2.75461,1394.72,5747.46,19330.3,28911.7,28750.1,0.00749275,95718.8,25088.7,62.241,21.4139,435.27,4016.89,913.858,3141.19,3535.3,1372.13,1165.82
432,1,2023-09-18 00:00:00,19:51:45,12050443,Air-2-5,3098,0.06,1.84,0,4,4,3,1,2,5,8.79678,0.199235,23315.4,56.5581,1506.02,240289,475175,56205.8,2.77277,1393.11,5715.3,19220.3,28987.4,28658.2,0.00753221,96800.1,25112.9,58.9234,21.5309,428.622,3975.11,902.772,3134.88,3539.84,1374.02,1141.72
433,1,2023-09-18 00:00:00,22:51:45,12050443,Air-2-5,3100,0.06,1.84,0,4,4,3,1,2,5,8.50299,0.20066,23398,54.8549,1504.35,235361,476785,56055.9,2.77425,1401.65,5694.93,19270.6,28949.3,28593.9,0.00749719,97056.9,25178.2,60.7643,19.7479,438.104,3999.25,907.542,3142.25,3539.06,1388.12,1149.61
435,1,2023-09-19 00:00:00,04:51:45,12050443,Air-2-5,3102,0.06,1.85,0,4,4,3,1,2,5,8.51342,0.197779,22989.3,56.147,1477.84,214650,472289,55862.9,2.75899,1331.56,5446.51,18429.6,27556.7,27276.5,0.0073135,92224.6,23822.5,56.2779,19.9578,398.02,3681.22,833.758,2898.27,3252.77,1253.07,1051.29
440,1,2023-09-19 00:00:00,21:36:57,12050443,Air-2-5,3104,0.06,1.85,0,4,4,3,1,2,5,8.14128,0.199221,22521.9,53.1484,1425.14,196447,474165,55984.1,2.77896,1388.11,5696.21,19041.6,28757.5,28494.1,0.00753235,95979,24753.9,50.0691,20.8712,433.949,3918.65,909.043,3109.86,3442.97,1342.11,1138.2
441,1,2023-09-20 00:00:00,00:36:57,12050443,Air-2-5,3106,0.06,1.82,0,4,4,3,1,2,5,8.58026,0.198859,22838.2,56.8089,1459.2,191107,474199,55952.8,2.7771,1372.12,5669.44,19218.2,28644,28468.1,0.0075127,96529.2,24803.6,43.7636,20.2607,431.133,3961.48,892.334,3121.5,3481.52,1327.89,1143.4
442,1,2023-09-20 00:00:00,03:36:57,12050443,Air-2-5,3108,0.06,1.83,0,4,4,3,1,2,5,8.52123,0.198437,22499.7,55.3549,1444.98,188092,474827,56117.6,2.78004,1371.85,5663.27,19284.8,28684.7,28384.6,0.00753701,96667.6,24753.7,45.6363,20.1696,430.683,3975.37,894.751,3133.35,3472.54,1352.05,1140.5
447,1,2023-09-20 00:00:00,20:45:07,12050443,Air-2-5,3110,0.06,1.82,0,4,4,3,1,2,5,8.91452,0.194256,23052,55.6646,1470.71,171697,470522,55579.9,2.76146,1377.47,5653.18,18800.8,28539.3,28252.1,0.00749968,94651.6,24457.7,51.7746,21.0477,424.866,3874.08,897.111,3062.69,3434.16,1325.29,1125.94
448,1,2023-09-20 00:00:00,23:45:07,12050443,Air-2-5,3112,0.06,1.84,0,4,4,3,1,2,5,8.83194,0.19389,23619.6,55.6087,1514.07,168039,469708,55689.7,2.75094,1356.41,5606.16,19008,28539,28187.4,0.00748939,95601.7,24651,48.2164,21.2434,429.582,3935.03,894.556,3104.24,3457.5,1329.93,1133.61
449,1,2023-09-21 00:00:00,02:45:07,12050443,Air-2-5,3114,0.06,1.84,0,4,4,3,1,2,5,8.58568,0.194324,22796.4,57.6761,1503.7,164622,469832,55566.8,2.75122,1367.83,5610.5,19016.1,28447.1,28096.3,0.00749463,95591.2,24518.8,45.2561,20.3935,412.507,3913.84,884.442,3073.89,3437.86,1328.34,1126.53
454,1,2023-09-21 00:00:00,19:39:45,12050443,Air-2-5,3116,0.06,1.82,0,4,4,3,1,2,5,8.13268,0.194185,19652,57.9008,1505.9,160911,469921,55414,2.7478,1374.66,5660.14,19174.6,28528.5,28279.4,0.00749156,96234.3,24812.8,49.7811,21.3345,425.941,3962.38,891.133,3095.25,3480.52,1342.64,1127.85
455,1,2023-09-21 00:00:00,22:39:45,12050443,Air-2-5,3118,0.06,1.84,0,4,4,3,1,2,5,7.97374,0.193479,23297.3,57.9848,1497.63,153154,469981,55538.6,2.75121,1352.68,5606.82,19052.9,28447.9,28139.9,0.00745781,95792.9,24688.8,43.8759,19.0979,428.692,3931.34,898.445,3101.8,3457.18,1335.31,1118.48
458,1,2023-09-22 00:00:00,07:39:45,12050443,Air-2-5,3120,0.06,1.81,0,4,4,3,1,2,5,8.52539,0.193414,23375.2,56.7764,1510.23,141238,468570,55469.9,2.73903,1247.6,5173.39,17243.8,25987.5,25742.4,0.00708476,86234.8,22341.2,51.5063,17.3491,376.039,3366.59,772.914,2636.35,2968.76,1146.31,974.175
462,1,2023-09-22 00:00:00,20:00:25,12050443,Air-2-5,3122,0.06,1.81,0,4,4,3,1,2,5,9.21639,0.195016,20644.7,57.375,1513.01,149045,468743,55568.7,2.75003,1359.21,5628.22,19523.5,28568.3,28276.2,0.00747958,98168.2,25032.7,43.6545,18.3382,428.639,4040.79,884.527,3175.75,3506.18,1363.97,1145.71
463,1,2023-09-22 00:00:00,23:00:25,12050443,Air-2-5,3124,0.06,1.79,0,4,4,3,1,2,5,8.72294,0.195106,17334.6,56.3246,1520.41,136700,468289,55394.7,2.74841,1353.25,5613.95,19295.9,28412.9,28175.7,0.00748299,96876.3,24760.3,43.934,20.1942,428.638,3987.9,893.077,3150.35,3471.21,1336.29,1142.05
464,1,2023-09-23 00:00:00,02:00:25,11010443,Air-1-1,3125,0.06,0.95,0,4,4,3,1,1,1,0.793153,0.0213964,2504.3,6.98808,169.032,134461,25396.4,2771.33,0.146563,142.575,518.265,1761.41,2609.34,2580.95,0.00316948,8599.46,2263.3,23.1161,1.96092,38.416,360.565,85.0079,283.158,314.79,126.503,104.422
465,1,2023-09-23 00:00:00,05:00:25,11020443,Air-1-2,3126,0.06,0.94,0,4,4,3,1,1,2,1.82597,0.0405522,4887.82,11.2605,323.267,128025,61563.4,6842.13,0.357098,270.128,1043.8,3515.86,5265.9,5192.34,0.00363822,17258.3,4534.95,24.1903,3.34992,77.5231,716.172,167.697,574.588,643.098,247,209.405
466,1,2023-09-23 00:00:00,08:00:25,11030443,Air-1-3,3127,0.06,0.93,0,4,4,3,1,1,3,2.45562,0.0582293,7095.99,18.4223,471.451,124309,102950,11578.9,0.597925,398.614,1595.51,5325.02,8008.22,7927.39,0.00408715,26310.6,6887.49,26.2038,4.9344,118.544,1098.52,250.748,865.217,966.38,377.212,316.962
467,1,2023-09-23 00:00:00,11:00:25,11040443,Air-1-4,3128,0.06,0.93,0,4,4,3,1,1,4,3.51641,0.0769137,9420.76,22.5222,602.099,122333,148992,16964.1,0.867003,525.554,2149.76,7178.15,10782.4,10611,0.00455086,35472,9258.45,27.1046,7.69071,164.795,1464.74,340.233,1170.55,1295.06,502.452,424.062
468,1,2023-09-23 00:00:00,14:00:25,11050443,Air-1-5,3129,0.06,0.92,0,4,4,3,1,1,5,4.18466,0.0963791,11807.4,28.7471,758.836,119681,197555,22664.5,1.15181,649.107,2685.44,9040.81,13486.3,13348.9,0.0050185,44734.9,11684.5,30.9993,9.04282,201.985,1869,425.32,1467.41,1638.42,633.417,539.214
470,1,2023-09-23 00:00:00,20:00:24,12050443,Air-2-5,3131,0.06,1.81,0,4,4,3,1,2,5,8.72811,0.194346,23009.4,56.0406,1475.26,114593,465142,54928.3,2.73658,1338.47,5506.85,18474.6,27903.3,27651.4,0.0074137,93150,23875.2,43.6724,19.0137,419.266,3799.2,871.696,2993.3,3335.52,1286.55,1099.9
471,1,2023-09-23 00:00:00,23:00:24,12030443,Air-2-3,3133,0.06,1.79,0,4,4,3,1,2,3,5.03358,0.116894,14107.2,33.4871,908.502,116725,250766,28979.5,1.46366,791.943,3260.88,10998.6,16505.8,16312.7,0.00551481,54693.6,14253.5,34.4125,11.2133,245.971,2254.84,518.748,1790.63,1997.35,771.435,649.725
472,1,2023-09-24 00:00:00,02:00:24,12040443,Air-2-4,3135,0.06,1.85,0,4,4,3,1,2,4,6.58051,0.156131,18830.1,46.6463,1206.42,114462,356751,41686.7,2.08897,1068.37,4407.79,14842.6,22233.6,22015.1,0.00649991,73938.7,19210.1,37.4982,17.4545,332.137,3057.21,690.604,2402.94,2704.06,1048.37,881.611
473,1,2023-09-24 00:00:00,05:00:23,12050443,Air-2-5 (Ion Counting Trip),3137,0.06,1.8,0,4,4,3,1,2,5,9.48815,0.192207,104.049,27.9502,512.411,8390.89,806957,123054,5.22124,88.0932,300.365,1011.7,1536.19,1511.08,0.00299498,5017.05,1290.06,19.4124,1.04426,28.599,250.452,60.1507,200.281,212.737,80.7714,71.5106
474,1,2023-09-24 00:00:00,08:00:23,12030443,Air-2-3  (Ion Counting Trip),3139,0.06,1.84,0,4,4,3,1,2,3,0,7.65155e-06,445.369,0.871832,29.3715,11611,3459.63,509.503,0.0220053,58.7329,176.739,612.995,913.597,901.967,0.00290053,2985.44,784.787,17.3734,0.424673,14.6613,148.313,32.0755,121.686,126.831,48.3964,42.2647
475,1,2023-09-24 00:00:00,11:00:24,12040443,Air-2-4  (Ion Counting Trip),3141,0.05,1.78,0,4,4,3,1,2,4,0,-1.8851e-05,590.237,1.10066,38.1002,9665.68,4373.74,656.04,0.0278334,74.9674,232.827,793.379,1201.59,1188.11,0.00296297,3907.56,1025.47,19.5985,0.679278,21.2623,192.932,32.672,156.031,166.553,64.0193,47.3757
476,1,2023-09-24 00:00:00,14:00:24,12050443,Air-2-5  (Ion Counting Trip),3143,0.06,1.8,0,4,4,3,1,2,5,0,-2.76409e-05,738.878,1.86868,47.192,8953.81,5220.2,781.912,0.0332535,87.0794,280.052,943.735,1433.63,1413.4,0.00299168,4654.34,1216.79,19.5807,1.18116,23.4393,225.663,49.7665,181.954,197.633,74.0062,62.5656
478,1,2023-09-24 00:00:00,20:00:24,12050443,Air-2-5  (Ion Counting Trip),3145,0.06,1.79,0,4,4,3,1,2,5,0,-7.19795e-06,22.0818,0.949087,30.0219,8030.67,5006.75,737.816,0.0318692,84.3634,288.39,964.92,1469.04,1445.61,0.0029951,4757.3,1244.55,23.5892,1.40215,25.4849,236.039,57.5759,187.165,206.624,80.3739,67.357
479,1,2023-09-24 00:00:00,23:00:24,12050443,Air-2-5  (Ion Counting Trip),3147,0.06,1.82,0,4,4,3,1,2,5,0,6.07691e-06,730.1,1.48167,46.4424,7995.79,5026.1,751.011,0.0322185,90.5675,289.151,966.228,1462.38,1455.17,0.00299136,4693.95,1235.22,18.9613,1.26819,26.7277,232.433,54.7024,183.754,205.73,82.1171,68.745
481,1,2023-09-25 00:00:00,05:00:24,12050443,Air-2-5  (Ion Counting Trip),3149,0.06,1.78,0,4,4,3,1,2,5,0,-2.91233e-05,731.677,1.22494,45.0397,7538.25,4855.86,736.79,0.0312565,84.7123,289.623,952.665,1463.15,1431.83,0.00299753,4719.67,1246.18,18.5322,0.958543,24.4219,234.628,53.7867,181.15,205.543,76.4181,65.5983
482,1,2023-09-25 00:00:00,08:00:23,12050443,Air-2-5,3151,0.06,1.8,0,4,4,3,1,2,5,7.63971,0.190592,22327.9,53.6317,1425.28,110138,459718,54348.2,2.71068,1326.91,5569.18,18221.9,28154.1,27915.3,0.00741807,90972.1,23862.2,48.7772,20.2392,422.752,3775.42,871.655,2971.19,3356.16,1293.16,1098.69
486,1,2023-09-25 00:00:00,20:47:06,12050443,Air-2-5,3153,0.06,1.8,0,4,4,3,1,2,5,8.44546,0.191521,22701.3,56.6783,1475.41,105737,460978,54412.8,2.71644,1313.97,5494.61,18468,27845.6,27534,0.00741503,92650.8,23963,41.7382,20.3565,414.959,3829.06,856.506,2998.46,3341.79,1305.05,1091.67
487,1,2023-09-25 00:00:00,23:47:06,12050443,Air-2-5 (Bad Ne20),3155,0.06,1.78,0,4,4,3,1,2,5,8.06297,0.190084,6304.92,54.2714,1431.28,102775,461493,54524,2.71754,1312.2,5483.37,18523.3,27786.6,27517,0.00738598,92745.1,23930.4,43.1557,18.0405,417.642,3806.24,861.852,3019.15,3357.05,1304.59,1104.07
489,1,2023-09-26 00:00:00,05:47:06,12050443,Air-2-5,3157,0.06,1.8,0,4,4,3,1,2,5,8.21004,0.189054,23401.3,57.0832,1502.06,93955,459874,54237.1,2.71202,1220.48,4779.24,14054.2,24062.5,26143.4,0.00650507,73951.8,22174.6,36.9297,18.2998,388.319,3568.92,794.939,2798.43,3092.45,1193.22,1015.32
493,1,2023-09-26 00:00:00,19:07:44,12050443,Air-2-5,3159,0.07,1.77,0,4,4,3,1,2,5,8.06829,0.185947,23032.4,59.1186,1525.36,109560,457926,54299.8,2.69587,1202.57,4570.48,12794.1,22406.6,26347.7,0.00631043,68138.3,22089,41.2743,18.7009,389.408,3696.67,817.893,2892.74,3170.21,1242.81,1033.09
494,1,2023-09-26 00:00:00,22:07:44,12050443,Air-2-5,3161,0.07,1.78,0,4,4,3,1,2,5,8.12272,0.191237,3065.61,55.4891,1434.67,98080.5,457861,53977.3,2.6964,1182.01,4287.03,11653.9,20783,26214,0.00618611,62533.6,21667.2,36.7167,18.1337,396.914,3628.04,815.031,2851.82,3149.96,1218.99,1030.09
495,1,2023-09-27 00:00:00,01:07:44,12050443,Air-2-5,3163,0.06,1.8,0,4,4,3,1,2,5,7.73846,0.187886,4970.98,55.7675,1426.7,94560.9,455749,53955.7,2.68769,1184.66,4236.65,11336,20591.2,26097,0.00614495,61832.4,21439,35.5791,17.6198,386.829,3631.72,802.174,2844.02,3116.03,1202.56,1020.52
496,1,2023-09-27 00:00:00,04:07:44,12050443,Air-2-5,3165,0.06,1.8,0,4,4,3,1,2,5,8.95897,0.187283,23065.3,56.7075,1483.89,92889.5,456918,53653.5,2.68879,1157.35,4054.55,10666.6,19438,25919.6,0.0060479,58207.4,21233.4,35.1674,17.9537,387.224,3577.49,807.37,2801.51,3143.3,1200.82,1025.46
499,1,2023-09-27 00:00:00,18:08:24,12050443,Air-2-5,3169,0.05,1.82,0,4,4,3,1,2,5,8.39047,0.186563,23287.5,56.0057,1485.07,128884,461755,54324.1,2.70861,910.121,1784.62,5928.24,7510.46,27046.1,0.00431417,33310,15952.4,39.0945,19.0042,405.11,3697.82,839.557,2927.19,3244.04,1256.71,1063.13
500,1,2023-09-27 00:00:00,21:08:24,12050443,Air-2-5,3171,0.06,1.78,0,4,4,3,1,2,5,7.89253,0.18705,10907.9,57.0545,1456.6,122348,458635,54515.7,2.69531,991.284,2527.31,7668.63,11062.2,26812.7,0.0047967,42763.5,17877.9,38.3719,19.6756,404.24,3665.59,829.399,2888.36,3228.64,1256.42,1039.91
502,1,2023-09-28 00:00:00,03:08:24,12050443,Air-2-5,3173,0.06,1.79,0,4,4,3,1,2,5,8.8266,0.188373,22559,54.5861,1468.31,106284,456067,53913.1,2.68665,1152.05,4242.66,12094.1,20071.2,25921.4,0.00588177,63980.5,20268.6,37.6824,17.8005,388.264,3500.22,786.547,2753.14,3048.55,1191.75,1004.68
503,1,2023-09-28 00:00:00,06:08:24,12050443,Air-2-5,3175,0.05,1.78,0,4,4,3,1,2,5,8.22486,0.189034,22884.5,56.0067,1479,106771,457720,54225.5,2.69153,1183.9,4442.42,12650.7,21473.8,26665.4,0.0059767,67888.9,20984.7,41.5945,18.0796,389.153,3683.7,832.952,2884.57,3208.58,1240.94,1043.49
504,1,2023-09-28 00:00:00,09:08:24,12050443,Air-2-5,3177,0.06,1.8,0,4,4,3,1,2,5,8.83687,0.186686,23113.4,58.1503,1495.85,108078,457304,54181.5,2.68274,1201.94,4606.41,13329.8,22406.7,26789.8,0.00606799,70613.4,21443,41.2439,18.3298,399.14,3709.8,829.122,2933.36,3203.56,1246.83,1055.58
507,1,2023-09-28 00:00:00,18:55:06,12050443,Air-2-5,3179,0.07,1.78,0,4,4,3,1,2,5,8.28022,0.185643,23592.9,56.8057,1518.66,102344,457853,54535.5,2.68507,1223.19,4861.05,15011.8,24151.4,26792.2,0.00629703,77692.6,22027,44.788,19.5233,393.18,3731.92,842.76,2949.87,3236.6,1250.52,1055.17
508,1,2023-09-28 00:00:00,21:55:06,12050443,Air-2-5,3181,0.06,1.8,0,4,4,3,1,2,5,8.3564,0.186984,23132,57.1275,1513.15,98701.4,457533,54257.8,2.68743,1213.67,4716.48,14334,23384.7,26602.5,0.00622136,74732.1,21572.1,42.156,18.2342,387.728,3707.78,830.049,2920.36,3217.42,1234.81,1044
510,1,2023-09-29 00:00:00,03:55:05,12050443,Air-2-5,3183,0.06,1.76,0,4,4,3,1,2,5,8.11465,0.185646,22940.6,57.1989,1477.95,88579.6,250335,29528.4,1.51511,23.488,6.43313,11.675,18.5387,32.8178,0.00272569,73.6887,26.0272,20.0757,0,0.226428,-0.295253,1.50571,5.13382,-0.38113,2.46095,1.94176
511,1,2023-09-29 00:00:00,06:55:05,12050443,Air-2-5,3185,0.06,1.8,0,4,4,3,1,2,5,8.1984,0.185042,653.651,1.56508,54.3157,86041.9,450.094,49.0614,0.00252012,1178.27,4706.85,14397.9,22887.2,25532.6,0.00623274,71656.5,20787.8,38.5877,17.0429,381.188,3479.23,773.178,2739.73,3017.94,1175.03,988.095
512,1,2023-09-29 00:00:00,11:42:08,12050443,Air-2-5,3187,0.05,1.77,0,4,4,3,1,2,5,7.78417,0.184516,22933,56.1883,1487.35,88482.8,456130,54373,2.68971,912.922,2435.05,7096.73,8569,26713.2,0.00463181,34900.8,16206.8,46.9564,18.9242,395.387,3646.7,835.495,2893.58,3219.4,1229.33,1049.82
514,1,2023-09-29 00:00:00,17:51:50,12050443,Air-2-5,3189,0.05,2.04,0,4,4,3,1,2,5,9.60702,0.213836,26058.8,64.967,1703.18,89956.6,539746,64691.6,3.17914,1261.93,4729.58,13175.6,19985.6,30787.1,0.00619778,66190.2,23158.6,41.4353,21.2759,463.204,4311.46,963.116,3372.35,3732.34,1442.3,1221.55
515,1,2023-09-29 00:00:00,20:51:50,12050443,Air-2-5,3191,0.05,1.98,0,4,4,3,1,2,5,9.69189,0.213627,25608.9,63.9804,1671.1,88221.5,538911,64572.2,3.17581,1264.67,4676.07,13193.7,19686.7,30731.5,0.0061746,65570.9,23000.9,44.2832,22.6401,458.465,4282.49,949.318,3364.16,3703.02,1448.94,1215.57
516,1,2023-09-29 00:00:00,23:51:50,11010443,Air-1-1,3192,0.05,1.04,0,4,4,3,1,1,1,1.04451,0.0229784,2733.76,6.88195,181.997,88169.2,29220.5,3270.95,0.169547,122.71,371.78,1044.88,1504.63,2837.43,0.00302676,5131.36,2003.37,17.7823,1.86986,44.3898,387.898,88.2708,304.537,349.074,137.107,114.68
517,1,2023-09-30 00:00:00,02:51:50,11020443,Air-1-2,3193,0.05,1.03,0,4,4,3,1,1,2,1.72804,0.0452786,5184.39,12.6886,348.382,83313,70992,8043.17,0.413981,235.007,767.245,2093.97,2998.93,5691.55,0.00330767,10273.8,4023.88,23.4143,3.83105,85.0944,769.274,178.75,609.895,685.855,270.588,222.03
518,1,2023-09-30 00:00:00,05:51:50,11030443,Air-1-3,3194,0.05,1.04,0,4,4,3,1,1,3,2.89543,0.0659432,7991.21,18.7737,517.019,81546.3,119585,13676.1,0.697865,353.52,1177.05,3261.36,4757.08,8573.49,0.00362118,16000.1,6166.88,22.0078,5.8445,123.965,1165.26,268.104,927.16,1038.87,401.379,336.558
519,1,2023-09-30 00:00:00,08:51:50,11040443,Air-1-4,3195,0.05,1.04,0,4,4,3,1,1,4,3.89682,0.0855232,10600.9,26.6394,683.74,80473.1,172838,19845.7,1.00908,480.981,1707.75,4662.21,7145.41,11573.1,0.00399884,23194.5,8476.42,27.5695,6.96614,172.036,1581.19,359.539,1233.3,1391.88,534.663,453.547
520,1,2023-09-30 00:00:00,11:51:50,11050443,Air-1-5,3196,0.05,1.05,0,4,4,3,1,1,5,4.5582,0.107805,12894.2,31.1705,829.594,80913,228669,26563.2,1.33803,613.452,2216.52,6000.66,9212.34,14576.1,0.00436832,29660,10841.1,29.1279,10.8067,222.134,1996.56,448.314,1568.78,1759.13,688.231,575.482
521,1,2023-09-30 00:00:00,14:51:50,12050443,Air-2-5,3198,0.05,2.01,0,4,4,3,1,2,5,9.39951,0.217196,25587.7,62.6479,1641.39,80555,534501,64208,3.15872,1242.49,4512.98,12395.2,18775.2,30460.2,0.00605109,61664.2,22383.7,47.2658,20.9754,453.292,4166.38,943.055,3300.94,3663.5,1413.52,1195.1
523,1,2023-09-30 00:00:00,20:51:50,12050443,Air-2-5,3200,0.05,2.05,0,4,4,3,1,2,5,9.40479,0.216535,25658.4,63.678,1652.33,75356.7,533486,63816.9,3.15563,701.733,1421.55,4974.26,3468.7,29401.8,0.00404486,14088.9,10090.8,44.8066,21.8625,437.273,3981,902.583,3117.26,3481.9,1351.71,1135.91
524,1,2023-09-30 00:00:00,23:51:50,12030443,Air-2-3,3202,0.05,2,0,4,4,3,1,2,3,5.64855,0.131354,15815,39.0455,1028.94,79061.3,289836,33771.8,1.69773,405.386,708.962,2580.34,1838.04,17299.3,0.00340196,6841.22,5261.03,31.2278,12.3663,258.826,2328.75,534.961,1844.17,2062.19,806.525,671.194
525,1,2023-10-01 00:00:00,02:51:50,12040443,Air-2-4,3204,0.05,2,0,4,4,3,1,2,4,6.76742,0.172256,20567.9,51.8868,1335.75,77838.8,411062,48537.6,2.41787,469.611,700.217,2603.15,1896.65,23404.7,0.00340013,6221.36,5506.23,35.366,16.2179,341.572,3119.23,721.524,2476.47,2765.3,1078.11,913.88
526,1,2023-10-01 00:00:00,05:51:50,12050443,Air-2-5,3206,0.05,2.02,0,4,4,3,1,2,5,9.39151,0.214871,25534.4,62.8033,1631.72,77778.1,533255,63852.8,3.1508,583.897,886.757,3384.01,2390.01,29302.5,0.0035887,7476.43,6882.57,38.6499,19.118,432.306,3972.02,904.6,3110.03,3496.17,1341.71,1139.08
527,1,2023-10-01 00:00:00,08:51:50,12030443,Air-2-3,3208,0.05,1.99,0,4,4,3,1,2,3,5.31812,0.129857,15835,39.0358,1025.09,79291.5,289747,33964.4,1.69501,367.686,574.144,2159.42,1557.55,17396.5,0.00327472,5247.53,4411.41,35.6368,11.3637,257.267,2319.25,542.137,1831.61,2060.53,798.53,675.363
528,1,2023-10-01 00:00:00,11:51:50,12040443,Air-2-4,3210,0.05,2.04,0,4,4,3,1,2,4,7.62138,0.170916,21031.4,53.1996,1360.03,77768.5,412073,48835.6,2.41804,518.154,872.59,3257.25,2254.42,23378.1,0.00354735,8164.63,6447.96,40.5565,16.733,348.344,3129.44,714.261,2483.27,2786.59,1076.07,900.211
529,1,2023-10-01 00:00:00,14:51:50,12050443,Air-2-5,3212,0.05,2.03,0,4,4,3,1,2,5,9.05761,0.214025,25946.3,64.2966,1669.56,76913.1,533815,64018.4,3.15021,687.058,1297.06,4762.17,3357.88,29391.2,0.00392659,13549.2,9715.08,42.7727,19.7814,432.681,3939.61,914.292,3121.89,3461.66,1360.11,1139.18
531,1,2023-10-01 00:00:00,20:51:50,12050443,Air-2-5,3214,0.05,2,0,4,4,3,1,2,5,9.6185,0.21403,25676.1,63.7883,1671.52,70626.4,530913,63964.2,3.14149,1319.9,5613.24,18787.5,28453.2,28082.6,0.00745034,94221,24079.6,40.8567,19.041,398.269,3690.24,836.212,2876.65,3206.07,1234.02,1054.67
532,1,2023-10-01 00:00:00,23:51:50,12050443,Air-2-5,3216,0.05,2.02,0,4,4,3,1,2,5,8.10098,0.213047,26017.7,65.6696,1681.62,74614.8,530188,63664.1,3.13312,1485.22,6292.17,21080.5,31875,31552.2,0.00799579,106164,27246.6,47.5831,22.8579,482.866,4416.3,1003.24,3468.52,3875.01,1513.23,1258.25
533,1,2023-10-02 00:00:00,02:51:50,12050443,Air-2-5,3218,0.05,2.01,0,4,4,3,1,2,5,8.92353,0.212865,25857.2,64.4803,1665.06,74173.4,529561,63599.8,3.12756,1498.56,6272.16,21072.7,31842.6,31485.3,0.00801845,106955,27422.8,44.0773,22.7892,478.574,4446.27,1003.11,3476.14,3893.72,1498.85,1271.15
537,1,2023-10-02 00:00:00,17:14:12,11010443,Air-1-1,3219,0.01,0.99,0,4,4,3,1,1,1,0.703672,0.0232156,2655.74,5.64766,177.976,66347.8,28588.4,3199.87,0.167088,154.405,561.951,1865.67,2877.09,2829.24,0.00322522,9129.91,2440.06,22.3642,1.81416,43.0511,387.502,90.6966,306.957,348.245,135.3,117.352
538,1,2023-10-02 00:00:00,20:14:12,12050443,Air-2-5,3221,0.01,1.98,0,4,4,3,1,2,5,9.19056,0.214484,25356.1,62.1045,1625.19,65297.4,528299,63516.3,3.13341,1485.73,6253.16,20671.2,31703.7,31464.3,0.00798001,103533,26902.7,45.761,24.0866,475.779,4348.15,992.864,3413.11,3836.09,1477.09,1242.19
539,1,2023-10-02 00:00:00,23:14:12,12050443,Air-2-5,3223,0.01,1.96,0,4,4,3,1,2,5,10.2113,0.214343,25672.5,62.627,1655.12,68037.9,528969,63613.3,3.13118,1498.47,6264.29,20964.1,31645.5,31350.8,0.00799316,105664,27124.6,45.3776,22.7318,472.404,4388.46,993.608,3461.31,3851.79,1502.03,1259.15
541,1,2023-10-03 00:00:00,05:14:12,12050443,Air-2-5,3225,0.01,2,0,4,4,3,1,2,5,8.57649,0.211343,25032.1,62.9039,1630.12,63115.7,526173,63202.7,3.12045,1499.55,6254.41,20802.5,31683.1,31394.9,0.00801872,104620,26933.6,42.3516,23.2032,472.897,4340.26,996.929,3423.98,3831.75,1486.12,1259.55
545,1,2023-10-03 00:00:00,18:31:32,12050443,Air-2-5,3227,0.01,1.94,0,4,4,3,1,2,5,9.42844,0.212138,25648.6,62.9819,1642.62,64403.4,529028,63646,3.12756,1481.45,6190.55,20424.5,31339.1,30982.6,0.00789955,102933,26602.2,52.0833,22.9971,462.994,4211.91,984.652,3316.99,3711.87,1429.34,1209.77
546,1,2023-10-03 00:00:00,21:31:32,12050443,Air-2-5,3229,0.01,1.95,0,4,4,3,1,2,5,9.68743,0.212429,26057,64.8423,1674.07,67735.9,529715,63773.4,3.12586,1507.67,6326.46,21001.7,32047.3,31731.5,0.00797486,106174,27333.8,52.5899,23.3444,481.603,4424.81,1005.22,3457.2,3894.04,1504.06,1279.19
548,1,2023-10-04 00:00:00,03:31:32,12050443,Air-2-5,3231,0.01,2.02,0,4,4,3,1,2,5,9.22853,0.211979,24543.2,64.6304,1612.52,62333.3,527347,63760.2,3.1212,1465.64,6155.56,20604.6,31091.5,30855.2,0.00791476,103888,26486.5,52.3267,21.6104,462.843,4261.75,968.692,3347.2,3710.49,1438.79,1209.51
552,1,2023-10-04 00:00:00,16:56:55,12050443,Air-2-5,3233,0.01,1.99,0,4,4,3,1,2,5,9.25846,0.210505,25816.9,63.8585,1654.4,59177,526878,63240.6,3.11753,1436.93,6011.81,19669.5,30372.3,30058.2,0.00774066,98605.8,25721.3,52.8381,21.4565,440.284,3986.03,935.798,3130.13,3555.11,1359.52,1155.79
553,1,2023-10-04 00:00:00,19:56:55,11050443,Air-1-5 (Bad Ne20),3234,0.01,0.98,0,4,4,3,1,1,5,4.13213,0.104793,5243.34,32.497,825.877,62174.3,225544,26307.7,1.32301,722.894,3002.77,9997.02,15139.5,15015.6,0.0052652,49348.9,12969.6,34.6595,11.1768,227.027,2067.26,475.735,1638.29,1862.51,709.166,604.043
555,1,2023-10-05 00:00:00,01:56:55,12050443,Air-2-5,3236,0.01,1.99,0,4,4,3,1,2,5,8.56293,0.212135,25373.8,61.5613,1629.7,57778.2,525089,63212.5,3.11162,1435.54,6000.23,19766.3,30339.5,30029.3,0.00776524,99175.4,25736.6,50.7965,22.0186,450.246,4028.95,921.036,3171.19,3569.77,1380.99,1172.65
556,1,2023-10-05 00:00:00,04:56:55,12050443,Air-2-5,3238,0.01,1.94,0,4,4,3,1,2,5,8.99447,0.213578,25501.4,63.2066,1638.39,61458.5,526928,63101.2,3.11289,1490.9,6248.95,20915.8,31644.9,31339.8,0.00795744,104976,27123.6,48.6528,23.1801,477.394,4376.37,986.672,3435.34,3849.07,1498.97,1274.49
560,1,2023-10-05 00:00:00,20:04:24,12050443,Air-2-5,3240,0.01,1.97,0,4,4,3,1,2,5,9.68851,0.211535,25296.2,61.0545,1629.48,56393.1,524006,62705.2,3.10037,1475.73,6214.86,20472.3,31540.1,31236,0.00789678,102851,26691.8,57.4658,21.3183,472.302,4260.78,987.778,3353.04,3785.26,1445.53,1223.07
561,1,2023-10-05 00:00:00,23:04:24,12050443,Air-2-5,3242,0.01,1.96,0,4,4,3,1,2,5,9.68687,0.214723,25569.6,61.8371,1651.57,59986.1,526069,63178.1,3.10791,1495.44,6270.17,20904.3,31729.9,31460.6,0.00792201,105316,27177.7,55.6059,23.8042,473.865,4384.02,1007.37,3435.06,3868.4,1496.44,1267.6
563,1,2023-10-06 00:00:00,05:04:24,12050443,Air-2-5,3244,0.01,1.97,0,4,4,3,1,2,5,9.72957,0.211493,25516.9,66.3058,1662.97,56043,524654,63138.1,3.10045,1439.37,5990.29,19930.2,30288,29999.9,0.0077432,100494,25985.3,53.4051,22.1819,443.122,4049.37,938.427,3198.93,3579.84,1408.98,1176.23
567,1,2023-10-06 00:00:00,17:40:50,12050443,Air-2-5,3246,0.01,1.95,0,4,4,3,1,2,5,8.42359,0.208022,25532.1,65.1313,1654.7,59986.4,523972,62957,3.09198,1492.77,6249.32,20631.9,31632,31306.8,0.00794867,103990,27039,58.4582,23.2866,476.267,4341.92,1002.82,3375.68,3846.87,1492.93,1247.53
568,1,2023-10-06 00:00:00,20:40:51,12050443,Air-2-5,3248,0.01,1.99,0,4,4,3,1,2,5,9.6861,0.207854,25652.4,63.3671,1653.42,59583.8,526183,63202.2,3.10521,1487.7,6185.51,20836.6,31427.4,31170.6,0.00792027,104580,27126.1,53.0819,22.7737,473.808,4376.32,1003.48,3427.87,3847.77,1496.74,1274.67
569,1,2023-10-06 00:00:00,23:40:51,11010443,Air-1-1,3249,0.01,1,0,4,4,3,1,1,1,0.958801,0.0222241,2682.53,7.09275,177.954,59086.2,28816.6,3261.11,0.167975,159.622,561.481,1875.27,2856.13,2820.12,0.00321434,9098.72,2439.95,25.8287,2.16621,42.7157,391.656,91.8517,307.235,350.557,136.235,113.765
570,1,2023-10-07 00:00:00,02:40:51,11020443,Air-1-2,3250,0.01,0.97,0,4,4,3,1,1,2,1.80011,0.0436183,5278.38,12.8685,345.977,55720,69874.7,7947.9,0.40826,297.205,1166.16,3788.35,5782.11,5703.88,0.00371836,18628.5,4947.57,31.5527,3.59839,84.8244,783.701,182.184,620.911,701.942,272.118,235.396
571,1,2023-10-07 00:00:00,05:40:51,11030443,Air-1-3,3251,0.01,1,0,4,4,3,1,1,3,2.46914,0.0642086,7725.44,18.6647,501.772,54696.8,117145,13472.7,0.685124,445.995,1761.86,5795.6,8800.67,8720.51,0.00420998,28499.6,7586.6,33.3206,5.78573,129.966,1210.27,274.874,948.521,1080.07,413.874,353.099
572,1,2023-10-07 00:00:00,08:40:50,11040443,Air-1-4,3252,0.01,0.96,0,4,4,3,1,1,4,3.54607,0.0833085,10309.1,24.6823,667.34,54486.4,168948,19578.8,0.989797,589.587,2360.13,7821.82,11937.8,11780.4,0.00472524,38627.6,10180.9,36.0504,9.00846,177.469,1628.85,376.955,1284.19,1456.05,568.466,478.357
573,1,2023-10-07 00:00:00,11:40:51,11050443,Air-1-5,3253,0.01,0.98,0,4,4,3,1,1,5,4.90783,0.103202,12503.2,30.1171,816.58,54673.1,223189,26221.2,1.31037,732.583,2964.05,9844.12,15000,14829,0.00524265,48737.8,12874.8,38.365,10.7591,229.89,2045.27,471.443,1612.42,1845.67,712.082,605.183
575,1,2023-10-07 00:00:00,17:40:51,12050443,Air-2-5,3255,0.01,1.96,0,4,4,3,1,2,5,8.80439,0.20939,24822.1,61.6134,1603.13,52970.4,521166,62849,3.08927,1437.6,6055.23,20202.2,30611.9,30286.7,0.00781456,100899,26172.4,50.6441,22.1877,453.264,4193.59,951.657,3294.91,3662.31,1422.03,1205.39
576,1,2023-10-07 00:00:00,20:40:51,12030443,Air-2-3,3257,0.01,2,0,4,4,3,1,2,3,5.64274,0.127846,15186.7,37.3826,997.528,55358.2,284155,33366.8,1.66604,865.713,3637.21,12168.7,18410.2,18132,0.00578836,60721.8,15838.9,40.5423,13.1315,274.212,2521.85,580.066,1984.57,2260.08,868.289,735.678
577,1,2023-10-07 00:00:00,23:40:51,12040443,Air-2-4,3259,0.01,1.93,0,4,4,3,1,2,4,7.67654,0.170411,19504.9,47.7299,1273.33,54607.7,401461,48033.8,2.36673,1177.51,4939.3,16412.7,24896.5,24650.8,0.00683497,82374.8,21399.2,47.5558,17.9596,377.529,3430.11,780.347,2704.42,3049.69,1182.86,988.84
578,1,2023-10-08 00:00:00,02:40:51,12050443,Air-2-5,3261,0.01,1.98,0,4,4,3,1,2,5,9.34109,0.211168,24869.8,61.268,1630.89,58318.1,521085,62682.8,3.07076,1479.16,6225.7,20803.5,31474.7,31226.2,0.00788807,105027,27075,57.4032,22.5975,470.643,4359.56,997.874,3437.44,3861.93,1495.27,1260.7
579,1,2023-10-08 00:00:00,05:40:51,12030443,Air-2-3,3263,0.01,1.93,0,4,4,3,1,2,3,5.44638,0.126244,15328.6,38.7186,1012.32,58905.8,283545,33484.2,1.65834,904.837,3685.08,12230,18552.6,18360.2,0.00579035,60781.4,16015.5,53.0302,13.4236,277.925,2542.7,585.817,2008.57,2283.77,884.117,744.539
580,1,2023-10-08 00:00:00,08:40:50,12040443,Air-2-4,3265,0.01,1.98,0,4,4,3,1,2,4,7.12146,0.169543,19980.5,49.4461,1337.36,61200.3,405090,48732.6,2.36848,1234.14,5017.41,16541,25303.2,25005.1,0.0068439,83265.7,21932.5,87.6703,18.8712,379.05,3459.91,799.619,2710.1,3083.14,1195.75,1014.8
581,1,2023-10-08 00:00:00,11:40:51,12050443,Air-2-5,3267,0.01,1.94,0,4,4,3,1,2,5,9.65762,0.213672,25615.8,63.9616,1662.13,61850.9,522983,63176.2,3.07001,1497.34,6249.6,20799,31541.9,31330.4,0.00785495,103643,27219.2,79.8932,24.3193,476.779,4345.64,1004.59,3435.34,3897.79,1513.62,1270.72
583,1,2023-10-08 00:00:00,17:40:51,12050443,Air-2-5,3269,0.01,1.92,0,4,4,3,1,2,5,9.38576,0.215753,24861.4,62.8727,1628.73,56316.8,521338,62841.2,3.06846,1426.81,5950.52,19932.1,30236.2,29825.6,0.00766725,99938.6,25819.3,62.1658,21.5468,443.744,4067.55,940.979,3205.32,3602.2,1387.94,1166.88
584,1,2023-10-08 00:00:00,20:40:51,12050443,Air-2-5,3271,0.01,1.96,0,4,4,3,1,2,5,8.71073,0.212035,24765.7,62.5466,1616.64,59324.6,520757,62781.4,3.06317,1480.15,6210.16,20634.6,31470.7,31220.2,0.00783683,103807,27083.2,65.4131,21.8851,475.701,4325.61,990.311,3425.32,3863.82,1482.99,1274.52
585,1,2023-10-08 00:00:00,23:40:51,11010443,Air-1-1,3272,0.01,0.99,0,4,4,3,1,1,1,0.990029,0.0236904,2529.19,6.46504,172.935,59215,28762.2,3251.13,0.167125,175.113,568.484,1877.65,2858.72,2811.94,0.00320104,9075.6,2446.13,42.8204,2.40498,42.7668,390.53,91.7963,306.535,348.961,136.796,116.199
586,1,2023-10-09 00:00:00,02:40:51,12050443,Air-2-5,3274,0.01,1.89,0,4,4,3,1,2,5,10.017,0.221387,24197.5,61.7271,1595.31,56036.6,520233,62939.3,3.06612,1492.63,6178.52,20460.5,31353.5,31068,0.00782317,102824,26865.3,67.0413,22.2088,472.952,4303.02,995.888,3383.85,3838.43,1469.44,1254.49
590,1,2023-10-09 00:00:00,16:47:49,12050443,Air-2-5,3276,0.01,1.93,0,4,4,3,1,2,5,9.16064,0.209027,25045.5,60.0992,1624.51,48313.1,515139,62331.7,3.06201,1455.18,6121.53,20113,31085.3,30773.3,0.00785316,101516,26537.2,53.6424,20.9752,470.297,4210.65,982.559,3321.69,3757.91,1457.05,1235.6
591,1,2023-10-09 00:00:00,19:47:49,12050443,Air-2-5,3278,0.01,1.9,0,4,4,3,1,2,5,8.92528,0.208548,25041.4,64.117,1679.18,52272.7,519290,62703.4,3.06985,1472.6,6220.12,20518.8,31425,31154.8,0.00784012,103105,27032.2,56.7898,23.9831,468.667,4295.93,1000.79,3405.32,3846.96,1489.68,1255.67
593,1,2023-10-10 00:00:00,01:47:48,11050443,Air-1-5,3279,0.01,0.97,0,4,4,3,1,1,5,4.89053,0.105097,12561.8,30.1966,827.5,51130.6,220971,25887.6,1.29298,728.066,2986.2,9756.51,15033.7,14859.5,0.00520747,48399.2,12909.9,48.666,10.8213,233.969,2038.05,475.602,1601.77,1836.63,713.027,591.382
594,1,2023-10-10 00:00:00,04:47:49,12050443,Air-2-5,3281,0.01,1.93,0,4,4,3,1,2,5,9.81512,0.210975,25357.1,64.4581,1668.43,53339,517484,62562.9,3.05325,1476.4,6181.98,20452.3,31274.9,31059.5,0.00784535,103194,26979.3,66.8123,21.2719,470.96,4318.48,990.391,3361.94,3827.26,1489.73,1245.6
596,1,2023-10-10 00:00:00,12:15:35,12050443,Air-2-5,3283,0.01,1.99,0,4,4,3,1,2,5,9.52635,0.209761,24943.4,65.4276,1665.18,55051.5,521036,63133.7,3.05826,1544.55,6314.92,20553.7,32018.8,31697,0.00781429,103597,27282.2,119.395,22.7986,487.489,4312.03,1015.52,3399.16,3880.36,1504.92,1281.84
598,1,2023-10-10 00:00:00,20:19:47,12050443,Air-2-5,3285,0.01,1.91,0,4,4,3,1,2,5,9.19499,0.208276,23523.2,56.4505,1540.74,51500.3,537130,65150.8,3.17437,1442.94,6033.95,19802.4,30493.1,30288.6,0.007687,98981.6,26058.8,71.0753,22.2465,462.635,4148.87,971.67,3266.19,3711.01,1434.71,1216.66
599,1,2023-10-10 00:00:00,23:19:47,12050443,Air-2-5,3287,0.01,1.9,0,4,4,3,1,2,5,9.92539,0.217776,21809.5,54.766,1465.83,53920.7,533103,65008.5,3.14575,1452.7,6089.83,20082.1,30762.5,30452.3,0.00770006,101012,26372.2,69.245,20.9428,465.654,4222.39,965.277,3303.6,3762.66,1439.38,1227.96
600,1,2023-10-11 00:00:00,02:19:47,12050443,Air-2-5,3289,0.01,1.95,0,4,4,3,1,2,5,9.23348,0.213614,22487.8,57.4574,1486.7,55562.9,536227,64928.7,3.1574,1449.3,6029.24,20064.3,30455.9,30132.6,0.00769502,100650,26263.8,71.7613,22.1952,463.868,4185.38,960.625,3288.74,3742.1,1445.03,1225.69
604,1,2023-10-11 00:00:00,20:06:38,12050443,Air-2-5,3291,0.01,1.93,0,4,4,3,1,2,5,9.01749,0.211898,22487.4,56.2437,1456.7,48853.8,528483,63910.7,3.13521,1432,6019.13,19867.1,30492.8,30178.1,0.00772412,100256,25977.9,56.4606,23.8974,460.45,4140.37,962.895,3260.9,3685.48,1425.8,1209.41
605,1,2023-10-11 00:00:00,23:06:38,12050443,Air-2-5,3293,0.01,1.95,0,4,4,3,1,2,5,9.24688,0.214483,22195.7,54.9613,1455.23,51344.1,530327,63993.1,3.1338,1438.08,5993.1,20026.4,30450,30174.3,0.00768696,100411,26129.5,62.014,20.929,464.871,4186.05,958.982,3302.08,3694.96,1438.65,1213
606,1,2023-10-12 00:00:00,02:06:38,12050443,Air-2-5,3295,0.01,1.96,0,4,4,3,1,2,5,9.04431,0.213494,24088.6,61.0948,1578.53,52232.4,531181,64219.8,3.13742,1428.64,6000.59,19930.2,30346.2,30060.5,0.00769203,100056,26145.5,58.6643,21.0846,457.416,4169.63,946.907,3271.3,3712.59,1421.14,1220.22
611,1,2023-10-12 00:00:00,21:07:48,12050443,Air-2-5,3297,0.01,1.92,0,4,4,3,1,2,5,9.04145,0.209003,23582,59.515,1523.76,48667.2,525823,63333,3.11685,1431.9,6001.68,19533.5,30428.6,30125.7,0.00768341,98829.7,25944.5,58.7258,23.0233,453.516,4069.35,966.168,3218.91,3670.3,1425.36,1189.88
612,1,2023-10-13 00:00:00,00:07:48,12050443,Air-2-5,3299,0.01,1.92,0,4,4,3,1,2,5,8.82617,0.210066,24294.7,60.338,1580.63,50026.1,526653,63808.2,3.11874,1415.09,6001.58,19813.5,30370.4,30124,0.00769829,100044,26173.7,54.6471,21.1314,453.805,4143.88,961.465,3246.74,3700.88,1428.28,1214.61
614,1,2023-10-13 00:00:00,06:07:48,12050443,Air-2-5,3301,0.01,1.9,0,4,4,3,1,2,5,8.83086,0.208849,22784.2,57.1364,1528.47,45649.3,529223,63977.8,3.14026,1344.52,5651.2,18566.3,28535.3,28334.3,0.00744174,92712.5,24422.8,50.832,19.4367,419.831,3765.58,872.817,2958.28,3390.78,1306.75,1116.59
618,1,2023-10-13 00:00:00,18:30:25,12050443,Air-2-5,3303,0.01,1.9,0,4,4,3,1,2,5,9.50865,0.20651,22283.9,55.7713,1461.79,54083.4,514311,61945.7,3.04004,1377.29,5850.33,19425.8,29595,29311.1,0.00759257,97748.8,25480.5,54.6547,20.7625,447.261,4060.17,924.774,3183.8,3619.64,1404.74,1186.53
619,1,2023-10-13 00:00:00,21:30:25,12050443,Air-2-5,3305,0.01,1.88,0,4,4,3,1,2,5,9.06295,0.205887,21784.6,56.9098,1456.69,50463,518106,62296.9,3.06444,1381.32,5792.18,19308.5,29241.4,29034.6,0.00754633,96472.4,25218.9,54.6717,20.0501,439.713,4047.33,924.505,3141.01,3585.36,1389.38,1168.92
620,1,2023-10-14 00:00:00,00:30:25,11010443,Air-1-1,3306,0.01,0.94,0,4,4,3,1,1,1,0.66738,0.0238039,2270.2,6.01219,153.535,49767.1,30306.3,3403.93,0.177394,147.68,522.782,1714.37,2621.9,2580.17,0.00316931,8410.61,2250.19,25.2922,1.05505,39.8796,346.358,82.8593,272.608,315.143,121.24,103.836
621,1,2023-10-14 00:00:00,03:30:25,11020443,Air-1-2,3307,0.01,0.93,0,4,4,3,1,1,2,1.67671,0.043788,4313.69,10.1258,284.856,46398.1,70197,8042.39,0.413033,284.941,1081.54,3534.73,5418.08,5333.87,0.00363326,17269.7,4649.8,30.17,4.73562,81.8008,715.949,167.362,574.676,646.32,255.276,215.305
622,1,2023-10-14 00:00:00,06:30:25,11030443,Air-1-3,3308,0.01,0.94,0,4,4,3,1,1,3,2.33892,0.0625488,6477.32,15.4709,431.248,45685,117162,13589.7,0.688205,406.31,1635.93,5355.31,8254.32,8155.54,0.00412124,26365.3,7098.39,34.7111,5.95192,124.081,1101.45,256.018,867.734,1002.7,393.043,328.275
623,1,2023-10-14 00:00:00,09:30:25,11040443,Air-1-4,3309,0.01,0.95,0,4,4,3,1,1,4,3.9705,0.0822807,8731.23,23.2831,576.213,47057,167229,19521.5,0.978995,552.302,2227.32,7300.08,11227.3,11092.2,0.00460053,36065.4,9689.11,43.7415,7.418,170.01,1499.41,352.771,1185.05,1362.52,531.823,444.312
624,1,2023-10-14 00:00:00,12:30:25,11050443,Air-1-5,3310,0.01,0.95,0,4,4,3,1,1,5,4.38826,0.103302,10053.4,24.9969,671.588,47282.5,221577,26019.2,1.3016,681.142,2790.07,9198.07,14028.3,13877.3,0.0050739,45492.7,12040.9,40.7492,10.0945,210.902,1900.41,440.071,1492.63,1705.07,646.937,555.76
626,1,2023-10-14 00:00:00,18:30:25,12050443,Air-2-5,3312,0.01,1.89,0,4,4,3,1,2,5,9.1032,0.207231,20726.3,51.1322,1347.14,43786.8,513611,61792.2,3.0474,1280.54,5437.16,17879.6,27451.2,17033.5,0.00728828,89367,23327.2,50.5278,18.0153,399.06,3571.06,828.141,2811.48,3190.93,1226.49,1036.13
627,1,2023-10-14 00:00:00,21:30:25,12030443,Air-2-3,3314,0.01,1.86,0,4,4,3,1,2,3,5.10601,0.126693,12750.7,31.3459,828.906,47403.1,279330,33032.9,1.64326,785.677,3227.44,10682.2,16393.3,11596.8,0.00542415,53152.6,14054.9,44.7121,10.6636,237.888,2179.97,510.731,1719.26,1942.76,756.648,642.215
628,1,2023-10-15 00:00:00,00:30:25,12040443,Air-2-4,3316,0.01,1.84,0,4,4,3,1,2,4,7.2183,0.166316,17398.2,43.255,1135.96,46920.6,393923,46948.7,2.3253,1033.71,4377.86,14398.8,22060.1,16977.8,0.00637235,71596.6,18850.9,42.5176,15.1611,321.993,2915.85,666.811,2306.84,2612.15,1014.12,858.727
629,1,2023-10-15 00:00:00,03:30:25,12050443,Air-2-5,3318,0.01,1.85,0,4,4,3,1,2,5,8.77018,0.208354,22144,54.5026,1452.99,46851.1,509490,61541.1,3.02075,1299.8,5503.82,18136.2,27788.4,16182.7,0.00731705,91245.9,23833.5,46.8056,19.3115,409.43,3706.23,849.414,2892.07,3305.26,1279.8,1084.34
630,1,2023-10-15 00:00:00,06:30:25,12030443,Air-2-3,3320,0.01,1.87,0,4,4,3,1,2,3,5.39515,0.125247,647.405,30.8957,815.291,47686.9,279987,32910.2,1.64739,768.127,3208.73,10566.9,16170.3,10872.4,0.00541313,52689.8,13890.5,37.6954,11.536,231.848,2147.83,495.684,1697.13,1913.39,744.423,630.533
631,1,2023-10-15 00:00:00,09:30:25,12040443,Air-2-4,3322,0.01,1.88,0,4,4,3,1,2,4,7.47357,0.163967,17305.2,42.5733,1134.77,46740.5,394013,46990.6,2.33208,1009.17,4343.83,14290.6,21923.7,15392.9,0.0063727,71438.2,18847.2,43.4659,15.482,318.093,2889.17,673.853,2271.34,2615.88,1008.51,855.086
632,1,2023-10-15 00:00:00,12:30:25,12050443,Air-2-5,3324,0.01,1.86,0,4,4,3,1,2,5,8.50255,0.205484,21337.3,51.6212,1399.07,47244.1,511679,61701.3,3.03694,1280.35,5470.02,18037.1,27616.4,19109.7,0.00725737,91004,23766.8,45.0335,18.9923,403.07,3682.8,848.273,2910.87,3298.08,1272.78,1079.12
634,1,2023-10-15 00:00:00,18:30:25,12050443,Air-2-5,3326,0.01,1.9,0,4,4,3,1,2,5,8.65069,0.204027,48.7255,30.3541,789.065,43826.8,509103,61384.3,3.02797,1242.57,5178.2,17092.5,26199.4,18201.2,0.00707455,85796.9,22469.9,49.9969,17.2585,374.753,3397.52,782.638,2674.38,3012.38,1160.67,999.871
635,1,2023-12-28 00:00:00,13:47:53,12050443,Air-2-5,3330,0.02,1.66,0,4,4,3,1,2,5,8.03561,0.174212,3349.72,52.4635,1549.81,68730.6,467078,76132.1,2.70469,1485.79,6151.78,20893.3,31260.7,30949.8,0.00772664,105308,26994.2,53.3265,22.8965,475.882,4429.25,966.002,3484.16,3920.21,1508.19,1228.75
637,1,2023-12-28 00:00:00,19:47:53,11050443,Air-1-5,3331,0.01,0.81,0,4,4,3,1,1,5,4.20399,0.087365,6139.63,26.7033,808.615,46829.6,198467,31577.3,1.13828,738.12,2948.07,9792.92,14872.7,14711.3,0.00517325,48544.5,12924.2,38.8087,10.9046,226.029,2064.31,472.949,1625.4,1876.14,726.107,587.195
638,1,2023-12-28 00:00:00,22:47:53,12050443,Air-2-5,3333,0.01,1.64,0,4,4,3,1,2,5,7.01042,0.171601,19743,47.9455,1321.5,43379,462767,75200.6,2.68032,1494.2,6119.51,20503.8,31117.2,30807.7,0.00774824,103597,27062,56.8459,21.9725,473.123,4369.82,976.55,3433.95,3937.77,1515.4,1233.08
639,1,2023-12-29 00:00:00,01:47:53,12050443,Air-2-5,3335,0.01,1.6,0,4,4,3,1,2,5,6.90404,0.173174,20604.4,45.9426,1351.58,42530,461865,75114.6,2.67479,1496.77,6094.52,20432,30982.1,30578.8,0.00774209,103369,26971.9,57.399,23.4063,472.393,4357.69,978.557,3429.28,3920.73,1511.04,1233.17
640,1,2023-12-29 00:00:00,04:47:53,11050443,Air-1-5,3336,0.01,0.84,0,4,4,3,1,1,5,3.78227,0.0848536,4980.11,23.9274,709.936,41983.8,196408,31222.9,1.12716,727.291,2906.81,9709.26,14724,14512.8,0.00516351,48262.3,12802.6,35.4817,10.3798,223.966,2042.17,468.059,1617.49,1867.22,721.02,595.225
641,1,2023-12-29 00:00:00,12:41:12,11050443,Air-1-5,3338,0.01,0.83,0,4,4,3,1,1,5,3.87226,0.0860296,10733.2,26.3813,726.13,39144.3,195051,30963.3,1.12404,696.598,2801.46,9165.23,14074.4,13897.2,0.00507835,45455.7,12206.6,30.9476,10.4856,207.358,1885.12,445.646,1482.41,1723.51,665.803,560.939
642,1,2023-12-29 00:00:00,15:41:12,12050443,Air-2-5,3340,0.01,1.65,0,4,4,3,1,2,5,7.51314,0.171847,19886.8,47.3442,1275.93,39935.4,455801,74270.2,2.6566,1420.11,5822.22,19324.5,29497.3,29195,0.00758503,97316.6,25535.7,48.2273,20.512,442.286,4014.28,915.266,3155.36,3603.96,1404.61,1156.13
643,1,2023-12-29 00:00:00,18:41:12,12050443,Air-2-5,3342,0.01,1.62,0,4,4,3,1,2,5,7.5906,0.170081,20031.3,46.7344,1285.43,40186.4,456087,74264.3,2.65718,1417.27,5833.92,19360.8,29462.7,29197,0.00754782,97542.2,25543.5,48.1948,22.1158,440.762,4015.09,913.3,3175.84,3608.07,1407.54,1157.76
644,1,2023-12-29 00:00:00,21:41:12,11050443,Air-1-5,3343,0.01,0.81,0,4,4,3,1,1,5,3.34206,0.0860851,9927.19,23.2224,666.455,39882,194823,31027.9,1.12314,698.11,2762.48,9178.77,13984,13749.6,0.00504822,45286.7,12186.2,32.5903,9.70257,201.981,1884.92,435.905,1475.04,1724.54,668.725,563.972
645,1,2023-12-30 00:00:00,00:41:12,11050443,Air-1-5,3344,0.01,0.81,0,4,4,3,1,1,5,3.56774,0.0868899,9941.13,24.1967,662.836,39012.8,194589,31011.9,1.12127,691.268,2763.33,9133.47,13948.9,13777.3,0.00504541,45112.9,12138.3,32.9523,9.29352,208.471,1877.94,437.389,1477.63,1720.68,662.809,554.787
646,1,2023-12-30 00:00:00,03:41:12,12050443,Air-2-5,3346,0.01,1.6,0,4,4,3,1,2,5,7.75292,0.177544,21089.6,48.2682,1344.87,38516.7,456268,74436.7,2.65791,1420.77,5778.31,19132.8,29296.5,28996.5,0.00753604,96089.5,25330.4,52.233,20.3457,436.463,3980.82,923.53,3141.72,3617.41,1386.89,1152.37
648,1,2023-12-30 00:00:00,09:41:12,12050443,Air-2-5,3348,0.01,1.62,0,4,4,3,1,2,5,7.54364,0.18071,27752.1,62.0682,1742.48,37921.4,456585,74325.6,2.66023,1411.48,5763.83,18962.7,29141.2,28874.9,0.00753351,95825.8,25383,53.4977,21.7184,441.958,3951.86,911.446,3112.54,3611.35,1405.12,1159.58
649,1,2023-12-30 00:00:00,12:41:12,11010443,Air-1-1,3349,0.01,0.81,0,4,4,3,1,1,1,0.661738,0.0188582,2655.99,6.10376,214.29,38156.2,23693.6,3660.45,0.134354,137.34,488.596,1627.78,2448.72,2425.87,0.00314819,7902.82,2172.62,22.1275,1.8903,33.9065,334.076,80.2911,258.265,314.901,121.518,102.991
650,1,2023-12-30 00:00:00,15:41:12,11020443,Air-1-2,3350,0.01,0.82,0,4,4,3,1,1,2,1.16916,0.0362705,4692.3,11.5805,340.186,36621.8,59666.4,9308.49,0.34165,273.707,1032.2,3384.01,5167.9,5105.45,0.00360987,16522.6,4560.35,24.9292,3.61816,70.8478,693.507,169.309,541.984,639.817,251.686,212.609
651,1,2023-12-30 00:00:00,18:41:12,11030443,Air-1-3,3351,0.01,0.8,0,4,4,3,1,1,3,2.50723,0.0535817,6651.07,15.496,450.211,36306.3,101716,15973.8,0.583335,405.959,1573.96,5189.92,7934.36,7827.35,0.00408418,25528,6985.81,24.006,5.80955,102.05,1062.37,256.583,840.974,992.459,379.796,328.187
652,1,2023-12-30 00:00:00,21:41:12,11040443,Air-1-4,3352,0.01,0.81,0,4,4,3,1,1,4,2.98132,0.0715387,2712.14,22.6444,609.025,35935.4,146417,23240.4,0.845372,539.768,2140.1,7036.74,10803.9,10671.7,0.00456493,34818.6,9512.8,29.5955,7.58896,158.957,1437.59,344.42,1120.91,1345.09,516.103,439.433
653,1,2023-12-31 00:00:00,00:41:12,11050443,Air-1-5,3353,0.01,0.82,0,4,4,3,1,1,5,3.68291,0.0896262,12247.5,28.782,781.155,36002.2,194244,30923.6,1.12298,677.808,2706.39,8894.87,13654.1,13459.3,0.00503487,44093.9,11910.6,32.1224,9.7721,205.369,1826.9,437.306,1449.85,1695.67,655.389,557.31
655,1,2023-12-31 00:00:00,06:41:12,12050443,Air-2-5,3355,0.01,1.62,0,4,4,3,1,2,5,7.6948,0.178066,21184.5,49.9886,1328.23,34202.9,453014,73792.4,2.64883,1395.16,5682.53,18587.2,28761.8,28501,0.00750843,93929.3,25030.6,50.0497,22.1096,437.444,3886.52,920.66,3045.53,3580.09,1382.17,1162.02
656,1,2023-12-31 00:00:00,09:41:12,12030443,Air-2-3,3357,0.01,1.6,0,4,4,3,1,2,3,4.7259,0.106494,12562.2,29.131,804.721,36658.5,246242,39429.6,1.42561,822.132,3341.44,10940.6,16757.4,16579.1,0.00553263,54587.8,14708.2,37.6646,11.6553,252.443,2269.06,539.606,1785.16,2085.54,808.859,684.126
657,1,2023-12-31 00:00:00,12:41:12,12040443,Air-2-4,3359,0.01,1.61,0,4,4,3,1,2,4,6.08597,0.143115,56.7522,27.4409,850.858,36163.1,348254,56361.4,2.02691,1103.74,4486.83,14802.8,22734.5,22442.1,0.00649776,74274.6,19861.1,42.0208,15.0007,335.713,3079.16,727.716,2430.22,2832.43,1101.82,926.787
658,1,2023-12-31 00:00:00,15:41:12,12050443,Air-2-5,3361,0.01,1.6,0,4,4,3,1,2,5,8.24091,0.179561,25174.2,59.1514,1568.76,36130.6,453412,73687.7,2.64598,1392.07,5668.14,18761.8,28694.7,28440.8,0.00747,94389,25071.7,52.1239,20.5347,425.213,3924.01,916.586,3081.07,3601.99,1397.53,1166.16
659,1,2023-12-31 00:00:00,18:41:12,12030443,Air-2-3,3363,0.01,1.58,0,4,4,3,1,2,3,4.18932,0.106342,13249.9,30.3262,845.434,36381.3,245132,39309.2,1.41967,816.979,3288.47,10904.1,16646.5,16464.5,0.00551167,54351.6,14613.9,35.7689,12.7383,249.39,2269.04,529.33,1786.12,2081.18,797.185,678.539
660,1,2023-12-31 00:00:00,21:41:12,12040443,Air-2-4,3365,0.01,1.61,0,4,4,3,1,2,4,6.70589,0.14088,16451.4,39.1698,1044.97,36085.9,347350,56092.8,2.0214,1098.8,4459.74,14778.7,22578.4,22353.6,0.00650129,73802,19693.7,40.8365,16.1217,345.391,3053.28,725.926,2402.61,2819.29,1092.98,913.358
661,1,2024-01-01 00:00:00,00:41:12,12050443,Air-2-5,3367,0.01,1.61,0,4,4,3,1,2,5,7.93289,0.176679,20757.3,48.3666,1299.04,36053.2,451767,73695.6,2.63832,1381.72,5600.83,18641.9,28444.3,28141.3,0.00745522,94011.4,24928.5,46.2855,19.2954,425.273,3913.33,924.656,3074.47,3549.4,1381.22,1152.9
663,1,2024-01-01 00:00:00,06:41:12,12050443,Air-2-5,3369,0.01,1.61,0,4,4,3,1,2,5,7.07595,0.17464,20618,47.5821,1282.67,34003.7,450490,73326.3,2.63642,1357.25,5552.08,18192.2,28078.4,27809.5,0.00738403,91708.2,24487.5,43.9764,19.0712,423.812,3791.68,894.128,2967.15,3475.91,1342.04,1130.38
664,1,2024-01-01 00:00:00,09:41:12,12050443,Air-2-5,3371,0.01,1.6,0,4,4,3,1,2,5,7.72706,0.174573,19059.8,45.3546,1204.28,35964.5,450713,73422.2,2.63322,1376.38,5599.08,18579.4,28322.8,28042.8,0.00743129,93633.8,24872.8,46.5301,21.2137,427.454,3892.42,920.447,3072.33,3563.23,1380.37,1154.49
665,1,2024-01-01 00:00:00,12:41:12,12030443,Air-2-3,3373,0.01,1.63,0,4,4,3,1,2,3,4.16922,0.103628,11586.8,27.4971,741.71,36189.9,244723,39240.2,1.41628,811.834,3256.99,10817.4,16489.6,16239.7,0.00550591,53953.4,14591.8,34.9688,12.0484,245.858,2251.2,534.142,1779.14,2073.57,793.232,688.367
666,1,2024-01-01 00:00:00,15:41:12,12040443,Air-2-4,3375,0.01,1.63,0,4,4,3,1,2,4,6.05571,0.138499,15186.1,33.6884,946.906,35285.8,345414,55838.7,2.0137,1091.58,4416.95,14685.2,22315.6,22097,0.00646127,73199.6,19581.5,38.6257,17.0581,335.916,3059.79,723.278,2409.49,2800.73,1074.27,921.793
667,1,2024-01-01 00:00:00,18:41:12,12050443,Air-2-5,3377,0.01,1.58,0,4,4,3,1,2,5,7.43375,0.173789,47.5907,26.5506,760.626,35462.5,448557,73154.2,2.6261,1365.4,5564.59,18500,28174.2,27949.6,0.00741331,92650.6,24786.5,46.6873,20.7398,422.542,3881.62,909.66,3056.67,3549.87,1371.59,1156.72
669,1,2024-01-02 00:00:00,00:41:12,12050443,Air-2-5,3379,0.01,1.58,0,4,4,3,1,2,5,8.31759,0.176424,19813.2,46.5263,1234.35,33387.1,448357,73103.2,2.62494,1362.13,5566.38,18270.1,28075.5,27795.1,0.00741053,91231.2,24564.1,45.7158,19.8085,430.23,3850.11,910.178,3026.06,3535.1,1373.39,1156.24
670,1,2024-01-02 00:00:00,03:41:12,12050443,Air-2-5,3381,0.01,1.62,0,4,4,3,1,2,5,7.97083,0.176705,20003.3,46.4884,1237.63,34754.6,447713,72855.4,2.61913,1368.08,5525.18,18407.4,28083,27695.4,0.00740027,92897.5,24868.6,46.8454,19.5949,420.406,3865.47,903.164,3022.92,3544.39,1363.69,1166.23
672,1,2024-01-02 00:00:00,15:43:16,12050443,Air-2-5 (New Air Standard; Retune Argon),7,0.01,5.72,0,4,4,3,1,2,5,26.5443,0.647718,66048.9,156.722,4074.88,34041.5,261391,43330.7,1.53295,5076.23,20977.6,72889,107349,106812,0.0201342,372708,96603.4,133.714,76.6817,1645.23,15646.8,3498.33,12340.6,14071.4,5417.59,4522.75
673,1,2024-01-02 00:00:00,18:43:16,12050443,Air-2-5,9,0.01,5.72,0,4,4,3,1,2,5,27.6293,0.652759,71023.6,167.489,4409.28,34525.1,243231,40246.8,1.4279,5055.07,20958.3,73722.2,107479,106823,0.0202977,377315,97220.9,139.076,78.8139,1656.07,15726.2,3498.58,12389.9,14133.9,5442.44,4525.02
675,1,2024-01-03 00:00:00,00:43:16,12050443,Air-2-5,11,0.01,5.65,0,4,4,3,1,2,5,26.7488,0.645291,67496.3,158.224,4157.61,32342.1,214317,35315.1,1.25884,5051.51,20822,72613,106857,106276,0.0201469,372228,96562.7,138.887,78.0598,1641.12,15559.1,3464.71,12227.5,14030.7,5431.84,4534.35
676,1,2024-01-03 00:00:00,03:43:16,11050443,Air-1-5,12,0.01,2.88,0,4,4,3,1,1,5,12.717,0.312569,33144.1,76.8518,2048.81,33183.3,96312.4,15765.2,0.561976,2477.1,10137.2,35091.2,51659.1,51416.1,0.011294,178078,46467.5,75.3278,36.9918,792.915,7477.76,1672.59,5874.49,6738.93,2604.52,2203.84
677,1,2024-01-03 00:00:00,14:34:34,12050443,Air-2-5 (Retune Argon),18,0.01,5.7,0,4,4,3,1,2,5,19.398,0.648649,62222.6,142.688,3755.56,33419.1,462034,73065.3,2.59868,4953.36,20525.1,70418.7,104545,104141,0.0197546,361113,93244.4,131.882,73.7719,1592.95,14904.5,3343.99,11751.4,13380.6,5175.92,4315.57
678,1,2024-01-03 00:00:00,17:34:34,12050443,Air-2-5,20,0.01,5.58,0,4,4,3,1,2,5,27.0688,0.640276,66968.3,155.292,4102.62,35037.9,452626,71862.7,2.5466,4945.31,20465.2,71798.4,104738,103997,0.0198276,367115,94348,136.674,74.0974,1604.03,15095.7,3366.4,11922.5,13518.4,5231.03,4363.99
680,1,2024-01-03 00:00:00,23:34:34,12050443,Air-2-5,22,0.01,5.61,0,4,4,3,1,2,5,25.6002,0.628004,68626.7,161.315,4228.38,33099.5,433006,68644.4,2.43699,4926.52,20322.3,71392.1,104114,103562,0.0198601,365729,94164.7,134.887,73.6814,1573.27,14983.6,3334.46,11832.4,13514.6,5206.78,4349.93
681,1,2024-01-04 00:00:00,02:34:34,11050443,Air-1-5,23,0.01,2.84,0,4,4,3,1,1,5,12.6734,0.308213,34295.1,77.7075,2112.69,34334.5,221931,34784.6,1.23643,2422.24,9944.15,34393.1,50494.6,50133.3,0.0111412,175404,45512.8,72.7057,37.0255,761.282,7196.03,1651.52,5673.51,6471.35,2511.06,2128.88
682,1,2024-01-04 00:00:00,05:34:34,12050443,Air-2-5,25,0.01,5.69,0,4,4,3,1,2,5,25.7078,0.63085,68802.6,157.63,4226.54,34049.4,431820,68412.1,2.43023,4930.74,20269.5,71600.4,103532,102943,0.0197584,365725,93828.9,138.184,75.7278,1562.04,15045.7,3330.71,11866.8,13476,5217.18,4331.85
686,1,2024-01-04 00:00:00,18:19:30,12050443,Air-2-5,27,0.01,5.74,0,4,4,3,1,2,5,26.0863,0.629602,69140.2,162.882,4333.87,34926.6,425563,67362.6,2.39726,4940.74,20302.8,71070.3,103876,103195,0.0197975,365053,93722.6,133.537,77.2038,1580.79,14971.2,3331.24,11777.7,13457.9,5201.65,4374.92
687,1,2024-01-04 00:00:00,21:19:30,12050443,Air-2-5,29,0.01,5.71,0,4,4,3,1,2,5,26.5259,0.631411,68612.5,159.381,4244.29,35722.3,421548,66746.2,2.37089,4919.37,20315.4,71583.7,103821,103330,0.0196757,365482,93972.1,135.483,74.0599,1560.42,15134.6,3348.45,11936.8,13531,5233.18,4358.14
688,1,2024-01-05 00:00:00,00:19:30,12010443,Air-2-1,31,0.01,5.6,0,4,4,3,1,2,1,5.21536,0.122195,14294.8,32.582,902.953,35605.3,85394.3,13242.8,0.471803,949.828,3816.03,13121,19257.9,19035.6,0.00600713,65419.9,17296.5,37.3499,13.036,283.89,2705.39,641.167,2123.61,2443.89,936.872,813.533
689,1,2024-01-05 00:00:00,03:19:30,12050443,Air-2-5,33,0.01,5.61,0,4,4,3,1,2,5,25.633,0.628207,68534.8,159.471,4235.94,34002.8,416627,65912.3,2.34826,4927.66,20228.6,71605.6,103446,102823,0.0198224,366746,93870.4,133.915,76.2207,1562.74,15033,3339.02,11883.5,13484.3,5206.02,4362.26
693,1,2024-01-05 00:00:00,16:56:22,12050443,Air-2-5,35,0.01,5.66,0,4,4,3,1,2,5,25.6889,0.613162,73320.4,169.337,4535.06,38283.9,410984,64917.9,2.31779,4899.29,20194,71133.1,103343,102659,0.0198302,364782,93753,131.751,75.8348,1571.81,14913.5,3344.14,11787.5,13460.7,5188.92,4340.91
694,1,2024-01-05 00:00:00,19:56:22,12050443,Air-2-5,37,0.01,5.66,0,4,4,3,1,2,5,25.9392,0.61742,73179.2,170.876,4535.28,37044.9,407211,64425.6,2.29372,4868.98,20109.1,71632.8,103203,102644,0.0198004,367334,93953.1,131.165,72.3683,1564.46,15031.8,3354.05,11889.4,13475,5213.9,4355.06
696,1,2024-01-06 00:00:00,01:56:22,12050443,Air-2-5,39,0.01,5.72,0,4,4,3,1,2,5,25.8872,0.610345,74316.7,172.007,4562.98,34398.1,386745,60952.8,2.17831,4872.64,20075.7,70903.6,102955,102332,0.0197747,360917,93055.8,129.531,74.8751,1568.11,14885.2,3326.17,11774.3,13405.6,5161.64,4342.3
697,1,2024-01-06 00:00:00,04:56:22,12010443,Air-2-1,41,0.01,5.59,0,4,4,3,1,2,1,4.77575,0.117881,15366.3,37.1199,974.02,34731.3,80268.8,12466.3,0.445177,935.213,3786.64,12949.9,19107.7,18877.7,0.00600347,64917.8,17219.1,34.804,14.3245,281.995,2703.68,630.155,2112.71,2433.65,947.855,805.687
698,1,2024-01-06 00:00:00,07:56:22,12020443,Air-2-2,43,0.01,5.75,0,4,4,3,1,2,2,10.1525,0.23821,28583.2,65.8431,1786.26,33495.7,160454,25019,0.894798,1935.79,7877,27192.5,40011.9,39622.5,0.00947864,137725,36029.8,58.3286,30.9916,601.621,5654.56,1305.73,4471.91,5142.14,1980.57,1693.08
699,1,2024-01-06 00:00:00,10:56:22,12030443,Air-2-3,45,0.01,5.75,0,4,4,3,1,2,3,15.2706,0.359747,44636.1,102.216,2765.12,33554.8,239487,37512,1.34041,2897.8,11909.4,41431.4,60615.1,60184.3,0.0128465,210753,54582.1,80.2232,44.6225,917.999,8671.69,1972.27,6831.93,7840.36,3030.19,2559.31
700,1,2024-01-06 00:00:00,13:56:22,12040443,Air-2-4,47,0.01,5.64,0,4,4,3,1,2,4,20.8716,0.483934,59780.2,139.207,3693.62,34316.3,313269,49267.6,1.76009,3889.36,15974.5,56097.8,81392.5,80956,0.0162669,287884,74068.7,105.91,58.7752,1222.99,11801.4,2651.86,9321.99,10634.3,4093.02,3475.65
701,1,2024-01-06 00:00:00,16:56:22,12050443,Air-2-5,49,0.01,5.7,0,4,4,3,1,2,5,25.6641,0.607911,73128.1,177.806,4615.9,34733.8,382035,60390.6,2.15336,4827.53,20003.2,71191.2,102479,101827,0.0197288,364981,93404.6,129.921,74.3086,1542.57,15004.8,3317.71,11802.6,13399.4,5154.79,4352.68
703,1,2024-01-06 00:00:00,22:56:22,12050443,Air-2-5,51,0.01,5.76,0,4,4,3,1,2,5,26.0034,0.605229,73165.4,169.555,4482.52,32353.6,364819,57532.8,2.05596,4820.82,19863.2,70555,101871,101352,0.0197123,360135,92871.2,129.16,75.3047,1543.99,14850.1,3297.07,11711.9,13330.8,5159.82,4330.77
704,1,2024-01-07 00:00:00,01:56:22,12010443,Air-2-1,53,0.01,5.6,0,4,4,3,1,2,1,5.1047,0.11807,15093.1,34.9277,947.222,33392.7,76515.9,11864.6,0.42392,927.817,3765.49,12902.9,18941.2,18715.4,0.00600155,64461.6,17077.1,31.163,13.0289,279.493,2649.99,626.929,2116.17,2431.6,940.455,802.361
705,1,2024-01-07 00:00:00,04:56:22,12020443,Air-2-2,55,0.01,5.71,0,4,4,3,1,2,2,9.78231,0.236103,29165.5,69.9033,1823.15,31668.8,152348,23698.1,0.851214,1918.05,7754.57,26723.8,39372.1,39051.7,0.00940854,135936,35510.3,58.6201,28.5124,594.838,5600.31,1289.79,4405.63,5088.23,1967.49,1679.72
706,1,2024-01-07 00:00:00,07:56:22,12030443,Air-2-3,57,0.01,5.6,0,4,4,3,1,2,3,15.3763,0.356766,45218.5,107.211,2803.4,32386,228862,35828.1,1.28292,2875.71,11741.9,40891.2,59865.9,59484.5,0.0127757,207826,54363.6,82.3842,43.138,908.888,8607.71,1963.69,6792.92,7830.87,3005.15,2565.29
707,1,2024-01-07 00:00:00,10:56:22,12040443,Air-2-4,59,0.01,5.57,0,4,4,3,1,2,4,21.0937,0.474028,59684.1,137.254,3680.08,33025.2,302686,47601.6,1.69983,3837.42,15788.8,55388.9,80765.1,80144.2,0.0161239,284064,73591.2,103.589,56.6818,1222.97,11713.1,2618.34,9231.58,10555.6,4093.16,3439.95
708,1,2024-01-07 00:00:00,13:56:22,12050443,Air-2-5,61,0.01,5.58,0,4,4,3,1,2,5,26.1741,0.602467,73226.7,169.354,4506.05,33861.3,370086,58326.8,2.08599,4553.68,18632.6,65887.4,95341.7,94786.5,0.0185396,337992,86631.3,119.299,66.5078,1435.01,13821.9,3123.01,10904,12391.6,4782.84,4080.6
709,1,2024-01-08 00:00:00,12:54:30,12050443,Air-2-5,66,0.01,5.66,0,4,4,3,1,2,5,26.6802,0.632377,69264.9,165.744,4240.96,29456.8,427713,67647.5,2.44163,4740.55,19643.6,67460.2,100503,100007,0.0194644,344201,89384.6,125.288,71.0666,1522.43,14161.5,3212.72,11171.1,12827.7,4950.48,4148.98
711,1,2024-01-08 00:00:00,18:56:10,12050443,Air-2-5,68,0.01,5.56,0,4,4,3,1,2,5,25.2776,0.608441,72909.2,172.363,4508.94,29120.1,393872,62277.5,2.2371,4787.49,19683.4,69008.6,100753,100310,0.0195591,354343,91271.9,126.424,73.6564,1525,14542.5,3275.64,11435.4,13100.3,5068.82,4254.85
716,1,2024-01-09 00:00:00,20:01:04,12050443,Air-2-5,72,0.01,5.57,0,4,4,3,1,2,5,24.6194,0.598611,74036.6,170.827,4577.23,31688.9,372979,58930.2,2.11137,4746.77,19505.3,68441.6,99706.6,99227.9,0.019312,349163,90786.9,126.411,71.8122,1510.36,14489.3,3243.94,11453.4,13074.6,5061.05,4237.49
717,1,2024-01-09 00:00:00,23:01:04,12050443,Air-2-5,74,0.01,5.55,0,4,4,3,1,2,5,26.0755,0.601587,75407.6,178.059,4683.13,33154.1,366396,57678.9,2.06831,4731.99,19526.2,69378.8,99834.9,99201.5,0.0194184,355700,91460.1,131.334,72.856,1510.55,14582.1,3217.68,11516.6,13191.8,5076.21,4288.55
719,1,2024-01-11 00:00:00,08:54:44,12050443,Air-2-5,78,0.02,5.6,0,4,4,3,1,2,5,25.3929,0.616518,70689.6,165.594,4314,27270.2,416037,65862.2,2.36905,4638.75,19204.8,65102.3,98287,97800.7,0.0189594,334692,87731.6,124.083,68.8282,1466.97,13523.2,3151.06,10668.8,12424.2,4804.03,4038.31
720,1,2024-01-11 00:00:00,11:54:44,12050443,Air-2-5,80,0.02,5.51,0,4,4,3,1,2,5,26.9131,0.605564,72689.7,172.985,4494.01,32827,396605,62990.8,2.24061,4776.66,19773.2,69248.3,101206,100779,0.0193306,353592,92025.4,132.159,71.9711,1542.14,14635.3,3296.35,11489,13262,5099.53,4316.43
722,1,2024-01-11 00:00:00,17:54:44,12050443,Air-2-5,82,0.02,5.49,0,4,4,3,1,2,5,25.6153,0.615163,70010.8,162.34,4343.02,32589,363309,57350.9,2.04793,4732.29,19523.9,68486.6,100072,99386,0.0193675,350796,91351.1,132.97,73.8461,1524.19,14434.3,3259.89,11375.3,13164.2,5084.8,4307.27
723,1,2024-01-11 00:00:00,20:54:44,12050443,Air-2-5,84,0.02,5.62,0,4,4,3,1,2,5,25.4762,0.611269,69968.1,167.077,4369.21,34528.8,361641,57107.8,2.03805,4737.03,19581.5,68934.4,100084,99463,0.019301,351767,91155.7,135.74,72.1225,1518.97,14600.8,3271.21,11521.7,13167.2,5084.34,4307.94
724,1,2024-01-11 00:00:00,23:54:44,11050443,Air-1-5,85,0.02,2.76,0,4,4,3,1,1,5,12.123,0.299906,35608.5,86.2799,2227.37,35250.2,183610,28685.9,1.02448,2349.91,9545.51,33106.1,48540.4,48256.7,0.0109061,167876,43925.5,71.527,33.0244,737.022,6941.4,1602,5435.84,6314.27,2438.92,2085.57
725,1,2024-01-12 00:00:00,02:54:44,12050443,Air-2-5,87,0.02,5.45,0,4,4,3,1,2,5,27.6205,0.613281,70986.4,168.725,4408.91,34473,355258,56037.7,2.00064,4717.9,19465.6,68553.7,99616.9,99059.5,0.0192796,350061,90869.1,128.582,71.3633,1516.59,14492,3248.65,11393.9,13106.3,5072.51,4289.09
728,1,2024-01-12 00:00:00,16:36:11,12050443,Air-2-5,89,0.02,5.49,0,4,4,3,1,2,5,25.4816,0.606125,69607.9,160.507,4223.97,31693.6,367300,57744.9,2.07864,4240.13,17247.5,59193,88094,87440.4,0.0175572,304025,80091.6,103.704,57.864,1246.88,11461.5,2669.19,9080.28,10681,4097.67,3474.99
729,1,2024-01-12 00:00:00,19:36:11,12050443,Air-2-5,91,0.02,5.57,0,4,4,3,1,2,5,25.1891,0.602257,71493.6,166.831,4390.63,34948.6,352858,55657.2,1.99133,4700.19,19429.5,68387.4,99142,98571.9,0.0192601,351217,91038.7,129.815,69.9567,1503.29,14400.3,3244.96,11390.8,13114.2,5060.49,4288.9
731,1,2024-01-13 00:00:00,01:36:11,12050443,Air-2-5,93,0.02,5.55,0,4,4,3,1,2,5,24.9946,0.596691,69947.8,163.14,4284.67,32530.7,335351,52767.6,1.89177,4710.79,19183.5,67420.5,98314.6,97653.6,0.0191904,346137,89909.3,128.603,70.9774,1492.48,14265.2,3221.9,11231.1,12913.4,4985.66,4254.03
732,1,2024-01-13 00:00:00,04:36:11,12010443,Air-2-1,95,0.02,5.45,0,4,4,3,1,2,1,4.79173,0.11672,14099.1,34.3129,883.142,33657.2,71288,11053.9,0.395749,907.22,3600.9,12358.8,18217.1,17989.9,0.00588902,61440.4,16511.3,37.3574,13.7049,273.894,2554.96,612.715,2007.99,2352.77,905.472,789.365
733,1,2024-01-13 00:00:00,07:36:11,12020443,Air-2-2,97,0.01,5.51,0,4,4,3,1,2,2,9.57542,0.234574,28554.8,66.6581,1754.98,31752.8,140952,21917.8,0.788703,1834.86,7453.12,25703.6,37879.2,37623,0.00921934,130325,34376.5,55.1395,26.4371,576.35,5361.45,1246.93,4217.74,4951.91,1909.24,1632.7
734,1,2024-01-13 00:00:00,10:36:11,12030443,Air-2-3,99,0.01,5.49,0,4,4,3,1,2,3,15.1904,0.356858,40073.4,92.3276,2463.48,32812.4,211167,33094.1,1.18257,2811.59,11368.3,39558.3,57909.8,57573.4,0.012523,200380,52769.3,83.5479,42.3334,880.155,8282.5,1932.5,6547.71,7598.2,2935.89,2510.78
735,1,2024-01-13 00:00:00,13:36:11,12040443,Air-2-4,101,0.01,5.52,0,4,4,3,1,2,4,19.2716,0.472408,54845.7,127.475,3386.16,33272,275578,43321.7,1.55089,3721.3,15266.3,53285.8,77983.5,77591.5,0.0157667,271666,70892.2,104.75,57.9357,1180.96,11260.4,2581.31,8868.41,10242.8,3944.84,3366.16
736,1,2024-01-13 00:00:00,16:36:11,12050443,Air-2-5,103,0.01,5.53,0,4,4,3,1,2,5,24.8407,0.59907,70514.8,160.571,4325.74,33933.6,340442,53822.7,1.92171,4664.33,19174.2,67519.1,98123.7,97504.5,0.0190564,346057,89795.1,126.479,70.3125,1499.03,14234.5,3215.27,11274.7,12955.4,4994.68,4251.6
738,1,2024-01-13 00:00:00,22:36:11,12050443,Air-2-5,105,0.01,5.57,0,4,4,3,1,2,5,24.9487,0.598145,69251.8,162.062,4286,31667.8,325328,51158.2,1.83275,4676.83,19033.1,66625.1,97466.9,96951.3,0.0190439,340195,89180.1,129.797,69.5768,1481.84,14104.4,3209.08,11092,12898.5,4999.07,4239.26
739,1,2024-01-14 00:00:00,01:36:11,12010443,Air-2-1,107,0.01,5.4,0,4,4,3,1,2,1,4.9212,0.114374,14899.7,35.741,933.866,34485,70494.8,10880,0.390254,899.335,3577.05,12273.8,18111,17867.9,0.00585692,60900.4,16438.9,36.7257,11.7138,267.151,2558.38,602.854,1999.48,2352.71,896.402,799.314
740,1,2024-01-14 00:00:00,04:36:11,12020443,Air-2-2,109,0.01,5.51,0,4,4,3,1,2,2,9.34349,0.232558,29536.6,68.5752,1815.55,32524.4,138846,21634.5,0.775657,1834,7459.35,25537.4,37810,37473.1,0.0091718,128350,34252.7,58.7785,26.3955,567.408,5330.86,1259.14,4206.19,4904.07,1902.13,1628.74
741,1,2024-01-14 00:00:00,07:36:11,12030443,Air-2-3,111,0.01,5.35,0,4,4,3,1,2,3,14.9605,0.344571,43718.2,101.279,2721.68,32933.3,206613,32282.2,1.15831,2784.63,11323.2,39198.2,57642.5,57291.8,0.0124195,197946,52401.7,83.951,40.948,876.829,8251.7,1936.39,6530.11,7555.49,2898.63,2491.9
742,1,2024-01-14 00:00:00,10:36:11,12040443,Air-2-4,113,0.01,5.36,0,4,4,3,1,2,4,18.2947,0.460812,56176.3,132.133,3480.67,33651.3,273038,42893,1.53726,3701.1,15163.6,52950.8,77438.3,77142,0.0156717,268369,70722.5,104.99,54.3253,1177.41,11197.3,2577.69,8836.5,10225.6,3931.3,3377.02
743,1,2024-01-14 00:00:00,13:36:11,12050443,Air-2-5,115,0.01,5.41,0,4,4,3,1,2,5,25.0273,0.581563,72905.7,170.452,4501.64,34649.5,335998,53047.8,1.89866,4648.05,19065.6,67183.5,97650.4,97255.9,0.0189548,342043,89326.4,137.944,70.4475,1490.32,14191.6,3237.58,11242,12909,4994.84,4274.38
744,1,2024-01-14 00:00:00,16:36:11,11010443,Air-1-1,116,0.01,2.72,0,4,4,3,1,1,1,2.44278,0.0566542,7616.19,17.3473,486.276,35401.7,34634.5,5362.43,0.190211,431.853,1682.48,5774.28,8552.13,8414.4,0.00422721,28362.9,7801.8,24.5876,5.2284,131.644,1176.66,294.216,934.08,1098.54,430.983,381.74
745,1,2024-01-14 00:00:00,19:36:11,11020443,Air-1-2,117,0.02,2.84,0,4,4,3,1,1,2,4.95715,0.115719,14008.5,32.1795,880.987,33365.5,71147.1,10999.9,0.394881,884.885,3542.09,12025.9,17992.7,17765.7,0.00582448,60088.6,16316.8,35.2186,12.0289,270.209,2495.95,603.635,1972.34,2333.29,899.412,791.662
746,1,2024-01-14 00:00:00,22:36:11,12050443,Air-2-5,119,0.01,5.43,0,4,4,3,1,2,5,24.8476,0.597163,67001.2,156.302,4146.98,32559.3,339592,53553.3,1.92282,4607.55,18952.6,66185,96906.7,96400.8,0.0189927,339721,88522.3,126.588,66.0057,1469.77,13979.4,3195.03,11040.4,12778,4926.58,4224.94
747,1,2024-01-15 00:00:00,01:36:11,12050443,Air-2-5,121,0.01,5.51,0,4,4,3,1,2,5,26.2932,0.598977,69617.7,162.477,4306.66,34400.1,339352,53648.4,1.91847,4631.43,18994.7,67038.1,97162.7,96539.9,0.0190124,343787,89247.5,128.992,69.7111,1471.4,14175.1,3193.91,11156.2,12850.2,4980.58,4228.92
749,1,2024-01-15 00:00:00,07:36:11,12050443,Air-2-5,123,0.01,5.5,0,4,4,3,1,2,5,24.9952,0.595636,70036.6,164.567,4301.15,31812.3,324536,51103.7,1.83621,4620.78,18897.6,66160.3,96633.8,96271.7,0.0189435,338039,88153.1,128.756,68.1908,1465.26,14003.8,3186.17,11096.1,12754.6,4925.33,4207.24
750,1,2024-01-15 00:00:00,10:36:11,12010443,Air-2-1,125,0.01,5.49,0,4,4,3,1,2,1,4.50188,0.115507,14460.9,34.2286,906.478,34375.9,70109,10878,0.390104,876.127,3530.6,12083.1,17834.4,17539.2,0.00581186,60035.9,16248.6,32.1148,12.0747,266.363,2494.37,598.376,1962.36,2310.23,895.546,788.803
751,1,2024-01-15 00:00:00,13:36:11,12020443,Air-2-2,127,0.01,5.39,0,4,4,3,1,2,2,9.26299,0.231387,28333.7,66.1534,1754.67,32765,137813,21419.7,0.771506,1822.72,7354.33,25192.1,37331.6,37155.2,0.00911357,128275,34021.3,58.724,27.2639,564.373,5290.13,1250.02,4173.42,4865.46,1894.75,1632.6
752,1,2024-01-15 00:00:00,16:36:11,12030443,Air-2-3,129,0.01,5.52,0,4,4,3,1,2,3,14.9542,0.34978,42162.3,98.8222,2616.11,32925.2,205404,32134.1,1.15603,2737.85,11159,38653.5,56915.6,56587.3,0.0123918,197515,51721.7,76.749,41.2065,854.753,8167.3,1884.49,6427.41,7443.5,2878.51,2467.95
753,1,2024-01-15 00:00:00,19:36:11,12040443,Air-2-4,131,0.01,5.44,0,4,4,3,1,2,4,19.8913,0.46968,54994.8,130.706,3401.53,33536.6,273710,42995.8,1.54442,3640.13,14949,52361.6,76468.2,76014.9,0.015642,267452,69884.7,98.9224,55.7596,1166.11,11024.4,2535.39,8657.57,10057,3900.35,3361.17
754,1,2024-01-15 00:00:00,22:36:11,12050443,Air-2-5,133,0.01,5.5,0,4,4,3,1,2,5,24.7068,0.58531,69458.5,162.274,4344.34,34301,335962,53062.5,1.90437,4575.57,18825.1,66289.7,96316.4,95853.7,0.0188187,338829,88156.5,124.469,67.8926,1472.95,14068.8,3207.43,11083.1,12743.9,4927.77,4190.75
755,1,2024-01-16 00:00:00,01:36:11,12050443,Air-2-5,135,0.01,5.39,0,4,4,3,1,2,5,24.8533,0.58103,70909.1,167.012,4400.51,35427.1,337608,53428.4,1.91214,4576.82,18805.7,66206.4,96197.3,95640.2,0.0187476,338645,87750.4,122.616,68.6581,1466.76,14051,3166.56,11079.8,12695.7,4913.99,4184.41
759,1,2024-01-16 00:00:00,17:47:02,12050443,Air-2-5,137,0.02,5.65,0,4,4,3,1,2,5,25.3686,0.590109,70372.9,165.77,4363.75,40796.3,354082,55948.8,2.01097,4575.47,18750,65171.8,95758.4,95206.1,0.0188098,334614,87760,126.359,68.6304,1463.65,13820.4,3179.75,10877.7,12695.8,4883.64,4199
760,1,2024-01-16 00:00:00,20:47:02,12050443,Air-2-5,139,0.01,5.29,0,4,4,3,1,2,5,23.9961,0.574637,72067.6,169.399,4465.79,38996,351972,55638.5,1.99729,4567.35,18761.5,66068.8,95813.7,95279.7,0.0188557,338630,88138.9,127.886,70.0097,1449.27,13901.1,3175.35,11003.9,12669,4914.61,4198.01
761,1,2024-01-16 00:00:00,23:47:02,11020443,Air-1-2,140,0.01,2.69,0,4,4,3,1,1,2,4.463,0.111533,14393.2,34.7323,901.937,38098.2,73663.9,11429.1,0.410701,874.937,3490.44,11944.5,17660.3,17505.6,0.00577918,58997.8,16076.8,32.2889,12.63,267.475,2483.82,602.712,1949.7,2282.22,884.259,778.847
762,1,2024-01-17 00:00:00,02:47:02,11020443,Air-1-2,141,0.01,2.67,0,4,4,3,1,1,2,4.61552,0.111009,14595.2,34.5039,917.452,36391.5,73305,11406.1,0.409152,873.928,3483.05,11876.9,17656.7,17502.6,0.00581164,59004,16049.1,33.0583,12.4314,269.851,2462.08,590.106,1939.4,2295.46,881.948,773.266
765,1,2024-01-17 00:00:00,15:53:02,12050443,Air-2-5,143,0.02,5.36,0,4,4,3,1,2,5,23.7516,0.574993,74074.2,174.828,4488.73,31331,367483,58093.7,2.094,4339.83,17653.3,60102.7,90292.8,89737.1,0.0179287,307417,82495.3,116.573,62.9483,1340.56,12245.8,2883.86,9681.53,11546.6,4440.43,3807.54
766,1,2024-01-17 00:00:00,18:53:02,12050443,Air-2-5,145,0.02,5.42,0,4,4,3,1,2,5,23.5978,0.574867,75498.6,174.033,4689.67,35607.7,356702,56591.5,2.0245,4585.63,18919.1,66105.9,96629.3,96198.1,0.0188471,338942,88905.8,127.626,69.566,1475.78,13892,3216.92,10999.6,12797.5,4945.55,4209.94
768,1,2024-01-18 00:00:00,00:53:02,12050443,Air-2-5,147,0.01,5.45,0,4,4,3,1,2,5,24.9892,0.571486,75201.9,177.882,4611.57,34180.3,346331,54668.4,1.96651,4557.04,18675.8,64779,95520.8,95022.5,0.0187731,332540,87179.3,126.638,67.9318,1453.7,13719.2,3186.8,10850.1,12609.8,4848.5,4155.17
769,1,2024-01-18 00:00:00,03:53:02,12050443,Air-2-5,149,0.01,5.39,0,4,4,3,1,2,5,24.0229,0.570612,73954.2,175.522,4593.69,34989.3,348290,55115.7,1.97999,4538.66,18593.4,65335.5,94971.7,94596.3,0.0187797,335664,87682.2,125.132,67.7646,1442.99,13815.7,3137.92,10917.4,12647.9,4875.31,4214.43
773,1,2024-01-18 00:00:00,18:40:43,12050443,Air-2-5,151,0.02,5.47,0,4,4,3,1,2,5,24.3995,0.572618,74113.3,169.82,4606.82,32691.3,359226,56858.2,2.04869,4499.4,18585.9,65201.4,95117,94545.6,0.0186663,332086,87256.9,123.01,69.3216,1447.26,13821.9,3151.53,10923.7,12648.1,4866.68,4197.4
774,1,2024-01-18 00:00:00,21:40:43,11010443,Air-1-1,152,0.02,2.68,0,4,4,3,1,1,1,2.57604,0.0549528,7777.66,19.579,501.668,33880.8,35779.6,5527.84,0.198486,412.681,1626.29,5566.26,8213.29,8127.27,0.00417096,27159.5,7564.18,18.7102,5.55577,124.705,1147.44,282.923,910.105,1067.36,412.04,365.582
775,1,2024-01-19 00:00:00,00:40:43,11010443,Air-1-1,153,0.01,2.7,0,4,4,3,1,1,1,2.34716,0.054617,7708.48,17.6284,486.648,31549,35563.6,5517,0.198164,411.293,1621.41,5475.79,8134.89,8039.37,0.00417381,26705.4,7434.53,19.8377,6.05492,123.358,1124.34,273.019,889.76,1053.16,409.73,364.692
776,1,2024-01-19 00:00:00,03:40:43,12050443,Air-2-5,155,0.01,5.31,0,4,4,3,1,2,5,23.3274,0.570444,75192.1,173.175,4648.12,31180.3,354211,56104.9,2.02249,4489.88,18512,64130.7,94702.5,94130.9,0.0186604,327794,86150.1,120.824,70.1062,1452.13,13633.6,3140.07,10768,12489.2,4828.15,4128.07
780,1,2024-01-19 00:00:00,19:56:57,12050443,Air-2-5,157,0.03,5.47,0,4,4,3,1,2,5,25.2123,0.591359,72147.8,168.252,4530.97,32801.4,374058,59378.1,2.13655,4578.62,18921.8,66321.7,96523.9,96020.2,0.0189913,340170,88846,126.668,70.8326,1477.13,14045.4,3207.04,11094,12860.6,4976.44,4265.81
781,1,2024-01-19 00:00:00,22:56:57,12050443,Air-2-5,159,0.02,5.46,0,4,4,3,1,2,5,25.9895,0.588929,73585,173.961,4535.69,34634.8,372744,59159.9,2.12655,4578.91,18944.3,66606.2,96780.2,96258.2,0.0189693,340072,89147.3,127.724,69.5596,1475.79,14070.7,3241.57,11122.2,12911.3,4993.49,4296.46
783,1,2024-01-20 00:00:00,04:56:56,12050443,Air-2-5,161,0.02,5.48,0,4,4,3,1,2,5,25.3666,0.582726,74182.8,176.64,4633.64,33662.9,354333,56126.7,2.01533,4591.65,18950.9,65585.6,96945,96336.7,0.0188573,337431,89056.7,129.324,69.6825,1482.69,13971,3239.03,10975.6,12880.2,4967.77,4268.85
784,1,2024-01-20 00:00:00,07:56:56,12010443,Air-2-1,163,0.02,5.35,0,4,4,3,1,2,1,4.53189,0.112951,14512.4,33.6173,913.296,36262.1,76043.4,11841.8,0.423808,878.034,3523.84,11996.4,17813.3,17656,0.00582031,59818.5,16345.5,34.9165,13.0598,266.591,2476.41,607.204,1951.91,2332.96,893.14,793.694
785,1,2024-01-20 00:00:00,10:56:56,12020443,Air-2-2,165,0.02,5.51,0,4,4,3,1,2,2,8.78261,0.229442,29239.5,68.4724,1830.64,33459.3,151200,23602.3,0.851244,1790.95,7327.61,24946.5,37297.7,36953.4,0.00909098,126817,33989,55.4299,28.3886,564.047,5239.09,1253.99,4129.79,4860.32,1882.87,1642.68
786,1,2024-01-20 00:00:00,13:56:57,12030443,Air-2-3,167,0.02,5.39,0,4,4,3,1,2,3,14.341,0.347181,43474.1,102.173,2718.83,33210.3,225047,35350.3,1.2751,2727.98,11111,38276.9,56476.2,56165.6,0.0123735,195405,51833.6,77.2653,41.0813,860.826,8081.98,1899.21,6351.16,7480.24,2862.17,2490.07
787,1,2024-01-20 00:00:00,16:56:57,12040443,Air-2-4,169,0.02,5.41,0,4,4,3,1,2,4,19.0809,0.466011,57259.7,135.066,3607.18,33516.6,295780,46674.2,1.67979,3622.8,14885.4,51824.4,76138.7,75628.9,0.0155968,265367,69914.1,105.795,54.6336,1155.77,10972.4,2544.59,8646.43,10089.9,3894.39,3361.43
788,1,2024-01-20 00:00:00,19:56:56,12050443,Air-2-5,171,0.02,5.48,0,4,4,3,1,2,5,24.3907,0.586534,71678.8,168.12,4412.23,34012,363042,57518.1,2.0723,4515.94,18649.7,65482.9,95260.4,94748,0.0187854,334880,88043.7,122.586,69.1319,1445.19,13894.4,3188.3,10940,12739,4904.88,4213.71
790,1,2024-01-21 00:00:00,01:56:56,12050443,Air-2-5,173,0.02,5.45,0,4,4,3,1,2,5,24.1302,0.590319,71802,172.249,4439.21,32064.1,351122,55458,2.0039,4399.95,18134,63628.5,92758.6,92226.1,0.0184163,325452,84712.6,120.707,66.4974,1399.9,13274,3060.25,10484.4,12067.4,4684.31,4000.17
791,1,2024-01-21 00:00:00,04:56:56,12010443,Air-2-1,175,0.02,5.47,0,4,4,3,1,2,1,4.80432,0.113446,14891.9,34.3863,935.365,33755.1,74706.7,11616.1,0.418324,860.357,3438.3,11813.9,17439.5,17256.1,0.00580198,59059.1,16093.9,30.7613,12.0254,260.241,2445.43,591.951,1914.87,2285.13,871.047,782.085
792,1,2024-01-21 00:00:00,07:56:57,12020443,Air-2-2,177,0.02,5.48,0,4,4,3,1,2,2,9.19853,0.229442,29674,69.8437,1848.27,32517.8,147536,23142.6,0.832854,1791.72,7282.83,24866.9,36989.3,36765.9,0.00909128,125738,33882.8,56.76,25.2066,564.718,5216.12,1248.04,4128.77,4857.76,1884.08,1638.73
793,1,2024-01-21 00:00:00,10:56:57,12030443,Air-2-3,179,0.02,5.33,0,4,4,3,1,2,3,14.3398,0.343727,44203,104.393,2752.34,33082.3,222098,34865.6,1.25861,2696.89,11044.4,37816.6,56089.2,55722.6,0.0123274,193930,51587.1,77.9943,39.3476,848.034,7997.54,1881.64,6305.61,7436.22,2872.1,2494.48
794,1,2024-01-21 00:00:00,13:56:57,12040443,Air-2-4,181,0.02,5.49,0,4,4,3,1,2,4,18.6191,0.466438,57320.5,134.677,3562.24,33337.5,292816,46155.2,1.66854,3595.1,14740.8,51276.2,75323.1,74909.8,0.0154891,262937,69422.5,101.566,52.9676,1147.67,10860.6,2533.55,8591.77,10014.1,3870.38,3345.1
795,1,2024-01-21 00:00:00,16:56:55,12050443,Air-2-5,183,0.02,5.44,0,4,4,3,1,2,5,24.9843,0.586838,70302.7,169.663,4406.3,34340,359302,57029.9,2.05404,4503.59,18597.5,64990.1,95095.5,94472.3,0.0187245,334378,87788.1,122.066,69.1747,1448.3,13824.2,3177.09,10823.9,12697.5,4902.26,4214.12
796,1,2024-01-21 00:00:00,19:56:55,11010443,Air-1-1,184,0.02,2.7,0,4,4,3,1,1,1,2.20286,0.0565307,7247.88,17.453,465.191,34523.3,36257.2,5626.74,0.202064,407.803,1629.16,5518.34,8193.55,8107.4,0.00418037,27240.8,7567.03,18.7953,6.48633,123.061,1132.68,284.581,888.946,1073.18,417.453,372.624
797,1,2024-01-21 00:00:00,22:56:55,11020443,Air-1-2,185,0.02,2.7,0,4,4,3,1,1,2,4.63692,0.11438,14821,34.7704,922.917,31829.9,75282.8,11779.2,0.42444,860.659,3417.26,11595.8,17334.5,17103.1,0.00577814,57542.9,15841.4,30.3444,13.0273,257.838,2388.12,585.365,1878.09,2245.55,865.307,768.159
798,1,2024-01-22 00:00:00,01:56:55,12050443,Air-2-5,187,0.02,5.52,0,4,4,3,1,2,5,23.7582,0.597086,73157.4,169.098,4504.21,31592.6,360832,57117.4,2.0678,4457.39,18416.9,63825,94357.8,93868.9,0.0185915,327924,86910.1,121.212,68.1001,1432.55,13599.5,3150.68,10725.8,12612,4843.37,4176.28
799,1,2024-01-22 00:00:00,04:56:55,12050443,Air-2-5,189,0.02,5.4,0,4,4,3,1,2,5,25.2566,0.597042,71900.9,166.403,4467.9,33698.5,362790,57508.3,2.07632,4483.15,18417.3,64431,94208,93835.4,0.0186478,329106,86774.1,119.826,67.3559,1436.3,13656.1,3152.29,10792.5,12566.7,4850.72,4182.26
802,1,2024-01-22 00:00:00,16:30:17,12050443,Air-2-5,191,0.03,5.59,0,4,4,3,1,2,5,24.9299,0.602641,74610.9,176.082,4630.86,33213.1,379777,60477.7,2.17591,4530.03,18768.5,65797.9,96018.7,95365.3,0.0189099,336840,88605.3,123.886,68.4772,1472.12,13929.3,3212.62,11001.7,12808.9,4959.06,4239.83
803,1,2024-01-22 00:00:00,19:30:17,12050443,Air-2-5,193,0.03,5.46,0,4,4,3,1,2,5,24.2475,0.594201,71421.5,169.76,4448.09,35024.3,374581,59559.1,2.1429,4496.53,18544.5,65186.4,95015.4,94392.3,0.0186688,335383,87913.4,123.462,69.5655,1458.94,13854.8,3181.99,10934.1,12718,4912.49,4230.26
804,1,2024-01-22 00:00:00,22:30:17,11050443,Air-1-5,194,0.02,2.75,0,4,4,3,1,1,5,11.9402,0.289199,34881.4,81.4921,2167.43,34976.7,192367,30188.2,1.09111,2209.56,9079.38,31182.7,45908.3,45568.2,0.0106169,158939,42204.4,63.1792,34.5667,696.488,6535.82,1541.75,5164.76,6104.98,2334.75,2048.72
805,1,2024-01-23 00:00:00,01:30:17,11050443,Air-1-5,195,0.02,2.71,0,4,4,3,1,1,5,11.9515,0.289198,35917.5,85.6199,2232.65,33885.1,191118,30026,1.0837,2221.49,9043.32,31057,45946.3,45655.1,0.0106261,158307,42157.5,66.583,34.893,694.197,6515.51,1546.78,5145.34,6028.24,2326.37,2025.86
806,1,2024-01-23 00:00:00,04:30:17,11050443,Air-1-5,196,0.03,2.75,0,4,4,3,1,1,5,12.334,0.29057,37139.2,86.1082,2281.67,33430.8,190167,29878.7,1.07981,2213.22,9019.21,30876.8,45842.1,45458.9,0.0105981,157426,41993.4,63.0181,33.0344,694.124,6489.28,1542.51,5103.38,6024.98,2320.55,2029.64
810,1,2024-01-23 00:00:00,18:46:06,12050443,Air-2-5 (H2O trap open),198,0.03,3.93,0,4,4,3,1,2,5,18.7365,0.428694,52182,122.684,3252.21,33811.5,284730,45028.4,1.62296,3286.81,13406.1,46553.6,68450.1,68028.9,0.0143976,238324,62941.6,94.3787,47.2034,1038.93,9838.7,2303,7729.66,9128.85,3504.63,3049.67
811,1,2024-01-23 00:00:00,21:46:06,12050443,Air-2-5 (H2O trap open),200,0.03,4,0,4,4,3,1,2,5,18.392,0.430788,54846.3,126.899,3405.3,34903,282559,44598.9,1.60888,3270.14,13432.2,46513.5,68406.8,67936.4,0.0144153,238364,62975.4,93.1038,50.1556,1044.51,9875.29,2309.92,7732.28,9060.08,3522.1,3046.14
813,1,2024-01-24 00:00:00,03:46:06,12050443,Air-2-5 (H2O trap open),202,0.02,3.96,0,4,4,3,1,2,5,17.8355,0.429003,54400.6,125.916,3378.05,32688.6,273629,43132.2,1.55857,3269.47,13318.3,45873.7,68074.1,67614.9,0.0143932,234889,62501.1,91.8488,49.5971,1031.49,9674.1,2281.77,7624.8,9026.97,3489.06,3027.13
817,1,2024-01-24 00:00:00,18:41:05,12050443,Air-2-5-Hesplit0,204,0.03,5.43,0,4,4,3,1,2,5,24.0386,0.586429,74072.9,174.377,4630.63,33204.9,379400,60256.1,2.17308,4449.66,18243.2,63800.2,93300,93070,0.0185351,326118,86970.9,122.544,66.4159,1426.86,13561.7,3143.96,10685.1,12609.4,4877.52,4207.85
818,1,2024-01-24 00:00:00,21:41:05,12051443,Air-2-5-Hesplit1,206,0.03,5.3,1,4,4,3,1,2,5,12.0639,0.289501,72982.6,170.091,4525.09,34128.7,377307,59859.1,2.15781,4454.77,18262.5,63958,93559.7,93175.9,0.018545,325685,86550.8,125.507,68.6791,1417.2,13586.4,3132.24,10685.1,12563.5,4838.16,4183.48
819,1,2024-01-25 00:00:00,00:41:05,12052443,Air-2-5-Hesplit2,208,0.03,5.4,2,4,4,3,1,2,5,5.35313,0.131919,71364.1,170.827,4452.72,34936.7,377664,59937.7,2.15846,4467.39,18303.8,63729.9,93470.5,93045.7,0.0185103,324691,86691.7,124.582,69.2318,1427.15,13555.8,3134.63,10694.4,12566.8,4872.34,4187.85
820,1,2024-01-25 00:00:00,03:41:05,12053443,Air-2-5-Hesplit3,210,0.03,5.38,3,4,4,3,1,2,5,1.43103,0.0404291,68601.2,161.292,4276.74,35075.8,377121,59872.9,2.15581,4461.71,18266.1,63639.6,93266.6,92845.1,0.0185072,327317,86441.6,126.165,67.7177,1425.92,13533.5,3137.14,10674.8,12510.1,4845.06,4162.18
824,1,2024-01-25 00:00:00,18:13:01,11010443,Air-1-1-NeAr-spl4,211,0.03,3.07,0,4,4,3,1,1,1,2.36775,0.0636228,8614.12,19.9148,547.834,31355.2,43385.4,6721.94,0.242129,473.514,1822.72,6129.69,9175.16,9049.12,0.00437763,30122.9,8513.55,22.6817,6.97934,136.06,1254.83,315.165,979.059,1216.63,472.132,422.458
825,1,2024-01-25 00:00:00,21:13:01,11010333,Air-1-1-NeAr-spl3 (Bad Neon),212,0.02,3.07,0,3,3,3,1,1,1,2.45721,0.0632255,41.3476,118.31,3478.58,32457.8,759490,122921,4.42613,473.339,1851.91,6025.83,9309.59,9201.02,0.0043676,30013.2,8507.58,22.8044,6.90275,139.651,1237.12,319.376,992.348,1201.91,465.325,423.269
826,1,2024-01-26 00:00:00,00:13:01,11050999,Air-1-5-NeArKrXe-spl9,213,0.02,3.04,0,9,9,9,1,1,5,13.0444,0.321871,80.0549,0.0653499,16.0097,32974.8,314.821,45.0911,0.00157015,12.3042,2.56973,11.5935,15.546,14.9822,0.00274474,50.3351,13.2435,12.9706,0,0.869869,2.70694,0,3.12828,3.23934,2.23881,0
827,1,2024-01-26 00:00:00,03:13:01,11000999,Air-1-all-NeArKrXe-spl9,214,0.02,3.04,0,9,9,9,1,1,0,320.995,7.79183,820.79,1.8547,57.9445,35703.8,10469,1560.61,0.0546465,11.7064,2.40477,10.4281,15.494,16.8371,0.00272565,54.8549,15.4926,13.853,0,0.706806,4.27806,0,3.35952,6.79055,1.49778,0
832,1,2024-01-26 00:00:00,19:07:51,12050443,Air-2-5,216,0.02,6.24,0,4,4,3,1,2,5,25.606,0.666905,81044.1,189.073,4993.95,30114,412720,65424.4,2.3667,5022.38,20591.7,69994.4,105573,105052,0.0205728,359368,97557.1,145.088,77.1851,1615.24,14864.1,3525.72,11731.9,14154.8,5477.65,4709.33
834,1,2024-01-27 00:00:00,01:07:51,12050443,Air-2-5,218,0.02,6.01,0,4,4,3,1,2,5,28.345,0.665946,78646.4,183.394,4896.88,30790.5,404384,64198.7,2.31917,5022.44,20585.7,70572.8,105334,105086,0.0205047,362748,98045.4,142.962,76.1762,1611.52,15098.4,3550.33,11898.5,14242.1,5486.46,4730.17
835,1,2024-01-27 00:00:00,04:07:51,12010443,Air-2-1,220,0.02,6.07,0,4,4,3,1,2,1,5.06634,0.127096,16260.3,39.9247,1026.81,33019.5,87485.3,13642,0.491728,960.094,3848.07,12957.5,19457.5,19229.6,0.00612915,64875.2,18064.6,35.7121,14.074,288.333,2691.69,673.381,2115.94,2579.99,990.082,878.976
836,1,2024-01-27 00:00:00,07:07:51,12020443,Air-2-2,222,0.02,6.08,0,4,4,3,1,2,2,10.6553,0.255554,31909.7,74.5906,1988.56,31558.3,172898,27123.5,0.979931,1976.89,8008.42,27072,40697.8,40468.4,0.00979039,137437,37563.6,64.9144,28.9492,610.873,5687.56,1377.22,4498.22,5425.47,2083.51,1840.6
838,1,2024-01-27 00:00:00,13:07:51,12050443,Air-2-5,224,0.02,6.21,0,4,4,3,1,2,5,27.1593,0.661111,75461.8,178.043,4671.84,30757.5,401248,63673.6,2.30223,4995.93,20460.3,70431.6,104788,104275,0.0204631,361223,97674.6,138.921,74.9398,1601.46,15002.6,3546.52,11841.7,14153.6,5467.06,4719.63
840,1,2024-01-27 00:00:00,19:07:51,12051443,Air-2-5-Hespl1-Krspl3,226,0.02,6.09,1,4,4,3,1,2,5,12.7952,0.324806,79466.8,186.588,4928.26,30794.7,394908,62594.7,2.26289,4939.08,20154.5,69809,103160,102583,0.020251,359751,95865.1,140.787,76.4851,1562.03,14683.1,3449.51,11591.5,13820.9,5335.93,4621.61
841,1,2024-01-27 00:00:00,22:07:51,12052444,Air-2-5-Hespl2,228,0.02,5.97,2,4,4,4,1,2,5,6.31748,0.146229,75556.8,176.493,4721.15,33413.3,402027,63947.5,2.30645,152.085,512.479,1729.69,2605.74,2571.97,0.00323144,8428.32,2493.02,15.4357,1.78728,37.0689,334.454,87.175,264.329,337.264,131.481,115.648
842,1,2024-01-28 00:00:00,01:07:51,12053443,Air-2-5-Hespl3-Krspl3,230,0.02,5.99,3,4,4,3,1,2,5,1.73158,0.0449232,72256.1,169.561,4461.17,31939.6,405306,64345.9,2.32592,4981.86,20511.8,70764.5,104961,104459,0.0204748,364520,97619.4,136.597,75.8248,1603.56,15084.3,3521.02,11878.5,14168.4,5440.75,4721.14
843,1,2024-01-28 00:00:00,04:07:51,12050444,Air-2-5,232,0.02,6.11,0,4,4,4,1,2,5,26.3453,0.659737,75607.4,177.804,4701.93,34366.7,407438,64730.4,2.33534,150.387,516.718,1716.06,2606.34,2566.76,0.00320675,8446.22,2518.42,13.8977,1.82249,37.4278,338.013,84.78,265.284,333.922,129.39,113.267
845,1,2024-01-28 00:00:00,10:07:51,11010443,Air-1-1,233,0.02,3.03,0,4,4,3,1,1,1,2.50139,0.0627196,7797.08,17.7785,492.242,31215.9,41312.3,6396.64,0.230546,454.334,1764.79,5819.13,8865.13,8764.92,0.0043286,28953.9,8238.21,23.9046,5.99623,131.194,1200.96,307.298,946.769,1155.68,450.035,409.811
846,1,2024-01-28 00:00:00,13:07:51,11010333,Air-1-1-NeArspl3,234,0.02,3.11,0,3,3,3,1,1,1,2.54777,0.0624995,33.8845,102.355,2799.85,31892.6,724589,117039,4.21819,462.67,1813.99,5898.11,9151.61,9032.19,0.00435296,29156.1,8374.28,22.2536,6.41253,134.772,1209.71,314.765,954.02,1190.04,457.934,419.269
847,1,2024-01-28 00:00:00,16:07:51,11210443,Air-1-1-Procspl2,235,0.02,1.09,0,4,4,3,1,1,1,1.05005,0.0218526,2888.58,6.28158,187.979,33105.8,12828.9,1980.5,0.0705079,160.591,595.536,1948.69,2990.34,2947.41,0.00326752,9556.22,2776.3,15.5223,1.74319,45.7399,397.026,103.859,312.06,389.757,152.5,139.35
848,1,2024-01-28 00:00:00,19:07:51,11210333,Air-1-1-Procspl2-NeArspl3,236,0.02,1.12,0,3,3,3,1,1,1,0.767408,0.0219636,62118.5,144.337,3858.66,31969.4,247659,38856.8,1.40533,165.321,594.798,1937.65,2996.36,2950.86,0.00326868,9415.06,2791.68,14.1379,1.96238,43.2924,385.321,106.466,313.087,397.298,159.469,140.962
849,1,2024-01-28 00:00:00,22:07:51,12050443,Air-2-5,238,0.02,6.14,0,4,4,3,1,2,5,26.564,0.655602,76383.3,179.287,4680.58,30874.2,410169,65172.7,2.35699,4941.93,20259,69384.2,104056,103362,0.0203608,356075,95924.4,134.771,76.1413,1585.83,14802.7,3511.89,11656.2,13897.3,5344.78,4674.44
851,1,2024-01-29 00:00:00,04:07:51,12050443,Air-2-5,240,0.02,5.95,0,4,4,3,1,2,5,26.9823,0.651255,76281.9,180.5,4716.07,30739.6,397922,63148.1,2.28399,4803.77,19793.7,68958.7,101362,100637,0.0199372,353933,93577.1,131.396,73.9334,1528.05,14426.6,3386.12,11400.1,13358.9,5155.6,4473.36
854,1,2024-01-29 00:00:00,16:08:24,12050443,Air-2-5,242,0.02,6.12,0,4,4,3,1,2,5,27.1169,0.649122,79669.3,187.586,4936.11,34080.5,423827,67497.3,2.43762,4954.08,20386.1,69755,104510,103961,0.0203569,358005,96591.8,136.077,75.4763,1597.27,14859.5,3518.11,11712.3,13993.5,5397.7,4693
855,1,2024-01-29 00:00:00,19:08:24,11050999,Air-1-5x,243,0.02,3.01,0,9,9,9,1,1,5,12.6836,0.313755,82.1661,0.193171,15.839,33881.4,323.858,47.9557,0.00161705,16.431,2.08538,11.3729,18.1731,14.1617,0.00273747,51.6861,19.1372,11.964,0,0.417753,5.38241,0,2.92495,2.9493,0.480454,0
856,1,2024-01-29 00:00:00,22:08:24,11000999,Air-1-all,244,0.02,3.01,0,9,9,9,1,1,0,317.089,7.63071,851.359,1.71549,61.2364,36018.9,10842.2,1631.42,0.0567773,14.3119,2.59504,15.1958,19.3939,20.4005,0.00273742,63.8344,15.2443,17.8572,0,0.794428,3.26877,0,4.22671,3.65116,2.24521,0
858,1,2024-01-30 00:00:00,04:08:24,12050443,Air-2-5,246,0.02,5.92,0,4,4,3,1,2,5,26.4206,0.647831,75957.4,174.984,4659.86,29582.2,400479,63688.9,2.31018,4912.94,20222.8,69035.6,103331,102780,0.0203158,354755,95650.3,135.183,72.8091,1592.5,14733.3,3497.55,11562.2,13865.2,5334.09,4643.16
862,1,2024-01-30 00:00:00,19:30:12,12050443,Air-2-5 *IonCounting Trip*,248,0.02,5.97,0,4,4,3,1,2,5,0,8.92895e-06,2542.23,5.46749,161.756,4434.26,7066.27,1069.73,0.0442393,185.495,688.641,2399.45,3522.22,3490.99,0.00338628,11979.2,3336.64,19.3663,3.25491,63.8671,616.36,180.422,484.206,573.069,229.071,244.506
863,1,2024-01-30 00:00:00,22:30:12,11050443,Air-1-5 *IonCounting Trip* ,249,0.02,3.05,0,4,4,3,1,1,5,0,-1.4522e-05,1341.44,3.02578,87.8061,3531.18,3330.73,503.087,0.0207842,97.6441,363.968,1245.99,1844.78,1834.61,0.00308525,6163.1,1746.24,15.4512,1.60293,33.2374,319.34,92.3338,253.089,296.617,117.15,125.677
864,1,2024-01-31 00:00:00,01:30:12,12050443,Air-2-5 *IonCounting Trip*,251,0.02,6.11,0,4,4,3,1,2,5,0,-2.86884e-05,11.9157,2.77267,56.3313,3186.16,6746.16,1034.31,0.0424938,176.391,664.282,2305.54,3393.12,3361.84,0.00335243,11452.3,3228.49,17.0007,2.83333,63.1227,582.347,186.052,465.814,558.915,212.902,236.656
865,1,2024-01-31 00:00:00,04:30:12,12050443,Air-2-5 *IonCounting Trip*,253,0.02,6.05,0,4,4,3,1,2,5,0,1.62949e-05,2633.81,5.34401,170.895,2989.54,6680.46,1019.69,0.0421336,803.854,1948.71,5931.39,16133.2,15453.9,0.00471613,52807.8,14569.4,33.1667,14.2668,271.123,2540.4,619.434,1940.52,2453.71,899.589,786.817
868,1,2024-01-31 00:00:00,15:38:04,12050443,Air-2-5,255,0.02,6.04,0,4,4,3,1,2,5,25.4484,0.645872,80394,188.394,5060.59,43330.6,455074,72765.1,2.62791,4911.91,20217.4,70039.2,103770,103213,0.0203167,360811,96629,141.788,75.1679,1590.85,14931.1,3503.22,11785.4,14007.2,5390.68,4678.38
869,1,2024-01-31 00:00:00,18:38:04,11010443,Air-1-1,256,0.02,3,0,4,4,3,1,1,1,2.71391,0.0628586,8326.31,20.1015,535.169,40610.7,44603,6894.14,0.248974,458.048,1782.61,6004.87,9051.08,8904,0.00435273,29534.5,8393.43,25.2557,6.6196,135.542,1246.43,316.184,985.539,1190.78,462.875,416.441
870,1,2024-01-31 00:00:00,21:38:04,11020443,Air-1-2,257,0.02,3,0,4,4,3,1,1,2,5.35561,0.124556,16538.7,38.4916,1039.92,36106.8,93657.5,14628.7,0.530158,937.366,3792.08,12630.6,19083.8,18919.5,0.00608904,62991.1,17600.5,35.3091,12.9409,290.345,2621,649.886,2067.36,2505.62,973.518,866.5
871,1,2024-02-01 00:00:00,00:38:04,12059443,Air-2-5-NoHe,259,0.02,5.9,9,4,4,3,1,2,5,0.0973012,0.00245696,75257.3,179.783,4779.23,35331.3,441779,70614.4,2.55362,4923.05,20206.3,69743,103517,102995,0.0203264,358085,96198,143.673,74.0882,1583.83,14815.8,3479.3,11673.9,13917.7,5392.41,4643.57
872,1,2024-02-01 00:00:00,03:38:04,12050443,Air-2-5,261,0.02,5.91,0,4,4,3,1,2,5,26.3609,0.643128,78882.9,182.963,4906.52,37882.4,440792,70438.8,2.54227,4925.87,20154.3,70273.8,103386,102812,0.0202294,361218,96477.3,136.372,74.3325,1582.95,14978.7,3501.49,11799.9,13977.1,5394.47,4678.9
877,1,2024-02-01 00:00:00,20:55:18,12050443,Air-2-5,263,0.02,5.95,0,4,4,3,1,2,5,26.9106,0.639881,74264.6,178.976,4688.03,36319.7,444014,70919.6,2.56595,4888.53,20158.2,69587.2,103194,102697,0.0201998,357712,95884,135.616,74.0465,1593.78,14849.1,3482.78,11702.8,13926.8,5359.5,4657.56
878,1,2024-02-01 00:00:00,23:55:18,12050443,Air-2-5,265,0.02,5.97,0,4,4,3,1,2,5,26.531,0.635726,77541,179.024,4875.5,37423.1,442478,70732.1,2.55293,4875.78,20199.7,70391.4,103272,102619,0.0202366,361327,96201,133.762,75.8779,1575.39,14965.2,3467.31,11827.6,13964.7,5369.69,4674.8
879,1,2024-02-02 00:00:00,02:55:18,12050443,Air-2-5,267,0.02,5.92,0,4,4,3,1,2,5,26.0814,0.634766,78697.5,183.696,4923.62,37571.7,440704,70471.1,2.53904,4882.69,20128,70033,102979,102551,0.0201503,360027,96026.7,138.206,74.9951,1573.23,14919.2,3463.12,11739.3,13938.7,5391.88,4675.27
883,1,2024-02-02 00:00:00,18:02:06,12050443,Air-2-5 (bulb put back on inlet section),269,0.04,5.27,0,4,4,3,1,2,5,23.0226,0.553145,70169.2,165.142,4397.28,47675.1,414041,66117.5,2.38182,4295.9,17757.6,61752.2,90589.5,90143,0.0180741,316364,84512,123.133,68.0207,1391.3,13145.2,3068.67,10380.1,12255.5,4725.41,4129.86
885,1,2024-02-03 00:00:00,00:02:06,12050443,Air-2-5,271,0.03,5.26,0,4,4,3,1,2,5,22.741,0.554308,72310.5,167.344,4485.97,40167.4,406083,64461.7,2.33708,4302.35,17667.2,60681.1,90091.6,89724.6,0.0180564,309817,83658.8,124.182,67.0923,1380.9,12904.6,3051.25,10176,12163.9,4711.77,4076.78
886,1,2024-02-03 00:00:00,03:02:06,12010443,Air-2-1,273,0.02,5.19,0,4,4,3,1,2,1,4.46984,0.107649,419.881,28.5888,833.061,38626.2,82730.5,12905.9,0.467019,815.716,3254.86,10986.6,16509.5,16347.7,0.0056501,54599.3,15269.6,31.7267,11.5478,251.349,2283.08,558.344,1807.73,2177.98,841.298,752.196
887,1,2024-02-03 00:00:00,06:02:06,12020443,Air-2-2,275,0.02,5.23,0,4,4,3,1,2,2,8.54524,0.215534,29699.8,69.3465,1856.29,35305.9,165842,26015.2,0.943415,1681.11,6844.59,23053.1,34715.3,34424,0.00879623,116722,32028.8,57.1708,25.0906,523.151,4832.37,1174.48,3800.59,4629.27,1774.07,1564.19
889,1,2024-02-03 00:00:00,12:02:06,12050443,Air-2-5,277,0.02,5.3,0,4,4,3,1,2,5,21.9172,0.556875,70919,166.513,4418.95,34538,396716,62986.7,2.2877,4249.81,17441.8,59466.6,89125.4,88703.1,0.0179997,306162,82517.6,118.71,63.4364,1350.06,12599.5,2983.69,9957.93,11973.1,4597.43,4005.03
891,1,2024-02-03 00:00:00,18:02:06,12051443,Air-2-5-Hespl1-Krspl3,279,0.02,5.28,1,4,4,3,1,2,5,10.8975,0.274509,71314.6,165.8,4432.94,34167.9,390183,61955.8,2.24939,3994.39,16237.8,54996.2,82925.7,82485.2,0.0170218,282615,76870.7,108.439,57.293,1197.37,11029.6,2667.88,8732.74,10573.8,4085.41,3558.53
892,1,2024-02-03 00:00:00,21:02:06,12052444,Air-2-5-Hespl2,281,0.02,5.24,2,4,4,4,1,2,5,4.8908,0.125529,72359.1,168.665,4509.49,36797.6,389232,61852.5,2.24235,131.697,441.653,1443.83,2208.81,2177.14,0.00316039,7081.02,2122.29,12.9638,1.46164,30.0288,285.768,68.7772,225.102,284.775,108.239,97.2535
893,1,2024-02-04 00:00:00,00:02:06,12053443,Air-2-5-Hespl3-Krspl3,283,0.02,5.21,3,4,4,3,1,2,5,1.57505,0.03914,69470.1,160.158,4308.27,34623.3,389720,61995.7,2.24483,4226.95,17356,58930,88690.3,88221.7,0.0179037,303471,81965.1,115.937,64.9089,1358.43,12532.3,2991.09,9885.95,11896.8,4569.87,4009.58
894,1,2024-02-04 00:00:00,03:02:06,12050444,Air-2-5,285,0.02,5.25,0,4,4,4,1,2,5,22.1843,0.550834,70934.4,163.13,4408.22,36941.3,389391,61914.6,2.24306,127.706,430.316,1452.02,2209.03,2179.35,0.0031545,7088.13,2127.9,12.2427,1.46098,33.2825,282.323,29.4002,215.123,284.026,111.187,92.581
896,1,2024-02-04 00:00:00,09:02:06,11010443,Air-1-1,286,0.02,2.61,0,4,4,3,1,1,1,2.21251,0.0534902,5679.99,17.1148,455.07,34271.7,37198.2,5746.29,0.208159,383.898,1478.73,4843.44,7477.69,7377.8,0.00407107,23985.2,6935.18,22.8059,4.63033,111.484,988.679,262.246,787.241,990.207,380.207,345.895
897,1,2024-02-04 00:00:00,12:02:06,11010333,Air-1-1-NeArspl3,287,0.02,2.6,0,3,3,3,1,1,1,1.94674,0.0530485,151326,349.122,9424.78,34954.9,670860,107714,3.8988,396.845,1533.72,4965.02,7697.68,7629.5,0.00412512,24463.8,7153.63,21.0405,5.14854,117.25,1018.65,269.689,808.542,1011.99,386.683,357.799
898,1,2024-02-04 00:00:00,15:02:06,11210443,Air-1-1-Procspl2,288,0.02,1.17,0,4,4,3,1,1,1,1.13201,0.023199,3126.38,7.56867,209.627,35070.3,13919.8,2138.02,0.0769577,167.978,611.729,2010.2,3084.41,3041.55,0.00330593,9773.5,2896.91,15.6335,2.35914,45.6829,413.552,107.568,322.451,411.581,160.808,143.663
899,1,2024-02-04 00:00:00,18:02:06,11210333,Air-1-1-Procspl2-NeArspl3,289,0.02,1.16,0,3,3,3,1,1,1,0.752293,0.0231467,68043.4,157.245,4207.08,34601.9,277346,43603.9,1.58452,168.221,617.763,2002,3117.29,3086.62,0.00330914,9731.18,2907.12,13.8137,2.35218,44.2442,409.047,109.459,330.365,414.764,160.209,146.606
900,1,2024-02-04 00:00:00,21:02:06,12050443,Air-2-5,291,0.02,5.24,0,4,4,3,1,2,5,22.2943,0.550544,68614.9,154.917,4265.03,33616.1,385339,61078.8,2.22074,4208.16,17193.7,57603.4,87978.6,87482.2,0.0177883,297221,81215.8,117.289,64.5877,1349.33,12239.7,2977.16,9672.48,11780,4532.63,3949.03
902,1,2024-02-05 00:00:00,03:02:06,12050443,Air-2-5,293,0.02,5.22,0,4,4,3,1,2,5,22.4248,0.545798,68449,161.942,4258.5,32968.9,374097,59407.7,2.1583,4180.54,17244.8,58361.4,88084,87572.4,0.0178232,300405,81615.9,121.124,61.9127,1342.62,12358.8,2985.63,9786.41,11810.2,4567.14,3984.38
906,1,2024-02-05 00:00:00,19:01:28,12050443,Air-2-5,295,0.03,5.29,0,4,4,3,1,2,5,23.5892,0.556901,60158.1,140.469,3749.69,30003.9,400570,63856.5,2.31778,4198.81,17267.3,58166.8,88196.8,87833.3,0.0177724,298255,81274.6,119.529,63.0451,1350.29,12342.4,2995.45,9745.11,11761,4548.99,3973.34
907,1,2024-02-05 00:00:00,22:01:28,12050443,Air-2-5,297,0.03,5.3,0,4,4,3,1,2,5,22.5847,0.555644,60729.7,142.225,3813.95,33844.7,398119,63504.8,2.30032,4177.41,17304.9,59209.6,88393.9,87986.2,0.0177731,302820,81794.5,119.494,63.483,1337.7,12595.2,3010.91,9893.37,11833.8,4569.38,3979.89
908,1,2024-02-06 00:00:00,01:01:28,11050443,Air-1-5,298,0.02,2.62,0,4,4,3,1,1,5,10.7649,0.268903,30758.1,73.0908,1921.6,35284.9,204606,32307.1,1.16852,2052.83,8453.64,28500.9,42839.3,42551.1,0.0101861,145269,39594.4,62.7518,31.6056,643.879,5992.38,1452.71,4720.7,5682.49,2198.64,1935.17
909,1,2024-02-06 00:00:00,04:01:28,11050443,Air-1-5,299,0.02,2.61,0,4,4,3,1,1,5,10.9184,0.269029,30111.4,71.4832,1910.03,34335.6,203437,32115.4,1.16457,2069.23,8415.03,28358,42807.4,42445.7,0.010175,144354,39428,65.5482,30.4974,656.103,5922.93,1441.71,4670.09,5661.21,2190.09,1924.9
913,1,2024-02-06 00:00:00,18:44:20,12050443,Air-2-5 (H2O trap open),301,0.03,3.77,0,4,4,3,1,2,5,16.4806,0.407557,44228.1,103.488,2790.59,31935.3,300055,47613.6,1.73092,3080.14,12594.7,42376.6,64076.7,63874.9,0.013746,215785,59157.4,90.196,44.1894,979.616,9005.27,2176.12,7076.95,8551.14,3323.04,2892.2
914,1,2024-02-06 00:00:00,21:44:20,12050443,Air-2-5 (H2O trap open),303,0.02,3.9,0,4,4,3,1,2,5,17.073,0.408833,46331.6,112.173,2900.96,33638.3,300202,47682.4,1.72815,3075.04,12599.1,42782,64204.9,63717.1,0.0137946,219417,59484.6,90.6651,46.0238,976.36,9035.78,2185.7,7130.49,8576.28,3326.63,2907.09
916,1,2024-02-07 00:00:00,03:44:20,12050443,Air-2-5 (H2O trap open),305,0.02,3.88,0,4,4,3,1,2,5,17.2659,0.40365,45099.9,102.687,2789.04,32094.2,291692,46191.2,1.67804,3043.3,12380.4,41508.4,63039.6,62675.3,0.0135725,213476,58327.6,87.4757,46.3802,945.165,8681.09,2139.96,6895.21,8343.25,3244.34,2832.93
920,1,2024-02-07 00:00:00,18:50:49,12050443,Air-2-5,307,0.03,5.28,0,4,4,3,1,2,5,22.9498,0.554417,62097.5,146.222,3856.99,30610.1,398727,63529.8,2.31437,4181.21,17093.7,57751.5,87459.2,87105.1,0.0177346,298040,81069.7,118.518,61.1263,1335.32,12266.5,2948.34,9644.03,11734.8,4559.83,3963.76
921,1,2024-02-07 00:00:00,21:50:49,12050443,Air-2-5,309,0.02,5.14,0,4,4,3,1,2,5,21.8357,0.562335,60024.6,143.801,3782.57,33934.8,397893,63622.6,2.30409,4159.43,17159.3,58595.5,87603.6,87109.8,0.0177024,299629,81487.2,117.314,61.7378,1334.98,12410.8,2977.04,9798.95,11847.9,4584.77,3983.67
922,1,2024-02-08 00:00:00,00:50:49,12050443,Air-2-5,311,0.02,5.22,0,4,4,3,1,2,5,22.2347,0.565543,61738.8,146.884,3876.32,35261.5,397337,63569.2,2.29968,4139.68,17116.7,58674.8,87465.6,87015.9,0.0176599,301758,81440,117.392,63.4432,1341.46,12454.7,2979.6,9855.65,11792.4,4519.85,3955.19
923,1,2024-02-08 00:00:00,03:50:49,12050443,Air-2-5,313,0.02,5.19,0,4,4,3,1,2,5,22.8258,0.56267,62536.5,143.163,3913.47,36152.9,396641,63280.2,2.29131,4142.04,17111.9,58751.3,87459.2,86995.9,0.0176285,302827,81702.7,117.947,64.0958,1340.68,12476.3,2958.13,9851.05,11829.9,4572.66,4007.37
927,1,2024-02-08 00:00:00,22:05:56,12050443,Air-2-5,315,0.07,5.27,0,4,4,3,1,2,5,23.4496,0.56411,62767.2,149.367,3938.09,30237.3,414291,66339.2,2.40554,4139.13,17105.5,57576.2,87441.5,87221.6,0.0175565,295616,80740.8,114.766,62.476,1331.36,12275,2969.86,9699.02,11680.6,4526.42,3921.65
928,1,2024-02-09 00:00:00,01:05:56,12050443,Air-2-5,317,0.07,5.2,0,4,4,3,1,2,5,21.9554,0.55138,62244.4,144.431,3925.46,34550.9,410159,65524.3,2.37206,4156.74,17109.2,58408.1,87524.5,87108.4,0.0175955,298463,81226.3,118.099,63.8147,1347.96,12386,2971.84,9735.06,11825.3,4554.19,3969.33
929,1,2024-02-09 00:00:00,04:05:56,12050443,Air-2-5,319,0.07,5.18,0,4,4,3,1,2,5,22.7227,0.551575,62172.7,144.324,3911.96,35586.6,408358,65234.6,2.35971,4166.79,17035.6,58431.8,87319.5,86838,0.0175871,301185,81483.2,120.927,63.4581,1330.72,12415.6,2935.67,9793.63,11814.7,4551.68,3962.1
933,1,2024-02-09 00:00:00,18:39:14,12050443,Air-2-5,321,0.07,5.2,0,4,4,3,1,2,5,23.8874,0.559029,59269.4,139.406,3741.72,33940.7,407917,65320.7,2.35853,4132.41,17127.1,58212.4,87240.3,86765.8,0.0175224,297443,81268.1,124.395,61.3116,1334,12327.9,2953.99,9747.73,11791.2,4545.34,3970.88
935,1,2024-02-10 00:00:00,00:39:14,12050443,Air-2-5,323,0.07,5.18,0,4,4,3,1,2,5,23.0762,0.563172,58465.3,141.934,3694.8,34765.5,404872,64553.5,2.33632,4157.26,17053.7,57401.7,87097.5,86711.3,0.0174708,293785,80738.7,125.599,63.8642,1339.51,12221.5,2952.45,9634.5,11742,4538.3,3950.92
936,1,2024-02-10 00:00:00,03:39:14,12010443,Air-2-1,325,0.07,5.13,0,4,4,3,1,2,1,4.52063,0.10858,11991,28.2008,768.374,36224.8,82932.1,12962,0.468174,803.961,3174.37,10511.7,16078.7,15926,0.00554881,52547.3,14969.3,36.9252,11.1916,248.374,2174.36,546.374,1714.59,2143.94,819.429,741.707
937,1,2024-02-10 00:00:00,06:39:14,12020443,Air-2-2,327,0.07,5.27,0,4,4,3,1,2,2,8.84385,0.218597,24329.2,56.8175,1536.55,34106.8,166879,26342.4,0.948242,1641.85,6678.91,22075.7,33932.7,33670.9,0.00856845,111391,31285.2,64.7366,23.9921,518.511,4623.45,1162.98,3647.68,4479.49,1741.82,1540.42
939,1,2024-02-10 00:00:00,12:39:14,12050443,Air-2-5,329,0.07,5.22,0,4,4,3,1,2,5,24.0728,0.555004,60432.6,144.227,3785.2,33140.8,399160,63666.5,2.30303,4136.49,16920.3,56804.4,86622.5,86275.5,0.0173962,291514,80310.8,128.944,63.3488,1318.77,12095.7,2931.62,9540.74,11643.6,4509.6,3958.83
941,1,2024-02-10 00:00:00,18:39:14,12051443,Air-2-5-Hespl1-Krspl3,331,0.07,5.26,1,4,4,3,1,2,5,11.247,0.274168,62115.9,146.664,3904.02,32794,389192,62059.1,2.24209,4017.79,16459.6,55828.9,84153.4,83622.6,0.0170234,286243,78825.4,123.835,61.4716,1268.96,11606.3,2803.59,9148.04,11226.5,4331.28,3803.95
942,1,2024-02-10 00:00:00,21:39:14,12052444,Air-2-5-Hespl2,333,0.07,5.34,2,4,4,4,1,2,5,4.683,0.125144,57271.3,135.898,3629.27,35546.3,391683,62536,2.25317,132.379,425.165,1397.13,2164.74,2122.92,0.00312986,6804.61,2094.51,20.415,1.11276,31.4232,263.477,66.7919,213.382,279.218,106.649,99.0905
943,1,2024-02-11 00:00:00,00:39:14,12053443,Air-2-5-Hespl3-Krspl3,335,0.07,5.18,3,4,4,3,1,2,5,1.70493,0.0392061,54348.3,126.522,3404.66,34039.1,391019,62208,2.24769,4135.35,16903.9,56910,86428.1,86017.3,0.0174179,292467,80338.3,128.985,63.0725,1313.06,12024.4,2943.27,9515.31,11689.5,4508.38,3959.81
946,1,2024-02-11 00:00:00,22:06:17,12050443,Air-2-5,339,0.08,5.14,0,4,4,3,1,2,5,24.6135,0.565091,62171.1,142.938,3867.64,29892.3,410435,65481.2,2.37571,4122.06,16906.1,55313,86119,85699.1,0.0172576,283321,78959.2,123.719,64.9606,1309.63,11687.5,2929.98,9246.49,11424.6,4408.69,3842.97
948,1,2024-02-12 00:00:00,04:06:18,12050443,Air-2-5,341,0.07,5.13,0,4,4,3,1,2,5,23.5354,0.562485,60591.8,142.688,3788.44,31586.5,397227,63494.2,2.29051,4095.84,16876.7,55776.1,86240.3,85756.1,0.0172529,287564,79935.1,127.23,63.1017,1313.61,11835.6,2950.23,9311.19,11557.7,4473.55,3913.92
952,1,2024-02-12 00:00:00,19:14:51,12050443,Air-2-5,343,0.07,5.2,0,4,4,3,1,2,5,22.8708,0.553796,60821.1,142.379,3828.15,30807,406455,65106.5,2.35627,4102.59,16881.2,57183.8,86055.3,85845.8,0.0174016,293489,80557.6,119.303,64.0659,1324.9,12156.8,2944.05,9599.65,11716.2,4532.57,3971.21
953,1,2024-02-12 00:00:00,22:14:51,12050443,Air-2-5,345,0.07,5.1,0,4,4,3,1,2,5,22.745,0.557561,60302.9,142.929,3806.01,34007.8,404083,64744.6,2.33682,4106.71,16935.4,57696.7,86574.6,86131.9,0.0174176,296071,80779.3,120.395,64.2058,1321.45,12247.1,2959.75,9655.55,11759.4,4527.8,3938.46
954,1,2024-02-13 00:00:00,01:14:51,12050443,Air-2-5,347,0.07,5.13,0,4,4,3,1,2,5,22.2725,0.554884,57686.7,134.573,3630.59,34684,404590,64550.9,2.33517,4106.64,16872.2,57583.9,86365.2,85763.8,0.017358,295372,80685.5,124.833,61.4375,1316.37,12248,2952.58,9651.57,11720.8,4525.27,3965.84
955,1,2024-02-13 00:00:00,04:14:50,12050443,Air-2-5,349,0.07,5.1,0,4,4,3,1,2,5,23.4283,0.563067,55257.7,131.147,3479.97,35177.5,402898,64465.1,2.3274,4100.9,16830.3,57526.1,86169.7,85739.4,0.017362,294225,80249.5,122.225,62.3195,1318.82,12235.5,2941.66,9656.65,11686.1,4495.16,3945.32
957,1,2024-02-13 00:00:00,11:13:23,12050443,Air-2-5,351,0.02,5.06,0,4,4,3,1,2,5,22.3628,0.563182,56534.1,136.403,3521.78,31152.9,415042,66130.3,2.40637,4101.91,16794.1,56242.4,85845.1,85367.3,0.0172613,290146,79187.2,121.815,63.2408,1313.21,12012.3,2932.32,9444.65,11463.6,4455.53,3881.95
958,1,2024-02-13 00:00:00,14:13:23,12050443,Air-2-5,353,0.02,5.1,0,4,4,3,1,2,5,22.7052,0.56194,56684.7,134.603,3571.44,35478.3,411955,65785.1,2.38033,4098.86,16779.6,57058.6,85750.8,85206.3,0.0173484,292906,80048.7,120.179,62.0935,1308.46,12078.7,2912.52,9547.4,11598.6,4481.06,3937.4
959,1,2024-02-13 00:00:00,19:09:13,11050443,Air-1-5,355,0.02,2.52,0,4,4,3,1,1,5,10.5604,0.271621,28851.5,65.1602,1794.18,31504.7,214073,33723.4,1.22785,2016.36,8211.75,27271.5,41738,41444.9,0.00999418,138881,38398.9,63.7477,29.4736,625.498,5727.97,1424.81,4512.68,5529.32,2151.47,1882.32
961,1,2024-02-14 00:00:00,01:09:13,12050443,Air-2-5,357,0.02,5.12,0,4,4,3,1,2,5,22.4083,0.555886,56233.9,132.503,3500.94,31842.5,400030,63910.4,2.31963,4086.66,16720,55982.6,85180.3,84873.6,0.0173365,286910,78837.7,117.856,62.9627,1289.56,11929.6,2889.83,9377.18,11424.7,4401.98,3866.44
962,1,2024-02-14 00:00:00,04:09:13,12050443,Air-2-5,359,0.02,5.17,0,4,4,3,1,2,5,22.3699,0.551181,56207.3,133.506,3567.36,35541.8,401377,63983.7,2.31855,4071.94,16645.1,56823.9,85590.5,85160.4,0.017306,291264,79544.3,119.196,60.9004,1308.74,12088.8,2930.87,9519.19,11598.7,4481.13,3904.84
966,1,2024-02-14 00:00:00,18:59:22,12050443,Air-2-5,361,0.02,5.09,0,4,4,3,1,2,5,23.3624,0.553186,57156.4,132.774,3591.46,35549.2,403869,64721.2,2.33842,4082.98,16830,56663.5,85991,85568,0.0172678,290134,79888.7,125.424,61.0949,1301.98,12053.1,2916.81,9448.75,11617.1,4453.95,3906.81
967,1,2024-02-14 00:00:00,21:59:22,12050443,Air-2-5,363,0.02,5.05,0,4,4,3,1,2,5,23.8552,0.551557,57192.6,134.515,3591.85,37926.2,405120,64836.6,2.33868,4072.67,16763.8,56817.2,85605.9,85127.1,0.0172835,292222,79889.1,116.832,63.6075,1302.26,12089.4,2922,9512.52,11617.2,4467.04,3921.28
968,1,2024-02-15 00:00:00,00:59:22,11050443,Air-1-5,364,0.02,2.53,0,4,4,3,1,1,5,10.5062,0.266139,27618.7,63.3445,1751.55,37173.7,207233,32719.5,1.18612,2006.45,8155.38,27246.8,41430.3,41049.2,0.00991919,138831,38614.5,66.1491,29.948,619.464,5734.36,1417.13,4496.02,5549.49,2148.18,1897.13
969,1,2024-02-15 00:00:00,03:59:22,12050443,Air-2-5,366,0.02,5.15,0,4,4,3,1,2,5,22.6214,0.549879,56762.4,133.43,3578.79,36254.6,401991,64156.9,2.32532,4055.9,16616.4,56443.1,84990.8,84545.3,0.0172788,290537,79335.1,119.638,62.0952,1299.48,11948.3,2908.74,9455.44,11507.9,4431.33,3897.71
972,1,2024-02-15 00:00:00,14:41:59,12050443,Air-2-5,368,0.03,5.07,0,4,4,3,1,2,5,24.0651,0.561938,54927.6,128.44,3428.3,37131.5,407081,65098,2.35475,4049.23,16683.3,56921.4,85415.4,85073.3,0.0172447,290420,79303.5,118.164,62.3766,1295.74,12111.7,2921.45,9561.3,11521.6,4441.27,3906.54
974,1,2024-02-15 00:00:00,20:41:59,12050443,Air-2-5,370,0.02,5.03,0,4,4,3,1,2,5,22.5423,0.564943,56036.5,130.068,3509.55,34897.6,405218,64571.4,2.34894,4053.01,16621.7,55960.3,85102.2,84552.1,0.0172971,288848,79343.7,120.122,61.1091,1297.39,11902,2898.33,9384.44,11508.3,4445.11,3891.1
975,1,2024-02-15 00:00:00,23:41:59,12010443,Air-2-1,372,0.02,5.25,0,4,4,3,1,2,1,3.97193,0.108606,11840.6,28.0902,746.321,36014.2,82421.5,12852.9,0.466542,777.502,3065.57,10212.8,15538.2,15371.3,0.00549662,50924.6,14564.2,31.4253,9.85513,235.459,2121.85,539.12,1667.85,2079.87,808.751,721.193
976,1,2024-02-16 00:00:00,02:41:59,12020443,Air-2-2,374,0.02,5.1,0,4,4,3,1,2,2,8.54635,0.218642,23040.2,53.1228,1446.87,33947.1,166765,26252.5,0.954844,1603.61,6435.78,21276.5,32657.9,32421.8,0.00844891,107977,30393.7,51.582,24.1269,494.06,4472.16,1129.31,3526.08,4357.86,1691.72,1494.04
978,1,2024-02-16 00:00:00,08:41:59,12050443,Air-2-5,376,0.03,5.15,0,4,4,3,1,2,5,23.2707,0.562357,58005.7,136.254,3664.77,36550.1,398749,63832.6,2.29977,4101.22,16920.8,55924.8,86394.4,85896.8,0.017216,286145,80052.9,130.415,62.5729,1325.41,11919.7,2964.16,9393.16,11686.9,4502.68,3951.46
980,1,2024-02-16 00:00:00,14:41:59,12051443,Air-2-5-Hespl1-Krspl3,378,0.02,5.12,1,4,4,3,1,2,5,9.81863,0.280053,58092.6,131.924,3654.48,34882.2,393995,62878.6,2.2811,0,0,0,0,0,0,0,0,0,0,0,0,0,0,0,0,0
981,1,2024-02-20 00:00:00,10:16:55,12050444,Air-2-5  (Bad KrXe),382,0.02,5.08,0,4,4,4,1,2,5,21.3307,0.566728,56863.7,133.339,3486.31,24522.3,214579,33690.3,1.24991,115.556,399.877,1203.39,1984.95,1963.73,0.00311335,5915.55,1894.48,14.9332,0.887635,28.7979,221.867,63.6639,174.17,241.861,91.6542,84.2873
983,1,2024-02-20 00:00:00,16:16:55,12050443,Air-2-5,384,0.02,5.08,0,4,4,3,1,2,5,21.7332,0.553093,56619.8,130.907,3490.25,26887.5,227445,35756.5,1.31744,3720.99,15297.3,49934.8,78143.9,77604.3,0.016415,257798,71697.6,104.479,54.1578,1172.76,10259.7,2669.01,8083.73,10109.7,3898.98,3464.67
984,1,2024-02-20 00:00:00,19:16:55,12050443,Air-2-5,386,0.02,5.1,0,4,4,3,1,2,5,21.2974,0.553226,58159.8,136.141,3642.29,30753.5,242338,38375.1,1.40263,3744.3,15554.9,52416.5,79430.3,78943.1,0.0165262,270056,74667.4,109.004,56.9172,1178.92,10920,2707.94,8594.59,10615.7,4127.26,3663.22
985,1,2024-02-20 00:00:00,22:16:55,12050443,Air-2-5,388,0.02,5.01,0,4,4,3,1,2,5,22.1705,0.547845,58331.9,140.322,3698.93,32170.3,254782,40331.2,1.47565,3776.65,15552.6,52785.5,79279.1,78732.5,0.0164924,271466,74977.8,108.366,57.4877,1191.19,10988.1,2705.31,8640.31,10729.8,4119.24,3702.96
986,1,2024-02-21 00:00:00,01:16:55,12050443,Air-2-5,390,0.02,5.08,0,4,4,3,1,2,5,22.6153,0.544576,58676.4,132.023,3698.84,33365.7,261297,41444.2,1.51149,3746.82,15540.8,52789.9,79455.5,78913.3,0.0164137,271598,74591.1,108.879,57.3844,1180.13,11017,2711.53,8724.48,10644.5,4132.81,3649.52
988,1,2024-02-21 00:00:00,11:44:14,12050443,Air-2-5,392,0.02,5.12,0,4,4,3,1,2,5,21.9424,0.55351,58026.2,135.306,3604.3,28205.6,307889,48843.9,1.7943,3606.29,14104.1,38968.7,71789.8,76661.2,0.0140801,210257,70050.7,105.611,52.871,1127.91,10295.5,2545.23,8104.66,10096.6,3890.6,3464.02
989,1,2024-02-21 00:00:00,14:44:14,12050443,Air-2-5,394,0.02,5.14,0,4,4,3,1,2,5,22.051,0.551118,58573.2,134.98,3711.97,32570,304169,48399,1.76547,3811.15,15297.8,47441.7,78622.6,80089.3,0.0152857,250951,74518.4,107.622,57.6379,1207.7,11246.5,2752.87,8837.17,10854.3,4180.75,3707.6
990,1,2024-02-21 00:00:00,17:44:14,12050443,Air-2-5,396,0.02,5.09,0,4,4,3,1,2,5,22.0591,0.547326,59020.6,138.915,3756.28,33905.8,309198,49153.7,1.7938,3832.71,15484.8,49921.3,79471,79901,0.0156934,262556,75076.2,110.155,58.5155,1208.59,11277.7,2741.48,8863.07,10841.9,4174.67,3707.6
992,1,2024-02-21 00:00:00,23:44:14,12050443,Air-2-5,398,0.02,4.97,0,4,4,3,1,2,5,22.5,0.551391,60641,145.33,3798.86,31176.4,303676,48167.6,1.76216,3732.89,15446.7,51959.4,78721.9,78513.8,0.0162942,268093,73914.3,107.252,55.6643,1173.63,10854.7,2679.73,8581.2,10555.3,4068.35,3626.15
993,1,2024-02-22 00:00:00,02:44:14,12050443,Air-2-5,400,0.02,5.04,0,4,4,3,1,2,5,22.1,0.548832,60494,145.095,3836.45,34393,311692,49561.7,1.80646,3819.29,15671,53338.3,79978.3,79626.1,0.0164925,275168,75457.8,111.383,55.7154,1210.77,11278.6,2737.21,8864.19,10854.8,4165.98,3717.65
994,1,2024-02-22 00:00:00,05:44:14,12050443,Air-2-5,402,0.02,5.08,0,4,4,3,1,2,5,22.7153,0.547217,59833.1,137.529,3783.2,35198.9,316805,50428.6,1.83658,3921.76,16120.3,54343,82210.1,82032.5,0.0167038,275090,77771.6,115.889,58.0597,1271.05,11705.4,2848.07,9216.16,11370.8,4402.79,3873.47
995,1,2024-02-22 00:00:00,14:24:54,12050443,Air-2-5,404,0.02,5.06,0,4,4,3,1,2,5,21.9159,0.549935,61183.4,144.953,3859.03,29077.6,355082,56604.9,2.06807,3146.1,10929,23483.5,34009.5,78929.9,0.0120155,95013,59508.7,106.07,55.6334,1204.91,10933.5,2703.95,8617.97,10700,4109.86,3645.32
996,1,2024-02-22 00:00:00,17:24:53,12050443,Air-2-5,406,0.02,5.1,0,4,4,3,1,2,5,21.8986,0.552706,59131,140.943,3766.61,33626.1,349991,55877.3,2.03212,3632.98,14095.1,36358.7,60779.6,79686.6,0.0139369,160810,69468.8,114.357,58.0811,1219.97,11113.9,2714.35,8799.52,10817.7,4164.27,3690.65
998,1,2024-02-22 00:00:00,23:24:54,12050443,Air-2-5,408,0.02,5.09,0,4,4,3,1,2,5,22.5156,0.556637,58288.3,138.466,3669.67,31784.6,337604,53593.9,1.95691,3895.65,15950.5,51381.9,81087.4,81589,0.016221,259696,75946.4,115.846,59.6401,1264.73,11362.3,2829.34,8947.09,11125.4,4289.56,3772.01
999,1,2024-02-23 00:00:00,02:24:54,12050443,Air-2-5,410,0.02,5.11,0,4,4,3,1,2,5,22.7553,0.551245,60168.3,143.413,3810.69,34479.7,345278,54941.3,2.00304,3873.09,15873.9,54126.7,81080.2,80701.9,0.0167401,276786,76239.2,109.626,60.1792,1230.73,11396.6,2776.19,8978.45,11012.9,4246.79,3754.43
1000,1,2024-02-23 00:00:00,23:58:36,12010443,Air-2-1,414,0.02,5.05,0,4,4,3,1,2,1,4.05279,0.107657,12761,30.9848,811.855,33101.6,80292,12572.8,0.457026,760.408,2989.06,9770.58,15153.5,14993.2,0.0054235,48542.8,14179.5,34.5831,11.1801,226.45,2042.56,532.292,1598.46,2013.28,779.851,708.512
1001,1,2024-02-24 00:00:00,02:58:36,12020443,Air-2-2,416,0.02,5.07,0,4,4,3,1,2,2,8.2656,0.214837,24343.3,57.74,1524.34,30830.3,161635,25532,0.928644,1538.43,6264.83,20355.6,31880.7,31541.7,0.00830568,103585,29697.7,52.9419,23.0109,486.161,4277.75,1101.99,3357.73,4271.32,1644.11,1467.05
1003,1,2024-02-24 00:00:00,08:58:36,12050443,Air-2-5,418,0.02,5.12,0,4,4,3,1,2,5,21.7656,0.54666,59239.8,138.879,3694.05,29585,383051,61114.9,2.23055,3914.42,16062.2,53017.6,81995.1,81633.1,0.0167895,273365,76871.5,115.893,59.9462,1249.45,11263.3,2832.22,8906.95,11143,4300.77,3780.63
1005,1,2024-02-24 00:00:00,14:58:36,12051443,Air-2-5-Hespl1-Krspl3,420,0.02,5.06,1,4,4,3,1,2,5,10.7069,0.269648,57496.7,136.569,3581.36,30338.9,375896,59888,2.18621,3910.37,16006.2,53016.2,81859.5,81440.5,0.0168206,271817,76931.6,115.784,59.4608,1238.44,11339,2815.42,8935.86,11229.6,4325.5,3808.15
1006,1,2024-02-24 00:00:00,17:58:36,12052444,Air-2-5-Hespl2,422,0.02,5.01,2,4,4,4,1,2,5,4.91876,0.121543,57167,132.014,3588.92,33067.5,379220,60506,2.2062,120.402,406.673,1312.72,2038.38,2001.88,0.0031124,6321.28,1981.12,15.1569,1.4739,27.565,253.198,66.8219,199.85,263.029,102.401,94.2324
1007,1,2024-02-24 00:00:00,20:58:36,12053443,Air-2-5-Hespl3-Krspl3,424,0.02,5.11,3,4,4,3,1,2,5,1.39677,0.0376302,53856,125.93,3371.03,31414.8,379528,60497.1,2.20937,3908.5,15941.2,53351.8,81538.9,81145.4,0.016843,273867,76579.5,116.579,56.6659,1244.49,11342.6,2793.89,8944.96,11134.9,4281.79,3815.99
1008,1,2024-02-24 00:00:00,23:58:36,12050444,Air-2-5,426,0.02,5.1,0,4,4,4,1,2,5,22.2518,0.547489,57661.7,133.687,3647.13,34133.2,379964,60645.3,2.21013,118.951,410.068,1311.39,2026.48,2010.01,0.00312289,6386.64,1987.03,12.8532,1.43106,27.2442,255.616,66.6725,197.817,264.717,99.8469,90.206
1010,1,2024-02-25 00:00:00,05:58:36,11010443,Air-1-1,427,0.02,2.53,0,4,4,3,1,1,1,1.96599,0.05222,4793.86,13.9982,378.174,30226.8,35969.7,5564.53,0.203492,361.15,1382.03,4417.93,6938.38,6817.94,0.00399114,21756.2,6526.36,22.1671,4.67439,102.72,905.956,240.819,700.956,925.535,350.386,324.93
1011,1,2024-02-25 00:00:00,08:58:36,11010333,Air-1-1-NeArspl3,428,0.02,2.52,0,3,3,3,1,1,1,2.17431,0.053598,131536,302.882,8255.34,32984.5,656468,105944,3.84851,359.722,1404.86,4430.39,7069.49,6987.19,0.00399356,21514.2,6624.69,24.1031,4.41073,104.88,915.017,256.377,716.512,954.644,365.827,333.092
1012,1,2024-02-25 00:00:00,11:58:36,11210443,Air-1-1-Procspl2,429,0.02,1.09,0,4,4,3,1,1,1,1.09402,0.0228738,2675.6,5.96469,173.851,33966.3,13397.6,2059.57,0.074638,157.169,557.064,1798.93,2812.83,2764.11,0.00324952,8684.42,2679.19,16.3783,2.00978,40.9066,371.144,98.6398,292.838,375.283,150.352,136.678
1013,1,2024-02-25 00:00:00,14:58:36,11210333,Air-1-1-Procspl2-NeArspl3,430,0.02,1.09,0,3,3,3,1,1,1,0.689172,0.0228462,55815,129.085,3511.26,32584.9,271425,42827.7,1.56544,155.534,565.642,1788.64,2830.88,2787.34,0.00325854,8666.88,2690.38,16.5578,1.71225,43.9274,364.119,104.646,287.379,378.786,146.875,137.116
1014,1,2024-02-25 00:00:00,17:58:35,12050443,Air-2-5,432,0.02,5,0,4,4,3,1,2,5,22.5933,0.542381,56389,131.482,3555.01,31678.7,377799,60233.2,2.20196,3892.35,15803.7,52003.8,81088.3,80774.6,0.016734,265858,75863.5,112.793,59.2987,1246.84,11082.3,2799.89,8779.96,11044.6,4282.09,3760.73
1016,1,2024-02-26 00:00:00,07:56:10,12050443,Air-2-5,436,0.03,4.88,0,4,4,3,1,2,5,22.3623,0.551891,60012.4,142.325,3804.15,28188.8,404848,64739,2.37318,3775.22,15565.1,50463.5,79486.9,78980.3,0.0164159,260235,73602,105.702,55.8351,1185.32,10467.1,2642.89,8214.95,10390.3,4016.58,3561.34
1019,1,2024-02-26 00:00:00,18:49:38,12050443,Air-2-5,438,0.03,5.14,0,4,4,3,1,2,5,21.7422,0.551282,60329.3,142.907,3808,31840.7,400899,64258.4,2.33612,3890.29,16002.9,53441.8,81717,81306,0.0168022,275599,76725.3,115.656,59.5437,1240.23,11329.5,2808.74,8933.97,11149.6,4322.83,3780.48
1020,1,2024-02-26 00:00:00,21:49:38,12050443,Air-2-5,440,0.02,4.91,0,4,4,3,1,2,5,21.9539,0.541672,59541.6,142.006,3783.34,34259.3,399719,63980.2,2.32526,3900.66,15950,53561.2,81444.9,81103.7,0.0167425,274111,76489.9,115.022,60.2608,1254.01,11381.6,2797.27,8971.01,11135.6,4311.07,3792.86
1022,1,2024-02-27 00:00:00,03:49:38,12050443,Air-2-5,442,0.02,5.03,0,4,4,3,1,2,5,21.9715,0.543587,59633.1,142.4,3744.59,31933.9,389018,62174.6,2.26349,3857.26,15742.2,52860.8,80459.6,79971.3,0.0165671,271642,75006.2,114.348,58.0178,1221.97,11086.6,2749.67,8714.33,10797,4160.29,3684.22
1025,1,2024-02-27 00:00:00,17:12:00,12050443,Air-2-5,444,0.08,5.06,0,4,4,3,1,2,5,23.5896,0.55495,59163.5,142.261,3742.92,41949.7,417585,66775.1,2.42052,3970.37,16265.7,54760.2,83221.3,82767.8,0.0169131,281334,78190.4,114.468,60.2839,1276.17,11648.5,2854.59,9208.96,11392.4,4375.93,3868.33
1026,1,2024-02-27 00:00:00,20:12:00,12050443,Air-2-5,446,0.09,5.1,0,4,4,3,1,2,5,23.7017,0.55324,55691.1,130.945,3566.55,40337.9,411636,65794.3,2.38722,3963.58,16244.1,54709.4,83150,82579,0.016922,281992,78560.8,117.865,59.7421,1265.55,11610.3,2844.14,9184.37,11416.2,4420.19,3879.04
1028,1,2024-02-28 00:00:00,02:12:00,12050443,Air-2-5,448,0.08,4.96,0,4,4,3,1,2,5,21.8754,0.551399,59452.4,135.779,3721.25,35030.2,402485,64425.4,2.33738,3924.19,16108.1,53356.9,82151.9,81640.3,0.0167594,274782,76918.3,122.261,59.7377,1254.46,11292.9,2808.83,8906.84,11141.1,4288.83,3788.94
1031,1,2024-02-28 00:00:00,17:08:20,12050443,Air-2-5,450,0.02,4.93,0,4,4,3,1,2,5,22.1981,0.552391,58204.7,138.322,3645.94,30547.4,418697,66866.2,2.43901,3914.31,16071.9,52888.6,81948.4,81692.4,0.016797,271414,76675.9,122.296,60.9485,1260.7,11243.8,2800.9,8836.45,11111.9,4304.61,3779.81
1032,1,2024-02-28 00:00:00,20:08:20,12050443,Air-2-5,452,0.02,5.08,0,4,4,3,1,2,5,22.6774,0.545294,60507,144.221,3829.24,34574.8,415724,66510.2,2.41506,3927.25,16059.4,53895.3,82226,81800.7,0.0168382,275995,77298.1,119.905,56.5901,1262.12,11437.9,2817.58,9021.82,11247.6,4340.68,3848
1033,1,2024-02-28 00:00:00,23:08:20,11050443,Air-1-5,453,0.02,2.48,0,4,4,3,1,1,5,9.10852,0.264374,29544.3,71.3265,1885.35,35612.1,213038,33698,1.22208,1947.53,7871.48,25968.3,40063.5,39749.2,0.00968545,132551,37522.8,65.822,28.3381,603.411,5475.84,1376.7,4304.78,5394.33,2094.21,1856.19
1034,1,2024-02-29 00:00:00,02:08:20,12050443,Air-2-5,455,0.03,5.01,0,4,4,3,1,2,5,22.1431,0.548221,61854.1,146.841,3907.72,36730.8,411556,65944,2.38655,3935.83,16169.8,53915.4,82484.4,82216.4,0.0168302,275755,77227.3,122.212,58.0401,1266.7,11450.5,2853.58,9012.49,11304.1,4317.4,3823.11
1038,1,2024-02-29 00:00:00,19:20:11,12050443,Air-2-5 (H2O trap open),457,0.49,3.81,0,4,4,3,1,2,5,15.2478,0.398802,46094.2,111.601,2945.86,36280.4,316339,50472.1,1.83062,2909.55,11913.7,39719.9,60645.1,60325.7,0.0131531,203579,56955.5,95.9554,44.9122,925.958,8364.6,2101.09,6622.75,8235.56,3195.73,2822.34
1039,1,2024-02-29 00:00:00,22:20:11,12050443,Air-2-5 (H2O trap open),459,0.46,3.78,0,4,4,3,1,2,5,15.7307,0.401124,46713.9,111.259,2981.38,39322.5,312588,50023.3,1.80266,2912.1,12034.8,39760.6,61106.4,60763.7,0.0131301,202763,57169.4,100.887,43.9175,928.703,8386.65,2109.07,6616.18,8299.81,3206.12,2863.18
1041,1,2024-03-01 00:00:00,04:20:11,12050443,Air-2-5 (H2O trap open),461,0.47,3.81,0,4,4,3,1,2,5,15.9737,0.397534,44402,104.605,2801.96,36451.9,308639,49033.7,1.78486,2863.47,11566.1,38050.1,58852.4,58501.9,0.012955,194900,55096.3,92.5616,42.328,889.915,7949.88,2019.04,6262.28,7931.1,3044.45,2718.28
1045,1,2024-03-01 00:00:00,18:59:15,12050443,Air-2-5,463,0.03,5.06,0,4,4,3,1,2,5,21.1266,0.531962,61127.4,148.376,3906.37,34805.4,410949,65818.4,2.40405,3872.8,15933.4,53320.7,81484.5,81008.7,0.0167754,274636,76934.4,109.162,60.4898,1246.39,11325.1,2792.2,8938.91,11185.1,4312.84,3810.3
1047,1,2024-03-02 00:00:00,00:59:15,12050443,Air-2-5,465,0.03,5.01,0,4,4,3,1,2,5,21.3915,0.529692,59125,140.991,3781.19,34261.8,408755,65317.4,2.38954,3867.26,15779.1,52632.7,80707.9,80350,0.016739,270573,75891.2,111.498,58.8953,1233.54,11204.3,2761.06,8819.51,11051.4,4264.14,3750.78
1048,1,2024-03-02 00:00:00,03:59:15,12010443,Air-2-1,467,0.03,4.99,0,4,4,3,1,2,1,3.61679,0.10373,12506.5,29.1941,808.052,35241.6,82495.3,12875.6,0.471785,738.007,2920.87,9603.76,14721.5,14595.9,0.00536732,47213,13948,29.9892,10.9192,220.331,1998.28,521.238,1569.34,1986.17,774.725,689.474
1049,1,2024-03-02 00:00:00,06:59:15,12020443,Air-2-2,469,0.03,4.93,0,4,4,3,1,2,2,9.17348,0.207429,24481.6,57.8983,1559.13,32787.7,168840,26531.3,0.974734,1532.81,6168.31,20108.1,31208.1,30893.2,0.00828751,101964,29308.9,52.5475,22.183,471.68,4212.44,1071.36,3337.8,4204.29,1625.33,1461.6
1051,1,2024-03-02 00:00:00,12:59:15,12050443,Air-2-5,471,0.03,4.97,0,4,4,3,1,2,5,20.8071,0.528539,60057.8,141.493,3789.55,31739.9,406089,64803.4,2.37705,3837.81,15727.5,52201.9,80580.4,80147.3,0.0167172,267222,75655.4,116.163,59.0855,1230.29,11108.5,2771.1,8740.5,11005.6,4263.46,3760.5
1053,1,2024-03-02 00:00:00,18:59:15,12051443,Air-2-5-Hespl1-Krspl3,473,0.03,4.99,1,4,4,3,1,2,5,10.0688,0.261583,59824.1,137.67,3773.17,29993.9,399984,63907.9,2.34009,3773.42,15367.7,50817.7,78206.5,77689.2,0.0164243,261256,73910,111.517,55.0485,1174.82,10537.9,2613.2,8290.12,10510.5,4041.53,3568
1054,1,2024-03-02 00:00:00,21:59:15,12052444,Air-2-5-Hespl2,475,0.03,4.94,2,4,4,4,1,2,5,4.84425,0.118978,59898.7,141.353,3804.1,34048,401746,64217.6,2.34791,117.371,392.109,1281.23,2004.25,1978.17,0.00312666,6206.55,1974.97,13.6131,1.33515,27.9123,245.232,66.0788,191.706,259.879,102.354,91.6556
1055,1,2024-03-03 00:00:00,00:59:15,12053443,Air-2-5-Hespl3-Krspl3,477,0.03,5.07,3,4,4,3,1,2,5,1.38009,0.0366773,59454.8,141.072,3751.75,32282.2,402787,64154.8,2.34921,3842.15,15771.9,52245.5,80547.5,80131.1,0.0167002,268556,75707.1,112.818,57.5908,1213.94,11104.6,2776.05,8769.86,11027.2,4263.18,3769.16
1056,1,2024-03-03 00:00:00,03:59:15,12050444,Air-2-5,479,0.03,4.91,0,4,4,4,1,2,5,20.5746,0.5226,62177.2,148.707,3979.62,35359.7,403454,64496,2.3531,117.496,393.653,1280.79,1991.1,1970.02,0.00310915,6227.88,1959.63,15.2753,1.43349,25.5066,241.681,64.4526,190.68,266.721,102.057,90.2452
1058,1,2024-03-03 00:00:00,09:59:15,11010443,Air-1-1,480,0.03,2.49,0,4,4,3,1,1,1,1.99242,0.0499475,6461.31,14.7524,419.02,32254.2,36966.7,5732.31,0.209576,360.229,1353.94,4326.45,6858.15,6728.69,0.00399546,21261.2,6510.86,24.9115,5.10838,101.803,885.549,246.844,709.806,916.423,357.264,329.068
1059,1,2024-03-03 00:00:00,12:59:15,11010333,Air-1-1-NeArspl3,481,0.03,2.52,0,3,3,3,1,1,1,1.97059,0.050364,134062,309.078,8416.24,32631,699159,113104,4.11717,366.402,1371.15,4317.94,6925.6,6841.14,0.00397643,21085.1,6519.99,23.4815,5.9178,100.275,883.901,247.202,698.79,936.054,362.136,330.947
1060,1,2024-03-03 00:00:00,15:59:15,11210443,Air-1-1-Procspl2,482,0.03,1.1,0,4,4,3,1,1,1,0.790981,0.0216557,2681.59,6.06926,178.76,34200.4,13421,2048.02,0.0747231,152.542,538.324,1718.37,2721.59,2700.34,0.0032321,8273.64,2600.79,17.8644,1.98954,40.0858,352.087,100.296,279.208,373.654,146.449,139.03
1061,1,2024-03-03 00:00:00,18:59:15,11210333,Air-1-1-Procspl2-NeArspl3,483,0.03,1.06,0,3,3,3,1,1,1,0.778194,0.0216057,56168.1,129.502,3543.22,33092.5,283192,44795.9,1.63723,148.479,537.05,1712.97,2742.81,2716.68,0.00322351,8352.69,2634.22,17.5307,2.04278,41.0418,354.095,98.4005,280.765,374.352,146.495,134.414
1062,1,2024-03-03 00:00:00,21:59:15,12050443,Air-2-5,485,0.03,5.01,0,4,4,3,1,2,5,21.5922,0.535497,61894.2,148.076,3874.05,32698.6,401545,63941.4,2.3409,3848.36,15600.3,50837.2,79907.2,79520,0.0165587,262404,75199,116.624,59.1257,1218.28,10821,2744.51,8551.93,10927.5,4229.63,3742.77
1064,1,2024-03-04 00:00:00,03:59:15,12050443,Air-2-5,487,0.03,4.9,0,4,4,3,1,2,5,21.8984,0.543703,58890.9,137.372,3714.69,31778.7,394272,62863.8,2.29862,3798.89,15529.8,50989.6,79617.7,79056.8,0.0165343,263247,74629.6,113.814,59.1983,1212.21,10791.2,2741.84,8523.82,10785.3,4163.95,3697.38
1068,1,2024-03-04 00:00:00,20:17:25,12050443,Air-2-5,489,0.03,4.99,0,4,4,3,1,2,5,20.9255,0.52443,58768,140.69,3770.26,36516.9,409960,65849.2,2.39604,3829.02,15774.7,52983.7,80432.6,79961.2,0.0165834,271836,76107.5,121.119,54.7965,1241.41,11266.8,2766.51,8880.6,11084.8,4265.99,3769.14
1069,1,2024-03-04 00:00:00,23:17:25,12050443,Air-2-5,491,0.03,4.92,0,4,4,3,1,2,5,20.0325,0.525634,61533.1,146.845,3909.55,36940.6,409445,65611.1,2.38528,3819.6,15716.7,52654.7,80205.5,79795.7,0.0165699,271528,76011.8,114.459,57.8593,1221.47,11186.3,2763.17,8846.68,11041.1,4239.63,3769.64
1071,1,2024-03-05 00:00:00,05:17:25,12050443,Air-2-5,493,0.03,5,0,4,4,3,1,2,5,21.9762,0.524806,60811,142.302,3828.45,33963.9,398588,63660.3,2.32289,3829.66,15597.7,51314.5,79691.7,79221.6,0.0164273,264657,74721.2,118.723,57.9602,1211.16,10928.4,2733.26,8585.03,10828.5,4169.72,3709.98
1074,1,2024-03-05 00:00:00,16:16:24,12050443,Air-2-5,495,0.05,4.87,0,4,4,3,1,2,5,21.0604,0.526194,61242.4,140.395,3893.25,35339.4,406669,65016.4,2.37498,3784.04,15529.8,52074.9,79614.4,79169.7,0.0164537,266689,75128,114.502,54.9048,1212.52,11082.1,2743.75,8747.69,10927.9,4240.65,3737.05
1075,1,2024-03-05 00:00:00,19:16:24,11050443,Air-1-5,496,0.05,2.45,0,4,4,3,1,1,5,10.0272,0.249839,30713.5,73.16,1949.8,36642.7,206568,32628.5,1.19008,1876.52,7523.19,24779.2,38344.4,38080.3,0.00944231,125577,36138.5,65.0505,28.7338,578.257,5221.71,1326.92,4115.89,5200.29,2022.5,1808.16
1076,1,2024-03-05 00:00:00,22:16:24,11050443,Air-1-5,497,0.05,2.48,0,4,4,3,1,1,5,9.54247,0.252298,30044,67.9391,1902.77,35723.7,206636,32629.5,1.19256,1862.44,7554.11,24679.7,38381.9,38056.6,0.00944788,125161,36006.5,63.4015,27.7503,583.631,5198.16,1325.81,4107.28,5196.15,2005.38,1790.96
1078,1,2024-03-06 00:00:00,04:16:24,12050443,Air-2-5,499,0.04,4.91,0,4,4,3,1,2,5,21.02,0.520238,60282.7,141.39,3795.51,33674.5,393505,63092.8,2.29779,3732.15,15396,50688.1,78439.1,77918.3,0.0162761,261107,73518.6,113.337,55.9675,1191.4,10684.6,2667.71,8427.99,10641.8,4111.57,3635.45
1081,1,2024-03-06 00:00:00,14:52:29,12050443,Air-2-5,501,0.03,4.85,0,4,4,3,1,2,5,21.0598,0.512999,61107.6,143.537,3885.1,33602.3,406520,65149.7,2.37611,3731.13,15320.3,50604.9,78172,77938.1,0.0162393,259182,73729,114.995,58.8333,1193.2,10744.6,2703.99,8447.84,10702.4,4150.8,3678.86
1082,1,2024-03-06 00:00:00,17:52:29,12050443,Air-2-5,503,0.03,4.88,0,4,4,3,1,2,5,20.8502,0.50786,59215.6,140.675,3724.94,35756.6,405954,65071.1,2.36708,3754.63,15403.8,51124.5,78619.6,78242.8,0.0162876,263934,74504.6,116.235,57.1393,1209.45,10839.4,2688.58,8554.62,10780.9,4172.87,3696.12
1083,1,2024-03-06 00:00:00,20:52:29,11050443,Air-1-5,504,0.03,2.42,0,4,4,3,1,1,5,10.387,0.248857,30297.6,74.3651,1938.3,36266.2,207472,32817,1.19776,1827.94,7375.45,24244.5,37401,37107.5,0.00930256,123376,35107.8,63.9022,25.0949,560.974,5049.34,1293.93,3986.1,4998.82,1939.93,1752.43
1084,1,2024-03-06 00:00:00,23:52:29,11050443,Air-1-5,505,0.03,2.42,0,4,4,3,1,1,5,9.48277,0.249544,30284.4,70.1007,1929.52,35249.3,207292,32769.2,1.19524,1863.03,7482.15,24404.2,38029.2,37744.3,0.00935186,123642,35702.1,65.3665,27.0005,572.492,5139.22,1310.3,4057.91,5161.91,1982.04,1776.47
1085,1,2024-03-07 00:00:00,02:52:29,12050443,Air-2-5,507,0.03,4.84,0,4,4,3,1,2,5,20.7969,0.511371,58247.2,137.952,3733.07,35589.9,402943,64484,2.34676,3754.27,15306.7,50592.2,78098.3,77814.5,0.0162057,260469,73852.8,122.17,57.9985,1200.4,10756.1,2685.66,8455.96,10763.2,4160.33,3664.06
1088,1,2024-03-07 00:00:00,16:56:57,12050443,Air-2-5,509,0.04,4.73,0,4,4,3,1,2,5,20.6898,0.511188,58201.8,138.593,3680.56,31140.7,413134,66020.3,2.41319,3724.11,15264.6,50070.4,77968.1,77599.5,0.0161765,258782,73312.1,116.771,58.3728,1201.66,10601.8,2684.7,8394.07,10638.2,4105.91,3635.44
1089,1,2024-03-07 00:00:00,19:56:58,12050443,Air-2-5,511,0.04,4.83,0,4,4,3,1,2,5,20.5288,0.503901,58005,139.397,3705.97,35045.8,410059,65603,2.39373,3723.54,15305.9,50810.8,78128.9,77589.5,0.0162131,261465,73633.5,113.557,56.0112,1197.45,10758.8,2670.4,8475.97,10694,4106.25,3660.49
1091,1,2024-03-08 00:00:00,01:56:57,11050443,Air-1-5,512,0.04,2.45,0,4,4,3,1,1,5,9.94197,0.248251,30539.4,70.8908,1938.25,32367.1,204553,32333.7,1.18139,1798.89,7324.69,23755.2,37130.1,36849.4,0.00925839,120874,34775,59.9417,25.1034,561.458,4976.86,1280.01,3892.21,4979.67,1909.86,1729.92
1092,1,2024-03-08 00:00:00,04:56:58,11050443,Air-1-5,513,0.04,2.47,0,4,4,3,1,1,5,9.57504,0.247405,30705.1,74.5671,1950.77,33861.3,205029,32419.5,1.18572,1839.06,7444.32,24095.6,37632.1,37413.4,0.00936148,121825,35285.1,62.3794,28.3029,563.108,5054.14,1321.66,3993.29,5096.78,1987.08,1784.01
1093,1,2024-03-08 00:00:00,07:56:58,12050443,Air-2-5,515,0.04,4.94,0,4,4,3,1,2,5,19.8196,0.502405,59351.1,138.567,3780.74,35268.9,400746,64112.8,2.3349,3740,15265.4,50426.1,78121.1,77667.6,0.016145,258517,73273.9,117.324,58.3819,1188.69,10730.7,2697.95,8436.41,10663.3,4121.7,3674.29
1096,1,2024-03-08 00:00:00,19:05:39,12050443,Air-2-5,517,0.04,4.95,0,4,4,3,1,2,5,20.7552,0.504985,60733.9,142.578,3839.31,31676.6,403604,64514.5,2.36247,3713.46,15226.8,50097.2,78001.2,77529.2,0.0161799,258242,73345.5,115.791,55.202,1190.24,10638.4,2684.39,8413.3,10672.1,4118.35,3621.52
1098,1,2024-03-09 00:00:00,01:05:39,12050443,Air-2-5,519,0.04,4.85,0,4,4,3,1,2,5,21.4515,0.505516,61367.1,144.759,3871.98,32211.4,402655,64370.5,2.35927,3726.17,15191.3,50034.9,77789.2,77341.6,0.0162249,256130,72909,113.144,56.3787,1202.89,10617.9,2679.68,8341.41,10609.7,4100.09,3650.15
1099,1,2024-03-09 00:00:00,04:05:39,12010443,Air-2-1,521,0.04,4.93,0,4,4,3,1,2,1,4.34046,0.0977838,12378.2,29.4683,788.636,34924.4,80565.5,12622.3,0.461377,705.803,2815.54,9045.49,14180.4,14004.2,0.00526997,44766.1,13362.5,28.7325,10.0566,214.372,1886.64,499.549,1476.31,1915.25,734.273,668.71
1100,1,2024-03-09 00:00:00,07:05:39,12020443,Air-2-2,523,0.04,4.86,0,4,4,3,1,2,2,8.38234,0.195591,24514.3,58.2658,1569.38,33199,165990,26239.9,0.960501,1459.87,5913.4,18980.6,29966.6,29710.2,0.00803062,95797.1,28148.9,49.957,21.5323,449.223,3978.04,1033.96,3149.68,4059.7,1572.61,1406.23
1102,1,2024-03-09 00:00:00,13:05:40,12050443,Air-2-5,525,0.04,4.85,0,4,4,3,1,2,5,20.2672,0.499854,59714.1,140.641,3741.15,30692.7,399787,63814.3,2.34847,3556.93,14475.7,47035.7,73644.3,73326.8,0.0156168,242694,69294.2,105.925,51.9683,1091.36,9655.03,2456.86,7629.26,9775.46,3741.33,3357.38
1104,1,2024-03-09 00:00:00,19:05:39,12051443,Air-2-5-Hespl1-Krspl3,527,0.04,4.92,1,4,4,3,1,2,5,9.60213,0.247128,59087.5,138.098,3717.54,30500.7,393557,62990.6,2.30822,3689.36,15143.2,49513.2,77443.2,76877.8,0.0161319,255585,72523.5,110.638,54.6263,1177.61,10515,2671.3,8255.91,10529.6,4067.21,3629.19
1105,1,2024-03-09 00:00:00,22:05:39,12052444,Air-2-5-Hespl2,529,0.04,4.8,2,4,4,4,1,2,5,4.42184,0.1125,59108,138.766,3752.78,33969.3,395841,63351.8,2.31852,113.501,380.958,1212.27,1909.73,1881.29,0.00309019,5888.3,1866.31,14.0363,1.03202,27.175,233.932,62.0727,184.362,246.857,93.5094,90.3319
1106,1,2024-03-10 00:00:00,01:05:39,12053443,Air-2-5-Hespl3-Krspl3,531,0.04,4.83,3,4,4,3,1,2,5,1.25383,0.0351066,61776.5,145.907,3876.2,33446.2,6714.62,1122.56,0.0436091,3005.11,12029.4,39488.5,61302.1,60945.5,0.013594,201278,58213.7,98.0172,41.6189,906.405,8074.62,2169.93,6390.99,8188.36,3145.44,2948.3
1107,1,2024-03-10 00:00:00,05:05:39,12050444,Air-2-5,533,0.04,4.86,0,4,4,4,1,2,5,19.2086,0.497825,60376.8,145.993,3871.57,31807.1,397538,63712.1,2.3283,117.991,379.615,1214.15,1915.5,1887.29,0.00309683,5864.29,1858.52,15.6364,1.3738,26.2999,234.592,61.6085,180.635,248.683,90.583,87.7779
1109,1,2024-03-10 00:00:00,11:05:39,11010443,Air-1-1,534,0.04,2.45,0,4,4,3,1,1,1,2.03506,0.0477512,6287.23,15.9007,407.995,31395.8,35964.5,5588.08,0.204314,340.305,1268.45,3991.68,6423.17,6306.77,0.00388885,19454.5,6071.2,26.3951,4.90079,92.4757,796.53,227.913,635.493,852.308,332.575,302.264
1110,1,2024-03-10 00:00:00,14:05:39,11010333,Air-1-1-NeArspl3,535,0.04,2.47,0,3,3,3,1,1,1,1.90498,0.0480172,135490,313.888,8586.17,32320.7,684955,110932,4.03892,348.083,1334.34,4097.6,6676.42,6583.65,0.00394861,20030.8,6314.07,28.2827,3.80092,99.6825,850.367,238.371,665.608,906.634,349.454,326.353
1111,1,2024-03-10 00:00:00,17:05:39,11210443,Air-1-1-Procspl2,536,0.04,1.08,0,4,4,3,1,1,1,0.857036,0.0207207,2714.23,6.64771,178.736,33910.7,13297.8,2048.52,0.0744008,147.629,534.694,1676.01,2657.97,2616.5,0.00322278,8116.28,2576.5,20.3781,1.84739,39.2533,348.536,97.9409,272.514,364.159,141.076,128.041
1112,1,2024-03-10 00:00:00,20:05:39,11210333,Air-1-1-Procspl2-NeArspl3,537,0.04,1.08,0,3,3,3,1,1,1,0.894686,0.0204837,57612.4,135.738,3642.75,32704.5,283678,44884.7,1.64142,152.16,535.685,1652.85,2700.7,2655.97,0.00323413,8109.85,2572.22,24.4069,2.05179,38.8557,344.241,45.2026,264.843,370.838,142.602,130.106
1113,1,2024-03-10 00:00:00,23:05:39,12050443,Air-2-5,539,0.04,4.84,0,4,4,3,1,2,5,19.6165,0.495261,59072.2,136.515,3756.86,32052,396291,63223.5,2.31497,3667.92,15102.3,48495.9,77044.6,76608.4,0.0160691,248076,72045.7,116.874,55.9928,1176.4,10309.8,2677.63,8145.06,10513.7,4043.06,3592.89
1115,1,2024-03-11 00:00:00,05:05:39,12050443,Air-2-5,541,0.04,4.78,0,4,4,3,1,2,5,20.4034,0.494329,61428.7,143.693,3872.91,34941.9,386327,61918.6,2.25,3596.75,14800.2,48262,75326.4,75052.6,0.0156565,246125,70622.8,111.786,55.4066,1138.48,10106,2585.95,7945.36,10155.8,3930.63,3491.56
1118,1,2024-03-11 00:00:00,16:58:06,12050443,Air-2-5,543,0.04,4.79,0,4,4,3,1,2,5,20.6864,0.498136,59058.3,140.602,3736.84,32921.4,397703,63750.2,2.3199,3686.4,15090.9,48991.1,77167.4,76707.1,0.0160158,251219,72612.2,121.427,56.3598,1173.63,10394.5,2670.33,8208.16,10610.4,4079.76,3628.67
1119,1,2024-03-11 00:00:00,19:58:06,12050443,Air-2-5,545,0.04,4.83,0,4,4,3,1,2,5,19.1925,0.490872,60687.5,144.297,3862.89,35178.4,397465,63733.2,2.32095,3668.17,14992.5,49456.8,76888.9,76272.8,0.016004,254080,73049.8,114.872,55.268,1176.52,10535.9,2657.92,8285.37,10613.3,4084.16,3626.06
1120,1,2024-03-11 00:00:00,22:58:06,11050443,Air-1-5,546,0.04,2.45,0,4,4,3,1,1,5,10.4129,0.240092,30471.9,75.9212,1936.83,35484.1,203039,32112.7,1.1727,1814.66,7308.29,23709.1,37095.9,36852.5,0.00925269,119665,35101.2,64.2875,26.0591,562.988,5017.46,1281.02,3926.05,5074.38,1955.02,1756.21
1121,1,2024-03-12 00:00:00,01:58:06,12050443,Air-2-5,548,0.04,4.79,0,4,4,3,1,2,5,19.6706,0.488369,59307.9,140.504,3793.75,34379.9,395375,63455.7,2.31358,3647.78,14964.3,49135,76577.6,76168.3,0.0159203,253394,72378.6,110.948,55.4808,1162.67,10479.1,2636.46,8251.8,10570.8,4068.43,3614.87
1124,1,2024-03-12 00:00:00,16:55:52,12050443,Air-2-5,550,0.04,4.74,0,4,4,3,1,2,5,19.526,0.497509,59286.9,141.408,3788.13,30013.4,405712,65192.1,2.38357,3636.42,14965,48471.1,76462.9,76241.3,0.015949,247890,71673,114.044,53.1337,1167.44,10306.8,2625.71,8117.47,10458.8,4041.48,3563.3
1125,1,2024-03-12 00:00:00,19:55:52,12050443,Air-2-5,552,0.04,4.81,0,4,4,3,1,2,5,19.1904,0.487067,60442.1,141.338,3845.95,33839.5,404688,65075,2.36954,3650.79,15074.3,49337.4,77131.5,76582.4,0.0159849,254678,72952.5,113.029,54.0301,1168.11,10465.3,2650.76,8234.62,10589.6,4086.34,3629.02
1128,1,2024-03-13 00:00:00,16:41:14,12050443,Air-2-5 (H2O trap open),554,0.05,3.5,0,4,4,3,1,2,5,14.4347,0.367818,44674.7,108.52,2853.51,30749.2,310590,49602.4,1.81631,2652.24,11035.8,35163.9,55942.4,55599.5,0.0124329,180627,52547.5,86.8179,40.4736,851.481,7440.34,1932.18,5856.08,7587.97,2941.92,2606.24
1129,1,2024-03-13 00:00:00,19:41:14,12050443,Air-2-5 (H2O trap open),556,0.04,3.54,0,4,4,3,1,2,5,14.689,0.359162,43216.4,102.379,2764.04,33493.8,308887,49445,1.80365,2667.55,10996.9,35662.1,55860.5,55568.4,0.0124956,182750,52776.3,85.5621,40.9247,852.998,7538.31,1925.67,5943.59,7669.59,2958.85,2611.81
1131,1,2024-03-14 00:00:00,01:41:14,12050443,Air-2-5 (H2O trap open) KrXe going Bad,558,0.04,3.51,0,4,4,3,1,2,5,15.3103,0.361494,44553.7,104.689,2833.95,31511.1,301366,48093.4,1.75877,1953.74,6159.3,12667.3,18859.4,52765,0.00841095,51248.7,38250.2,80.7336,38.4942,793.74,6909.07,1797.19,5456.32,7043.78,2720.48,2425.85
1134,1,2024-03-14 00:00:00,15:45:39,12050443,Air-2-5,560,0.04,4.85,0,4,4,3,1,2,5,20.2353,0.492321,58771.8,139.372,3736.81,31101.5,411395,65980.8,2.4171,1139.9,1425.62,3040.5,4742.42,72924.5,0.00419083,5679.63,16283.4,109.331,55.7165,1121.59,9523.35,2514.82,7598.94,9857.92,3842.34,3395.39
1135,1,2024-03-14 00:00:00,18:45:39,12050443,Air-2-5,562,0.05,4.76,0,4,4,3,1,2,5,19.9425,0.493651,57432.9,139.738,3633.22,34932.7,408851,65744,2.39518,1776.59,3340.17,7799.74,8830.74,73132.2,0.00637166,19661.1,31014.5,114.342,52.3153,1105.2,9646.77,2519.07,7607.04,9959.91,3844.75,3387.18
1137,1,2024-03-15 00:00:00,00:45:39,11050443,Air-1-5,563,0.04,2.4,0,4,4,3,1,1,5,8.52721,0.241843,29104.1,69.0849,1850.48,32132.9,204840,32458.7,1.18873,1294.75,3780.48,7785.27,10812,34747.2,0.00628911,30086.8,24561.9,59.4691,25.8254,525.418,4430.36,1205.58,3525.1,4635.41,1777.89,1615.56
1138,1,2024-03-15 00:00:00,03:45:39,12050443,Air-2-5,565,0.04,4.71,0,4,4,3,1,2,5,19.6493,0.494056,57018.6,135.702,3614.55,33709.1,401006,64411.5,2.35114,2599.33,7735.51,16378.2,21883.1,72977.1,0.0100413,62952.4,50756,107.126,53.989,1118.18,9710.14,2517.65,7678.66,9916.63,3813.96,3411.62
1142,1,2024-03-15 00:00:00,19:15:57,12050443,Air-2-5,567,0.05,4.69,0,4,4,3,1,2,5,19.8611,0.492374,56325.5,136.715,3598.14,32135.8,405454,64979.2,2.37925,1536.5,2715.09,6307.18,7317.86,72377.4,0.00589178,15169.5,27003.4,108.966,53.7452,1098.52,9521.42,2479.9,7529.4,9815.87,3801.69,3381.87
1144,1,2024-03-16 00:00:00,01:15:57,12050443,Air-2-5,569,0.04,4.65,0,4,4,3,1,2,5,18.6253,0.491777,57255.6,136.861,3627.5,31527.2,404137,64547,2.36978,1692.64,3224.48,7513.59,8666.93,71888.5,0.00644278,20366.5,31312,105.998,54.6721,1104.63,9486.05,2473.09,7502.57,9783.06,3784.91,3375.52
1145,1,2024-03-16 00:00:00,04:15:57,12010443,Air-2-1,571,0.04,4.81,0,4,4,3,1,2,1,4.03166,0.0964348,11653.9,29.0831,764.065,34225.6,80087,12542.1,0.459621,332.007,639.62,1481.76,1708.61,13045.9,0.00346554,4087.3,5905.49,30.975,9.31619,194.002,1668.27,458.062,1322.04,1788.1,687.871,632.078
1146,1,2024-03-16 00:00:00,07:15:57,12020443,Air-2-2,573,0.05,4.78,0,4,4,3,1,2,2,7.6478,0.191909,23245,56.0661,1501.33,32712.3,166378,26258.3,0.962678,728.752,1526.82,3347.22,3979.47,27779.4,0.00440782,9887.24,13497.7,53.8921,20.234,419.522,3583.21,973.672,2805.14,3760.77,1459.61,1297.61
1148,1,2024-03-16 00:00:00,13:15:57,12050443,Air-2-5,575,0.04,4.74,0,4,4,3,1,2,5,20.1466,0.494729,57406.1,131.638,3625.45,31900.7,398788,63852.6,2.33808,2568.37,7941.67,16749.3,23116.6,70054.9,0.0101954,65250.5,50376.9,105.525,50.7373,1065.71,9092.72,2368.52,7179.91,9406.42,3629.65,3216.4
1150,1,2024-03-16 00:00:00,19:15:57,12051443,Air-2-5-Hespl1-Krspl3,577,0.04,4.73,1,4,4,3,1,2,5,9.56958,0.24582,56626.9,131.31,3586.77,30527.6,393519,62869.8,2.30593,3130.1,11379.5,25499.2,43947.2,71176.5,0.0122225,113468,60061.9,109.534,50.3845,1069.27,9352.32,2430.94,7395.87,9600.18,3694.75,3315.99
1151,1,2024-03-16 00:00:00,22:15:57,12052444,Air-2-5-Hespl2,579,0.04,4.73,2,4,4,4,1,2,5,4.52907,0.111327,56468.1,131.614,3594.34,34598.3,395987,63536.2,2.3189,83.8612,180.743,371.484,480.089,1786.9,0.002916,1358.57,1224.6,17.6409,1.14339,25.4978,212.395,54.856,161.726,232.101,89.4439,81.9649
1152,1,2024-03-17 00:00:00,01:15:57,12053443,Air-2-5-Hespl3-Krspl3,581,0.04,4.71,3,4,4,3,1,2,5,1.5484,0.0345696,54223.8,128.249,3443.46,32492.7,395726,63260.7,2.31983,2509.03,6955.26,15000.9,19538.1,71811.1,0.00941413,57050.9,48078.5,105.281,51.8809,1095.18,9568.77,2459.04,7540.41,9775.56,3769.09,3368.82
1153,1,2024-03-17 00:00:00,04:15:57,12050444,Air-2-5,583,0.04,4.74,0,4,4,4,1,2,5,19.616,0.490822,58064.3,137.585,3728.56,35541.1,396693,63595.3,2.32474,59.4593,82.3824,186.487,222.99,1795.08,0.00283668,511.528,750.04,20.13,1.44125,25.9486,208.853,58.8306,165.385,229.097,89.0936,83.5483
1155,1,2024-03-17 00:00:00,10:15:57,11010443,Air-1-1,584,0.04,2.38,0,4,4,3,1,1,1,1.97165,0.0481617,4991.03,13.7984,376.589,31638,35623.7,5541.29,0.202571,288.895,818.186,1741.41,3637.45,5972.16,0.0034813,9023.52,5070.08,25.6311,4.72615,87.5902,755.456,214.65,597.846,812.236,313.766,287.035
1156,1,2024-03-17 00:00:00,13:15:57,11010333,Air-1-1-NeArspl3,585,0.04,2.35,0,3,3,3,1,1,1,1.6342,0.0473298,127215,292.93,8053.89,32495.3,684736,110941,4.0482,291.057,795.021,1642.23,3362.44,6009.86,0.00344939,8441.67,4986.27,28.7847,4.35161,87.7589,764.841,220.09,594.581,823.245,312.12,300.359
1157,1,2024-03-17 00:00:00,16:15:57,11210443,Air-1-1-Procspl2,586,0.04,1.06,0,4,4,3,1,1,1,0.778523,0.0208757,2587.4,5.64332,169.646,33704.8,13117.6,2016.74,0.0736833,125.278,292.178,616.968,1222.21,2469.47,0.00302709,3174.71,1985.59,20.3878,1.27,35.626,303.195,87.5419,240.926,340.408,126.157,122.459
1158,1,2024-03-17 00:00:00,19:15:57,11210333,Air-1-1-Procspl2-NeArspl3,587,0.04,1.04,0,3,3,3,1,1,1,0.902417,0.0207007,55736.3,134.003,3537.05,32315.2,281907,44716.1,1.63711,118.563,261.38,560.627,1086.37,2468.93,0.00300043,2841.5,1899.2,21.1395,1.81685,37.4097,314.72,91.7184,243.27,336.87,130.231,125.983
1159,1,2024-03-17 00:00:00,22:15:57,12050443,Air-2-5,589,0.04,4.73,0,4,4,3,1,2,5,20.3764,0.504466,57984.3,137.511,3665.21,31950.5,393461,63020.1,2.308,2983.82,8834.95,18529,36052.1,70563.1,0.0104643,96460.5,55986,105.463,50.3324,1057.48,9368.58,2418,7359.33,9405.18,3647.5,3250.53
1161,1,2024-03-18 00:00:00,04:15:57,12050443,Air-2-5 (No KrXe)                 **Kr RETUNE**,591,0.04,4.69,0,4,4,3,1,2,5,20.3305,0.508203,57525,134.27,3639.7,32268.9,387713,62077.6,2.27296,0,0,0,0,0,0,0,0,0,0,0,0,0,0,0,0,0
1163,1,2024-03-18 00:00:00,13:15:02,12050443,Air-2-5,593,0.05,4.68,0,4,4,3,1,2,5,19.6085,0.493204,54338.1,130.155,3473.82,30642,396487,63587.3,2.32443,4298,18013.1,57108.2,88178.8,92291.6,0.0177463,256404,82399.6,118.722,58.739,1216.84,10913.1,2759.84,8628.99,10992,4242.21,3764.96
1164,1,2024-03-18 00:00:00,16:15:02,12050443,Air-2-5,595,0.05,4.73,0,4,4,3,1,2,5,19.9287,0.491468,56827.7,133.294,3611.41,33652.1,397820,63979.7,2.32972,4314.82,18097.6,57929.5,89540.8,92623.6,0.0179046,266117,82872.6,118.274,56.1971,1225.86,11054.3,2767.96,8688.68,11030.4,4259.97,3770.69
1165,1,2024-03-18 00:00:00,19:15:02,12050443,Air-2-5,597,0.05,4.58,0,4,4,3,1,2,5,18.6856,0.488274,55211.9,128.946,3510.03,33939.1,399514,64103.4,2.33889,4307.57,18120,57798,89151.2,92504.2,0.0178581,262127,82617.1,116.661,56.7496,1229.25,10982.5,2782.52,8676.41,11001.1,4235.88,3795.03
1166,1,2024-03-18 00:00:00,22:15:02,11050443,Air-1-5,598,0.05,2.41,0,4,4,3,1,1,5,9.15715,0.23556,27579.9,66.6125,1785.65,33958.2,205248,32637.2,1.18995,2134.23,8786.13,27867.6,43543.5,44594,0.0102364,128503,39922.5,67.4985,28.0982,584.005,5240.42,1337.95,4142.55,5277.07,2035.89,1830.23
1168,1,2024-03-19 00:00:00,04:15:02,12050443,Air-2-5,600,0.04,4.69,0,4,4,3,1,2,5,19.2597,0.483556,57422.5,132.294,3629.34,30675.9,401124,64311.4,2.35682,4318.41,18012.2,57888.2,90933.5,91646.8,0.0182076,279437,82743.1,113.481,56.9873,1208.71,10812.9,2739.65,8544.65,10899,4220.73,3746.75
1171,1,2024-03-19 00:00:00,18:21:46,12050443,Air-2-5,602,0.05,4.72,0,4,4,3,1,2,5,19.5511,0.501847,59398.7,139.707,3789.78,31070.6,412262,66620.5,2.42403,4280.28,18173,58265.5,90330.6,92496,0.0179709,272158,82833.4,112.941,58.1805,1230.5,11002.4,2760.84,8694.72,11023.9,4254.89,3749.33
1172,1,2024-03-19 00:00:00,21:21:46,12050443,Air-2-5,604,0.04,4.75,0,4,4,3,1,2,5,19.9901,0.4975,57937.7,133.181,3677.29,32828.1,412751,66379.1,2.42189,4311.92,18108.1,58857.5,91464,92095,0.0182017,286442,83403.9,114.546,58.8994,1216.67,11026.5,2753.15,8705.44,11001.1,4248.8,3755.04
1173,1,2024-03-20 00:00:00,00:21:46,11050443,Air-1-5,605,0.04,2.36,0,4,4,3,1,1,5,9.83991,0.241273,28695,68.0241,1852.71,33397.1,210991,33497.6,1.22494,2115.68,8593.95,24787.8,40882.9,44703.8,0.00957568,109650,39257.6,64.6958,30.4871,596.821,5245.66,1355.38,4148.08,5325.32,2057.94,1839.82
1174,1,2024-03-20 00:00:00,03:21:46,12050443,Air-2-5,607,0.04,4.57,0,4,4,3,1,2,5,19.4943,0.494007,57122.5,133.581,3652.92,32305.1,411751,66190.6,2.41903,4257.85,17711.5,54459.9,87118,91910.1,0.0170418,251299,81713.7,115.677,55.7666,1216.34,10910.9,2748.21,8599.03,10928.6,4243.16,3768.71
1177,1,2024-03-20 00:00:00,17:17:27,12050443,Air-2-5,609,0.04,4.71,0,4,4,3,1,2,5,20.0306,0.495785,58793.5,143.581,3784.15,30569.8,418479,67431.2,2.46309,4248.25,17745.8,53952.1,86625.5,91751.6,0.0169774,245805,81651.2,115.26,56.8927,1220.71,10847.9,2738.69,8566.66,10954.1,4235.02,3745.09
1178,1,2024-03-20 00:00:00,20:17:27,12050443,Air-2-5,611,0.04,4.64,0,4,4,3,1,2,5,20.0994,0.486485,58431,138.994,3756.56,33044.6,418271,67364.6,2.45537,4320.47,17991.1,58016.4,91705.5,91944.3,0.0180217,290083,83693.5,115.901,57.8598,1211.85,10910.1,2742.71,8625.16,10987.2,4239.8,3757.49
1179,1,2024-03-20 00:00:00,23:17:27,11050443,Air-1-5,612,0.04,2.33,0,4,4,3,1,1,5,8.91081,0.241388,29458,69.7125,1877.4,34410.4,213800,34025.9,1.24001,2137.03,8858.28,28207.3,44840,44766.8,0.0103321,140621,40564.8,68.4993,28.8824,592.796,5242.26,1339.74,4110.95,5286.57,2059.79,1829.89
1180,1,2024-03-21 00:00:00,02:17:27,12050443,Air-2-5,614,0.04,4.7,0,4,4,3,1,2,5,20.4358,0.488574,58044.7,140.978,3758.89,35274.7,416441,67336.3,2.44292,4347.24,18318.6,59482.8,93877.2,93230.1,0.0185288,305332,84983,121.659,56.6142,1235.36,11002.6,2776.4,8673.17,11039,4253.72,3781.43
1183,1,2024-03-21 00:00:00,15:26:53,12050443,Air-2-5,616,0.05,4.8,0,4,4,3,1,2,5,20.19,0.495018,57329,136.413,3699.24,33926.9,421165,68219.1,2.46661,4363.13,18358.4,58875.9,93839,93308,0.018304,299126,85284.7,126.862,59.3467,1234.91,10996.6,2789.96,8683.47,11172.2,4311.7,3794.72
1184,1,2024-03-21 00:00:00,18:26:53,12050443,Air-2-5,618,0.04,4.76,0,4,4,3,1,2,5,20.023,0.48355,57688.3,137.428,3718.45,36360.9,420298,67809.4,2.45943,4375.47,18329.6,59031.6,93324.6,93251.7,0.0183955,295965,85389.8,123.547,59.6189,1241.04,11052.1,2791.45,8705.82,11242.5,4327.33,3856.22
1186,1,2024-03-22 00:00:00,00:26:52,11050443,Air-1-5,619,0.04,2.33,0,4,4,3,1,1,5,8.91431,0.239174,28796.2,67.5691,1847.84,34372.5,211945,33780.4,1.23137,2129.05,8875.1,27598.7,44626.4,44863.4,0.0103735,133096,40285,70.852,27.9836,592.876,5134.96,1359.89,4041.42,5305.63,2063.35,1831.21
1187,1,2024-03-22 00:00:00,03:26:53,12050443,Air-2-5,621,0.04,4.66,0,4,4,3,1,2,5,19.4198,0.488461,56672.3,132.938,3627.78,34547.9,415471,66989.5,2.4389,4345.58,18201.6,58109.7,92007.4,92696.8,0.0182475,283694,84122.8,118.73,59.4749,1234.03,10888.4,2782.33,8604.85,11122.8,4297.42,3809.84
1189,1,2024-03-22 00:00:00,12:31:55,12050443,Air-2-5,623,0.05,4.62,0,4,4,3,1,2,5,18.9633,0.476529,54730.3,130.228,3542.29,30965.3,418914,67597.3,2.46792,4289.25,18070.9,58158.6,91450.5,92265.1,0.0182567,282674,83752.7,112.533,59.1833,1217.39,10956.8,2777.96,8646.41,11096.7,4275.87,3801.32
1190,1,2024-03-22 00:00:00,15:31:55,12050443,Air-2-5,625,0.04,4.69,0,4,4,3,1,2,5,18.5872,0.471295,54759.3,130.683,3505.85,33030.1,417360,67161.9,2.4571,4280.32,18015.5,58159.3,91732.7,91732.1,0.0182731,291450,83964.4,114.381,60.1063,1222.18,10915.7,2743.68,8613.97,11068.3,4261.67,3774.8
1191,1,2024-03-22 00:00:00,18:31:55,12050443,Air-2-5,627,0.04,4.71,0,4,4,3,1,2,5,18.7738,0.471145,55427.9,130.314,3539.56,33388.9,418251,67306.6,2.4649,4261.31,18043.2,58143.1,91820,91827.9,0.0183078,291086,83911.5,112.682,58.3557,1222.69,10923.2,2742.92,8604.58,11075.1,4269.63,3775.86
1193,1,2024-03-23 00:00:00,00:31:55,12050443,Air-2-5,629,0.04,4.64,0,4,4,3,1,2,5,18.6348,0.469681,55604,130.431,3553.09,30790.9,416824,67046.4,2.46214,4231.85,17776.2,56806.9,90505.4,90904.2,0.0180744,281896,82199.1,108.572,57.6284,1198.53,10685.7,2718.63,8472.68,10859,4175.74,3704.07
1194,1,2024-03-23 00:00:00,03:31:54,12010443,Air-2-1,631,0.04,4.56,0,4,4,3,1,2,1,3.76565,0.0913553,952.409,25.3536,691.083,32945.5,81039.7,12762.3,0.468022,834.332,3405.44,10703.2,17123,17014.6,0.00576369,52675.9,15570.3,31.0528,10.3371,217.913,1914.39,507.73,1515.4,1947,758.563,681.114
1195,1,2024-03-23 00:00:00,06:31:54,12020443,Air-2-2,633,0.04,4.66,0,4,4,3,1,2,2,7.49018,0.18285,22532.2,54.2434,1452.67,30255.6,170449,27074.8,0.995431,1696.23,6950.33,21844.6,35259,35099.5,0.00887661,108826,31948.9,50.5743,22.2875,463.125,4007.69,1050.52,3178.75,4150.48,1602.88,1439.66
1197,1,2024-03-23 00:00:00,12:31:54,12050443,Air-2-5,635,0.04,4.6,0,4,4,3,1,2,5,17.7574,0.463759,56168.2,134.705,3542.85,29246.4,416559,66822.6,2.46217,4262.77,17826.4,56314.9,91141.8,90928.7,0.0181456,286609,82880.5,109.709,57.5287,1213.52,10623.4,2715.9,8350.89,10855.8,4203.52,3702.28
1199,1,2024-03-23 00:00:00,18:31:55,12051443,Air-2-5-Hespl1-Krspl3,637,0.04,4.59,1,4,4,3,1,2,5,8.79131,0.229243,56109.1,130.984,3573.78,28042.8,415994,66768.7,2.45649,4268.56,17852.3,56743,90323.9,90754.3,0.0182093,279003,82540.5,110.673,56.408,1199.81,10649.2,2732.32,8399.66,10904.1,4211.38,3739.62
1200,1,2024-03-23 00:00:00,21:31:55,12052444,Air-2-5-Hespl2,639,0.04,4.62,2,4,4,4,1,2,5,3.65412,0.104443,54589.6,129.588,3497.47,31497.7,417620,67185,2.46077,125.871,438.566,1363.32,2212.3,2169.75,0.00314568,6417.78,2042.55,17.2364,1.2674,18.1347,234.253,64.4528,180.78,260.111,94.1247,88.5519
1201,1,2024-03-24 00:00:00,00:31:54,12053443,Air-2-5-Hespl3-Krspl3,641,0.04,4.64,3,4,4,3,1,2,5,1.43994,0.0323431,53603.4,126.653,3407.54,30181.6,417946,66994.1,2.45929,4246.68,17707.1,56014.8,89762.7,90386.8,0.0180713,273815,81702,111.521,55.5141,1191.46,10507.4,2700.66,8278.22,10759.4,4150.61,3669.62
1202,1,2024-03-24 00:00:00,03:31:55,12050444,Air-2-5,643,0.04,4.61,0,4,4,4,1,2,5,18.024,0.459287,55459.6,130.674,3539.73,32957.1,417259,67094,2.45996,126.719,442.545,1368.86,2208.6,2184.02,0.00314636,6469.93,2068.61,15.8484,1.25992,28.299,231.447,66.505,178.691,257.46,98.4736,90.3615
1204,1,2024-03-24 00:00:00,09:31:54,11010443,Air-1-1,644,0.04,2.33,0,4,4,3,1,1,1,1.54389,0.0445182,5688.79,13.6737,366.674,27378.3,35935.4,5577.96,0.206823,400.207,1599.21,4865.51,8026.32,7924.61,0.00417995,23372,7237.04,20.3337,4.71406,98.3026,846.413,104.407,669.839,896.053,344.951,309.808
1205,1,2024-03-24 00:00:00,12:31:54,11010333,Air-1-1-NeArspl3,645,0.04,2.33,0,3,3,3,1,1,1,1.62491,0.044277,126513,296.184,8084.47,29892.6,729623,118709,4.35291,408.223,1607.41,4832.08,8077.43,8059.32,0.00415841,23223.5,7275.62,20.4031,4.55414,99.6997,843.132,238.338,655.436,896.428,351.655,322.939
1206,1,2024-03-24 00:00:00,15:31:54,11210443,Air-1-1-Procspl2,646,0.04,1.04,0,4,4,3,1,1,1,0.938949,0.0195812,2543.93,6.73489,167.596,31532.8,13111.4,2024.12,0.0743277,174.913,652.327,1977.93,3258.63,3215.33,0.00332581,9433.16,2980.01,16.2699,1.91916,40.2414,340.756,97.9511,271.379,373.496,144.356,130.191
1207,1,2024-03-24 00:00:00,18:31:55,11210333,Air-1-1-Procspl2-NeArspl3,647,0.04,1.03,0,3,3,3,1,1,1,0.841618,0.0193964,54339,125.628,3442.62,30367.5,298505,47384.4,1.74868,174.878,655.462,1944.86,3285.04,3242.45,0.00333119,9370.99,2965.43,14.2927,1.7184,42.5699,340.444,61.4484,269.572,371.682,143.067,130.623
1208,1,2024-03-24 00:00:00,21:31:54,12050443,Air-2-5,649,0.04,4.61,0,4,4,3,1,2,5,17.8793,0.456688,53304.8,126.795,3347.27,30667,416755,66763,2.46306,4235.6,17641.2,55046.4,90249.3,89876.4,0.0181147,280440,81538.7,109.025,55.0029,1193.48,10358.1,2683.26,8171.45,10670.4,4131.78,3666.95
1210,1,2024-03-25 00:00:00,03:31:54,12050443,Air-2-5,651,0.04,4.55,0,4,4,3,1,2,5,18.421,0.45673,56193.4,132.075,3593.96,29136.8,415220,66457.7,2.45988,4208.01,17581.8,55626.7,89090.1,89647,0.0180942,272779,81117.4,110.266,56.1421,1189.3,10459.6,2665.1,8257.73,10713.5,4124.14,3669.12
1213,1,2024-03-25 00:00:00,17:11:10,12050443,Air-2-5,653,0.05,4.59,0,4,4,3,1,2,5,18.3606,0.470512,54885,129.735,3526.49,29674.4,421298,67910.7,2.49422,4197.41,17641.9,56524.2,89346.9,90090.4,0.0180559,277131,81751.9,106.822,58.0498,1203.16,10621.5,2710.36,8380.53,10815,4179.12,3685.7
1214,1,2024-03-25 00:00:00,20:11:10,12050443,Air-2-5,655,0.04,4.57,0,4,4,3,1,2,5,18.0734,0.461907,55406.4,130.174,3569.09,32059.9,421345,67878.9,2.49167,4231.25,17696,56714.1,90389.8,90297.3,0.0180445,287944,82211.2,109.072,57.2677,1194.41,10660.8,2687.56,8425.27,10805.7,4165.9,3671.6
1215,1,2024-03-25 00:00:00,23:11:10,11050443,Air-1-5,656,0.04,2.3,0,4,4,3,1,1,5,8.52862,0.225177,28833.6,68.3738,1838,32893.2,213449,33967.4,1.2488,2075.95,8639.66,27345.3,43811.9,43515.9,0.0103483,137636,39837.3,57.148,27.5866,582.86,5070.03,1310.87,3995.53,5195.69,2006.46,1801.41
1216,1,2024-03-26 00:00:00,02:11:10,12050443,Air-2-5,658,0.04,4.61,0,4,4,3,1,2,5,18.5565,0.459602,56845.2,133.88,3658.09,32335.4,420641,67712.8,2.48584,4197.89,17645.2,56479.9,89993,89967.9,0.0179891,283710,82267.6,105.899,58.2716,1202.5,10620.6,2676.17,8384.71,10824.1,4179.04,3693.5
1219,1,2024-03-26 00:00:00,16:39:25,12050443,Air-2-5,660,0.04,4.54,0,4,4,3,1,2,5,19.0262,0.466075,56092.7,134.355,3604.15,28163.8,425732,68325,2.52155,4221.05,17638.4,56201.8,89683.4,89688.2,0.0180773,280241,81621.2,109.859,55.9964,1193.27,10496.7,2674.04,8294.63,10794.9,4158.27,3669
1220,1,2024-03-26 00:00:00,19:39:25,12050443,Air-2-5,662,0.04,4.65,0,4,4,3,1,2,5,18.5023,0.46369,56862.6,137.23,3622.32,31973.9,425663,68357,2.51493,4203.58,17661.1,56437.3,89079.2,90010.8,0.0179911,274731,81981.6,110.168,56.5159,1199.56,10621.4,2682.31,8374.94,10829.7,4192.08,3714.89
1221,1,2024-03-26 00:00:00,22:39:25,12050443,Air-2-5,664,0.04,4.6,0,4,4,3,1,2,5,17.5533,0.464358,54498.4,130.252,3531.46,32924.2,425318,68368.5,2.5096,4218.49,17630.3,56682.2,89555.3,89789.8,0.0180123,282276,82015.3,110.56,57.8982,1186.54,10648.2,2695.4,8394.55,10825.8,4172.24,3705.41
1222,1,2024-03-27 00:00:00,01:39:25,12050443,Air-2-5,666,0.04,4.67,0,4,4,3,1,2,5,18.5706,0.467918,53487.9,123.773,3445.44,33925.6,424353,68256,2.50604,4174.46,17561,56015.5,88311.1,89728,0.0178185,267969,81396.1,110.148,57.72,1190.04,10619.6,2677.65,8368.16,10792.3,4172.15,3698.91
1225,1,2024-03-27 00:00:00,16:27:48,12050443,Air-2-5,668,0.04,4.64,0,4,4,3,1,2,5,18.2257,0.470945,54161.7,130.039,3507.87,30372.6,426616,68616.6,2.52489,4193.61,17574,56159,88808.5,89428.6,0.0179767,274733,81492.4,110.303,55.8987,1185.45,10572.5,2667.59,8300.34,10786.7,4173.09,3684.27
1226,1,2024-03-27 00:00:00,19:27:48,12050443,Air-2-5,670,0.04,4.6,0,4,4,3,1,2,5,18.7931,0.46948,55476.3,130.095,3543.07,32262.9,427520,68723.7,2.52723,4205.25,17571.8,56246.5,89252.4,89390.4,0.0179668,279736,81766,108.502,58.902,1189.84,10566,2682.07,8332.28,10796.7,4160.47,3681.05
1228,1,2024-03-28 00:00:00,01:27:48,11050443,Air-1-5,671,0.04,2.31,0,4,4,3,1,1,5,9.15503,0.22742,26124.2,63.2068,1670.7,30161.6,215482,34136.6,1.26186,2065.52,8501.71,26466.3,43115.1,43023.8,0.010248,132235,39100.1,61.6076,27.0609,570.894,4927.97,1310.88,3890.16,5118.89,1968.57,1776.67
1229,1,2024-03-28 00:00:00,04:27:48,12050443,Air-2-5,673,0.04,4.58,0,4,4,3,1,2,5,18.5339,0.472802,54244.6,129.623,3440.72,31041.1,425690,68368.7,2.51463,4204.17,17538,55530.4,89467.6,89404.6,0.0178806,280665,81698.6,108.29,56.6248,1184.47,10456.3,2662.84,8273.66,10720,4163.31,3676.4
1232,1,2024-03-28 00:00:00,16:52:50,12050443,Air-2-5,675,0.04,4.51,0,4,4,3,1,2,5,18.0576,0.468914,55015.9,131.404,3508.45,28512.6,427973,68659.8,2.53362,4187.48,17468.7,55227.9,88912.5,89089,0.0179057,274831,80994.3,110.649,54.3574,1187.48,10390.1,2655.52,8187.7,10693.1,4139.18,3654.73
1233,1,2024-03-28 00:00:00,19:52:49,12050443,Air-2-5,677,0.04,4.54,0,4,4,3,1,2,5,19.0502,0.466504,54792.1,128.271,3512.36,31691.7,427860,68827.6,2.52606,4194.05,17467.4,55961,89201.6,89130.4,0.0179539,281234,81690.4,113.65,56.1802,1177.32,10507.7,2673.51,8275.97,10739.3,4149.2,3678.12
1234,1,2024-03-28 00:00:00,22:52:49,11050443,Air-1-5,678,0.04,2.32,0,4,4,3,1,1,5,8.77791,0.23053,26324.4,65.0367,1686.32,32681.9,216521,34321.2,1.26469,2061.14,8498.44,26801.4,43098.4,42969.8,0.010218,134335,39292.7,62.3869,27.9099,570.589,4998.5,1304.74,3926.58,5129.3,1976.14,1767.73
1235,1,2024-03-29 00:00:00,01:52:49,12050443,Air-2-5,680,0.04,4.61,0,4,4,3,1,2,5,18.475,0.47481,52708.9,125.497,3373.76,31877.9,426611,68445.8,2.51746,4180.45,17453.5,55784.9,88422,88967,0.0179306,272932,81054.1,112.667,56.2044,1181.27,10449.8,2662,8240.66,10718.8,4133.53,3648.05
1236,1,2024-03-29 00:00:00,04:52:49,12050443,Air-2-5,682,0.04,4.58,0,4,4,3,1,2,5,19.2841,0.477586,52270.6,123.181,3368.85,33301.3,426499,68387.3,2.51587,4186.82,17475.1,56026.4,88827.7,89022.2,0.0179388,279547,81384.5,110.856,55.6171,1172.14,10500.8,2653.28,8275.05,10697.8,4128.69,3687.97
1240,1,2024-03-29 00:00:00,18:35:31,12050443,Air-2-5,684,0.04,4.57,0,4,4,3,1,2,5,19.0055,0.473669,54317.1,129.743,3477.62,29963.6,428444,69015.5,2.5345,4164.53,17539.8,55573.5,88363.9,89375.2,0.0178484,268878,81092.8,112.62,56.3903,1184.05,10455.4,2675.23,8260.09,10759.7,4157.19,3671.54
1242,1,2024-03-30 00:00:00,00:35:31,12050443,Air-2-5,686,0.04,4.58,0,4,4,3,1,2,5,18.7044,0.482095,49642.6,118.146,3172.21,31956.5,427212,68636.5,2.51811,4166.2,17417.4,54595.2,88728.8,88746.2,0.0177166,274743,80894.4,115.215,55.0112,1180.56,10236.7,2640.81,8039.68,10621.5,4081.7,3656.41
1243,1,2024-03-30 00:00:00,03:35:31,12010443,Air-2-1,688,0.04,4.52,0,4,4,3,1,2,1,3.88907,0.0935355,2544.13,23.7253,606.159,33001.4,81311.4,12741,0.469954,808.667,3296.7,10229.6,16434.7,16513.8,0.00566671,48296.6,15077.2,32.972,9.34456,212.322,1832.73,486.02,1441.97,1914.82,735.216,668.237
1244,1,2024-03-30 00:00:00,06:35:31,12020443,Air-2-2,690,0.04,4.55,0,4,4,3,1,2,2,7.8788,0.185655,21506,51.3673,1384,31461.9,172980,27363.3,1.00988,1655.41,6795.07,21072,34235.6,34222,0.00874554,103388,31127.6,51.0304,21.2205,446.295,3870.22,1019.2,3057.93,4060.38,1564.25,1408.5
1246,1,2024-03-30 00:00:00,12:35:31,12050443,Air-2-5,692,0.04,4.44,0,4,4,3,1,2,5,18.3125,0.483092,50443,115.991,3222.59,30204.4,423729,67996.4,2.50733,4156.45,17369.3,54383.1,88560.2,88350.9,0.0178048,275800,80886.2,110.673,56.8224,1174.93,10224.7,2652.27,8078.54,10587.6,4090.03,3622.87
1248,1,2024-03-30 00:00:00,18:35:31,12051443,Air-2-5-Hespl1-Krspl3,694,0.04,4.49,1,4,4,3,1,2,5,9.38748,0.237598,51439.7,122.735,3286.05,29471.6,422573,67834.2,2.50042,4133.18,17293.9,54185.4,87521.8,88446.5,0.0176637,263738,80011.5,110.666,56.5108,1166.97,10214.4,2641.56,8070.08,10563.4,4087.99,3624.19
1249,1,2024-03-30 00:00:00,21:35:31,12052444,Air-2-5-Hespl2,696,0.04,4.58,2,4,4,4,1,2,5,4.25388,0.108605,49799.3,118.939,3192.17,32147.8,423484,68006,2.50236,125.182,433.924,1317.26,2134.8,2125.48,0.00313324,6120.98,2020.68,19.2753,1.38522,25.9052,221.86,62.6612,178.179,245.819,96.8884,88.8168
1250,1,2024-03-31 00:00:00,00:35:31,12053443,Air-2-5-Hespl3-Krspl3,698,0.04,4.57,3,4,4,3,1,2,5,1.32908,0.0338683,47114.6,110.192,2992.95,30848.7,423057,67887.2,2.50039,4134.72,17280,54316,88334.6,88255.6,0.0178034,275236,80950,111.982,55.7929,1168.61,10169.5,2648.65,8044.8,10629.1,4115.04,3640.72
1251,1,2024-03-31 00:00:00,03:35:31,12050444,Air-2-5,700,0.04,4.55,0,4,4,4,1,2,5,18.0613,0.483614,50788.3,116.951,3272.77,33520.6,422836,67893.5,2.49516,126.193,432.81,1321.01,2153.9,2129.77,0.00314183,6154.15,2024.03,19.8453,1.37328,21.6585,227.132,56.5901,178.469,251.151,93.5333,87.5472
1253,1,2024-03-31 00:00:00,09:35:31,11010443,Air-1-1,701,0.04,2.29,0,4,4,3,1,1,1,1.6581,0.0462659,5106.37,12.2548,335.09,30255,35791.4,5534.69,0.205786,394.409,1553.21,4673.37,7730.1,7710.71,0.00411853,21895.2,7075.74,21.2086,4.69328,93.6692,803.745,226.957,638.218,873.11,339.488,316.909
1254,1,2024-03-31 00:00:00,12:35:31,11010333,Air-1-1-NeArspl3,702,0.04,2.26,0,3,3,3,1,1,1,1.77568,0.0455243,109794,257.183,7038.39,30929.6,740018,120390,4.41919,406.078,1584.46,4709.09,7910.44,7915.88,0.00413168,21972.4,7134.46,26.3723,4.4537,98.1414,822.325,234.92,646.421,888.9,340.5,319.273
1255,1,2024-03-31 00:00:00,15:35:31,11210443,Air-1-1-Procspl2,703,0.04,1.02,0,4,4,3,1,1,1,0.855896,0.0194301,2280.66,5.90106,153.281,32120,12938,2003.99,0.0734378,171.795,635.722,1905.3,3156.67,3150.6,0.00331338,8863.32,2889.16,19.1836,1.94651,40.13,323.104,92.531,261.397,356.959,136.336,130.754
1256,1,2024-03-31 00:00:00,18:35:31,11210333,Air-1-1-Procspl2-NeArspl3,704,0.04,1.01,0,3,3,3,1,1,1,0.856957,0.0189705,49808.8,115.918,3194.41,31551.9,300878,47841.6,1.76453,174.132,646.242,1906.68,3211.27,3177.65,0.00330674,9179.05,2921.37,19.8543,1.96139,39.5623,331.86,90.9628,262.248,361.602,139.545,123.157
1257,1,2024-03-31 00:00:00,21:35:31,12050443,Air-2-5,706,0.04,4.57,0,4,4,3,1,2,5,18.6579,0.476532,50153.5,121.129,3183.99,30324.2,420922,67418.9,2.4888,4109.75,17113.7,52813.8,87440.6,87349.4,0.0176919,268698,79383.5,109.878,54.8063,1146.64,9827.57,2589.5,7724.18,10340.2,4007.16,3532.07
1259,1,2024-04-01 00:00:00,03:35:31,12050443,Air-2-5,708,0.04,4.52,0,4,4,3,1,2,5,18.9251,0.480105,51610.9,122.441,3317.09,29946.1,420064,67359.4,2.48851,4117.14,17209.5,53672.1,87637.1,87743.4,0.017721399999999998,270072,80056.6,112.718,55.7888,1164.9,10068.4,2609.12,7927.26,10507.6,4070.8,3606.42
1263,1,2024-04-01 00:00:00,21:11:29,11050443,Air-1-5,709,0.04,2.26,0,4,4,3,1,1,5,8.90316,0.230556,25162.1,62.2645,1618.94,28056.8,214167,34110.4,1.25708,2024.09,8360.41,25534.6,42206,42310.7,0.0100973,124800,38209.8,64.5294,26.0402,558.6,4736.91,1275.29,3711.04,4998.97,1944.22,1736.84
1264,1,2024-04-02 00:00:00,00:11:30,11050443,Air-1-5,710,0.04,2.28,0,4,4,3,1,1,5,9.55783,0.237567,24774,58.5625,1588.08,30150.6,214434,34107.8,1.25568,2027.24,8382.95,25945.7,42503.1,42300.1,0.0100786,129863,38677.6,62.6715,26.6035,557.867,4794.42,1271.39,3783.08,5056.42,1941.16,1754.45
1265,1,2024-04-02 00:00:00,03:11:30,12050443,Air-2-5,712,0.04,4.6,0,4,4,3,1,2,5,18.8663,0.485428,47827.8,113.169,3058.14,31461.6,423331,68098.2,2.50081,4113.85,17249.9,54276,87533,88078.6,0.0176227,267833,80240.5,114.511,54.9659,1162.39,10159.6,2627.08,8038.72,10583.5,4100.26,3642.05
1269,1,2024-04-02 00:00:00,17:43:46,12050443,Air-2-5,714,0.04,4.61,0,4,4,3,1,2,5,18.8984,0.478,50234.2,116.815,3224.85,31381.5,425738,68531.1,2.51998,4097.78,17220.2,54639.3,87416.8,87616.4,0.0176501,272747,79989.5,110.097,55.1047,1165.26,10237.9,2627.81,8075.03,10529.5,4063.74,3612.65
1270,1,2024-04-02 00:00:00,20:43:46,12050443,Air-2-5,716,0.04,4.52,0,4,4,3,1,2,5,19.0908,0.478124,52574.7,128.686,3362.19,32889.2,425204,68425.5,2.51617,4106.55,17192.1,54815.1,87526.1,87554.8,0.0176645,273962,80085.2,108.304,56.9374,1165.97,10279.8,2630.82,8104.37,10562.4,4073.16,3615.13
1271,1,2024-04-02 00:00:00,23:43:46,11050443,Air-1-5,717,0.04,2.22,0,4,4,3,1,1,5,8.71584,0.236944,24407.5,57.1217,1577.99,33256.9,214998,34156.6,1.25821,2004.62,8369,26256.8,42246,42231.3,0.0101066,129747,38519.2,60.0112,26.2284,556.774,4858.98,1267.78,3796.66,5039.33,1941.75,1746.71
1272,1,2024-04-03 00:00:00,02:43:46,12050443,Air-2-5,719,0.04,4.42,0,4,4,3,1,2,5,18.9778,0.483884,50633.3,120.802,3242.85,32717.3,424411,68226,2.51115,4108.04,17119.4,54451,87280.6,87345.3,0.0176589,272105,80211.5,112.467,54.8021,1158.07,10184.1,2619.11,8042.41,10542,4081.67,3611.47
1276,1,2024-04-03 00:00:00,20:40:29,12050443,Air-2-5,721,0.08,4.54,0,4,4,3,1,2,5,19.4361,0.477699,48385,115.179,3130.57,32048.2,426718,68642.9,2.5332,4071.88,17057.8,54540.7,86903.5,87042.1,0.0176819,272780,79525.6,109.589,54.8059,1146.18,10204.6,2600.64,8051.52,10478.1,4042.96,3600
1277,1,2024-04-03 00:00:00,23:40:29,12050443,Air-2-5,723,0.07,4.47,0,4,4,3,1,2,5,18.9162,0.477543,49126.6,117.814,3158.96,34141.5,425951,68687.2,2.52851,4073.16,17057.9,54408.9,86985.3,86699.7,0.0176593,275575,79921.2,104.61,52.1303,1140.86,10199.6,2585.34,8040.08,10485.9,4053.83,3591
1278,1,2024-04-04 00:00:00,02:40:29,11050443,Air-1-5,724,0.06,2.25,0,4,4,3,1,1,5,9.4901,0.232188,24187.4,55.7874,1551.31,34124.3,215153,34129.6,1.26207,2001.23,8280.43,25828.6,41476.9,41826.4,0.0100125,124519,38010.7,58.8809,26.7698,550.116,4815.29,1255.09,3812.8,4998.21,1929.57,1723.96
1279,1,2024-04-04 00:00:00,13:08:18,12050443,Air-2-5-Ne Release 85K,730,0.04,4.52,0,4,4,3,1,2,5,20.0661,0.495689,48796.5,115.205,3113.05,22334.1,431227,68994.6,2.56644,3914.5,16424.2,50746.7,83773.7,83632.4,0.0170427,257173,75317.3,103.814,54.8783,1081.47,9269.06,2451.83,7349.08,9658.22,3714.22,3319.65
1281,1,2024-04-04 00:00:00,19:47:03,12050443,Air-2-5,732,0.04,4.44,0,4,4,3,1,2,5,20.404,0.496332,51229.1,123.881,3299.34,19667.5,429045,69210.1,2.54621,3903.65,16445,51723.7,83468.3,83636.1,0.0170137,258097,76020,106.927,51.2091,1078.88,9407.97,2446.76,7440.31,9741.05,3766.72,3335.28
1282,1,2024-04-04 00:00:00,22:47:03,12050443,Air-2-5,734,0.04,4.48,0,4,4,3,1,2,5,19.134,0.483511,56492.3,138.996,3643.88,17266.3,428301,68860.3,2.53817,3882.47,16358,51607,82863.9,83188.2,0.0170138,256097,75860.4,98.037,50.103,1082.28,9401.74,2429.95,7417.49,9715.03,3757.18,3355.99
1283,1,2024-04-05 00:00:00,01:47:03,11050443,Air-1-5,735,0.04,2.26,0,4,4,3,1,1,5,9.00879,0.241389,25679.3,60.879,1677.89,8952.11,215858,34247.4,1.26519,1929.01,7974.41,24803.2,40384.8,40202.8,0.00982257,124160,36828,60.2569,25.9089,516.772,4449,1178.22,3471.23,4659.09,1799.7,1610.81
1286,1,2024-04-05 00:00:00,16:47:56,12050443,Air-2-5,737,0.04,4.45,0,4,4,3,1,2,5,20.0203,0.50325,51717.2,124.302,3350.7,36932.8,431035,69315,2.55266,3897,16365.4,52269.7,83662,83371.4,0.0170288,263563,76451.2,106.161,51.8129,1072.27,9523.71,2421.49,7492.51,9794.24,3775.81,3338.39
1288,1,2024-04-05 00:00:00,22:47:56,12050443,Air-2-5,739,0.04,4.48,0,4,4,3,1,2,5,18.3791,0.51806,81627.7,199.992,5278.97,32982.6,429091,68736.2,2.54428,3892.32,16328.5,50943.6,82686.2,83060.5,0.0169719,252253,75658.7,103.515,50.115,1063.69,9304.82,2430.33,7343.89,9718.92,3758.12,3335.29
1289,1,2024-04-06 00:00:00,01:47:56,12010443,Air-2-1,741,0.04,4.34,0,4,4,3,1,2,1,3.73919,0.101164,18266.6,42.921,1190.65,36159.7,80898.6,12681,0.469279,759.075,3111.98,9564.13,15534.9,15580.9,0.00550804,45447,14244.1,30.1341,8.38021,188.055,1642.96,444.369,1298.83,1743.15,677.97,618.674
1290,1,2024-04-06 00:00:00,04:47:56,12020443,Air-2-2,743,0.04,4.35,0,4,4,3,1,2,2,7.42613,0.20007,28086.5,67.9827,1843.22,33498.4,172158,27265.8,1.00937,1537.79,6383.26,19550,32176.2,32076.4,0.00839535,95803.3,29221.4,49.8969,18.9324,404.722,3457.19,927.159,2729.38,3659.65,1414.03,1270.12
1292,1,2024-04-06 00:00:00,11:28:12,12050443,Air-2-5-NeRelease80K,745,0.03,4.45,0,4,4,3,1,2,5,18.6009,0.510559,43347.7,105.109,2794.39,31420.1,424563,68198.6,2.52653,3793.72,15793.7,48480.2,80070.7,80256.2,0.0165945,243379,72791.1,98.2588,47.2628,1013.67,8655.06,2289.37,6828.63,9112.74,3514.92,3132.41
1293,1,2024-04-06 00:00:00,14:28:12,12050443,Air-2-5,747,0.04,4.4,0,4,4,3,1,2,5,20.076,0.504641,47270.7,113.544,3074.93,36165.5,424392,68255.9,2.51608,3879.24,16295.5,51176.9,82824.9,82608.6,0.0170049,260623,75993.7,102.454,52.0025,1071.65,9335.48,2420.19,7333.36,9644.86,3724.11,3333.83
1294,1,2024-04-06 00:00:00,17:28:12,12050443,Air-2-5,749,0.04,4.4,0,4,4,3,1,2,5,19.5931,0.508378,49694.1,119.761,3211.36,36539.2,424873,68328.7,2.51896,3867.3,16311.5,51344.1,83026.4,82859.9,0.0169628,260489,75814.2,102.868,50.4069,1071.02,9339.87,2416.3,7367.29,9691.98,3743.6,3310.95
1296,1,2024-04-06 00:00:00,23:28:12,12051443,Air-2-5-Hespl1-Krspl3,751,0.04,4.46,1,4,4,3,1,2,5,9.27855,0.251241,43504.7,104.098,2807.53,33341,421142,67565.8,2.50214,3873.65,16142.1,50361.4,82119.1,82176.8,0.0168801,253055,74985.5,98.7376,51.0599,1059.63,9214.91,2398.1,7255.31,9600.9,3707.06,3305.55
1297,1,2024-04-07 00:00:00,02:28:12,12052444,Air-2-5-Hespl2,753,0.04,4.43,2,4,4,4,1,2,5,4.07436,0.115252,56758.3,134.059,3682.47,35698.5,422262,67788,2.5036,119.815,405.681,1219.2,1993.29,1971.07,0.00310537,5782.43,1882.43,17.0546,0.677466,23.8985,200.971,53.7573,160.784,224.025,85.7861,74.5832
1298,1,2024-04-07 00:00:00,05:28:12,12053443,Air-2-5-Hespl3-Krspl3,755,0.04,4.49,3,4,4,3,1,2,5,1.26587,0.0355978,61042.8,144.083,3897.84,33922.2,421424,67583.5,2.50127,3770.75,15801.9,48897.8,79855.9,80232.7,0.016622,240932,72653.1,96.6352,48.7506,1008.46,8789.15,2315.2,6922.85,9230.44,3557.68,3167.72
1299,1,2024-04-07 00:00:00,11:10:05,12050443,Air-2-5-NeRelease75K,759,0.04,4.34,0,4,4,3,1,2,5,18.8171,0.513811,85953.1,203.097,5543.79,32317.4,423136,67737,2.5145,3826.13,16091,50224.7,81800.6,82005.7,0.0169142,250375,74932.9,97.4903,50.3476,1063.05,9150.44,2379.87,7199.59,9623.22,3711.84,3312.84
1300,1,2024-04-07 00:00:00,14:10:05,12050443,Air-2-5,761,0.04,4.43,0,4,4,3,1,2,5,18.7303,0.509945,46341.1,114.622,3040.73,35773.7,421866,67884.8,2.50704,3856.25,16141.5,50938.7,82390.7,82130.9,0.0169385,257510,75356.8,100.278,50.9802,1056.43,9249.64,2398.26,7283.86,9628.28,3718.89,3298.31
1301,1,2024-04-07 00:00:00,17:10:05,12050443,Air-2-5,763,0.04,4.45,0,4,4,3,1,2,5,20.1421,0.510835,54749.6,132.083,3551.69,37276.6,421523,67858.3,2.5014,3862.59,16204.5,51137.2,82005.5,82154.4,0.0169433,254414,75321.3,98.855,51.0787,1047.85,9284.17,2393.99,7311.46,9645.47,3723.85,3303.3
1303,1,2024-04-07 00:00:00,23:10:05,11010443,Air-1-1,764,0.03,2.18,0,4,4,3,1,1,1,1.6188,0.0493706,3286.49,19.8628,508.336,33263,35045.9,5414.42,0.202346,366.611,1449.91,4414.59,7240.13,7185.91,0.00405801,20806.3,6648.78,23.8625,3.70254,83.5057,739.151,208.073,582.013,799.623,309.938,288.02
1304,1,2024-04-08 00:00:00,02:10:05,12050443,Air-2-5,766,0.04,4.37,0,4,4,3,1,2,5,20.4885,0.514117,80326.5,198.289,5259.18,32784.2,418516,67085.1,2.49026,3836.3,16091.4,50050,81415.3,81536.7,0.0169199,249173,74396.8,98.8305,51.1406,1059.62,9083.22,2384.13,7150.49,9551.11,3677.73,3293.45
1305,1,2024-04-08 00:00:00,05:10:05,12050443,Air-2-5,768,0.04,4.38,0,4,4,3,1,2,5,20.0424,0.510656,61879.2,145.935,4053.75,35840.5,418625,67241.6,2.48719,3845.72,16122.9,50633.2,82105.6,81951.3,0.0168468,257083,75420.7,103.056,51.8925,1065.59,9222.04,2387.57,7263.48,9608.71,3706.51,3314.77
1309,1,2024-04-08 00:00:00,17:44:14,12050443,Air-2-5,770,0.04,4.36,0,4,4,3,1,2,5,19.6868,0.503875,49120.7,118.616,3209.89,36980.7,417963,67236.6,2.48163,3827.26,16137.2,50866.2,82072.3,81918.1,0.0168647,257882,75366.2,100.98,48.3012,1048.48,9231.56,2372.33,7282.47,9601.13,3712.42,3296.34
1310,1,2024-04-08 00:00:00,20:44:14,12050443,Air-2-5,772,0.04,4.34,0,4,4,3,1,2,5,19.982,0.506687,61084.4,148.565,3997.24,37894.1,418168,67241.1,2.48279,3873.31,16099.7,50829,82106.6,81858.1,0.0168447,257751,75453.9,102.194,49.7774,1057.15,9227.96,2388.84,7262.91,9585.09,3712.87,3313.44
1311,1,2024-04-08 00:00:00,23:44:14,12050443,Air-2-5,774,0.03,4.35,0,4,4,3,1,2,5,18.8568,0.498719,47368.4,113.728,3079.84,37878.8,417902,67267.1,2.48039,3804.81,16052.9,50753.3,81692.5,81714.9,0.016842,254391,75180.5,100.153,51.265,1053.95,9183.5,2369.51,7222.73,9587.41,3714.21,3293.56
1312,1,2024-04-09 00:00:00,02:44:14,12050443,Air-2-5,776,0.03,4.48,0,4,4,3,1,2,5,19.5146,0.50376,54545.9,129.808,3534.67,38597.4,417038,67041.1,2.47485,3811.44,16063.8,50749.7,81605,81753.4,0.0168177,251325,74710.5,99.3023,51.1297,1057.4,9225.78,2378.74,7224.26,9593.15,3714.38,3287.4
1315,1,2024-04-09 00:00:00,17:46:11,12050443,Air-2-5 **Retune Ne.  NEW IC HV for All IC's**,780,0.03,4.48,0,4,4,3,1,2,5,32.4088,0.496938,66979.1,194.18,6498.22,55614.6,510516,95302,2.48612,6047.19,34995.7,166356,173853,174704,0.0168419,750193,246781,158.187,112.873,2386.45,31710.7,5412.58,25296.6,32683.5,12642.4,11380.7
1316,1,2024-04-09 00:00:00,20:46:11,12050443,Air-2-5 (Problems w/ samplelist.dat overnight),782,0.03,4.48,0,4,4,3,1,2,5,34.0522,0.500039,67993.4,197.684,6527.21,63313.3,512057,95520.5,2.49368,6023.09,34863.8,166313,174667,173880,0.0168856,773881,247530,155.341,110.176,2380.9,31491,5350.91,25201.6,32537.7,12593.1,11280.5
1317,1,2024-04-09 00:00:00,23:46:11,12050443,Air-2-5,784,0.03,4.48,0,4,4,3,1,2,5,33.255,0.503948,79720.4,230.882,7756.49,64820.6,512073,95644.1,2.49335,6016.34,34797.7,165491,173082,173719,0.0167728,750551,245757,156.106,109.689,2396.22,31483.2,5366.8,25164.3,32578,12610,11289.7
1318,1,2024-04-10 00:00:00,02:46:11,12050443,Air-2-5,786,0.03,4.48,0,4,4,3,1,2,5,32.8409,0.502981,83109.9,240.597,8038,65644.4,510939,95444.7,2.48746,6014.39,34883.8,166439,175365,173679,0.0169148,786116,248610,154.103,112.442,2370.94,31459.8,5380.24,25202.9,32463.4,12601.3,11297.6
1319,1,2024-04-10 00:00:00,05:46:11,12050443,Air-2-5,788,0.03,4.48,0,4,4,3,1,2,5,32.4229,0.499004,74905.8,208.094,7278.78,66405.3,510161,95327.5,2.48439,6043.87,34863.7,166109,175253,173929,0.0168717,782760,248334,154.255,109.022,2387.69,31510.7,5349.29,25164.6,32488,12594.5,11310.4
1320,1,2024-04-10 00:00:00,10:12:26,12050443,Air-2-5-NeRelease-70K,790,0.03,4.39,0,4,4,3,1,2,5,32.9362,0.498827,41197.6,116.54,3990.17,61499.4,509917,95439.7,2.48413,5976.97,34772,165197,174147,173417,0.0168227,768763,245995,161.768,112.897,2363.53,31300.3,5338.36,25004.8,32299.6,12524.7,11213.5
1321,1,2024-04-10 00:00:00,13:17:26,12050443,Air-2-5,792,0.03,4.36,0,4,4,3,1,2,5,33.4489,0.49604,42712.9,118.272,4127.33,66458.8,509704,95327.2,2.48165,5992.67,34799.1,164957,174821,173536,0.0167753,775997,247037,159.735,112.189,2382.55,31335.2,5360.67,25034.9,32372.3,12553.9,11206.1
1322,1,2024-04-11 00:00:00,18:29:42,12050443,Air-2-5-NeRelease-80K,798,0.03,4.36,0,4,4,3,1,2,5,32.589,0.498631,67641.9,190.831,6549.14,46631.7,519684,97236.4,2.53483,5980.1,34816.3,165029,174822,173658,0.0168018,775267,247038,162.796,112.818,2383.51,31396.8,5392.81,25138,32492,12576.5,11306.3
1323,1,2024-04-11 00:00:00,21:34:41,12050443,Air-2-5,800,0.03,4.36,0,4,4,3,1,2,5,32.7344,0.495489,61122.8,176.677,5973.08,53922.3,519584,97293.1,2.53417,6017.69,34804.8,165530,174921,173615,0.0168376,776093,247000,161.824,110.813,2398.31,31443.9,5351.43,25197.3,32479.3,12583.8,11303.7
1324,1,2024-04-12 00:00:00,00:39:41,12050443,Air-2-5,802,0.03,4.31,0,4,4,3,1,2,5,33.8596,0.49778,72806.4,207.864,7174.49,56699.9,518911,97078.7,2.52969,5978.3,34792.6,164922,174011,173462,0.0167717,763527,245959,162.63,113.712,2377.44,31370,5353.71,25129.9,32465.7,12526,11284.5
1325,1,2024-04-12 00:00:00,18:32:44,12050443,Air-2-5,808,0.03,4.34,0,4,4,3,1,2,5,31.4297,0.488477,62808.9,181.124,6095.51,57956.9,493340,92306.8,2.39983,6430.11,37346.2,177720,186930,186740,0.0179021,817124,264414,172.175,122.223,2605.67,34434.6,5825.17,27578.6,35577.9,13764.5,12265.3
1326,1,2024-04-12 00:00:00,21:37:44,12050443,Air-2-5,810,0.03,4.25,0,4,4,3,1,2,5,30.9027,0.4885,59051.3,166.591,5733.42,61327.9,492229,92036.7,2.39447,6415.22,37377.5,177787,186920,186556,0.0178891,816124,264314,172.5,122.825,2589.66,34389.5,5835.97,27573.4,35498.9,13769.5,12228.6
1327,1,2024-04-13 00:00:00,00:42:44,12050443,Air-2-5,812,0.03,4.29,0,4,4,3,1,2,5,33.0921,0.484594,60502.6,173.516,5911.82,61865.9,490931,91715.2,2.38716,6422.62,37346.1,177380,187480,186402,0.0178588,830504,265232,174.468,121.702,2610.01,34361.8,5832.87,27462.2,35500,13748.7,12217.4
1328,1,2024-04-13 00:00:00,03:47:44,11050443,Air-1-5,813,0.03,2.18,0,4,4,3,1,1,5,16.1424,0.242501,47367.4,135.863,4634.92,62814.1,237120,43782.5,1.13443,3177.48,18436.6,87721.4,93027.5,92250.9,0.0102025,417830,131774,93.4873,60.5725,1283.92,16925.9,2865.71,13528.5,17460.5,6771.07,6042.3
1329,1,2024-04-13 00:00:00,06:52:44,11050443,Air-1-5,814,0.03,2.17,0,4,4,3,1,1,5,15.7353,0.241323,40579.4,115.917,3955.6,61454.9,237440,43860,1.13656,3201.54,18479.3,87883.8,93054.8,92274.2,0.0102229,419524,132110,94.3164,61.2014,1283.35,16868.9,2880.44,13515.3,17457.8,6748.27,6049.47
1331,1,2024-04-13 00:00:00,13:02:44,12050443,Air-2-5,816,0.03,4.37,0,4,4,3,1,2,5,32.7408,0.488843,66407.2,190.835,6465.22,56010,486181,90801.6,2.36268,6371.79,37164,176081,185863,185146,0.0177504,812691,262847,173.028,118.624,2593.81,34130.9,5779.26,27261.6,35314.6,13625.5,12107.6
1332,1,2024-04-13 00:00:00,16:07:44,12050443,Air-2-5,818,0.03,4.26,0,4,4,3,1,2,5,33.3745,0.500119,99595.7,283.222,9725.47,62102.4,486284,90980.3,2.3649,6379.43,37146.2,176620,186469,185568,0.0178166,821797,263751,174.393,122.741,2587.97,34133.6,5789.79,27299.7,35228.1,13650.5,12127.5
1333,1,2024-04-13 00:00:00,19:12:44,12050443,Air-2-5,820,0.03,4.27,0,4,4,3,1,2,5,31.7895,0.486805,58967.7,167.484,5726.35,64086.8,485590,90882.7,2.36175,6353.87,37071.2,176151,185949,185189,0.0177813,818059,262970,171.885,121.95,2586.03,34082.4,5774.31,27259.8,35206.1,13598.2,12170.8
1334,1,2024-04-13 00:00:00,22:17:44,11050443,Air-1-5,821,0.03,2.15,0,4,4,3,1,1,5,15.2509,0.237765,35930.4,102.888,3506.36,64023.3,235632,43557.4,1.12771,3183.11,18307,87326.4,92162.8,91774.9,0.0101707,409894,130651,92.1081,59.4834,1280.96,16778.9,2848.88,13430.7,17367.2,6727.71,6014.39
1335,1,2024-04-14 00:00:00,01:22:44,11050443,Air-1-5,822,0.03,2.19,0,4,4,3,1,1,5,15.9034,0.237729,33484.6,94.4098,3277.74,62354.1,235520,43488.4,1.12654,3159.18,18340.3,87137.8,92059.5,91763.6,0.0101685,409048,130426,91.8968,60.3039,1262.78,16745.2,2852.69,13441.9,17341,6723.78,5982.2
1336,1,2024-04-14 00:00:00,04:27:44,12050443,Air-2-5,824,0.03,4.36,0,4,4,3,1,2,5,32.4038,0.495594,85627.2,246.237,8396.99,61813.1,484737,90664.9,2.35838,6369.14,37033.8,175620,184691,184892,0.0177234,798850,261459,169.091,122.532,2555.06,34020.3,5752.49,27193.5,35176.9,13582.9,12067
1337,1,2024-04-14 00:00:00,07:32:44,12050443,Air-2-5,826,0.03,4.34,0,4,4,3,1,2,5,32.4278,0.484124,66637.2,189.385,6510.46,65425,484474,90567.3,2.35746,6384.02,37041,175204,185592,184964,0.0176385,813051,262549,178.017,121.531,2594.79,34047.5,5785.68,27190.3,35217.9,13621.8,12120.5
1338,1,2024-04-14 00:00:00,10:37:44,12050443,Air-2-5,828,0.03,4.24,0,4,4,3,1,2,5,33.4914,0.496836,110407,315.085,10813.1,67144.6,483677,90418.2,2.35215,6341.49,36916.3,175449,184531,184346,0.017714,805486,261173,170.003,121.687,2576.51,33909.5,5752.13,27100.7,35012.8,13557.7,12051.8
1339,1,2024-04-14 00:00:00,13:42:44,11050443,Air-1-5,829,0.03,2.2,0,4,4,3,1,1,5,15.6175,0.240887,47479.3,137.617,4735.8,66718.5,234415,43317.9,1.12192,3161.66,18240.5,86739.6,91790.9,91280.3,0.0101358,410758,130067,93.4095,61.2681,1267.87,16705.1,2861.42,13327.4,17291.7,6665.29,5984.88
1341,1,2024-04-14 00:00:00,19:52:44,12050443,Air-2-5,831,0.03,4.29,0,4,4,3,1,2,5,31.7746,0.497771,111617,321.085,10953.4,58352.4,481850,90002.9,2.34212,6244.51,36254,171961,181809,180461,0.0174528,807045,257163,169.713,116.605,2462.14,32343,5483.31,25874.1,33464.1,12903.1,11506.5
1342,1,2024-04-14 00:00:00,22:57:44,12050443,Air-2-5,833,0.03,4.26,0,4,4,3,1,2,5,32.0089,0.487634,60866.6,171.154,5947.01,63872,480509,89725.5,2.33641,6325.59,36797.4,174615,184852,183755,0.0176721,815922,261770,169.885,117.14,2554.8,33786.2,5721.22,27040.8,34947.3,13536.2,12042.2
1343,1,2024-04-15 00:00:00,02:02:44,12050443,Air-2-5,835,0.03,4.28,0,4,4,3,1,2,5,31.7373,0.496133,106987,309.835,10413.9,64690.5,480484,89812,2.33728,6329.81,36897.9,174682,184756,183968,0.0176243,812952,261564,168.787,120.485,2560.66,33866.5,5738.36,27101.1,34961.3,13538.8,12074.5
1344,1,2024-04-15 00:00:00,05:07:44,11050443,Air-1-5,836,0.03,2.15,0,4,4,3,1,1,5,16.138,0.241121,53006.5,152.144,5149.71,65307,233770,43228.3,1.11914,3141.17,18222.7,86801.9,91341.7,91088.8,0.0101432,404406,129468,96.7782,58.6976,1261.24,16653.7,2853.94,13334.1,17260.1,6653.16,5969.81
1345,1,2024-04-15 00:00:00,16:47:14,12050443,Air-2-5-HeNeReset40k,840,0.03,4.34,0,4,4,3,1,2,5,32.32,0.496413,111811,320.953,11008.1,56226.3,241511,45688.2,1.21254,6224.78,36145.8,171356,181147,180404,0.0173841,796755,256533,171.646,116.186,2490.15,32782.5,5583.35,26187.3,34013.9,13128.6,11719.5
1346,1,2024-04-15 00:00:00,19:52:14,12050443,Air-2-5,842,0.03,4.24,0,4,4,3,1,2,5,32.9336,0.497426,111664,322.736,10988.7,61052.7,243100,46071.3,1.21982,6201.07,36185.5,172061,181266,180642,0.0174697,797260,256643,171.137,115.82,2493.2,32862.2,5597.21,26232.5,34055.1,13125.1,11730.7
1347,1,2024-04-15 00:00:00,22:57:14,12050443,Air-2-5,844,0.03,4.36,0,4,4,3,1,2,5,31.9496,0.490449,72277.3,209.259,7144.95,62046.1,243824,46189.3,1.22332,6230.49,36217.4,171715,181683,180293,0.0174187,805595,257287,169.395,115.501,2485.64,32812.9,5574.15,26241.7,33986,13165.3,11717.4
1348,1,2024-04-16 00:00:00,02:02:14,12050443,Air-2-5,846,0.03,4.23,0,4,4,3,1,2,5,31.065,0.490449,71514.8,209.261,7032.7,62174.6,243116,46015.2,1.21978,6194.83,36130.3,171900,181575,180377,0.0174311,809133,257175,167.569,118.28,2503.99,32776.8,5567.94,26179.9,33912.8,13143.8,11706.7
1349,1,2024-04-16 00:00:00,05:07:14,12050443,Air-2-5,848,0.03,4.25,0,4,4,3,1,2,5,32.1472,0.492357,86160.9,249.517,8544.41,62148,243110,46042.6,1.2196,6209.61,36205.9,171908,181776,180636,0.0174173,807043,257456,165.88,116.236,2502.31,32844.5,5560.81,26293.9,34007.4,13163.9,11735.5
1350,1,2024-04-16 00:00:00,08:15:56,12050443,Air-2-5-NudeHeNeReset25K,850,0.04,4.3,0,4,4,3,1,2,5,32.3866,0.491923,89062.4,263.126,8869.52,64387.1,483150,90349.7,2.35176,6312.7,36691,174549,184820,183402,0.0176834,823794,261624,184.58,117.987,2556.73,33589.5,5730.58,26899.1,34771.8,13480.5,11981.5
1351,1,2024-04-16 00:00:00,11:15:56,12050443,Air-2-5,852,0.03,4.31,0,4,4,3,1,2,5,31.2958,0.489774,90533.8,259.636,8928.51,68250.2,480113,89786.6,2.33683,6262.21,36556.3,173271,183288,182325,0.0175444,810020,259345,177.968,118.296,2520.69,33421,5671.03,26750.9,34578.3,13358.4,11930.8
1352,1,2024-04-16 00:00:00,14:15:56,12050443,Air-2-5,854,0.03,4.28,0,4,4,3,1,2,5,31.632,0.485352,69218.8,199.495,6789.32,67622.1,478862,89469.7,2.33041,6288.5,36485.5,173313,183390,182151,0.0175806,813529,259700,165.625,117.693,2526.8,33386.6,5667.69,26722.3,34501.7,13374.1,11894.3
1353,1,2024-04-16 00:00:00,17:29:27,12050443,Air-2-5-NudeHeNeReset-5min-at-90K,856,0.03,4.2,0,4,4,3,1,2,5,31.3148,0.489399,83929.9,242.737,8246.74,65727,478715,89538.3,2.33132,6271.91,36521.2,172988,182950,181973,0.0175048,803288,258752,170.068,117.154,2536.95,33409.9,5662.67,26706.3,34629.9,13356.1,11920.1
1354,1,2024-04-16 00:00:00,20:34:27,12050443,Air-2-5,858,0.03,4.34,0,4,4,3,1,2,5,31.7366,0.486778,75791.4,219.124,7399.6,66759.4,476942,89244,2.32223,6269.39,36402.3,172568,182581,181898,0.0174906,802600,258586,170.231,121.899,2542.56,33369,5626.18,26718,34487,13371.9,11895
1355,1,2024-04-16 00:00:00,23:39:27,12050443,Air-2-5,860,0.03,4.36,0,4,4,3,1,2,5,29.7694,0.489231,80678.1,228.311,7883.57,67687.8,476105,88967.5,2.31861,6240.92,36300.4,171927,181921,181515,0.017401,794495,257478,166.366,118.945,2533.33,33323.6,5655.59,26668.2,34447.3,13346,11876.1
1356,1,2024-04-17 00:00:00,02:44:27,12050443,Air-2-5,862,0.03,4.3,0,4,4,3,1,2,5,32.8375,0.490661,108867,311.206,10778.4,67888.7,476109,89074.1,2.31803,6211.19,36323.7,172506,182347,181503,0.0174887,804965,258354,165.832,116.444,2524.89,33260,5665.73,26573.9,34387,13332.5,11887.9
1357,1,2024-04-17 00:00:00,05:49:27,12050443,Air-2-5,864,0.03,4.29,0,4,4,3,1,2,5,31.6415,0.486595,89203.8,256.892,8828.57,67896.4,476490,89127.3,2.31917,6255.37,36403.7,172789,183108,181638,0.0175421,816645,259824,170.375,120.946,2533.36,33307.4,5668.74,26604,34493,13340.2,11901.4
1358,1,2024-04-17 00:00:00,17:19:52,12050443,Air-2-5-NoCharcDrawdownOnNude,868,0.03,4.25,0,4,4,3,1,2,5,29.6769,0.447647,109745,313.517,10796.4,52538.3,478754,89417.3,2.33363,6061.77,35341.3,167831,177790,176536,0.0171037,785876,251488,160.396,111.069,2410.2,31626.1,5382.69,25319.6,32795.2,12690.1,11282.1
1359,1,2024-04-17 00:00:00,20:24:52,12050443,Air-2-5,870,0.03,4.29,0,4,4,3,1,2,5,28.6465,0.446521,90262.3,261.175,8897.5,62248.9,478547,89469.9,2.33132,6090.73,35356,167954,178011,176707,0.017107,791250,251916,164.527,111.558,2402.33,31679.3,5392.62,25288.7,32888.7,12730.2,11318.2
1360,1,2024-04-17 00:00:00,23:29:52,12050443,Air-2-5,872,0.03,4.21,0,4,4,3,1,2,5,29.2342,0.446634,89171.9,260.622,8823.07,64968,477546,89340.8,2.32722,6082.95,35419.2,168135,177769,176661,0.0171186,787494,251657,162.113,113.868,2400.06,31665.2,5397.26,25329.5,32779.6,12709.7,11338.4
1361,1,2024-04-18 00:00:00,02:34:52,12050443,Air-2-5,874,0.03,4.18,0,4,4,3,1,2,5,28.3096,0.442246,69720.4,199.426,6877.61,66568,476298,89055.7,2.32044,6060.33,35366.3,167445,176655,176054,0.0170532,770234,249714,166.611,111.263,2392.3,31640,5343.63,25197.4,32823.6,12648,11293.3
1362,1,2024-04-18 00:00:00,05:39:52,12050443,Air-2-5,876,0.03,4.3,0,4,4,3,1,2,5,28.3696,0.438777,64767.9,187.276,6340.6,66816.6,475538,88950.6,2.31635,6049.37,35258.7,167634,177005,176057,0.0170977,776676,250133,164.141,112.937,2405.42,31560.7,5360.73,25262.2,32712.9,12699.4,11310.4
1363,1,2024-04-18 00:00:00,11:28:18,12050443,Air-2-5-HeInlet20K,880,0.03,4.25,0,4,4,3,1,2,5,32.316,0.47274,70384.1,202.69,6912.64,57557.7,477645,89348.1,2.3288,6084.4,35330.2,167093,176885,176318,0.0170268,775865,250429,162.705,114.118,2394.91,31593,5379.84,25257.9,32797.8,12689.6,11334.1
1364,1,2024-04-18 00:00:00,14:28:18,12050443,Air-2-5,882,0.03,4.18,0,4,4,3,1,2,5,32.238,0.469774,74355.1,212.694,7394.87,65992.6,473869,88672.5,2.30988,6054.33,35200,167159,176064,175800,0.0170312,768144,249201,164.389,110.234,2381.79,31484,5344.56,25173.2,32678.6,12647.2,11300.5
1365,1,2024-04-18 00:00:00,17:28:18,12050443,Air-2-5,884,0.04,4.25,0,4,4,3,1,2,5,30.1055,0.466521,62100.5,182.062,6135.35,68088.5,473947,88642.1,2.30929,6030.75,35207.8,166840,176014,175608,0.01702,770657,249403,154.259,111.653,2404.81,31500.9,5341.44,25144.9,32615.2,12612.8,11198.3
1366,1,2024-04-18 00:00:00,20:28:18,12050443,Air-2-5,886,0.03,4.14,0,4,4,3,1,2,5,29.7602,0.467084,64324.2,186.936,6273.07,68596.4,472040,88376.6,2.3018,6003.66,35168.2,166958,176408,175271,0.0170747,777728,249736,156.462,109.658,2378.69,31398.7,5332.87,25087.9,32578.7,12604.7,11242.8
1367,1,2024-04-18 00:00:00,23:28:18,12050443,Air-2-5,888,0.03,4.22,0,4,4,3,1,2,5,29.3157,0.464305,58726.4,175.396,5819.23,69214.8,471124,88141.9,2.29586,5991.75,35117.8,167050,176383,175175,0.0170967,783482,250019,160.228,110.661,2357.17,31410.9,5340.92,25082.9,32555.4,12610.7,11198.5
1368,1,2024-04-19 00:00:00,02:28:18,12050443,Air-2-5,890,0.03,4.12,0,4,4,3,1,2,5,29.2626,0.458616,54344.6,155.808,5334.11,68921.4,470828,88114.1,2.2956,6024.41,35129,166534,176657,175377,0.0170131,784699,250069,159.271,107.206,2370.21,31455.5,5326.52,25121.3,32544.4,12572.5,11246.5
1369,1,2024-04-19 00:00:00,08:18:49,12050443,Air-2-5-LN2H2OTrap-open,892,0.03,1.93,0,4,4,3,1,2,5,16.6065,0.246663,28469,83.8243,2792.39,57606.3,209045,38578.8,0.999868,2399.93,14015.8,66491.3,70474.7,70163.8,0.00842522,314663,99843.1,52.8507,25.0346,561.137,7325.33,1254.24,5863.85,7614.67,2972.5,2656.76
1370,1,2024-04-19 00:00:00,11:18:49,12050443,Air-2-5,894,0.03,1.95,0,4,4,3,1,2,5,16.1635,0.249462,39660,115.058,3955.22,63277.5,206161,38012,0.984615,2553.51,14773.5,70050.6,73785.2,73910.1,0.00874138,324276,104876,51.2865,26.6931,556.269,7349.57,1267.44,5881.16,7646.22,2971.89,2646.56
1371,1,2024-04-19 00:00:00,16:41:35,12050443,Air-2-5-TiSAESbaked,896,0.03,4.2,0,4,4,3,1,2,5,30.8188,0.471107,57670.1,163.179,5654.19,56033.3,472054,88362.7,2.30231,5967.75,34871.3,164933,174500,174005,0.0168738,767719,247544,151.144,110.088,2379.11,31151.5,5295.15,24886.9,32351.3,12480.2,11128.1
1373,1,2024-04-19 00:00:00,22:41:35,12050443,Air-2-5,898,0.03,4.2,0,4,4,3,1,2,5,31.4066,0.480623,76564.9,221.297,7506.71,56874.9,468662,87649.2,2.28555,5804.97,33867.6,160201,168980,168514,0.0164734,735658,239249,149.491,102.919,2221.79,29349.2,4996.01,23453.1,30537.9,11816.2,10497.3
1374,1,2024-04-20 00:00:00,01:41:35,12050443,Air-2-5,900,0.03,4.12,0,4,4,3,1,2,5,33.233,0.477314,65513.5,191.969,6491.24,64920.7,468619,87798.4,2.28517,5993.34,34974.5,166164,175377,174395,0.0170202,776084,248462,155.186,110.596,2377.04,31270.4,5334.16,24976.5,32385.4,12533.2,11156.4
1375,1,2024-04-20 00:00:00,04:41:35,12050443,Air-2-5,902,0.03,4.21,0,4,4,3,1,2,5,31.3884,0.474535,65181.6,187.974,6413.91,66068.6,468309,87570.6,2.28422,5954.46,34899,165448,174993,174188,0.0169107,770067,247745,156.016,108.423,2373.74,31162.7,5305.02,24915.1,32391.9,12456.3,11110.7
1376,1,2024-04-20 00:00:00,07:41:35,12050443,Air-2-5,904,0.03,4.23,0,4,4,3,1,2,5,32.1356,0.470946,64316,186.323,6312.24,67974,467869,87588.2,2.28175,5970.27,34828.2,165108,174394,173759,0.016917,764120,246979,157.782,109.244,2356.81,31179.3,5298.47,24845.6,32244.1,12494.8,11133.8
1377,1,2024-04-20 00:00:00,10:41:35,12050443,Air-2-5,906,0.03,4.16,0,4,4,3,1,2,5,29.5545,0.473043,63807.9,183.802,6227.3,68256.6,467695,87564,2.2812,5964.03,34867.8,165551,174840,173965,0.0169767,770096,247522,158.283,111.047,2365.45,31151,5275.92,24863.3,32268.1,12440,11144.5
1378,1,2024-04-20 00:00:00,13:41:35,12050443,Air-2-5,908,0.03,4.09,0,4,4,3,1,2,5,31.9344,0.474008,66772,191.935,6581.81,68686.6,467312,87506.5,2.27917,5986.45,34800.4,165337,175045,173663,0.0169269,779736,248368,159.314,105.517,2359.61,31008.9,5286.77,24856.1,32279.1,12478.8,11136.8
1379,1,2024-04-20 00:00:00,16:41:34,12050443,Air-2-5,910,0.03,4.12,0,4,4,3,1,2,5,31.8287,0.478423,79481.9,227.934,7820.9,69080.4,467218,87474.2,2.27743,5994.05,34852.3,165364,175254,173852,0.0169275,781075,248419,158.802,109.543,2359.43,31055.6,5268.01,24821.7,32271.1,12489.9,11120.3
1380,1,2024-04-20 00:00:00,19:41:34,12050443,Air-2-5,912,0.03,4.27,0,4,4,3,1,2,5,31.0374,0.47716,80918.9,236.394,8017.81,69212.6,466474,87234.3,2.27453,5933,34755.3,165017,174720,173292,0.0169152,775752,247720,158.976,111.496,2346.3,30938.3,5250.41,24761.5,32232.8,12437.7,11105.9
1381,1,2024-04-20 00:00:00,22:41:34,12050443,Air-2-5,914,0.03,4.1,0,4,4,3,1,2,5,30.6619,0.481225,99153.1,284.95,9790.72,69904.5,466271,87301.6,2.27423,5960.41,34819.8,165253,174871,173537,0.0169334,781619,248030,161.686,111.796,2347.97,30989.2,5266.83,24776.4,32168.9,12468.7,11093.6
1382,1,2024-04-21 00:00:00,01:41:34,11050443,Air-1-5,915,0.03,2.08,0,4,4,3,1,1,5,14.6759,0.234353,53197.4,152.188,5271.98,68674.9,227224,42038.8,1.09091,2949.4,17122.2,81261.6,85735,85719.2,0.00969875,376131,121580,92.5902,55.2942,1170.26,15333.9,2623.37,12261.6,15955.9,6174.48,5522.46
1383,1,2024-04-21 00:00:00,04:41:34,12050443,Air-2-5,917,0.03,4.09,0,4,4,3,1,2,5,31.6823,0.477649,90062.2,261.589,8857.33,66323.6,464985,86965.3,2.267,5921.63,34612.5,163519,172711,172549,0.0167576,753105,244873,160.306,109.27,2348.82,30862.7,5216.64,24654.6,32002,12454.3,11058.3
1384,1,2024-04-21 00:00:00,07:41:34,12050443,Air-2-5,919,0.03,4.16,0,4,4,3,1,2,5,31.6205,0.481519,116365,339.8,11581,69002.8,464468,86917.7,2.26507,5919.8,34549.5,164107,173336,172392,0.0168449,761376,245688,157.429,110.895,2341.89,30821.3,5282.5,24675.9,32027.5,12368.8,11045.4
1385,1,2024-04-21 00:00:00,10:59:15,12050443,Air-2-5-NudeStart100K,921,0.03,4.29,0,4,4,3,1,2,5,32.442,0.477072,88861.2,257.079,8741.97,66558.4,464314,86886.2,2.26437,5901.1,34596.5,163828,172760,172450,0.0168041,753067,244836,154.353,109.946,2350.44,30799.2,5237.17,24646.8,32038.1,12410.9,11047.9
1386,1,2024-04-21 00:00:00,14:01:45,12050443,Air-2-5,923,0.03,4.12,0,4,4,3,1,2,5,30.29,0.474931,76342.2,220.991,7482.12,68999.5,463758,86817.6,2.26149,5922.28,34539.8,164026,173172,172537,0.0168518,759034,245287,158.36,106.377,2339.33,30796.5,5229.9,24628,32041.1,12396.6,11031.7
1387,1,2024-04-21 00:00:00,17:06:44,12050443,Air-2-5,925,0.03,4.07,0,4,4,3,1,2,5,31.075,0.474211,72243.1,202.248,7090.74,68947.2,463511,86718,2.26056,5915.07,34568.9,163880,173246,172506,0.0168225,761778,245436,156.921,108.902,2341.7,30806.4,5262.7,24634.8,32058.1,12381.8,11055.5
1388,1,2024-04-21 00:00:00,20:11:45,12050443,Air-2-5,927,0.03,4.21,0,4,4,3,1,2,5,31.9615,0.471104,71305.1,205.255,6981.09,69108.2,463765,86715.4,2.26187,5926.29,34539.8,163581,173098,172239,0.0167636,762444,245479,158.825,111.002,2326.69,30785.8,5244.46,24582,32022.2,12393,11050.9
1389,1,2024-04-21 00:00:00,23:16:45,12050443,Air-2-5,929,0.03,4.12,0,4,4,3,1,2,5,31.4166,0.46678,57609.3,165.558,5639.19,69056.9,462611,86506.3,2.25575,5893.53,34488.9,163239,173145,171848,0.016745,764921,245230,150.789,108.281,2329.63,30769.9,5220.41,24582.1,31970.7,12394.5,11015.5
1390,1,2024-04-22 00:00:00,02:21:45,12050443,Air-2-5,931,0.03,4.11,0,4,4,3,1,2,5,31.3384,0.4596,53501.8,153.85,5302.97,69782.7,462045,86414.4,2.25378,5884.57,34460.5,162945,173129,171610,0.0167051,764962,245110,155.42,108.975,2327.36,30740.6,5220.34,24520.5,31921.4,12355.6,11043.1
1391,1,2024-04-22 00:00:00,16:02:22,12050443,Air-2-5,933,0.03,0.03,0,4,4,3,1,2,5,33.4936,0.467425,64589.9,186.473,6412.69,64314.6,471481,88218.1,2.30477,5703.62,33207.1,157453,167099,165529,0.016292,748582,237792,149.43,104.156,2201.02,29150.5,4959.24,23271.9,30355.1,11743.8,10443.8
1393,1,2024-04-22 00:00:00,22:02:22,12050443,Air-2-5,935,0.03,4.1,0,4,4,3,1,2,5,30.3849,0.469634,66196.2,192.276,6548.09,56133.6,466816,87321.7,2.28031,5639.96,32864.8,155784,165574,163724,0.016182,739323,234560,147.55,100.455,2148.37,28233.8,4781.71,22548.1,29406.6,11367.9,10137
1394,1,2024-04-23 00:00:00,01:02:22,12050443,Air-2-5,937,0.03,4.07,0,4,4,3,1,2,5,30.8626,0.466896,69228.8,199.368,6820.64,64434.7,465941,87173.7,2.27405,5853.5,34142.9,161656,171856,170375,0.0166329,764838,243903,152.182,106.764,2313.7,30381,5178.38,24324.8,31627.7,12272.1,10935.2
1395,1,2024-04-23 00:00:00,04:02:22,12050443,Air-2-5,939,0.03,4.11,0,4,4,3,1,2,5,31.0143,0.459364,56444.2,160.759,5576.35,66301.6,465140,86973.4,2.27018,5845.58,34097.2,161465,170947,170303,0.0166118,747096,242060,153.571,112.108,2306.84,30414.7,5185.3,24315.2,31658.8,12226.9,10918.4
1396,1,2024-04-23 00:00:00,07:02:22,12050443,Air-2-5,941,0.03,4.09,0,4,4,3,1,2,5,29.5357,0.450073,61465.6,176.699,6061.97,67856.2,465046,87057.6,2.27043,5840.59,34108.9,161444,171342,170240,0.0166367,756501,242653,148.894,106.131,2311.33,30354.8,5176.24,24249.4,31544.7,12191,10937.8
1397,1,2024-04-23 00:00:00,10:02:22,12050443,Air-2-5,943,0.03,4.1,0,4,4,3,1,2,5,31.5985,0.466814,68824.3,205.053,6810.33,69084.3,464971,86962.7,2.27007,5828.6,34096.7,161834,171473,170108,0.0166378,758994,242938,157.494,108.501,2299.49,30410.3,5163.98,24224.7,31523.8,12222.4,10863.9
1398,1,2024-04-23 00:00:00,13:02:22,12050443,Air-2-5,945,0.03,4.06,0,4,4,3,1,2,5,30.4353,0.463046,62720,180.999,6173.24,69500.5,463403,86776.8,2.2607,5845.32,34066.1,161254,170897,169662,0.0166116,754901,242401,161.36,105.461,2293.18,30317.5,5155.54,24200.7,31507.9,12196.6,10864
1399,1,2024-04-23 00:00:00,16:38:07,12050443,Air-2-5,947,0.03,4.02,0,4,4,3,1,2,5,29.6951,0.455527,61059,173.294,6053.95,64883.6,463074,86684.7,2.26086,5819.07,34033.9,161127,171051,169643,0.0165894,764204,242917,149.659,108.3,2297.07,30269.1,5169.05,24131,31486.8,12161.9,10858.4
1400,1,2024-04-23 00:00:00,19:38:07,12050443,Air-2-5,949,0.03,4.11,0,4,4,3,1,2,5,29.6129,0.458593,59404.8,171.61,5847.31,68210.8,462538,86611.1,2.25824,5832.54,34026.1,160959,170270,169567,0.0165691,747598,241310,152.602,107.069,2288.67,30260.2,5158.79,24204,31437.6,12193.8,10881.9
1401,1,2024-04-23 00:00:00,22:38:06,12050443,Air-2-5,951,0.04,4.07,0,4,4,3,1,2,5,30.4291,0.459238,55444.5,160.006,5479.57,68807.9,461317,86262.3,2.25112,5789.83,33939.3,160382,169953,169243,0.0164964,746594,240835,155.466,110.264,2286.27,30160.5,5157.63,24160.2,31427.1,12129.5,10858.2
1402,1,2024-04-24 00:00:00,01:38:06,12050443,Air-2-5,953,0.03,4.14,0,4,4,3,1,2,5,30.3334,0.462689,63855,181.675,6279.28,69028.9,460498,86205.2,2.24706,5777.48,33814.4,160314,169789,168913,0.0165122,749530,240774,154.179,105.568,2298.15,30120.4,5125.68,24027.8,31316.5,12118.6,10790.6
1403,1,2024-04-24 00:00:00,04:38:06,12050443,Air-2-5,955,0.03,4.11,0,4,4,3,1,2,5,28.9705,0.460526,59747.1,171.778,5882.59,69216.9,459767,86030.2,2.24341,5797.34,33857,159762,169846,168633,0.0164677,750132,241071,155.974,109.098,2269.14,30074.9,5144.17,24074.3,31340.3,12153.4,10831.5
1407,1,2024-04-24 00:00:00,17:16:25,12050443,Air-2-5,957,0.07,4.06,0,4,4,3,1,2,5,29.8752,0.443138,59898.9,177.313,5896.35,68254.6,457786,85629.1,2.23397,5795.32,33689.5,159858,169519,168338,0.0164959,751563,240342,152.461,105.484,2282.68,30018.1,5132.67,23965.7,31268.8,12075.1,10803.6
1408,1,2024-04-24 00:00:00,20:16:25,12050443,Air-2-5,959,0.07,4.1,0,4,4,3,1,2,5,28.5469,0.462914,70372.3,204.212,6860.61,70037.1,456719,85459.9,2.22927,5773.07,33786.3,159659,169476,168033,0.0164828,754348,240807,151.766,107.211,2271.28,29939.5,5121.38,23951.3,31186.6,12067.5,10816.6
1409,1,2024-04-24 00:00:00,23:16:25,11050443,Air-1-5,960,0.07,2.07,0,4,4,3,1,1,5,14.277,0.222596,30884.7,90.2344,3030.26,68307.6,224459,41587.5,1.07919,2868.11,16642.9,79099.9,83904.9,83214.4,0.00953462,376136,119150,84.9406,52.8491,1134.26,14884.7,2550.84,11879.8,15577.1,6017.77,5374.48
1410,1,2024-04-25 00:00:00,02:16:25,12050443,Air-2-5,962,0.07,4.05,0,4,4,3,1,2,5,29.5236,0.454348,59888.7,173.853,5908.41,66766.8,454973,85125.3,2.22108,5754.58,33634.5,159004,167500,167704,0.0163896,725260,237776,145.074,107.433,2276.51,29873.7,5104.11,23918.1,31140.7,12040.6,10762.2
1411,1,2024-04-25 00:00:00,05:16:25,12050443,Air-2-5,964,0.07,4.18,0,4,4,3,1,2,5,27.9229,0.455765,56268.9,161.907,5593.66,68800.3,455229,85203.6,2.22292,5723.02,33604.9,159184,168984,167617,0.0164551,751957,239948,150.133,106.841,2263.01,29890.9,5109.69,23893.4,31109.3,12049.2,10734.3
1415,1,2024-04-25 00:00:00,17:47:41,12050443,Air-2-5,966,0.03,4.09,0,4,4,3,1,2,5,31.5201,0.462405,71361.3,209.849,7141.55,60891.8,454198,84912.3,2.21829,5706.08,33540.1,158685,168183,167469,0.016414,737939,238479,154.054,110.694,2253.48,29819.9,5094.04,23817,31042.8,12029.9,10783.6
1416,1,2024-04-25 00:00:00,20:47:41,12050443,Air-2-5,968,0.03,4.05,0,4,4,3,1,2,5,29.978,0.459652,64598.4,185.207,6423.48,67340.6,453456,84901.6,2.214,5731.75,33483.8,158648,168309,167282,0.0163829,742847,238731,150.541,107.623,2271.9,29762,5064.14,23800.4,31097.4,11983.4,10710.2
1417,1,2024-04-25 00:00:00,23:47:41,12050443,Air-2-5,970,0.03,4.05,0,4,4,3,1,2,5,29.8069,0.451899,55570.5,161.555,5457.66,68756.7,453560,84952.3,2.21577,5724.66,33503.4,158684,168193,166976,0.0163888,745028,238926,150.798,107.89,2268.37,29746.4,5081.91,23805.3,30980.4,11961.2,10703.4
1418,1,2024-04-26 00:00:00,02:47:41,12050443,Air-2-5,972,0.03,4.18,0,4,4,3,1,2,5,29.8489,0.453517,60327.8,173.695,5937.07,68869.7,452814,84841.1,2.21257,5699.04,33514,158660,168268,167113,0.0164136,747196,238920,147.175,104.525,2267.43,29687.4,5072.29,23708.4,30989.4,12017.3,10736.6
1422,1,2024-04-26 00:00:00,17:39:51,12050443,Air-2-5,974,0.07,4.03,0,4,4,3,1,2,5,30.1208,0.456573,61375.9,175.452,6039.54,70208.7,455001,85090.4,2.22223,5696.82,33439.9,158242,167960,166856,0.0163524,742461,238399,149.356,103.46,2257.58,29707.1,5083.76,23742.7,31023,11967.3,10699.7
1423,1,2024-04-26 00:00:00,20:39:51,12050443,Air-2-5,976,0.07,4.07,0,4,4,3,1,2,5,30.1721,0.457916,62984.1,184.282,6232.85,69339.6,453364,84948.3,2.21582,5713.69,33408.7,158237,167911,166612,0.01636,747393,238793,150.526,106.672,2243.33,29660.5,5084.24,23716.4,30991.7,11977.4,10713.1
1424,1,2024-04-26 00:00:00,23:39:51,12050443,Air-2-5,978,0.07,4.13,0,4,4,3,1,2,5,30.1989,0.454261,58707.6,168.573,5791.21,68937.4,452526,84666.1,2.21114,5676.12,33386.3,158028,166652,166318,0.0163403,725255,236718,149.058,106.952,2245.22,29639.5,5073.45,23684.3,30886.1,11983.8,10699.2
1425,1,2024-04-27 00:00:00,02:39:51,12050443,Air-2-5,980,0.07,4.16,0,4,4,3,1,2,5,30.0189,0.455624,59793.1,172.237,5915.5,69576.8,452089,84604.2,2.2086,5688.61,33340.5,157783,167004,166313,0.0163289,733325,237082,150.967,106.499,2262.59,29560.3,5046.99,23713,30927.5,11911,10685.4
1427,1,2024-04-27 00:00:00,08:39:51,12050443,Air-2-5,982,0.07,4.13,0,4,4,3,1,2,5,30.8609,0.452846,57016.5,171.643,5704.12,62365.1,449749,84267.9,2.19701,5364.04,31346.7,148469,157330,155988,0.0155757,697479,223216,153.442,94.6981,2011.34,26398.4,4501.68,21093,27566,10635.5,9506.27
1429,1,2024-04-27 00:00:00,15:18:40,12050443,Air-2-5,984,0.03,4.09,0,4,4,3,1,2,5,28.9689,0.456197,65880.5,192.243,6538.14,60014,449417,84139,2.1948,5678.37,33173.8,157130,166711,165640,0.0162925,735843,236829,153.23,104.824,2257.6,29463.9,5055.24,23483.9,30729.5,11879.8,10630.4
1430,1,2024-04-27 00:00:00,18:18:39,12050443,Air-2-5,986,0.03,3.99,0,4,4,3,1,2,5,29.1292,0.458144,63224.2,182.18,6283.56,65311.5,449236,84124.9,2.19423,5692.04,33300.8,157406,166978,166017,0.0162812,736423,237184,153.668,104.382,2254.64,29562.9,5063.51,23569.3,30804.7,11894.5,10645.1
1431,1,2024-04-27 00:00:00,21:18:38,12050443,Air-2-5,988,0.03,4.06,0,4,4,3,1,2,5,29.2225,0.464067,73232.9,217.533,7407.08,67053.9,449637,84220.5,2.19699,5656.86,33271.6,157650,166814,165779,0.0163376,736046,236987,150.63,105.655,2246.52,29535.7,5071.33,23604.3,30770.7,11902,10657.9
1433,1,2024-04-28 00:00:00,03:18:39,12050443,Air-2-5,990,0.03,3.99,0,4,4,3,1,2,5,29.627,0.46198,69242,201.532,6913.49,59628.9,446527,83521.5,2.18129,5292.55,30985.8,146529,155414,154121,0.0154177,690309,220467,141.481,93.6254,1986.56,25983.4,4459.74,20810.9,27191.5,10486.4,9409.42
1434,1,2024-04-28 00:00:00,06:18:39,12050443,Air-2-5,992,0.03,4.05,0,4,4,3,1,2,5,29.0579,0.464796,92840.7,269.15,9196.31,67172,445676,83438.7,2.17589,5684.5,33107.6,156892,166407,165232,0.0162782,737164,236466,149.008,103.828,2259.36,29381.9,5059.47,23435.5,30588.1,11824.3,10594.4
1435,1,2024-04-28 00:00:00,09:18:38,12050443,Air-2-5,994,0.03,4.06,0,4,4,3,1,2,5,29.679,0.465942,94707.2,274.209,9400.97,67350.8,446473,83565.8,2.18118,5647.65,33124.3,156706,165708,165072,0.0162402,725457,235184,150.695,103.089,2231.01,29318.1,5019.99,23451.4,30707,11897.3,10624
1437,1,2024-04-28 00:00:00,16:00:16,12050443,Air-2-5,996,0.03,4.09,0,4,4,3,1,2,5,29.665,0.460902,68847.3,200.896,6826.18,66323.6,446581,83679.4,2.18295,5634.42,32974.6,156249,165324,164796,0.0162332,727233,234774,153.4,102.506,2213.07,29250.9,5022.63,23409.6,30512.7,11775.2,10542.6
1438,1,2024-04-28 00:00:00,19:03:38,12050443,Air-2-5,998,0.03,4.03,0,4,4,3,1,2,5,30.5292,0.468138,92401.4,267.961,9190.65,67152,451958,84656.6,2.20946,5744.88,33442.6,158418,168440,166798,0.0164239,751862,239752,153.918,109.055,2270,29684.8,5073.61,23745.3,31006.2,12011,10703.1
1439,1,2024-04-28 00:00:00,22:03:38,12050443,Air-2-5,1000,0.03,3.92,0,4,4,3,1,2,5,29.9104,0.458682,64046.9,187.077,6393.86,68492.3,447211,83721.1,2.18577,5620.71,33061.3,156407,166445,164992,0.0162442,741610,236701,152.298,106.23,2229.95,29332.3,5029.41,23446.1,30549.1,11812.3,10607.5
1440,1,2024-04-29 00:00:00,01:03:38,12050443,Air-2-5,1002,0.03,3.99,0,4,4,3,1,2,5,32.526,0.465845,104155,307.286,10438.8,68891.1,446724,83577.4,2.18291,5630.15,33063.3,155725,164634,164615,0.0161336,714826,233891,152.088,104.47,2223.35,29272,5019.16,23368.1,30511.2,11797.2,10552.8
1441,1,2024-04-29 00:00:00,04:03:38,12050443,Air-2-5,1004,0.03,3.98,0,4,4,3,1,2,5,30.5709,0.463112,88285.2,252.817,8847.48,69537,445754,83492.7,2.17914,5632.29,32926.9,155752,165942,164633,0.0161669,736233,235657,150.828,105.781,2229.46,29288.5,5014.22,23370.2,30518.4,11778.3,10559.8
1442,1,2024-04-29 00:00:00,08:02:22,12050443,Air-2-5-TiSponge-Cold,1006,0.03,4.11,0,4,4,3,1,2,5,29.8513,0.464495,85444.1,246.102,8460.7,65187.1,448515,83973.9,2.19257,5627.87,33048.8,156104,165139,164833,0.0162179,721460,234564,159.48,102.332,2220,29293.6,5003.11,23452.5,30562.8,11779.2,10538.7
1443,1,2024-04-29 00:00:00,11:05:46,12050443,Air-2-5,1008,0.03,4.09,0,4,4,3,1,2,5,28.6128,0.459911,68245.8,194.616,6758.51,68619.3,450741,84434.1,2.20354,5710.12,33368,157790,167314,166135,0.0163671,738948,237527,157.795,106.402,2241.5,29531.9,5045.36,23606.9,30845.9,11917.4,10690.2
1444,1,2024-04-29 00:00:00,14:05:46,12050443,Air-2-5,1010,0.03,3.93,0,4,4,3,1,2,5,30.1367,0.465893,91257.6,265.404,9008.1,68181.7,451564,84592.1,2.20796,5723.54,33408.6,158169,167841,166775,0.0164278,742190,238585,159.757,104.355,2270.32,29583.6,5079.03,23662,30899.4,11987.6,10712.5
1445,1,2024-04-29 00:00:00,17:28:24,12050443,Air-2-5-NoCharcCyclingto80,1012,0.03,4.02,0,4,4,3,1,2,5,28.5952,0.434588,47845.9,139.072,4710.98,66375.1,447984,83892.7,2.18946,5638.46,32966.7,156390,165335,164654,0.0162531,727254,234938,153.698,106.465,2240.69,29265.2,5020.64,23352.3,30454.2,11788.7,10585.7
1446,1,2024-04-29 00:00:00,20:28:24,12050443,Air-2-5,1014,0.03,3.94,0,4,4,3,1,2,5,28.6618,0.43392,46642.2,137.204,4577.38,69007.7,445369,83450.9,2.17674,5619.13,32825.5,155167,164653,163831,0.0161617,726653,233963,157.265,103.505,2217.47,29110.7,4982.52,23224.3,30383,11753.5,10532.1
1447,1,2024-04-29 00:00:00,23:28:24,12050443,Air-2-5,1016,0.03,4.02,0,4,4,3,1,2,5,28.0388,0.438117,50383.2,147.66,5004.11,69571.7,444864,83378.1,2.17548,5612.25,32713.2,154809,164670,163601,0.0161108,729477,233851,151.055,104.948,2205.98,28986.9,4949.44,23173.7,30310.7,11690.2,10527.4
1448,1,2024-04-30 00:00:00,02:28:24,12050443,Air-2-5,1018,0.03,4,0,4,4,3,1,2,5,27.3552,0.432161,49683.7,145.139,4912.05,69653.8,443683,83072.3,2.16931,5621.3,32810,154964,164562,163192,0.0161526,732799,234041,152.643,104.686,2214.35,28948.5,4952.6,23170.6,30261.3,11700.4,10527.3
1449,1,2024-04-30 00:00:00,07:36:58,12050443,Air-2-5-CharcHeRelease-3minat80,1020,0.03,3.96,0,4,4,3,1,2,5,29.5173,0.454344,66020.1,190.668,6573.05,60569.6,446758,83666.5,2.18499,5556.49,32685.7,154678,163852,162964,0.0161181,718106,232370,150.248,103,2199.13,28961.2,4955.69,23092,30233.2,11709,10491.3
1450,1,2024-04-30 00:00:00,10:41:58,12050443,Air-2-5,1022,0.03,3.97,0,4,4,3,1,2,5,30.035,0.451899,64926.5,190.442,6442.02,67245.5,445170,83367.6,2.176,5565.24,32696.2,154425,164339,163074,0.0160949,731986,233825,153.644,100.762,2200.32,28915,4972.89,23104.2,30272.4,11709,10460
1451,1,2024-04-30 00:00:00,13:46:58,12050443,Air-2-5,1024,0.03,3.98,0,4,4,3,1,2,5,27.5546,0.451539,62809.9,179.333,6248.65,67901.9,444415,83211.4,2.17294,5607.2,32748.2,154574,164509,163429,0.0160617,729711,233851,149.162,101.73,2202.99,28976.9,4982.79,23180.6,30276,11738,10490.6
1452,1,2024-04-30 00:00:00,16:51:58,12050443,Air-2-5,1026,0.03,3.94,0,4,4,3,1,2,5,27.5342,0.452667,70322.4,204.281,6993.69,67901,444079,83102.1,2.17116,5583.61,32644.1,154230,163515,162820,0.0160593,717814,232277,153.635,101.742,2220.99,28887.6,4962.67,23127.2,30283.7,11663.9,10495.6
1453,1,2024-04-30 00:00:00,19:56:58,12050443,Air-2-5,1028,0.03,3.96,0,4,4,3,1,2,5,28.8706,0.450898,68768.8,197.426,6800.03,68031.4,443848,83103.9,2.16977,5556.31,32538.2,154226,163716,162640,0.0160699,721326,232424,152.907,105.073,2206.26,28853.4,4980.15,23070,30141.5,11626.3,10455.5
1454,1,2024-04-30 00:00:00,23:01:58,12050443,Air-2-5,1030,0.03,4.02,0,4,4,3,1,2,5,29.0756,0.453638,70025.1,200.36,6934.41,68126.9,443406,83110.1,2.16765,5538.6,32601.9,153947,163543,162572,0.0160517,718852,232404,151.685,99.926,2211.87,28879.7,4916.09,23086.6,30176.5,11662.3,10480.8
1455,1,2024-05-01 00:00:00,02:06:58,12050443,Air-2-5,1032,0.03,3.95,0,4,4,3,1,2,5,28.9177,0.45468,73705.6,217.461,7299.91,68122.5,442759,82939.3,2.16461,5578.35,32514.6,153896,163416,162382,0.0160526,720784,232215,148.429,101.935,2186.4,28807.8,4952.72,23038.6,30153.7,11666.6,10407.3
1458,1,2024-05-01 00:00:00,17:27:26,12050443,Air-2-5,1034,0.04,3.99,0,4,4,3,1,2,5,29.2725,0.451771,71872.5,209.77,7162.46,64225.9,445475,83510.5,2.18028,5544.13,32425.7,153342,163006,161721,0.0160047,720576,231440,150.028,104.584,2198.06,28733.3,4929,22978,30015.4,11627.1,10419.9
1459,1,2024-05-01 00:00:00,20:32:26,12050443,Air-2-5,1036,0.04,4.02,0,4,4,3,1,2,5,29.8079,0.453211,61881.3,182.187,6213.33,65467.2,445066,83427.9,2.17769,5533.89,32463.2,153577,163310,161973,0.0160347,728331,232562,146.389,101.771,2188.3,28756,4929.02,22986.5,30039.9,11620.1,10390.2
1460,1,2024-05-01 00:00:00,23:37:26,12050443,Air-2-5,1038,0.04,4.05,0,4,4,3,1,2,5,29.3465,0.450713,62799.9,182.887,6268.72,66401.4,444184,83231.3,2.17337,5520.37,32396.1,153041,162110,161465,0.0159845,708312,230301,147.607,104.557,2168.65,28688.2,4923.35,22952.8,30008.6,11619.7,10371.7
1461,1,2024-05-02 00:00:00,02:42:26,12050443,Air-2-5,1040,0.04,3.99,0,4,4,3,1,2,5,29.3845,0.451252,64831,190.113,6443.13,66891.8,443713,83075.3,2.17053,5497.4,32360.8,153050,162335,161550,0.0160055,714387,230851,147.43,105.474,2184.19,28692.1,4890.56,22930.9,29969.2,11589.9,10371.2
1465,1,2024-05-02 00:00:00,19:07:14,12050443,Air-2-5,1042,0.04,4.05,0,4,4,3,1,2,5,30.8752,0.451338,65378.6,186.228,6439.23,58209.3,444570,83363.4,2.17679,5529.63,32311.4,152411,162248,160884,0.0159637,718846,230751,154.242,105.74,2192.57,28575.7,4893.26,22843.4,29859.9,11530.5,10348.6
1466,1,2024-05-02 00:00:00,22:12:15,12050443,Air-2-5,1044,0.04,3.96,0,4,4,3,1,2,5,29.2552,0.452736,76407.3,223.804,7685.87,63037.4,442880,83037,2.16809,5510.19,32157.2,152030,161025,160534,0.0158858,704308,228932,153.523,101.468,2165.92,28507.5,4867.87,22800.1,29817,11544.8,10298.2
1467,1,2024-05-03 00:00:00,01:17:15,12050443,Air-2-5,1046,0.04,3.94,0,4,4,3,1,2,5,29.0137,0.447726,67953.3,203.278,6788.62,64781.1,442631,82996.7,2.16673,5531.52,32220.7,152255,161482,160635,0.0159087,705979,229284,147.425,104.816,2183.88,28519.5,4893.93,22835.2,29844.7,11562.4,10349.2
1468,1,2024-05-03 00:00:00,04:22:15,12050443,Air-2-5,1048,0.04,3.92,0,4,4,3,1,2,5,28.5833,0.446214,64632.9,185.318,6426.67,66029.8,442132,82817.5,2.16333,5457.66,32196.7,152055,161519,160404,0.0159198,710778,229324,152.902,100.39,2162.4,28446.5,4869.22,22763.6,29831.5,11495.9,10330.4
1470,1,2024-05-03 00:00:00,17:23:51,12050443,Air-2-5,1050,0.04,4.04,0,4,4,3,1,2,5,29.4215,0.446589,65275.1,188.538,6455.64,51355.8,448279,83976.8,2.19751,5466.68,32118.5,151684,161180,160061,0.0159096,710228,228954,142.715,102.755,2166.31,28367.7,4875.66,22720.4,29705.6,11500,10273
1471,1,2024-05-03 00:00:00,20:28:51,12050443,Air-2-5,1052,0.04,3.95,0,4,4,3,1,2,5,28.0806,0.449828,74001.6,216.017,7361.23,59771.4,445945,83616.4,2.18479,5480.27,32111.7,151573,161389,160208,0.0158602,714895,229469,147.782,101.15,2177.93,28437.9,4875.86,22752.9,29782.9,11494.7,10306.3
1472,1,2024-05-03 00:00:00,23:33:51,11050443,Air-1-5,1053,0.04,1.99,0,4,4,3,1,1,5,13.5674,0.217281,33384.4,95.438,3307.75,62318.1,218805,40545,1.0561,2720.67,15902.2,75345.1,80167.5,79606.9,0.00928999,360562,114196,78.9327,50.2353,1084.14,14111.9,2446.06,11298.4,14847,5748.01,5126.65
1473,1,2024-05-04 00:00:00,02:38:51,11050443,Air-1-5,1054,0.04,1.95,0,4,4,3,1,1,5,13.2257,0.217246,32489.2,97.4502,3242.62,61111.3,218519,40526,1.05376,2687.61,15858.7,75057.9,79705,79363.4,0.0092215,353221,113480,84.36,50.2373,1082.03,14140.2,2433.98,11316.7,14792.5,5705.89,5138.96
1475,1,2024-05-04 00:00:00,08:48:51,12050443,Air-2-5,1056,0.04,3.94,0,4,4,3,1,2,5,29.9428,0.44872,71127.4,205.948,7080.83,54445,442799,82870.9,2.16888,5230.15,30730,145183,153749,153246,0.0153369,674627,218907,138.422,91.8375,2017.89,26456.6,4546.05,21075.6,27598.7,10677,9605.83
1476,1,2024-05-04 00:00:00,11:53:51,12050443,Air-2-5,1058,0.04,3.97,0,4,4,3,1,2,5,28.0582,0.448357,68211.3,203.528,6889.83,62481,441608,82748.4,2.16197,5467.12,31994.2,151257,160955,159770,0.0158529,711848,229199,151.684,99.9151,2166.55,28318.3,4860.1,22720.9,29728.8,11456.4,10292
1477,1,2024-05-04 00:00:00,14:58:51,11050443,Air-1-5,1059,0.04,1.97,0,4,4,3,1,1,5,14.0655,0.21804,33004.2,95.6223,3256.03,63942.4,217692,40362.1,1.05078,2724.12,15876.5,74980.2,79756.8,79145.9,0.00924092,356941,113702,81.527,50.4862,1081.63,14103.6,2428.71,11258.7,14720.4,5686.95,5121.74
1478,1,2024-05-04 00:00:00,18:03:51,11050443,Air-1-5,1060,0.04,2.03,0,4,4,3,1,1,5,13.781,0.217802,36645.7,106.151,3608.81,63396.5,217745,40340.9,1.05,2694,15837.7,74582.7,79278.9,78946.5,0.00920423,351404,112926,78.2176,49.7127,1084.68,14068.9,2405.15,11218.9,14730.7,5695.55,5120.99
1480,1,2024-05-05 00:00:00,00:13:51,12050443,Air-2-5,1062,0.04,3.96,0,4,4,3,1,2,5,29.8358,0.452,68738.3,202.186,6925.38,55889.8,439896,82513.3,2.15406,5450.19,31946.6,150745,160966,159136,0.0158292,714377,228932,147.12,101.552,2152.6,28214.5,4885.52,22608.9,29620.9,11481.1,10256.8
1481,1,2024-05-05 00:00:00,03:18:51,12050443,Air-2-5,1064,0.04,3.98,0,4,4,3,1,2,5,29.1287,0.45051,79125.9,227.229,7823.95,61560.4,440665,82508.4,2.15694,5444.58,31897.9,150729,160390,159162,0.0157849,708702,228244,143.922,100.53,2147.42,28245.2,4851.5,22549.9,29615.9,11435.1,10276.2
1482,1,2024-05-05 00:00:00,06:23:51,11050443,Air-1-5,1065,0.04,1.99,0,4,4,3,1,1,5,14.3532,0.220838,48971.8,142.592,4868.8,63581.2,216664,40156.9,1.04602,2698.84,15774.5,74613,79426.1,78975,0.00921138,352457,112977,78.9555,51.7277,1063.44,14034.6,2413.82,11196.5,14681.7,5690.16,5123.05
1483,1,2024-05-05 00:00:00,09:28:51,11050443,Air-1-5,1066,0.04,1.97,0,4,4,3,1,1,5,13.5401,0.220315,45944.3,132.633,4606.13,61824.9,216701,40141.3,1.04523,2709.3,15807.2,74534.1,79330,78978.1,0.0092078,351196,112851,80.375,51.5504,1066.35,14005.5,2404.38,11230.8,14694.4,5710.27,5099.55
1484,1,2024-05-05 00:00:00,12:33:51,12050443,Air-2-5,1068,0.04,3.93,0,4,4,3,1,2,5,30.3767,0.448674,70090.9,203.135,6992.06,62073.9,439520,82398.8,2.15328,5428.11,31864.6,150376,159458,159094,0.0157885,695044,226891,144.587,97.2,2150.96,28214.3,4822.12,22515.7,29556.6,11445.6,10268.6
1485,1,2024-05-05 00:00:00,15:38:51,12050443,Air-2-5,1070,0.04,3.87,0,4,4,3,1,2,5,28.6425,0.451212,86460.7,253.829,8646.29,64142.2,439429,82302.1,2.15187,5456.31,31869.1,150551,160215,158859,0.0158112,714149,228248,146.828,99.8325,2157.44,28171.9,4834.27,22549.3,29532.3,11455.9,10233.3
1486,1,2024-05-05 00:00:00,18:43:51,11050443,Air-1-5,1071,0.04,1.97,0,4,4,3,1,1,5,14.6556,0.217535,38715.7,110.882,3830.84,64894.1,216300,40101.7,1.04401,2708.83,15803.8,74567.9,79566.8,78756.2,0.00923005,357736,113405,81.8002,50.0595,1070.32,13988.6,2411.39,11203.1,14626.4,5668.67,5095.2
1487,1,2024-05-05 00:00:00,21:48:51,11050443,Air-1-5,1072,0.04,1.99,0,4,4,3,1,1,5,15.0464,0.216229,34272.6,97.0595,3432.71,62888.9,216140,40092.3,1.04324,2697.38,15746,74483.6,79314.2,78711.1,0.00922058,356340,113162,78.7462,50.4666,1061.98,13961.1,2403.92,11145,14651.2,5647.46,5083.28
1488,1,2024-05-06 00:00:00,00:53:51,12050443,Air-2-5,1074,0.04,3.91,0,4,4,3,1,2,5,30.0868,0.448015,76675,222.473,7574.31,62093.7,438949,82228.1,2.14962,5422.8,31780.9,149867,159134,158397,0.0157334,698649,226547,147.096,100.077,2132.39,28059.1,4818.49,22450.2,29421.1,11355.5,10206.7
1489,1,2024-05-06 00:00:00,03:58:51,12050443,Air-2-5,1076,0.04,3.92,0,4,4,3,1,2,5,28.5955,0.448709,75112.5,226.662,7605.35,65237.4,439213,82252.2,2.15003,5448.33,31780.2,150140,159818,158595,0.015793,707642,227417,149.61,99.9263,2137.61,28064.3,4833.03,22429.8,29401.9,11377.6,10191.1
1492,1,2024-05-06 00:00:00,17:09:14,12050443,Air-2-5,1078,0.04,3.89,0,4,4,3,1,2,5,30.2942,0.446331,71343,209.805,7111.09,59750.4,441777,82736.4,2.16298,5457.84,31768.9,150214,159574,158489,0.0157577,707388,227142,147.359,100.36,2147.79,28067,4812.03,22445.2,29397.5,11383.6,10190.8
1493,1,2024-05-06 00:00:00,20:14:14,12050443,Air-2-5,1080,0.04,3.92,0,4,4,3,1,2,5,29.0998,0.445766,71712.7,211.307,7220.05,64455.8,440976,82623.1,2.16046,5429.18,31725.4,149543,158765,158220,0.0157189,697132,226183,149.761,100.271,2130.25,28033,4800.87,22376.6,29335.7,11295.7,10176.4
1494,1,2024-05-06 00:00:00,23:19:14,12050443,Air-2-5,1082,0.04,4,0,4,4,3,1,2,5,29.773,0.441668,66198.7,192.465,6573.88,65840.2,439924,82460.4,2.15495,5375.05,31637.3,149111,159099,157853,0.0156475,705004,226593,153.8,97.9113,2132.58,27972.6,4792.21,22322.1,29316.8,11355.8,10149.1
1495,1,2024-05-07 00:00:00,02:24:14,12050443,Air-2-5,1084,0.04,3.97,0,4,4,3,1,2,5,29.4371,0.444748,69918,203.286,7065.81,67679,439748,82331.2,2.15268,5378.52,31641.6,149068,158487,157884,0.0156416,693787,225317,159.634,101.78,2113.58,27951.8,4824.95,22332.8,29253.9,11325.1,10153.5
1498,1,2024-05-07 00:00:00,16:08:55,12050443,Air-2-5,1086,0.05,4.02,0,4,4,3,1,2,5,27.9347,0.444762,69789.5,203.904,6902.6,62165.5,441678,82788,2.16468,5395.59,31628.3,149079,158590,157652,0.0156736,697283,225472,164.55,97.869,2140.29,27890.2,4811.05,22335.5,29298.9,11312.4,10137.4
1499,1,2024-05-07 00:00:00,19:13:55,12050443,Air-2-5,1088,0.04,3.88,0,4,4,3,1,2,5,28.0984,0.438975,60402.4,175.989,5988.74,65877,440783,82708.5,2.15926,5400.54,31556.7,149123,158224,157644,0.0156815,691692,225074,154.744,100.938,2120.88,27915.7,4826.05,22273.4,29254.3,11280.6,10170.1
1501,1,2024-05-08 00:00:00,01:23:55,11050443,Air-1-5,1089,0.04,1.93,0,4,4,3,1,1,5,14.0553,0.211049,32971.8,93.8008,3292.27,59551,215404,39971.8,1.0399,2589.75,15073.6,70856.2,75512.9,75079.5,0.00889052,334070,107236,31.102,46.4032,990.487,12898.9,2.45037,10281.3,13524.5,5244.07,2.30155
1502,1,2024-05-08 00:00:00,04:28:55,12050443,Air-2-5,1091,0.04,3.95,0,4,4,3,1,2,5,27.9155,0.431136,66927.6,199.149,6794.52,63295.8,437188,81921.9,2.14106,5183.43,30276.9,142758,151899,150630,0.0151269,671426,215881,34.9998,95.0567,1986.79,25828.2,4.5597,20671,27183.4,10512,4.0455
1503,1,2024-05-08 00:00:00,07:33:55,12050443,Air-2-5,1093,0.04,3.89,0,4,4,3,1,2,5,26.9914,0.430838,68790,199.474,6850.57,67742.3,435064,81494.5,2.13007,5151.1,30111.6,142196,151612,150266,0.0151045,673445,215631,26.504,94.2658,1967.22,25769.4,8.18225,20681.3,27055.8,10462.1,7.46265
1504,1,2024-05-08 00:00:00,10:38:55,12050443,Air-2-5,1095,0.04,3.87,0,4,4,3,1,2,5,29.5346,0.433512,66854.7,192.128,6649.58,70144.2,435876,81650.1,2.13362,5173.34,30133.2,142121,150804,150445,0.0150409,658613,214803,29.9312,90.18,1979.14,25854.5,7.08122,20667.3,27132.5,10511.5,5.39024
1505,1,2024-05-08 00:00:00,18:19:57,12050443,Air-2-5,1097,0.05,3.85,0,4,4,3,1,2,5,27.8715,0.435798,66650.5,190.678,6590.56,58674.2,442425,82933,2.1693,5284.94,30911.5,145398,154848,154035,0.015353,679255,220137,159.02,97.8107,2056.88,26851.6,4612.98,21449.8,28135.2,10922.1,9751.4
1506,1,2024-05-08 00:00:00,21:24:57,12050443,Air-2-5,1099,0.05,3.9,0,4,4,3,1,2,5,26.3519,0.43588,65827.6,189.006,6529.27,66566.8,440622,82527.3,2.15838,5382.06,31568.4,148875,158555,157438,0.0156662,699331,225380,167.882,97.8451,2119.5,27789.7,4794.23,22255.2,29174.4,11306.7,10117.1
1507,1,2024-05-09 00:00:00,00:29:57,12050443,Air-2-5,1101,0.05,3.92,0,4,4,3,1,2,5,29.1149,0.444136,65376.9,192.31,6520.42,67589.5,438595,82177.2,2.14862,5398.03,31533.1,148772,158135,157265,0.0156568,693248,224747,159.032,95.3597,2119.91,27780.1,4792.95,22184.8,29198.1,11261.6,10138.1
1508,1,2024-05-09 00:00:00,03:34:56,12050443,Air-2-5,1103,0.05,3.88,0,4,4,3,1,2,5,28.1017,0.445781,80469.6,234.755,8064.05,67871.9,438309,82227.3,2.14645,5394.15,31486.3,148556,158163,157147,0.0156271,698706,225096,153.609,101.589,2121.63,27781.5,4790.25,22161.8,29112.2,11256.4,10091.2
1511,1,2024-05-09 00:00:00,14:47:13,12050443,Air-2-5,1105,0.07,3.83,0,4,4,3,1,2,5,28.4105,0.444174,83502.6,242.76,8282.11,68913.7,436351,81784.6,2.1367,5341.2,31319.5,147854,157573,156267,0.0155802,703767,224645,159.889,102.318,2102.83,27668.2,4745.92,22122.1,29010.4,11198.2,10051.7
1512,1,2024-05-09 00:00:00,17:52:13,12050443,Air-2-5,1107,0.07,3.81,0,4,4,3,1,2,5,28.2115,0.440641,67819.3,204.146,6855.21,68704,434790,81483.1,2.12964,5349.63,31270.4,147697,156953,156254,0.0155432,690397,223557,157.696,96.5078,2106.58,27674.7,4735.88,22111.8,28972.8,11233.5,10089.7
1514,1,2024-05-10 00:00:00,00:02:13,12050443,Air-2-5,1109,0.06,3.82,0,4,4,3,1,2,5,28.6167,0.441216,68806.2,202.311,6944.18,60859.6,432087,80960.1,2.11609,5072.93,29585.5,139747,148871,147322,0.014905,664240,212129,141.254,96.3126,1888.37,24911.4,4307.4,19992.2,26243.3,10132.2,9109.44
1515,1,2024-05-10 00:00:00,03:07:13,12050443,Air-2-5,1111,0.06,3.84,0,4,4,3,1,2,5,28.9008,0.440626,66444.8,194.057,6590.86,66186.8,432432,81025.1,2.11776,5320.77,31224.6,147281,156104,155748,0.0155072,679993,222452,152.787,97.2931,2116.69,27613.5,4753.78,22068.2,28922.1,11144.3,10031.5
1517,1,2024-05-16 00:00:00,09:15:06,12050443,Air-2-5  ***NEW AIR STANDARD***,4,0.07,5.61,0,4,4,3,1,2,5,46.4132,0.675247,90712,268.649,9209.35,44541.5,684510,130111,3.42031,7674.14,45159.7,211884,226527,224370,0.0212723,992305,322190,216.197,141.929,3056.52,39868.4,6803.21,31820.8,41911.9,16239.1,14385.5
1518,1,2024-05-16 00:00:00,12:20:06,12050443,Air-2-5,6,0.07,5.66,0,4,4,3,1,2,5,43.8106,0.663104,91549.9,274.422,9331.78,57389.3,673506,127948,3.35768,7619.03,44802.1,210691,223497,223127,0.0211055,964889,317571,224.962,141.63,3038.47,39552,6749.48,31611.8,41617.1,16098.1,14294.9
1520,1,2024-05-16 00:00:00,18:30:06,12050443,Air-2-5,8,0.07,5.64,0,4,4,3,1,2,5,42.3884,0.654854,96044.7,283.528,9705.57,56648.4,666313,126417,3.3181,7484.02,43875,206248,219755,218142,0.0207385,963239,312420,215.787,137.588,2889.77,38103.5,6550.35,30370.2,40020.9,15456.7,13779.3
1521,1,2024-05-16 00:00:00,21:35:06,12050443,Air-2-5,10,0.07,5.75,0,4,4,3,1,2,5,43.4328,0.65254,94934.1,277.7,9526.49,63200.4,664969,126272,3.31085,7627.74,44914.1,210515,223655,222914,0.0210949,968417,317998,222.643,140.811,3027.86,39479.4,6774.97,31603.1,41453.4,16063.2,14262.6
1522,1,2024-05-17 00:00:00,00:40:06,11050443,Air-1-5,11,0.07,2.83,0,4,4,3,1,1,5,20.3451,0.314728,49310.6,143.318,4902.44,65834.6,341932,63950.4,1.66766,3780.72,21961.6,103789,110298,109764,0.0117582,485010,156970,138.904,68.2938,1492.24,19387,3355.62,15495.8,20426.6,7874.77,7094.76
1523,1,2024-05-17 00:00:00,03:45:06,12050443,Air-2-5,13,0.07,5.74,0,4,4,3,1,2,5,42.1965,0.655314,97852,288.287,9844.89,64495.1,661386,125640,3.2922,7622.25,44676.1,210257,224431,222723,0.0210726,983102,319004,226.337,145.077,3030.91,39463.6,6743.74,31536,41420.6,16020.7,14317.2
1524,1,2024-05-17 00:00:00,06:50:06,12050443,Air-2-5,15,0.07,5.76,0,4,4,3,1,2,5,43.9595,0.651669,92758.9,272.873,9284.27,67341,659473,125086,3.28206,7609.33,44671.2,210443,224274,222523,0.0210704,984039,319000,225.989,140.877,3017.87,39439.1,6754.85,31538.3,41401.8,16043.3,14301.3
1526,1,2024-05-17 00:00:00,13:00:06,12050443,Air-2-5,17,0.07,5.68,0,4,4,3,1,2,5,45.0742,0.655232,94287.6,275.848,9469.22,61236.7,656036,124441,3.26355,7132.85,41835,197027,209654,207921,0.0199407,927543,298545,198.156,127.68,2702.92,35359.6,6070.6,28234.6,37124.3,14387,12813.3
1527,1,2024-05-17 00:00:00,16:05:06,12050443,Air-2-5,19,0.07,5.65,0,4,4,3,1,2,5,44.0327,0.65092,97751.5,282.189,9778.11,66901.4,654085,124164,3.25416,7606.86,44587.4,210361,224187,222407,0.021081,986847,319026,218.05,141.305,3005.84,39353.8,6773.8,31469.9,41382.4,16052.5,14270.1
1528,1,2024-05-17 00:00:00,19:10:06,12050443,Air-2-5,21,0.07,5.59,0,4,4,3,1,2,5,43.6552,0.653784,97760.6,283.631,9763.16,66869.6,653378,123900,3.24942,7608.69,44555.6,209981,223180,221974,0.0210769,971469,317443,215.238,144.857,3004.57,39313.3,6732.71,31407.5,41302,15950.3,14231.6
1530,1,2024-05-18 00:00:00,01:20:07,12050443,Air-2-5,23,0.07,5.83,0,4,4,3,1,2,5,41.8967,0.655778,96574,278.438,9672.83,59522,650430,123378,3.23723,7608.98,44600.6,208850,223751,222011,0.020931,979276,317993,212.391,143.647,2992.22,39286.9,6720.45,31396.3,41275.3,15939.6,14246.4
1531,1,2024-05-18 00:00:00,04:25:06,12010443,Air-2-1,25,0.06,5.72,0,4,4,3,1,2,1,7.87313,0.124829,20145.8,59.3712,2021.1,65235.4,127898,23685.3,0.613496,1506.18,8729.96,41097.7,43977.5,43716.1,0.0063194,196586,62795.7,67.0188,26.5931,575.275,7473.01,1310.81,5986.11,7854.46,3048.6,2768.84
1532,1,2024-05-18 00:00:00,07:30:06,12020443,Air-2-2,27,0.07,5.51,0,4,4,3,1,2,2,15.2558,0.249177,39316.2,115.874,3950.25,60892.3,268721,50059.4,1.30469,2999.58,17623,82805.6,88451.3,87928.2,0.00993744,393182,126123,104.566,54.5222,1176.27,15404.2,2694.69,12308.5,16207.2,6255.16,5648.68
1534,1,2024-05-18 00:00:00,13:40:06,12050443,Air-2-5,29,0.07,5.79,0,4,4,3,1,2,5,44.1496,0.655676,81659.5,240.918,8140.18,58828,643533,122015,3.20179,7538.37,44371.2,208154,222523,221058,0.0208777,974583,316941,215.978,137.492,3001.85,39068.7,6694.04,31261.1,40993.1,15887.1,14175.9
1536,1,2024-05-18 00:00:00,19:50:06,12051443,Air-2-5-Hespl1-Krspl3,31,0.06,5.7,1,4,4,3,1,2,5,21.2166,0.312777,97809.6,287.242,9839.52,59268.5,640854,121498,3.18789,7194.68,42180.5,198335,211029,209692,0.0200763,920691,299672,200.07,130.003,2735.31,35562.8,6112.18,28424,37401.5,14425,12981.6
1537,1,2024-05-18 00:00:00,22:55:06,12052444,Air-2-5-Hespl2,33,0.07,5.69,2,4,4,4,1,2,5,8.86177,0.143302,95548,280.444,9634.24,65232.4,639244,121276,3.18004,242.126,1188.87,5483.84,5948.13,5882.1,0.00321914,26533.7,8459.82,42.6568,3.44903,75.4404,945.993,173.353,766.375,1026.5,390.48,363.176
1538,1,2024-05-19 00:00:00,02:00:06,12053443,Air-2-5-Hespl3-Krspl3,35,0.06,5.58,3,4,4,3,1,2,5,2.88259,0.0438328,91976.7,269.008,9178.24,60873.6,638771,121017,3.17686,7556.82,44324.1,208085,221825,220573,0.020924,962051,315311,214.697,145.146,2966.04,38958.1,6664.74,31134.6,40921.2,15857.8,14135.3
1539,1,2024-05-19 00:00:00,05:05:06,12050444,Air-2-5,37,0.06,5.53,0,4,4,4,1,2,5,40.4653,0.638619,94311.4,282.525,9508.26,66542.1,637991,120990,3.17318,229.942,1167.66,5427.21,5922.79,5879.4,0.00322266,26184.9,8423.42,38.5548,3.36326,73.9236,949.202,173.599,758.336,1015.18,394.492,362.574
1541,1,2024-05-19 00:00:00,11:15:06,11010443,Air-1-1,38,0.06,2.79,0,4,4,3,1,1,1,4.01328,0.0614129,10736.4,31.3453,1086.62,58214.1,56234.6,10349.5,0.267236,769.396,4273.15,19821.2,21286.8,21214.4,0.00446077,95053.9,30494.1,52.8626,13.7976,273.52,3546.47,630.096,2836.83,3737.87,1453.56,1347.6
1542,1,2024-05-19 00:00:00,14:20:06,12050443,Air-2-5,40,0.06,5.56,0,4,4,3,1,2,5,42.4862,0.64944,93201.9,268.847,9327.04,58296.2,634192,120072,3.15463,7549.66,44213.2,207697,221799,219870,0.0208973,972217,315678,208.739,142.201,2967.41,38864.6,6682.77,31017.4,40862.9,15832.2,14102.8
1543,1,2024-05-19 00:00:00,17:25:06,11050443,Air-1-5,41,0.06,2.84,0,4,4,3,1,1,5,20.3986,0.311259,45635.9,133.641,4571.22,64287.8,327874,61222.2,1.59938,3713.14,21690.2,102287,109290,108265,0.0116689,486935,155860,122.566,68.239,1456.36,19115.2,3301.84,15227.7,20084.7,7743.17,7005.89
1544,1,2024-05-19 00:00:00,20:30:06,11050443,Air-1-5,42,0.06,2.83,0,4,4,3,1,1,5,20.8337,0.314255,49650.8,144.477,4974.11,62571.7,327337,61153.4,1.59578,3718.32,21687.1,102224,109201,108304,0.0116487,486106,155778,122.428,69.4097,1464.28,19063,3300.12,15253.8,20060.8,7775.77,7006.31
1545,1,2024-05-19 00:00:00,23:35:06,12050443,Air-2-5,44,0.06,5.59,0,4,4,3,1,2,5,42.852,0.651876,99932.4,295.138,10017.1,62850.9,632693,119920,3.14681,7514.66,44108,207227,221263,219658,0.0208041,967727,314993,204.39,140.529,2973.21,38753.1,6629.82,30929.6,40892.1,15781.6,14129.8
1546,1,2024-05-20 00:00:00,02:40:06,12050443,Air-2-5,46,0.07,5.65,0,4,4,3,1,2,5,43.3078,0.648585,101695,299.701,10254,66182.6,631580,119653,3.14197,7462.64,43998.2,207255,220695,219319,0.0208283,961590,313966,197.041,139.576,2960.62,38767.3,6638.76,30970.9,40737.4,15765.8,14130.4
1547,1,2024-05-20 00:00:00,05:45:06,12050443,Air-2-5,48,0.05,5.5,0,4,4,3,1,2,5,43.2757,0.643256,91758.4,273.109,9228.35,67614.3,630299,119420,3.13554,7501.4,44077.2,207044,220531,219263,0.0207818,958657,313470,195.078,142.118,2967.14,38798.4,6682.34,30984.2,40722.6,15764.6,14057.3
1549,1,2024-05-20 00:00:00,12:16:34,12050443,Air-2-5,50,0.04,5.62,0,4,4,3,1,2,5,44.5621,0.674375,92662.4,271.281,9292.14,65021.9,639800,121249,3.18685,7635.63,44754.3,210071,224218,222638,0.0210491,981715,319014,227.709,137.223,3028.21,39264.9,6754.48,31362.2,41334.6,16011,14301.8
1551,1,2024-05-20 00:00:00,19:01:42,12050443,Air-2-5,52,0.04,5.59,0,4,4,3,1,2,5,43.8093,0.700398,112026,328.291,11274.4,64495.7,638952,121187,3.18138,7583.77,44688.9,209482,222812,222278,0.020996,956891,316748,223.977,139.591,3003.77,39278.2,6735.48,31389.6,41365.4,15942.6,14282.9
1552,1,2024-05-20 00:00:00,22:06:42,12050443,Air-2-5,54,0.04,5.73,0,4,4,3,1,2,5,43.5309,0.700334,125262,359.295,12603,69553.2,638332,121003,3.17824,7601.59,44717,210598,223869,222699,0.0211015,969477,318232,230.19,138.464,3008.64,39327.2,6751.57,31465.2,41323.7,15980.5,14314.6
1553,1,2024-05-21 00:00:00,01:11:42,11010443,Air-1-1,55,0.04,2.87,0,4,4,3,1,1,1,3.71101,0.068228,11969.4,34.6724,1215.77,71404.8,56922.1,10462.2,0.270476,792.304,4335.82,20333.4,21730.3,21569.4,0.00450501,96800.3,30976.3,70.8296,13.6768,282.085,3635.63,649.422,2915.47,3817.17,1495.81,1370.27
1554,1,2024-05-21 00:00:00,04:16:42,12050443,Air-2-5,57,0.04,5.7,0,4,4,3,1,2,5,43.8899,0.693363,104994,306.694,10642.2,66181.1,636275,120625,3.16804,7612.13,44577.7,209176,223451,222384,0.0209438,972305,317829,232.909,142.642,2985.45,39277.8,6753.94,31363.6,41306,15931.4,14315.8
1558,1,2024-05-22 00:00:00,07:54:53,12050443,Air-2-5,61,0.07,5.61,0,4,4,3,1,2,5,43.6892,0.663111,113588,332.92,11567.2,67572.6,651624,123747,3.25302,7628.26,44757,210349,224218,222651,0.0211754,977590,318772,232.627,142.473,3011.34,39409.3,6745.76,31521.4,41451.8,16035.6,14308.3
1561,1,2024-05-22 00:00:00,17:24:16,12050443,Air-2-5,63,0.05,5.66,0,4,4,3,1,2,5,43.0248,0.647906,99036.6,289.65,10015.2,94478.9,643025,122080,3.20319,7544.2,44344.4,208572,222274,220978,0.0209567,967210,316521,218.145,137.766,2983.99,39094.4,6733.32,31204.8,41098.9,15891.7,14203.4
1562,1,2024-05-22 00:00:00,20:29:16,12050443,Air-2-5,65,0.05,5.62,0,4,4,3,1,2,5,43.6824,0.64426,99097.5,293.429,9921.99,79566.8,640937,121610,3.19194,7546.05,44422,208076,222796,220705,0.0209047,977561,317146,216.916,140.557,2995.22,39044.3,6712.13,31206.2,41068.9,15882.5,14210.9
1563,1,2024-05-22 00:00:00,23:34:16,11010443,Air-1-1,66,0.05,2.77,0,4,4,3,1,1,1,4.45606,0.06135,10115.5,28.2363,1028.14,75931.9,56668.2,10407.2,0.269442,758.318,4288.85,20062.5,21542.7,21298.1,0.00448065,97079.8,30766.6,61.7651,13.381,273.964,3573.66,655.048,2848.95,3787.34,1456.69,1365.68
1564,1,2024-05-23 00:00:00,02:39:16,11020443,Air-1-2,67,0.05,2.77,0,4,4,3,1,1,2,8.54125,0.124538,20021.7,57.8308,2026.17,67646.7,125640,23230.3,0.60337,1512.23,8675.96,40879.4,43668.4,43450.8,0.00630193,192955,62370.2,76.7515,27.638,564.863,7396.52,1308.68,5890.99,7848.46,3044.93,2763.18
1565,1,2024-05-23 00:00:00,05:44:16,12050443,Air-2-5,69,0.05,5.65,0,4,4,3,1,2,5,43.0169,0.64932,96761.7,287.608,9764.92,66879.1,634024,120195,3.15623,7507.48,44153.5,207399,220636,219785,0.0208433,953856,313975,218.557,138.204,2974.31,38789.8,6669.3,31000,40783.8,15800.4,14152.9
1567,1,2024-05-23 00:00:00,14:55:38,12050443,Air-2-5,71,0.04,5.68,0,4,4,3,1,2,5,40.6213,0.645499,-1.56436,0,0,68003.5,627570,118993,3.1274,7501.21,44163.6,207580,221463,219922,0.0209028,966856,315165,219.331,137.324,2957.11,38862.8,6683.04,31005.6,40900.3,15777.5,14162.4
1568,1,2024-05-23 00:00:00,18:00:38,12050443,Air-2-5,73,0.04,5.57,0,4,4,3,1,2,5,44.1626,0.649114,6.56088,0,0,74855.6,631621,119881,3.14812,7516.26,44098.1,207389,221639,219617,0.0208793,977303,316075,216.921,141.072,2939.63,38659.2,6678.3,30959.2,40759.8,15750.3,14136
1569,1,2024-05-23 00:00:00,21:05:38,11020443,Air-1-2,74,0.04,2.8,0,4,4,3,1,1,2,9.1485,0.123609,-0.286698,0,0,75970.7,125251,23192.6,0.60157,1510.06,8642.68,40739.2,43522.7,43265.9,0.00629495,194542,62222.2,76.4063,26.8565,563.747,7375.72,1303.86,5903.89,7788.49,3028.84,2740.43
1570,1,2024-05-24 00:00:00,00:10:38,12050443,Air-2-5,76,0.04,5.5,0,4,4,3,1,2,5,41.8225,0.643746,1.53493,0,0,70144.8,630966,119660,3.1449,7474.46,43962.4,206861,220716,219219,0.0208209,964383,314327,218.088,141.374,2971.31,38620.7,6658.81,30891.2,40739.8,15696,14074
1571,1,2024-05-24 00:00:00,03:15:38,12050443,Air-2-5,78,0.04,5.58,0,4,4,3,1,2,5,43.4859,0.645949,0.194253,0,0,75062.4,630350,119560,3.13868,7460.7,43940.5,206855,220749,219109,0.020817,963146,314219,203.342,137.481,2974.81,38623.5,6619.63,30957.3,40685.8,15782.1,14053.3
1572,1,2024-05-24 00:00:00,10:58:04,12050443,Air-2-5,82,0.04,5.64,0,4,4,3,1,2,5,42.9374,0.644114,103181,304.514,10402.8,60289.1,632259,119978,3.15165,7472.46,43788.6,205949,219994,217993,0.0207432,966584,313398,228.726,136.419,2971.02,38415.2,6625.03,30742.4,40451.9,15669.7,14024.6
1574,1,2024-05-24 00:00:00,17:12:13,12050443,Air-2-5,84,0.04,5.58,0,4,4,3,1,2,5,41.8247,0.643338,97800.8,287.969,9873.62,69592.1,630782,119635,3.14174,7488.22,43964.7,206276,220548,218898,0.0207423,968690,314312,232.024,138.007,2950.85,38671.1,6659.26,30799.3,40665.1,15717.1,14083.7
1575,1,2024-05-24 00:00:00,20:17:13,12050443,Air-2-5,86,0.04,5.56,0,4,4,3,1,2,5,42.4797,0.638459,99944.5,294.259,10119.6,71915.5,631710,119855,3.14689,7505.72,43839.8,205937,220052,218516,0.0207077,954871,313090,228.693,140.832,2953.29,38561.5,6621.68,30791.9,40580.5,15657.1,14062.1
1576,1,2024-05-24 00:00:00,23:22:13,12010443,Air-2-1,88,0.04,5.59,0,4,4,3,1,2,1,7.28929,0.122845,19912.4,56.6733,2004.6,72080,125157,23205,0.602119,1520.21,8642.16,40571.4,43401.4,43232.2,0.00628055,193733,62025.2,84.6665,26.4901,567.94,7344.36,1290.44,5858.99,7749.24,2993.41,2738.51
1577,1,2024-05-25 00:00:00,02:27:13,12020443,Air-2-2,90,0.04,5.59,0,4,4,3,1,2,2,15.4836,0.247603,38754.1,114.672,3896.83,66261.2,262150,48922.3,1.27574,2991.73,17440.1,82031.9,87619.3,87187.2,0.00988442,388482,125024,111.224,54.1095,1172.28,15155.2,2642.85,12141.1,16083.7,6220.13,5602.51
1578,1,2024-05-25 00:00:00,05:32:13,12050443,Air-2-5,92,0.04,5.52,0,4,4,3,1,2,5,41.3776,0.635365,100882,300.198,10167.1,66867.4,625975,118839,3.11839,7433.99,43723.3,205149,218995,218055,0.0206457,950652,311689,229.975,138.043,2945.56,38381.3,6608.56,30654.2,40436.3,15644.3,14045.3
1580,1,2024-05-25 00:00:00,11:42:13,12051443,Air-2-5-Hespl1-Krspl3,94,0.04,5.51,1,4,4,3,1,2,5,19.9622,0.310175,99730.4,293.621,10096,64399.7,622381,117878,3.09719,7430.14,43630.5,204558,218376,217118,0.0206469,946474,310672,225.019,135.926,2941.04,38244.2,6581.45,30539.2,40254.3,15599.9,13968.8
1581,1,2024-05-25 00:00:00,14:47:13,12052444,Air-2-5-Hespl2,96,0.04,5.51,2,4,4,4,1,2,5,9.20285,0.14213,94322.2,277.52,9520.49,68931.4,622372,117922,3.09924,247.536,1155.3,5357.43,5827.86,5780.45,0.00320896,25667.9,8284.85,53.7006,3.21076,72.4679,941.363,172.35,754.842,1011.12,393.702,354.847
1582,1,2024-05-25 00:00:00,17:52:13,12053443,Air-2-5-Hespl3-Krspl3,98,0.04,5.62,3,4,4,3,1,2,5,2.70989,0.0433838,88239,259.731,8978.49,64538.8,620957,117842,3.09386,7403.88,43677.6,204620,218413,217603,0.0206704,939108,310821,222.177,141.01,2918.33,38339.8,6603.08,30617.9,40447.2,15634.6,14095.6
1583,1,2024-05-25 00:00:00,20:57:13,12050444,Air-2-5,100,0.04,5.74,0,4,4,4,1,2,5,40.0169,0.634738,99775.7,297.746,10205.8,70225.8,621804,117850,3.09586,233,1163.38,5384.34,5807.03,5783.24,0.00320032,25547.9,8282.41,46.5536,3.47112,71.9971,929.319,169.021,745.282,999.206,388.219,361.921
1585,1,2024-05-26 00:00:00,03:07:13,11010443,Air-1-1,101,0.04,2.76,0,4,4,3,1,1,1,3.90055,0.0591435,10490.8,30.3695,1054.49,58869.6,55309.6,10194.6,0.263186,737.673,4055.33,18980.8,20278.4,20239,0.00441304,89914.9,29034.1,63.0364,12.9079,252.12,3281.61,597.336,2626.17,3494.74,1348.45,1261.46
1586,1,2024-05-26 00:00:00,06:12:13,12050443,Air-2-5,103,0.04,5.54,0,4,4,3,1,2,5,40.9196,0.629365,99053,293.415,10015.6,60954.2,616757,116875,3.07175,7404.81,43569.9,204626,218020,217127,0.0206903,944407,310542,219.385,139.307,2921,38132.5,6589.64,30548.8,40259.2,15562.4,13950.7
1588,1,2024-05-26 00:00:00,12:22:13,12050443,Air-2-5,105,0.04,5.44,0,4,4,3,1,2,5,40.6866,0.624529,97961,293.574,9878.45,62246.9,613699,116355,3.05487,6912.15,40823.2,191548,204117,202799,0.0195156,888570,290479,213.53,125.544,2610.84,34199.2,5892.94,27390.8,36013.5,13928.9,12571.8
1589,1,2024-05-26 00:00:00,15:27:13,12010443,Air-2-1,107,0.04,5.59,0,4,4,3,1,2,1,7.72364,0.120538,19845.6,59.0658,2025.87,69243.2,122399,22662.5,0.587996,1510.49,8524.2,40237.1,43128.9,42764.7,0.00626631,192736,61626.2,83.4724,26.555,560.93,7274.13,1288.76,5802.96,7716.88,2973.01,2724.61
1590,1,2024-05-26 00:00:00,18:32:13,12020443,Air-2-2,109,0.04,5.48,0,4,4,3,1,2,2,14.8995,0.242809,40608.5,119.896,4077.76,64305.4,256806,47803.1,1.24882,2974.46,17272,80853.1,86720.5,86121.6,0.00979745,384495,123905,124.097,52.1084,1163.59,15036.2,2619.82,12006.1,15848,6127.79,5559.4
1591,1,2024-05-26 00:00:00,21:37:13,12050443,Air-2-5,111,0.04,5.54,0,4,4,3,1,2,5,41.7706,0.62432,99499.3,289.376,10106.6,65407.2,614466,116479,3.05993,7386.95,43480,204207,217336,216310,0.0206098,941505,309525,217.916,138.815,2945.22,38060.2,6571.69,30369,40211.3,15497.9,13933.4
1593,1,2024-05-27 00:00:00,03:47:13,12051443,Air-2-5-Hespl1-Krspl3,113,0.04,5.62,1,4,4,3,1,2,5,19.8219,0.30479,106383,314.809,10747,61265.5,612145,116074,3.04908,7219.55,42419,199043,212128,210923,0.0202491,925619,301992,210.761,128.472,2771.38,36117.4,6254.52,28906.2,38152.7,14786.1,13267
1594,1,2024-05-27 00:00:00,06:52:13,12052444,Air-2-5-Hespl2,115,0.04,5.5,2,4,4,4,1,2,5,8.02374,0.138533,100404,296.354,10147.2,67807.5,612519,116187,3.04992,244.978,1155.89,5344.8,5815.05,5760.05,0.0032007,25676.6,8248.12,47.4719,3.13595,74.3247,928.038,174.352,742.629,997.77,377.425,355.552
1595,1,2024-05-27 00:00:00,09:57:13,12053443,Air-2-5-Hespl3-Krspl3,117,0.04,5.56,3,4,4,3,1,2,5,2.83748,0.0423862,88478.3,262.845,9019.97,63578,610709,115773,3.04143,7415.23,43396.1,203451,218037,216194,0.0205667,956453,310788,216.412,132.887,2892.83,37964.7,6518.9,30387.7,40059.5,15453.5,13910.4
1596,1,2024-05-27 00:00:00,13:02:13,12050444,Air-2-5,119,0.04,5.55,0,4,4,4,1,2,5,40.1654,0.619574,104683,311.627,10680.5,70799.3,610241,115719,3.03895,245.14,1148.54,5287.21,5745.95,5730.06,0.00320051,25071,8156.22,57.8313,3.31183,70.2315,932.915,170.367,740.547,1004.08,384.47,356.886
1598,1,2024-05-27 00:00:00,19:12:13,11010443,Air-1-1,120,0.04,2.71,0,4,4,3,1,1,1,4.18132,0.0578084,7925.81,29.8898,1077.63,61646.6,54666.9,10061.1,0.260203,760.226,4141.27,19396.7,20909.6,20777.8,0.00443424,93178.8,29885.8,73.1357,11.6268,267.318,3457.06,626.608,2756.14,3667.97,1407.66,1314.81
1599,1,2024-05-27 00:00:00,22:17:13,12050443,Air-2-5,122,0.04,5.48,0,4,4,3,1,2,5,40.8239,0.622298,98308,294.133,10075.1,61186.9,609019,115420,3.03359,7333.88,43253.3,202344,217040,215285,0.0204746,948230,309360,213.25,137.869,2915.85,37790.4,6558.66,30219,39898.4,15413.4,13888.8
1600,1,2024-05-28 00:00:00,01:22:13,12050443,Air-2-5,124,0.04,5.56,0,4,4,3,1,2,5,40.0706,0.61986,100195,292.813,10166.1,67616.1,609407,115619,3.03478,7340.61,43211.2,203074,216775,215353,0.0205028,948681,309320,209.279,131.694,2902.77,37797.9,6500.45,30215.5,39939.2,15435.4,13817.5
1601,1,2024-05-28 00:00:00,04:27:13,12050443,Air-2-5,126,0.04,5.57,0,4,4,3,1,2,5,39.6317,0.620804,101242,296.205,10192,69474.5,609407,115519,3.0343,7358.24,43305.4,202860,216836,215056,0.0205195,948155,308913,219.203,135.549,2907.77,37856.1,6533.32,30256.6,39832.3,15413.3,13796.2
1605,1,2024-05-28 00:00:00,18:27:32,12050443,Air-2-5,128,0.04,5.34,0,4,4,3,1,2,5,40.965,0.612032,99643,295.586,10150.5,63409.2,609491,115572,3.03591,7295.52,42928.3,201881,215533,214052,0.0204084,940286,307269,216.334,135.345,2860.14,37623.9,6504.22,30079.6,39765.9,15360.2,13811.1
1606,1,2024-05-28 00:00:00,21:32:32,12050443,Air-2-5,130,0.04,5.54,0,4,4,3,1,2,5,39.2288,0.609873,103459,305.631,10474.5,68178.2,608367,115344,3.02995,7324.15,42928.7,201917,215683,213713,0.0204362,944972,307497,213.638,133.292,2886.54,37626.9,6514.52,30039.4,39679.9,15332,13810.3
1607,1,2024-05-29 00:00:00,00:37:32,11050443,Air-1-5,131,0.04,2.75,0,4,4,3,1,1,5,19.2611,0.295358,52586.5,157.665,5322.02,68942.4,315428,58966.6,1.54107,3602.99,21102.8,99540,106399,105619,0.0114496,473119,152073,121.517,67.9063,1421.43,18477,3220.79,14783.2,19471.4,7528.46,6834.88
1611,1,2024-05-29 00:00:00,16:40:04,12050443,Air-2-5   ***HCL-SetUp***,135,0.04,6.2,0,4,4,3,1,2,5,46.4385,0.710015,105632,315.287,10867.2,86946.1,682892,129981,3.41939,8306.63,48720.6,228679,244303,242449,0.0227997,1063930,348166,241.285,157.168,3253.25,42791.2,7377.56,34118,45090.4,17475.4,15663.5
1612,1,2024-05-29 00:00:00,19:45:04,12050443,Air-2-5,137,0.04,6.35,0,4,4,3,1,2,5,45.0474,0.707494,110859,331.532,11225.2,76325.4,680788,129585,3.40846,8255.1,48670.2,228218,243861,241984,0.0227754,1060550,347619,228.934,153.982,3263.12,42708.1,7363.7,34152.6,44965.5,17421.8,15603.2
1613,1,2024-05-29 00:00:00,22:50:04,11010443,Air-1-1,138,0.04,3.09,0,4,4,3,1,1,1,4.26078,0.0675616,8958.29,31.3112,1114.81,73524.1,63358.8,11697.2,0.301892,833.021,4698.14,21949.1,23575.9,23384.9,0.00467529,105233,33765.9,50.2118,14.0459,298.781,3934.74,707.029,3134.42,4152.26,1600.76,1504.25
1614,1,2024-05-30 00:00:00,01:55:04,12050443,Air-2-5,140,0.04,6.21,0,4,4,3,1,2,5,46.7563,0.712809,110270,322.924,11053.5,65612.1,677639,128905,3.39106,8247.77,48532.7,227788,243305,241819,0.0227057,1057000,346704,218.286,151.4,3266.94,42665.4,7331.24,34085.5,44914.3,17367.3,15543.4
1615,1,2024-05-30 00:00:00,05:00:04,12050443,Air-2-5,142,0.04,6.15,0,4,4,3,1,2,5,45.7616,0.707953,109707,318.825,11024.2,70782,676943,128889,3.38979,8215.69,48412,227649,243051,241457,0.0226833,1055090,346300,224.216,155.081,3245.86,42477.5,7343.16,34073,44949.5,17311.7,15622.3
1619,1,2024-05-30 00:00:00,17:32:07,12050443,Air-2-5,144,0.04,6.22,0,4,4,3,1,2,5,44.6218,0.702329,109320,322.27,11027.5,71457.3,674060,128171,3.37565,8193.26,48307.6,226702,242374,240341,0.0226343,1061650,345907,217.449,155.09,3262.15,42315.4,7272.33,33749.3,44685.4,17291.4,15497
1620,1,2024-05-30 00:00:00,20:37:07,12050443,Air-2-5,146,0.04,6.02,0,4,4,3,1,2,5,46.4246,0.6987,107162,314.679,10800,71448.1,674531,128488,3.37713,8177.12,48279.1,226575,242467,240400,0.0226394,1062060,346148,217.465,151.512,3239.94,42383.4,7319,33792.4,44668.2,17299.5,15496.7
1622,1,2024-05-31 00:00:00,02:47:07,12050443,Air-2-5,148,0.04,6.18,0,4,4,3,1,2,5,44.9021,0.693986,110747,322.873,11174.6,63194.5,672465,127963,3.36803,8160.76,48263.2,226573,241915,240042,0.0226774,1057900,345313,216.466,155.371,3240.05,42311.9,7292.28,33719.1,44663.3,17285.4,15500.9
1626,1,2024-05-31 00:00:00,17:26:59,12050443,Air-2-5,150,0.04,6.13,0,4,4,3,1,2,5,44.1158,0.692009,112443,329.936,11376.6,67407.2,674167,128421,3.37855,8133.94,48167.4,226097,240752,239766,0.0226444,1043370,343938,219.785,149.761,3256.07,42300.2,7275.73,33739.6,44633.8,17222.9,15466.7
1628,1,2024-05-31 00:00:00,23:36:59,12050443,Air-2-5,152,0.04,6.01,0,4,4,3,1,2,5,44.6787,0.690744,115645,336.898,11633.7,61061.8,673152,127910,3.37028,7823.58,46044.1,216082,230869,229120,0.021802,1009740,329790,208.943,140.792,3011.13,39082.6,6734.95,31238,41256.2,15956,14356.2
1629,1,2024-06-01 00:00:00,02:41:59,12010443,Air-2-1,154,0.04,6.07,0,4,4,3,1,2,1,7.89466,0.130393,24037.2,70.5766,2450.11,67805.3,137308,25445.9,0.662662,1637.82,9434.05,44537.4,47798.7,47323.2,0.00666252,214515,68441.3,64.9093,27.6647,617.22,8036.53,1427.24,6430.38,8496.97,3275.43,3003.75
1630,1,2024-06-01 00:00:00,05:46:59,12020443,Air-2-2,156,0.04,6.08,0,4,4,3,1,2,2,17.1101,0.264244,44960.4,132.953,4596.95,62829.1,285561,53339.2,1.39432,3269.08,19068.4,89596.3,96033.5,95212.3,0.0106127,427816,137628,102.638,59.9001,1275.36,16566.4,2880.91,13278.5,17531.4,6775.34,6151.45
1632,1,2024-06-01 00:00:00,11:56:59,12050443,Air-2-5,158,0.04,6,0,4,4,3,1,2,5,44.3003,0.683911,111331,328.99,11215.2,60090.5,667817,127103,3.34373,7934.68,46685.1,219231,234269,232541,0.022095,1030850,335299,209.798,141.537,3054.19,39863.3,6889.01,31845.1,42172.3,16320.5,14664.4
1634,1,2024-06-01 00:00:00,18:06:59,12051443,Air-2-5-Hespl1,160,0.04,6.11,1,4,4,3,1,2,5,21.0326,0.332453,114319,337.935,11577.1,57165.3,668769,127254,3.3501,8125.47,47998.6,225439,240966,239135,0.0226359,1057900,345010,217.393,154.544,3231.16,42048.6,7247.72,33596.4,44404.1,17177.5,15449.5
1635,1,2024-06-01 00:00:00,21:11:59,12052444,Air-2-5-Hespl2-KrSpl4,162,0.04,6.15,2,4,4,4,1,2,5,9.96964,0.150601,112796,331.617,11416.8,65605,668336,127261,3.34707,248.504,1272.02,5892.81,6375.63,6326.31,0.00325132,28102,9084.46,32.449,3.66853,81.9596,1033.11,191.063,818.566,1092.05,425.311,390.705
1636,1,2024-06-02 00:00:00,00:16:59,12053444,Air-2-5-Hespl3-KrSpl4,164,0.04,6.12,3,4,4,4,1,2,5,3.46414,0.0465536,109982,321.74,11067.3,62083.7,667266,126933,3.34124,246.421,1274.8,5860.68,6367.95,6311.99,0.00324962,28032.6,9076.76,32.809,3.16156,80.9837,1029.96,186.702,812.83,1100.09,423.928,393.522
1637,1,2024-06-02 00:00:00,03:21:59,12050443,Air-2-5,166,0.04,6.06,0,4,4,3,1,2,5,43.1258,0.681116,115001,341.012,11633.2,62972.1,665201,126508,3.33067,8086.56,47815,223614,239065,237994,0.022445,1028780,341322,222.584,151.011,3216.66,41884.2,7240.97,33438.1,44181.7,17122.7,15365.9
1639,1,2024-06-02 00:00:00,09:31:59,12050443,Air-2-5,168,0.04,6.17,0,4,4,3,1,2,5,44.5992,0.665625,112517,331.92,11356.3,60072.6,666205,126820,3.33695,7917.04,46565.3,218330,233256,232031,0.021981,1013160,332764,215.503,142.518,3049.39,39731.7,6861.74,31696.4,42050.2,16293.7,14580.2
1641,1,2024-06-02 00:00:00,15:41:59,12050443,Air-2-5,170,0.04,6.07,0,4,4,3,1,2,5,44.0799,0.681145,113627,340.004,11497.6,60636.1,665720,126629,3.33273,8119.59,47837,224142,239482,238079,0.0225108,1039400,341738,220.003,148.856,3216.38,41832.2,7208.82,33424.2,44199.9,17093.9,15284.4
1642,1,2024-06-02 00:00:00,18:46:59,12010443,Air-2-1,172,0.04,6.13,0,4,4,3,1,2,1,7.67242,0.130177,23848.4,69.9358,2397.96,66566.2,136055,25184,0.655879,1619.66,9370.35,44134.1,47288.4,47021.8,0.00662565,210110,67675.6,66.6285,28.9184,607.686,7928.58,1401.62,6366.84,8420.71,3265.91,2980.69
1643,1,2024-06-02 00:00:00,21:51:59,12020443,Air-2-2,174,0.04,6.15,0,4,4,3,1,2,2,16.6589,0.264608,44461,131.348,4480.76,62296.6,282774,52819.4,1.38009,3233.21,18854.3,88719,94882.1,94421.5,0.0105311,418005,135876,104.954,59.7751,1276.51,16456.3,2850.24,13134.5,17411.7,6741,6086.51
1646,1,2024-06-03 00:00:00,15:09:27,12050443,Air-2-5,178,0.04,6.09,0,4,4,3,1,2,5,44.5165,0.691505,109537,318.224,11074.5,50315.4,675966,128626,3.3918,8479.56,49948.8,233778,250914,248998,0.0233402,1090470,358433,241.779,161.504,3515.98,45744,7883.05,36582.6,48387.9,18739,16733.6
1647,1,2024-06-03 00:00:00,18:14:27,12050443,Air-2-5,180,0.04,6.31,0,4,4,3,1,2,5,44.0563,0.686001,112600,330.909,11342.9,59688.3,675231,128524,3.38515,8464.1,50003.1,233737,250050,249254,0.0232527,1072050,356933,240.57,163.277,3525.21,45851.5,7894.99,36673.4,48468.8,18788,16790.8
1648,1,2024-06-03 00:00:00,21:19:27,11050443,Air-1-5,181,0.04,3.03,0,4,4,3,1,1,5,20.7556,0.330358,56007,162.471,5642.84,61705.7,353983,66355.4,1.73804,4171.74,24584.5,115447,122739,122699,0.0128696,529950,175913,129.062,80.4007,1704.72,22336.8,3893.7,17878.2,23626.7,9169.91,8266.63
1649,1,2024-06-04 00:00:00,00:24:27,12050443,Air-2-5,183,0.04,6.11,0,4,4,3,1,2,5,44.7218,0.692462,113534,329.9,11361.4,60500.4,674133,128290,3.38025,8466.9,50013.2,234057,250217,249327,0.0233033,1077380,357431,230.694,164.812,3522.2,45826.5,7879.83,36664.2,48484.4,18704.2,16791.5
1652,1,2024-06-04 00:00:00,18:58:10,12050443,Air-2-5,187,0.04,6.01,0,4,4,3,1,2,5,46.1517,0.702293,103143,307.642,10458.6,65766.1,679311,129458,3.40669,8454.62,49941.6,233482,248402,248932,0.023307,1051390,355108,239.676,160.854,3504.18,45775.3,7891.14,36591.8,48457.9,18749.7,16767.3
1653,1,2024-06-04 00:00:00,22:03:10,12050443,Air-2-5,189,0.04,6.14,0,4,4,3,1,2,5,46.1676,0.69725,102577,307.739,10453.1,65344.7,677650,129220,3.39987,8473.8,49892.5,232964,250157,248910,0.023203,1081270,356958,237.341,161.398,3519.69,45780.9,7895.22,36625.6,48389.3,18754.4,16744.7
1655,1,2024-06-05 00:00:00,04:13:09,12050443,Air-2-5,191,0.04,6.09,0,4,4,3,1,2,5,45.3428,0.704246,103471,304.19,10362.7,55734.6,675091,128566,3.38608,8387.1,49543.3,231449,247511,247112,0.0231054,1057300,353601,231.006,161.915,3479.76,45278,7811.41,36221.3,47901.3,18560.5,16577.6
1658,1,2024-06-05 00:00:00,16:33:46,12050443,Air-2-5,193,0.04,6.01,0,4,4,3,1,2,5,46.4472,0.704668,104933,309.533,10518.4,80688.6,680207,129593,3.41277,8420.85,49812.5,233262,247960,248274,0.0234317,1059960,356537,240.526,164.782,3515.52,45705.1,7867.75,36523.7,48329.9,18731.1,16745
1659,1,2024-06-05 00:00:00,19:38:46,12050443,Air-2-5,195,0.04,6.05,0,4,4,3,1,2,5,44.4319,0.70472,103353,306.573,10460.6,75559.4,679080,129352,3.40682,8444.94,49717.9,232387,248603,247947,0.023329,1074400,357100,239.389,165.231,3501.2,45660.8,7857.42,36532.1,48342.8,18709.1,16710.4
1663,1,2024-06-06 00:00:00,18:04:20,12050443,Air-2-5 *Bulb on line*,197,0.05,5.33,0,4,4,3,1,2,5,39.8478,0.617465,87265.3,255.363,8862.59,61511.4,614646,116809,3.07475,7393.91,43606.8,203576,217392,217878,0.0207759,929373,312753,216.401,141.447,3039.14,39656.2,6836.96,31730.4,41994.3,16230.1,14575.3
1664,1,2024-06-06 00:00:00,21:09:20,12050443,Air-2-5,199,0.05,5.28,0,4,4,3,1,2,5,40.0047,0.617907,89585,258.879,8951.29,66829,613619,116727,3.06983,7409.95,43740.9,204218,218974,217374,0.020823,947394,314307,218.085,143.287,3059.64,39820.1,6854.1,31857.4,42127.8,16275.8,14600.8
1666,1,2024-06-07 00:00:00,03:19:20,12050443,Air-2-5,201,0.04,5.44,0,4,4,3,1,2,5,39.8627,0.614414,87897.2,253.732,8837.47,64341.3,611872,116313,3.06193,7462.39,43868,205427,220076,218863,0.0209646,956858,315860,209.857,143.147,3068.5,40019.6,6909.11,32021.6,42391,16391.2,14711.9
1669,1,2024-06-07 00:00:00,13:54:02,12050443,Air-2-5  **Bulb removed. PULSAR SAMPLE ON LINE**,203,0.08,5.99,0,4,4,3,1,2,5,133.534,12.718,83436.5,248.713,8373.37,87711.7,679189,129587,3.41167,8425.71,49726.1,232575,245928,247979,0.023318,1033240,354249,246.198,165.2,3516.2,45609.7,7896.55,36486.9,48234,18673.7,16689
1670,1,2024-06-07 00:00:00,16:59:02,12050443,Air-2-5,205,0.07,6.05,0,4,4,3,1,2,5,130.354,12.5857,86954.6,256.789,8697.23,89483.9,678212,129238,3.40716,8403.48,49804.1,233387,247687,248203,0.0234453,1054080,355805,238.575,162.37,3490.29,45681.3,7868.41,36443.2,48296,18698.4,16757.9
1672,1,2024-06-07 00:00:00,23:09:02,12050443,Air-2-5,207,0.07,6.07,0,4,4,3,1,2,5,123.329,12.3996,90008.3,263.985,9022.71,100025,678709,129367,3.41156,8394.07,49688.6,232662,246861,247823,0.0233806,1048250,354974,233.162,161.885,3488.81,45462.4,7843.63,36341.7,48102.4,18644.3,16679.4
1673,1,2024-06-08 00:00:00,02:14:02,12010443,Air-2-1,209,0.07,6.1,0,4,4,3,1,2,1,24.2311,2.22211,3333.59,56.1931,1958.43,76967.5,137815,25552.1,0.667014,1671.45,9717.23,45611.8,48366,48580.4,0.00676689,210563,69926.5,73.2631,31.8459,664.063,8590.21,1533.18,6877.93,9144.7,3530.88,3222.74
1674,1,2024-06-08 00:00:00,05:19:02,12020443,Air-2-2,211,0.07,5.93,0,4,4,3,1,2,2,51.225,4.63049,40880,118.846,4075.21,72314.8,287196,53640,1.40656,3324.53,19618.4,92078.4,97816.2,98110.7,0.010886,423535,141020,114.344,63.3911,1361.7,17782.8,3105.71,14212.3,18823.1,7310.71,6595.24
1676,1,2024-06-08 00:00:00,11:29:02,12050443,Air-2-5,213,0.07,6.07,0,4,4,3,1,2,5,127.841,12.0534,87657.3,260.836,8800.54,98188.1,676614,129063,3.40177,8368.65,49524.3,231437,246716,246920,0.0232973,1048640,354359,237.673,161.991,3485.69,45310,7824.86,36254.1,47984.6,18561.3,16639.2
1677,1,2024-06-08 00:00:00,14:34:02,12051443,Air-2-5-Hespl1-Krspl3,215,0.07,6.15,1,4,4,3,1,2,5,66.9982,6.32791,85752.8,253.365,8587.47,83402.1,674854,128588,3.39146,8389.36,49592.8,231839,246744,247078,0.0232952,1054360,354443,239.324,163.684,3482.31,45254.1,7808.41,36225.2,47933.4,18576.4,16658
1678,1,2024-06-08 00:00:00,17:39:02,12052444,Air-2-5-Hespl2,217,0.08,5.99,2,4,4,4,1,2,5,32.3867,2.87947,89339.1,263.026,8982.13,76324.6,673265,128345,3.3833,259.556,1339.54,6130.9,6697.95,6639.54,0.00328908,29451.1,9566.82,37.7887,4.26495,88.3429,1121.6,205.413,887.71,1204.21,467.416,430.099
1679,1,2024-06-08 00:00:00,20:44:02,12053443,Air-2-5-Hespl3-Krspl3,219,0.07,5.97,3,4,4,3,1,2,5,8.70216,0.857934,82069.3,239.847,8214.76,66604.1,672626,128170,3.37887,8380.38,49481.9,231326,247003,246458,0.0233061,1057690,354302,235.481,163.671,3476.5,45258.1,7812.77,36173.9,47920.2,18537.2,16670.4
1680,1,2024-06-08 00:00:00,23:49:02,12050444,Air-2-5,221,0.07,6,0,4,4,4,1,2,5,125.173,11.6307,90390.6,268.037,9064.59,88824.9,672791,128179,3.37996,262.21,1318.77,6108.06,6664.04,6601.2,0.00328329,29358.1,9498.96,41.1064,3.69777,87.5488,1102.13,204.154,884.192,1201.64,461.06,425.804
1682,1,2024-06-09 00:00:00,05:59:02,11010443,Air-1-1,222,0.07,3.01,0,4,4,3,1,1,1,19.0817,1.97315,8576.94,29.375,1087.74,60778.8,61848.9,11429.1,0.296892,821.925,4664.77,21792.9,23340.3,23348.1,0.00467422,102434,33674.5,53.0807,14.788,313.274,4001.64,725.447,3208.75,4272.43,1645.53,1540.98
1683,1,2024-06-09 00:00:00,09:04:02,12050443,Air-2-5,224,0.07,6.02,0,4,4,3,1,2,5,117.32,11.281,93147.5,271.868,9423.84,75397.1,670034,127655,3.36792,8344.52,49224.3,230088,245418,245320,0.0231979,1046980,352351,238.871,161.466,3452.35,44965.4,7757.73,35925.8,47668.3,18448.6,16507.4
1684,1,2024-06-09 00:00:00,12:09:02,12050443,Air-2-5,226,0.07,6.05,0,4,4,3,1,2,5,120.651,11.26,89140.9,264.852,8978.61,82877.4,669510,127596,3.36437,8342.28,49304.5,230656,245790,245387,0.0232161,1052210,352876,239.742,166.114,3457.74,44984.8,7761.46,35989.1,47658,18475.3,16532.4
1686,1,2024-06-09 00:00:00,18:19:02,12050443,Air-2-5,228,0.07,5.93,0,4,4,3,1,2,5,116.976,11.063,89755,273.073,9101.23,94041.4,669139,127586,3.36449,8326.83,49217.7,229415,245402,245102,0.0230888,1047380,352303,238.088,162.971,3456.63,44989.5,7760.49,35977.1,47644,18478.4,16533.1
1687,1,2024-06-09 00:00:00,21:24:02,12010443,Air-2-1,230,0.07,6.01,0,4,4,3,1,2,1,21.5711,1.97214,21066.4,61.6881,2130.18,74377.7,136611,25346,0.66085,1652.86,9616.99,44903.5,48117.5,48024.6,0.00672156,211920,69444.7,69.2276,29.8975,657.832,8487.03,1503.67,6786.29,9015.11,3487.94,3182.98
1688,1,2024-06-10 00:00:00,00:29:02,12020443,Air-2-2,232,0.07,5.98,0,4,4,3,1,2,2,46.1129,4.09101,39157.6,114.232,3931.36,69946.7,284341,53136.7,1.3921,3297.64,19391.7,90947.6,97077.5,97108.6,0.0107859,422342,139832,111.676,61.1723,1351.99,17568.2,3068.56,14054.6,18645.5,7222.95,6519.89
1690,1,2024-06-10 00:00:00,06:39:02,12050443,Air-2-5,234,0.07,5.85,0,4,4,3,1,2,5,115.352,10.5267,100237,291.642,9987.75,91628.5,669066,127487,3.36133,8301.6,49000.9,229066,243335,244357,0.0230893,1025910,349992,240.279,162.257,3441.14,44762.8,7737.99,35829.1,47458.5,18357.3,16449.4
1694,1,2024-06-10 00:00:00,19:15:25,12050443,Air-2-5,236,0.09,5.88,0,4,4,3,1,2,5,43.8599,0.64125,106164,308.929,10752.3,117455,659045,125631,3.30935,8159.85,47901.9,224020,240157,238691,0.0226249,1045570,344549,261.702,156.762,3360.32,43668.7,7561.91,34946.5,46333.5,17929.5,16073.6
1695,1,2024-06-10 00:00:00,22:20:25,12050443,Air-2-5,238,0.08,5.8,0,4,4,3,1,2,5,42.4352,0.642746,105462,313.179,10615.4,90250.4,655422,124953,3.28899,8109.49,47709.9,223109,238365,237995,0.0225414,1022150,341997,252.167,155.301,3343.04,43541.2,7529.35,34903.3,46211,17876.4,16042.9
1697,1,2024-06-11 00:00:00,04:30:25,12050443,Air-2-5,240,0.04,5.92,0,4,4,3,1,2,5,41.6893,0.6486,101779,302.649,10358.1,69487.5,651520,124044,3.27008,8062.81,47515.9,221693,236563,237073,0.0224295,1002180,339844,254.168,154.508,3321.07,43169.3,7483.53,34526.7,45748.3,17693.8,15920.2
1701,1,2024-06-11 00:00:00,17:03:54,12050443,Air-2-5 **NGL Computer Problem - No KrXe**,242,0.04,5.9,0,4,4,3,1,2,5,42.7378,0.648487,100446,295.041,10150,118550,656128,124924,3.29213,0,0,0,0,0,0,0,0,0,0,0,0,0,0,0,0,0
1704,1,2024-06-12 00:00:00,15:42:40,12050443,Air-2-5  **Ion Counting Error**,244,0.04,5.92,0,4,4,3,1,2,5,0,1.45356e-05,3165.23,9.2243,330.912,5270.81,7454.19,1397.2,0.0391781,-1943.79,-11304.8,-53521.5,-59955.7,-61935.4,-0.0020392,-270992,-85883.9,17.6622,-35.4327,-779.392,-9767.62,-1668.16,-8120.69,-10304.1,-4171.49,-3546.75
1705,1,2024-06-12 00:00:00,18:47:40,12050443,Air-2-5,246,0.04,5.9,0,4,4,3,1,2,5,44.9128,0.68992,100619,299.299,10229.9,76761.8,657236,125288,3.30268,8295.89,48726.6,227607,244515,243224,0.0229562,1060210,350814,254.819,163.137,3398.91,44550.9,7713.8,35601.8,47236.4,18304.3,16406.5
1707,1,2024-06-13 00:00:00,00:57:40,12050443,Air-2-5,248,0.04,5.97,0,4,4,3,1,2,5,44.7915,0.690388,103141,298.533,10359,63023.9,654969,124722,3.29013,8215.67,48488.7,226754,242355,241541,0.0229263,1042280,347954,237.509,161.705,3395.57,44080.3,7612.75,35283.7,46810.8,18105.5,16260.2
1708,1,2024-06-13 00:00:00,04:02:40,12050443,Air-2-5,250,0.04,6.03,0,4,4,3,1,2,5,43.8093,0.67449,97731,292.296,9932.11,68530.8,655767,124932,3.29481,8257.18,48680.8,227490,241567,242769,0.0229472,1017160,347681,243.14,162.809,3416.3,44550.8,7676.67,35639.6,47140.5,18253.4,16386.6
1713,1,2024-06-13 00:00:00,19:51:39,12050443,Air-2-5,252,0.04,5.89,0,4,4,3,1,2,5,45.5604,0.688882,108046,322.763,11015.1,69259.5,657190,125121,3.30084,8209.12,48635.7,226639,241188,242617,0.0228415,1018830,347266,226.626,160.956,3401.19,44442.9,7649.95,35549.8,47076.4,18259.8,16310.6
1714,1,2024-06-13 00:00:00,22:56:39,12050443,Air-2-5,254,0.04,5.88,0,4,4,3,1,2,5,44.4602,0.685207,102309,298.049,10310.5,68534.6,656587,125166,3.29988,8225.18,48549.2,227063,243460,242014,0.022913,1052390,349114,223.598,157.018,3402.82,44379.1,7662.95,35491,46978.6,18203,16346.4
1716,1,2024-06-14 00:00:00,05:06:39,12050443,Air-2-5,256,0.04,6.02,0,4,4,3,1,2,5,46.0716,0.689887,109932,329.094,11217.1,61081.1,654728,124629,3.28823,8197.59,48468.8,226421,241609,241772,0.0228785,1028810,347131,235.436,156.383,3401.85,44231.8,7671.96,35395.1,46962.7,18164.9,16315.3
1719,1,2024-06-14 00:00:00,16:02:16,12050443,Air-2-5,258,0.04,5.61,0,4,4,3,1,2,5,44.2708,0.666941,88009.6,259.003,8913.39,67597.5,646803,123081,3.24628,8028.74,47414.7,221010,235860,236347,0.0223865,999372,339033,231.662,157.045,3326.45,43185.3,7486.52,34608.3,45909.2,17775,15929.9
1720,1,2024-06-14 00:00:00,19:07:17,12050443,Air-2-5,260,0.04,5.76,0,4,4,3,1,2,5,45.3486,0.670389,101396,294.128,10216.7,69120,645381,122837,3.2413,8014.48,47338.4,220680,236350,236255,0.0223354,1011030,339645,230.844,153.326,3319.73,43229.7,7476.1,34519.6,45845,17735.1,15963.5
1722,1,2024-06-15 00:00:00,01:17:17,12050443,Air-2-5,262,0.04,5.9,0,4,4,3,1,2,5,43.9612,0.665387,95339.1,278.18,9604.93,59760.6,643968,122588,3.23437,7982.72,47024.2,218807,234701,234481,0.0222139,1004790,337093,225.097,153.24,3291.3,42650.7,7381.98,34121.6,45396.3,17546,15752.5
1723,1,2024-06-15 00:00:00,04:22:17,12010443,Air-2-1,264,0.04,5.74,0,4,4,3,1,2,1,7.7895,0.127556,20003.5,55.7677,2012.43,64399,129725,24052.5,0.62815,1596.43,9258.98,43318.1,46636.1,46239.1,0.00658933,209081,67238,69.7642,29.183,627.147,8118.44,1445.03,6511.24,8664.6,3354.96,3072.01
1724,1,2024-06-15 00:00:00,07:27:17,12020443,Air-2-2,266,0.04,5.7,0,4,4,3,1,2,2,16.8535,0.25575,39613.9,117.351,3990.34,60407.7,271242,50660.9,1.3284,3193.55,18672.8,87344.5,94118.7,93363.8,0.0105082,417919,135506,107.173,61.5012,1293.97,16867.3,2951.97,13438.4,17921.7,6952.55,6275.49
1726,1,2024-06-15 00:00:00,13:37:17,12050443,Air-2-5,268,0.04,5.95,0,4,4,3,1,2,5,42.2682,0.66132,93899.5,280.937,9559.63,57083.8,642168,122183,3.22547,7898.43,46640.9,217433,234059,233002,0.0220881,1010710,335655,229.128,151.517,3247.03,42227.3,7289.96,33730,44854.5,17348.5,15599.3
1728,1,2024-06-15 00:00:00,19:47:17,11010443,Air-1-1,269,0.04,2.91,0,4,4,3,1,1,1,4.34734,0.0613121,8422.86,28.7849,997.832,55530.4,58475,10796.2,0.280663,786.72,4424.55,20643.6,22302,22215.1,0.00457878,99235.3,32271.9,53.9667,14.3657,293.6,3761.7,679.823,3005.75,4022.46,1555.14,1443.25
1729,1,2024-06-15 00:00:00,22:52:17,11010443,Air-1-1,270,0.04,2.93,0,4,4,3,1,1,1,3.84181,0.0616278,6113.66,30.7362,1034.12,54905.7,58485.6,10785.9,0.280549,788.28,4457.63,20842.3,22461.2,22313.7,0.00460729,99571.4,32438.3,48.2229,13.7702,292.83,3820.2,688.795,3065.1,4100.32,1585.71,1476.12
1730,1,2024-06-16 00:00:00,01:57:17,12050443,Air-2-5,272,0.04,5.74,0,4,4,3,1,2,5,43.0248,0.658336,96036.9,285.108,9757.68,53785.1,640964,122053,3.22006,7970.71,46984.3,218973,235426,234410,0.0222421,1011970,337931,221.316,155.349,3289.88,42828.5,7399.24,34235.7,45513.6,17604,15793.6
1735,1,2024-06-18 00:00:00,00:25:46,12050443,Air-2-5,274,0.04,2.71,0,4,4,3,1,2,5,18.1855,0.291046,45477.9,129.849,4556.84,44909.7,317211,59473.1,1.56083,3635.53,21318,99015.2,107108,106513,0.0115529,470321,153981,119.155,71.7496,1488.59,19157.7,3353.09,15334.6,20444.8,7921.03,7164.19
1736,1,2024-06-18 00:00:00,03:30:46,12050443,Air-2-5,276,0.04,2.65,0,4,4,3,1,2,5,17.9097,0.291337,47350.3,140.221,4760.44,50334,317085,59497,1.56002,3637.91,21396.5,99975.5,107690,106985,0.0116138,475350,155065,124.4,68.8349,1499.15,19406,3381.98,15484.9,20635.6,7980.81,7224.81
1737,1,2024-06-18 00:00:00,08:34:30,12050000,Air-2-5-HeTank,278,0.04,0.04,0,0,0,0,1,2,5,0.0703775,0.00181211,288.578,0.964538,37.5425,53829.2,96.1464,17.284,0.000437505,45.4238,20.4021,82.79,82.4209,94.9925,0.00273871,309.249,133.187,43.395,0,0,0,0,0,0,0,0
1742,1,2024-06-20 00:00:00,16:36:32,12050000,Air-2-5-HeTank,280,0.04,0.04,0,0,0,0,1,2,5,0.029069,0.00200758,265.936,0.548999,30.6812,44106.5,108.278,19.429,0.000510211,40.5731,9.75301,41.2168,47.5652,45.1308,0.00274492,196.05,67.614,40.6925,0,0,1.98705,0,1.92731,0.823802,0.264362,0
1743,1,2024-06-20 00:00:00,19:41:32,12000000,Air-2-all-HeTank,282,0.04,0.04,0,0,0,0,1,2,0,4.16887,0.00811432,271.503,0.479876,34.8561,46351,112.613,20.2457,0.000480817,39.9472,9.87994,42.5106,51.4311,49.8286,0.00274595,207.993,65.6907,39.5911,0,0,1.24524,0,0.866179,0.606158,0.0543359,0
1748,1,2024-06-24 00:00:00,11:38:53,12000000,Air-2-everything-HeTank *DRAWING ALL SAMPLE*,286,0.04,0.04,0,0,0,0,1,2,0,36.7444,0.0747587,17210.3,50.758,1776.12,41134.3,37824,7004.83,0.18265,203.437,928.908,2839.53,2364.68,5598.41,0.00306857,8040.57,6322.5,54.8555,10.6016,196.992,2523.85,434.942,2044.32,2695.1,1058.78,943.3
1749,1,2024-06-24 00:00:00,14:43:53,12000000,Air-2-everything-HeTank,288,0.04,0.04,0,0,0,0,1,2,0,36.8893,0.0675829,2681.3,8.11,283.538,48891.9,3411.98,619.668,0.0157475,90.7433,263.655,1192.68,1279.68,1379.81,0.00281767,5036.16,1898.14,46.3142,2.03604,48.1794,616.704,110.379,469.286,659.322,252.334,233.973
1751,1,2024-06-24 00:00:00,20:53:52,12000000,Air-2-everything-HeTank,290,0.04,0.04,0,0,0,0,1,2,0,37.8197,0.0677776,1220.43,3.52503,131.098,47290.5,1441.38,259.874,0.00661995,65.6648,171.709,797.652,876.998,883.669,0.00279257,3920.45,1263.76,39.2744,1.11716,26.5887,265.16,60.4797,255.493,331.196,134.807,126.683
1752,1,2024-06-24 00:00:00,23:58:53,12000000,Air-2-everything-HeTank,292,0.04,0.04,0,0,0,0,1,2,0,36.8797,0.0674158,982.67,2.92131,103.69,45356.6,754.965,136.578,0.00342204,47.0743,70.1305,337.944,366.298,370.518,0.00275165,1653.23,536.534,30.556,0.375871,11.3155,140.743,24.4922,112.673,151.659,57.6972,50.742
1753,1,2024-06-25 00:00:00,03:03:53,12000000,Air-2-everything-HeTank,294,0.04,0.04,0,0,0,0,1,2,0,36.9753,0.0676948,943.515,2.90837,96.5486,43886.7,1166.41,205.826,0.00529062,55.9323,129.685,620.309,677.947,687.75,0.00278316,3051.3,979.835,35.3417,0.920002,17.565,216.559,0,177.682,233.081,87.8207,0
1755,1,2024-06-25 00:00:00,13:49:07,12000000,Air-2-everything-HeTank,296,0.04,0.04,0,0,0,0,1,2,0,36.4268,0.0670738,801.989,3.08187,86.7445,43311.2,656.844,115.517,0.0029502,56.9991,94.7393,441.117,466.014,479.344,0.00275752,2073.07,683.759,39.5729,0.387856,10.6494,135.434,17.9179,95.4623,147.149,55.4109,19.0283
1757,1,2024-06-25 00:00:00,19:59:07,12000000,Air-2-everything-HeTank,298,0.04,0.04,0,0,0,0,1,2,0,35.1529,0.0664469,717.272,1.75365,76.8681,46821.1,520.554,91.2925,0.00231105,46.4843,79.87,389.544,414.288,416.394,0.00275925,1868.5,607.361,32.2465,0,8.8502,0.0689098,11.5003,87.343,0.0250336,45.2171,3.7269
1759,1,2024-06-26 00:00:00,02:09:07,12000000,Air-2-everything-HeTank,300,0.04,0.04,0,0,0,0,1,2,0,34.8979,0.066098,684.912,1.9904,73.4865,46154.7,460.255,81.5643,0.00208042,46.6506,83.3972,383.717,429.775,30.07,0.00275041,1910.45,618.263,32.8868,0.324374,8.52568,109.891,0,89.6977,117.808,46.288,0
1760,1,2024-06-26 00:00:00,12:46:14,10000443,Air-1-1-everything,277,0.04,0.04,0,3,3,0,1,0,0,1.86483,0.0275505,90326.2,266.619,9115.02,42077.4,545980,103263,2.71939,5860.85,34370.5,160128,172561,171859,0.0170769,751634,248586,184.429,0.303548,2489.03,237.232,5665.16,25947,167.249,13416,12097.1
1761,1,2024-06-26 00:00:00,16:06:39,11510330,Air-1-1-everything,278,0.04,1.36,0,3,3,0,1,1,1,2.10495,0.0277725,98933.4,288.529,9979.92,70429,548521,103836,2.73037,5899.98,34659.2,161428,173079,173686,0.0171307,739593,250114,186.356,0.142078,2542.63,871.116,5737.96,26433.4,439.206,13624.3,12299.6
1763,1,2024-06-26 00:00:00,22:16:39,11510330,Air-1-1-everything,279,0.04,1.34,0,3,3,0,1,1,1,1.64493,0.0272421,94993.7,280.403,9696.18,64156,544400,103133,2.70957,5872.96,34464.1,161406,172856,172506,0.01716,750375,249444,182.916,0.108899,2516.61,502.886,5667.6,25997.2,273.133,13444.6,12132.3
1765,1,2024-06-27 00:00:00,04:26:39,11510330,Air-1-1-everything,280,0.04,1.37,0,3,3,0,1,1,1,1.83061,0.0271012,95774.6,277.395,9622.84,66965.7,546240,103390,2.71803,5895.61,34605.2,161109,171569,173462,0.0171252,718302,248970,185.79,0.140859,2530.56,379.958,5757.79,26355.6,222.579,13580.9,12296.1
1767,1,2024-06-27 00:00:00,11:57:07,11510443,Air-1-1-everything,281,0.04,1.35,0,4,4,3,1,1,1,1.90625,0.0273403,4933.13,16.2487,498.731,61957.3,23398.6,4337.9,0.110971,373.089,1945.08,9050.8,9802.92,9764.22,0.00354451,43542.7,14147.4,43.9079,6.30869,129.131,1645.64,303.57,1317.92,1763.83,692.21,654.994
1768,1,2024-06-27 00:00:00,15:18:21,11510443,Air-1-1-everything-NudeDrawdown20min,282,0.05,1.34,0,4,4,3,1,1,1,1.83843,0.0269665,4241.6,13.1269,416.001,55813.7,23335.2,4298.41,0.110745,361.402,1945.97,9015.47,9732.85,9737.74,0.00354424,42858.7,14093.9,43.1344,0,130.939,29.0841,302.841,1325.87,17.8523,685.422,651.684
1770,1,2024-06-27 00:00:00,21:38:21,11510443,Air-1-1-everything,283,0.04,1.36,0,4,4,3,1,1,1,2.06305,0.0268784,4220.29,13.3645,436.473,54166.5,23519.8,4340.75,0.111368,361.102,1959.08,9111.49,9855.2,9819.7,0.00356098,43281.8,14210,40.3413,0.0143073,132.713,27.9555,307.095,1330.57,17.4777,692.838,653.79
1771,1,2024-06-28 00:00:00,00:48:21,11510443,Air-1-1-everything,284,0.04,1.35,0,4,4,3,1,1,1,1.86047,0.0270052,4288.51,13.4904,441.673,50073.2,23320.2,4294.77,0.110559,363.594,1950.45,9064.18,9803.84,9749.74,0.00355365,42865.8,14158.4,38.4294,5.91018,124.47,1653.75,305.506,1330.32,1779.68,682.546,647.368
1772,1,2024-06-28 00:00:00,03:58:21,11510443,Air-1-1-everything,285,0.04,1.33,0,4,4,3,1,1,1,1.56753,0.0272121,4183.8,12.1117,432.061,49434.2,23211.4,4283.38,0.110309,358.969,1938.06,9069.67,9741.8,9714.58,0.00354171,42913.9,14113.8,34.4988,-0.0405473,127.023,30.0062,302.707,1329.28,16.9735,691.236,644.98
1774,1,2024-06-28 00:00:00,12:08:34,11510443,Air-1-1-everything,286,0.04,1.34,0,4,4,3,1,1,1,1.71742,0.0270327,4207.22,11.9016,424.505,49146.5,23409.2,4319.63,0.11118,0,0,0,0,0,0,0,0,0,0,0,0,0,0,0,0,0
1775,1,2024-06-28 00:00:00,21:32:53,11510443,Air-1-1-everything,288,0.04,1.34,0,4,4,3,1,1,1,0,0.0281657,4495.28,12.6726,464.916,48890.1,23132.9,4272.63,0.110007,351.619,1913.35,8885.66,9592.32,9538.31,0.00353813,42282.1,13861.3,35.8291,5.43935,126.642,1594.6,294.795,1281.99,1710.54,662.277,621.933
1776,1,2024-06-29 00:00:00,00:42:53,11510443,Air-1-1-everything,289,0.04,1.34,0,4,4,3,1,1,1,0,0.0277717,4273.03,11.7458,429.813,51370.3,23272.5,4295.67,0.110395,345.816,1911.02,8939.61,9620.95,9581.6,0.00354562,42459.2,13926.5,35.6448,5.68116,127.282,1611.61,298.252,1283.81,1726.14,672.814,630.124
1777,1,2024-06-29 00:00:00,03:52:53,11510443,Air-1-1-everything,290,0.04,1.34,0,4,4,3,1,1,1,0.0230882,0.0274585,4317.29,13.79,431.312,52351.3,23200.3,4277.04,0.110081,353.577,1927.91,8953.61,9631.75,9586.97,0.00353199,42701.2,13931.5,35.872,5.4176,125.373,1604.4,296.259,1292.58,1722.1,666.591,628.268
1779,1,2024-06-29 00:00:00,10:12:53,11510443,Air-1-1-everything,291,0.05,1.36,0,4,4,3,1,1,1,0.0527299,0.0276193,4275.94,12.7511,431.108,51586.6,23097.9,4277.09,0.109809,357.245,1894.46,8857.56,9497.32,9491.41,0.00352976,41948,13804.9,39.4374,5.64604,122.177,1581,292.869,1269.51,1703.02,657.594,624.151
1780,1,2024-06-29 00:00:00,13:22:53,11510443,Air-1-1-everything,292,0.05,1.36,0,4,4,3,1,1,1,0.0133009,0.0271759,4093.36,10.9384,409.552,52228.6,23312.4,4294.7,0.110557,361.036,1893.64,8877.13,9604.19,9516.12,0.00353743,42501.5,13848.6,41.7032,5.42689,121.389,1591.28,292.254,1281.23,1702.77,651.087,626.3
1781,1,2024-07-01 00:00:00,12:11:48,11510443,Air-1-1-everything,293,0.04,1.36,0,4,4,3,1,1,1,1.87198,0.0284101,3990.13,11.6714,410.235,46468.3,23434.1,4318.59,0.111456,356.162,1856.1,8677.7,9392.69,9287.77,0.00350274,41813.2,13535,43.3586,5.894,117.855,1543.08,286.99,1235.15,1665.85,636.188,610.779
1782,1,2024-07-01 00:00:00,15:45:07,11510443,Air-1-1-everything,294,0.04,1.36,0,4,4,3,1,1,1,1.82569,0.0277602,4513.85,12.1072,454.104,47346.8,23296.6,4284.74,0.110538,358.811,1901.08,8845.21,9547.62,9434.71,0.00352566,42194.7,13779,45.6983,6.59928,122.685,1595.81,288.882,1249.75,1699.03,662.066,615.907
1783,1,2024-07-01 00:00:00,20:54:23,11510443,Air-1-1-everything,295,0.04,1.31,0,4,4,3,1,1,1,1.79657,0.0278412,4425.37,11.9763,454.932,45483.6,23030,4253.73,0.109579,353.542,1899.52,8840.94,9538.71,9503.99,0.00352389,41404.6,13718.5,35.5001,5.21137,127.346,1588.53,291.676,1278.38,1708.53,661.457,625.773
1785,1,2024-07-02 00:00:00,03:24:23,11510443,Air-1-1-everything,296,0.04,1.34,0,4,4,3,1,1,1,2.12235,0.0274675,4565.51,12.9605,462.493,48466,22851.5,4194.32,0.108709,347.95,1871.61,8849.27,9488.3,9448.7,0.00353054,42177.4,13726.8,37.1573,5.28483,122.091,1587.83,293.812,1267.09,1693.67,659.766,619.998
1790,1,2024-07-04 00:00:00,11:26:39,11510443,Air-1-1-everything,297,0.05,1.36,0,4,4,3,1,1,1,1.6794,0.0273337,4594.57,13.3088,463.002,44297,23322.4,4309.98,0.111161,356.559,1866.65,8730.72,9457.24,9370.95,0.00350611,42232.2,13596.6,46.349,5.54381,122.047,1564.29,290.382,1241.94,1676.35,640.349,613.167
1791,1,2024-07-04 00:00:00,14:41:39,11510443,Air-1-1-everything,298,0.05,1.34,0,4,4,3,1,1,1,1.71854,0.0273085,4714.24,14.6505,470.877,46858.7,23341.1,4305.2,0.111117,364.693,1888.26,8794.71,9483.36,9419.63,0.00350719,41999.6,13718.4,52.9765,5.45727,127.411,1572.86,290.909,1261.03,1691.83,661.522,616.435
1793,1,2024-07-04 00:00:00,21:11:39,11510443,Air-1-1-everything,299,0.05,1.37,0,4,4,3,1,1,1,1.59129,0.0265653,4658.78,14.0187,470.375,47526.6,23063.2,4253.95,0.10969,361.844,1880.72,8754.94,9462.68,9390.52,0.00351976,42044.8,13591.1,47.6629,4.95826,125.456,1555.54,286.149,1249.36,1675.48,653.899,613.447
1794,1,2024-07-05 00:00:00,00:26:39,11510443,Air-1-1-everything,300,0.04,1.34,0,4,4,3,1,1,1,1.52107,0.0268619,4777.16,14.2639,493.877,48190.8,23217.5,4270.49,0.110245,355.731,1882.28,8747.53,9414.22,9384.88,0.00350155,41149.5,13601.6,45.8909,5.13106,125.089,1571.12,287.712,1248.48,1691.17,654.47,611.997
1795,1,2024-07-05 00:00:00,03:41:39,11510443,Air-1-1-everything,301,0.04,1.34,0,4,4,3,1,1,1,1.72081,0.0272409,4347.73,13.7949,443.341,48863.3,23042.5,4239.54,0.109339,352.439,1892.47,8806.61,9465.17,9382.27,0.00351981,41893.3,13654.3,41.7971,5.62085,119.864,1551.75,288.6,1249.43,1682.15,646.851,621.534
1799,1,2024-07-06 00:00:00,09:16:52,11510443,Air-1-1-everything,302,0.05,1.34,0,4,4,3,1,1,1,1.56201,0.0270898,4435.93,12.4111,450.285,50036.4,23325.6,4304.95,0.11116,354.373,1868.45,8714.22,9374.06,9335.02,0.00350744,41441.6,13585,49.9121,5.57513,119.074,1541.51,285.958,1223.17,1656.79,638.36,607.615
1802,1,2024-07-07 00:00:00,09:41:26,11510443,Air-1-1-everything,303,0.04,1.32,0,4,4,3,1,1,1,1.80477,0.0272219,4394.35,13.7865,452.788,43232.2,23118.5,4286.43,0.109924,377.206,1938.46,9019.02,9663.56,9710.27,0.00354632,41873.5,14009.4,61.6669,5.62243,128.447,1644.15,305.736,1315.25,1762.7,688.909,647.134
1804,1,2024-07-08 00:00:00,15:54:59,11510443,Air-1-1-everything,304,0.05,1.36,0,4,4,3,1,1,1,2.00674,0.0277936,4631.12,14.0931,477.229,43377.2,23682.9,4360.79,0.112737,396.551,1924.67,8909.3,9606.28,9578.72,0.00352362,42186.9,13824.4,79.4601,6.4495,125.457,1636.85,304.444,1307.93,1756.75,683.928,648.254
1807,1,2024-07-09 00:00:00,01:39:59,11510443,Air-1-1-everything,305,0.05,1.35,0,4,4,3,1,1,1,1.61049,0.0273054,4292.27,13.3629,433.318,42618.8,23518.3,4324.25,0.111806,367.355,1919.21,8990.02,9711.26,9599.93,0.00352231,43175.2,13976.3,45.8809,6.14571,130.299,1650.12,307.724,1320.29,1775.28,679.677,646.619
1809,1,2024-07-09 00:00:00,08:09:59,11510443,Air-1-1-everything,306,0.05,1.35,0,4,4,3,1,1,1,2.11826,0.0271987,4405.57,12.9192,451.101,43109,23376,4312.74,0.111019,373.007,1945.32,9006.35,9616.67,9679.12,0.00353973,41651.5,13956.9,53.6878,5.79651,131.769,1655.6,307.757,1333.64,1782.12,689.281,658.491
1811,1,2024-07-10 00:00:00,06:57:54,11510443,Air-1-1-everything,307,0.04,1.36,0,4,4,3,1,1,1,1.99714,0.0280573,4425.52,13.6578,452.612,42625,23449.7,4315.18,0.111639,363.266,1909.84,8897.71,9575.58,9510.83,0.00352292,42240.8,13857.5,40.2161,6.0366,128.503,1622.06,296.287,1288.16,1732.86,671.958,641.847
1815,1,2024-07-11 00:00:00,09:16:33,11510443,Air-1-1-everything,308,0.04,1.36,0,4,4,3,1,1,1,1.94987,0.0274483,4547.12,13.5204,463.486,41446.7,23441.9,4329.46,0.111688,366.064,1917.82,8931.98,9643.87,9648.96,0.0035305,42675.7,13965.9,56.2592,5.97978,126.893,1628.29,300.06,1295.93,1754.79,679.079,636.199
1818,1,2024-07-12 00:00:00,09:12:42,11510443,Air-1-1-everything,309,0.05,1.35,0,4,4,3,1,1,1,1.58024,0.0271738,4201.25,12.8825,429.884,39909.2,23379.7,4312.61,0.111245,360.831,1911.86,8917.57,9624.31,9587.79,0.00353201,42620.2,13865.2,43.5578,5.82723,127.949,1616.45,298.997,1290.25,1753.69,678.168,636.233
1821,1,2024-07-13 00:00:00,09:11:02,11510443,Air-1-1-everything,310,0.05,1.32,0,4,4,3,1,1,1,2.12363,0.027492,4340.88,12.4744,453.391,40712.9,23376.1,4299.86,0.11124,352.449,1902.92,8869.38,9595.04,9554.88,0.00351292,42602.7,13836.4,36.279,6.44717,124.039,1612.21,178.633,1292.14,1750.76,677.112,624.527
1823,1,2024-07-14 00:00:00,09:17:19,11510443,Air-1-1-everything,311,0.05,1.34,0,4,4,3,1,1,1,1.66229,0.0273318,4231.88,12.617,436.397,39515.2,23597.7,4338.92,0.11213,365.429,1902.89,8849.41,9556.03,9556.58,0.00351867,41839.2,13783.2,44.8379,0,124.466,0.139361,0.323128,1287.82,0.130161,671.051,0.130488
1825,1,2024-07-15 00:00:00,05:52:43,11510443,Air-1-1-everything,312,0.05,1.37,0,4,4,3,1,1,1,2.01446,0.0276254,4286.11,12.5834,440.212,38890,23515.4,4337.09,0.111915,357.219,1886.96,8759.38,9395.84,9366.41,0.00350497,41149.5,13590.2,43.5061,0,121.956,0.223665,0.463232,1252.92,0.151065,658.076,0.290088
1829,1,2024-07-16 00:00:00,09:14:48,11510443,Air-1-1-everything,313,0.1,1.37,0,4,4,3,1,1,1,1.77524,0.0271348,4267.8,12.5347,434.746,42928.6,23525.8,4331.34,0.112031,387.779,1915.91,8906.77,9627.36,9611.47,0.00351768,42394.2,13904.2,72.4956,5.58845,127.094,1619.75,300.153,1295.25,1746.67,675.764,636.932
1832,1,2024-07-17 00:00:00,09:15:33,11510443,Air-1-1-everything,314,0.05,1.35,0,4,4,3,1,1,1,1.85774,0.0268387,4382.77,13.2133,439.54,41935,23817.1,4386.09,0.113231,384.615,1946.84,9047.18,9738.87,9735.77,0.00352796,42925.2,14114.9,59.0909,6.55526,130.156,1643.12,0.766807,1311.72,1761.37,677.841,0.300358
1834,1,2024-07-18 00:00:00,07:37:09,11510443,Air-1-1-everything,315,0.05,1.37,0,4,4,3,1,1,1,1.65752,0.0270174,4400.73,14.3201,465.14,39203.9,23548.6,4346.34,0.112114,373.223,1881.13,8729.31,9430.46,9352.93,0.00351184,42098.4,13620.8,57.2758,5.83098,0,1565.76,0,0,1689.32,0,0
1837,1,2024-07-19 00:00:00,10:05:25,11510443,Air-1-1-everything,316,0.04,1.33,0,4,4,3,1,1,1,1.80088,0.026359,4104.77,12.0675,431.227,39266.7,23637.7,4352.81,0.112463,366.321,1898.24,8846.49,9544.09,9541.45,0.00352615,41619.9,13794.8,35.2259,6.17948,126.037,1606.72,0.154017,1291.17,1739.68,671.696,0.121744
1840,1,2024-07-20 00:00:00,09:18:06,11510443,Air-1-1-everything,317,0.05,1.36,0,4,4,3,1,1,1,1.8973,0.027649,4592.82,13.9469,473.241,39041.7,23562.8,4366.11,0.112261,362.601,1893.23,8820.52,9546.03,9492.28,0.00351603,42202.4,13744.1,36.4408,5.82965,126.262,1606.58,0.757543,1284.65,1722.04,668.468,0.242707
1843,1,2024-07-21 00:00:00,09:17:14,11510443,Air-1-1-everything,318,0.05,1.33,0,4,4,3,1,1,1,1.86625,0.0272484,4489.83,13.3596,455.17,37413,23542.7,4341.36,0.112007,354.243,1884.74,8798.84,9470.24,9435.49,0.00352746,41931.1,13695.5,34.7744,0,124.091,0.29885,0.607456,1259.19,0.162497,659.682,0.0879382
1846,1,2024-07-22 00:00:00,10:46:54,11510443,Air-1-1-everything,319,0.05,1.34,0,4,4,3,1,1,1,1.30147,0.0276585,4455.7,13.9854,461.6,37489.1,23694.6,4327.52,0.112827,350.5,1874.23,8733.14,9351.5,9320.3,0.00351486,41688,13686.9,35.89,0.366449,124.917,0.164034,1.45625,1268.6,0,659.029,0.391195
1848,1,2024-07-23 00:00:00,06:08:12,11510443,Air-1-1-everything,320,0.05,1.35,0,4,4,3,1,1,1,1.70422,0.0270848,4439.23,12.5956,452.903,35455.3,23613.9,4334.12,0.112465,353.042,1850.13,8686.85,9335.79,9258.11,0.00349567,41905,13587.1,40.5271,0.522817,120.507,0.154288,0.932641,1256.8,0.172432,652.646,0.245009
1849,1,2024-07-23 00:00:00,09:23:12,11510443,Air-1-1-everything,321,0.05,1.35,0,4,4,3,1,1,1,1.97484,0.0270995,4306.95,11.961,441.65,38305.2,23506.2,4311.05,0.111948,349.113,1879.25,8772.58,9257.9,9343.8,0.00352197,40632.4,13587,31.7914,0.500743,122.83,0.147776,1.02492,1278.26,0.082973,668.313,0.252045
1852,1,2024-07-24 00:00:00,09:16:02,11510443,Air-1-1-everything,322,0.05,1.35,0,4,4,3,1,1,1,1.76625,0.0258471,4717.29,13.6625,478.902,38002.4,23480.3,4319.91,0.112061,346.804,1868.09,8762.91,9320.65,9343.82,0.0035164,40884.6,13611.3,28.0476,0.681525,126.272,0.120863,1.43621,1266.27,0.147645,668.292,0.253802
1855,1,2024-07-25 00:00:00,09:19:35,11510443,Air-1-1-everything,323,0.04,1.36,0,4,4,3,1,1,1,1.65767,0.0259578,4848.41,13.4191,492.766,37690.2,23515.5,4338.16,0.112119,349.475,1865.93,8792.9,9280.32,9356.74,0.00352135,40391.8,13582.7,25.7301,5.99494,125.201,1601.21,0.991724,1279.78,1728.69,664.963,0.301788
1856,1,2024-07-25 00:00:00,12:34:35,11510443,Air-1-1-everything,324,0.05,1.32,0,4,4,3,1,1,1,1.59669,0.0257665,4713.33,15.8186,480.428,38974.5,23418.2,4309.27,0.111677,349.683,1887.05,8807.19,9438.02,9388.22,0.00351322,41575.6,13702.2,32.32,6.33789,127.076,1608.77,1.93204,1288.37,1730.82,671.618,0.309072
1857,1,2024-07-25 00:00:00,15:49:35,11510443,Air-1-1-everything,325,0.04,1.33,0,4,4,3,1,1,1,1.26788,0.0257721,5036.23,14.7374,518.738,39377,23456.1,4283.76,0.111625,347.84,1883.3,8834.09,9454.37,9425.45,0.00352207,41830.3,13780.3,38.598,6.9263,124.126,1609.52,304.407,1292.84,1766.9,674.623,637.468
1858,1,2024-07-25 00:00:00,19:04:35,11510443,Air-1-1-everything,326,0.04,1.36,0,4,4,3,1,1,1,2.00152,0.0258583,4770.38,13.9312,484.735,39244.4,23428.8,4280.77,0.111238,347.388,1873.96,8709.12,9228.39,9358.59,0.00351728,39915.2,13545.4,29.4912,5.8091,125.175,1599.05,1.7271,1269.35,1740.18,662.953,0.224979
1859,1,2024-07-25 00:00:00,22:19:35,11510443,Air-1-1-everything,327,0.04,1.38,0,4,4,3,1,1,1,1.9382,0.0260298,4648.27,14.32,490.066,39377.5,23379.2,4303.05,0.111006,340.591,1868.91,8765.93,9328.88,9346.21,0.00352103,40934.7,13581.5,25.4853,6.52647,126.11,1610.96,1.57449,1280.3,1729.99,670.547,0.357106
1860,1,2024-07-26 00:00:00,01:34:35,11510443,Air-1-1-everything,328,0.05,1.37,0,4,4,3,1,1,1,1.68993,0.025668,4660.09,13.7131,476.903,39456.8,23333.2,4276.98,0.110985,342.264,1875.12,8766.46,9328.38,9346.15,0.00351038,41266.1,13650.9,26.1534,6.63836,124.491,1607.36,1.20789,1284.49,1735.79,668.011,0.210817
1862,1,2024-07-26 00:00:00,08:04:35,11510443,Air-1-1-everything,329,0.05,1.37,0,4,4,3,1,1,1,2.22855,0.0258081,4948.15,16.0728,505.342,40227.6,23386.3,4276.37,0.110832,357.708,1860.91,8742.36,9359.13,9329.01,0.00351499,41707.7,13644.3,39.0494,6.30741,126.178,1588.73,2.09984,1267.56,1702.77,658.15,0.307478
1865,1,2024-07-27 00:00:00,09:42:15,11510443,Air-1-1-everything - 3He too low,330,0.06,1.35,0,4,4,3,1,1,1,0.346756,0.0255283,5106.57,14.3135,516.067,40410.6,23607.3,4357.76,0.112619,360.452,1887.65,8880.85,9514.72,9491.87,0.00352372,42557.9,13838,38.8098,7.07034,126.392,1612.64,1.81476,1278.2,1737.87,669.503,0.442745
1866,1,2024-07-27 00:00:00,13:26:45,11510443,Air-1-1-everything,331,0.06,1.35,0,4,4,3,1,1,1,1.08985,0.0258777,4798.54,14.676,500.656,40845.4,23449.4,4311.93,0.111489,362.416,1875.92,8767.56,9346.16,9395.87,0.00351653,41015.5,13649.8,42.0873,7.2186,124.921,1591.32,1.31059,1279.3,1731.23,668.643,0.248764
1867,1,2024-07-28 00:00:00,05:57:51,11510443,Air-1-1-everything,332,0.05,1.34,0,4,4,3,1,1,1,1.81663,0.0259161,5145.52,14.0523,526.207,36654.8,23468.1,4327.52,0.111954,347.057,1856.12,8698.99,9288.34,9269,0.00351834,41043.4,13530,29.1916,6.79345,123.237,1558.4,1.71989,1254.6,1699.82,656.359,0.175749
1868,1,2024-07-28 00:00:00,09:12:51,11510443,Air-1-1-everything,333,0.05,1.36,0,4,4,3,1,1,1,2.02225,0.0254076,5157.67,15.5418,523.551,39206.6,23588.5,4353.43,0.112316,353.804,1891.26,8781.81,9404.65,9401.78,0.00351753,41494.7,13697.8,33.9421,7.12805,123.933,1600.21,1.50403,1281.59,1724.29,660.458,0.205317
1871,1,2024-07-29 00:00:00,09:31:35,11510443,Air-1-1-everything,334,0.05,1.35,0,4,4,3,1,1,1,1.86341,0.0257676,5177.58,15.0227,519.797,40847,23427.1,4315.57,0.111571,344.205,1840.41,8519.02,9055.36,9132.99,0.00348558,39642.6,13277.5,31.8161,6.32448,0.762059,1538.35,0.751715,0.101798,1668.73,0,0
1872,1,2024-07-29 00:00:00,12:58:22,11610999,Air-1-1-everything-large,335,0.05,1.32,0,9,9,9,1,1,1,569.172,8.78515,1232.1,3.50955,123.311,52548.3,12004.3,2125.24,0.0530852,35.2663,5.35602,20.2957,24.9151,22.1173,0.00271758,100.912,35.4035,38.1957,0.691529,0.666101,0.203173,0.829341,0,-0.0196667,0,0
1873,1,2024-07-29 00:00:00,16:41:18,11612999,Air-1-1-everything-lg-He-only,337,0.06,1.35,0,9,9,9,1,1,1,274.997,4.16466,640.321,2.49195,65.2696,45495.5,5154.16,906.938,0.0225751,31.2754,4.84847,11.2871,16.7433,17.5744,0.00273042,73.884,21.8444,34.6985,0.650751,0.79356,0,0.63238,0.210393,0,0,0
1874,1,2024-07-29 00:00:00,19:56:17,11610999,Air-1-1-everything-lg-He-only,338,0.05,1.3,0,9,9,9,1,1,1,271.431,4.10596,639.09,1.76798,64.2604,45050.8,5170.97,902.602,0.0225223,29.5794,4.10486,14.6098,14.4844,18.1186,0.00271729,66.3323,22.9842,33.5973,0.618107,0.931123,0,0.6581,0,0,0,0
1875,1,2024-07-29 00:00:00,23:11:17,11610999,Air-1-1-everything-lg-He-only,339,0.05,1.35,0,9,9,9,1,1,1,271.16,4.09529,656.435,1.53179,68.8526,44298.1,5113.43,902.178,0.02242,33.0401,3.18219,14.0172,16.0196,15.2815,0.002719,69.5729,23.4153,30.5365,0.450319,0.806159,0,0.525101,-0.060015,0,0,0
1876,1,2024-07-30 00:00:00,02:26:17,11610999,Air-1-1-everything-lg-He-only,340,0.05,1.34,0,9,9,9,1,1,1,268.006,4.09162,613.555,1.1982,63.2142,44138.3,5125.28,894.823,0.0223656,29.8416,3.44212,10.6586,17.5144,16.9693,0.00271123,59.5583,20.2468,30.5233,0.226042,0.803286,-0.0334888,0.819477,0.0218054,0,0,0
1878,1,2024-07-30 00:00:00,08:56:17,11510443,Air-1-1-everything,341,0.05,1.36,0,4,4,3,1,1,1,2.27585,0.0254007,5174.11,14.5527,528.374,42158.9,23077.5,4238.77,0.109863,358.868,1830.91,8538.16,9171.33,9173.78,0.00348306,40346.5,13383.5,40.1153,6.59969,0.866398,1543.3,0.583484,0,1675.18,0,0
1882,1,2024-07-31 00:00:00,10:18:18,11510443,Air-1-1-everything,342,0.05,1.32,0,4,4,3,1,1,1,1.33192,0.0253064,5139.04,15.4906,526.835,42346.6,23335.3,4274.66,0.11112,366.93,1840.57,8600.47,9266.85,9213.66,0.00350177,41183.7,13439.5,48.314,6.4422,124.51,1558.03,1.5794,1239.46,1682.3,640.672,0.259771
1885,1,2024-08-01 00:00:00,10:35:04,11510443,Air-1-1-everything,343,0.04,1.33,0,4,4,3,1,1,1,0.849541,0.0252931,5225.45,15.4538,533.081,39314.7,23301.9,4282.32,0.11098,363.406,1839.1,8614.65,9142.67,9252.65,0.00349978,39418.9,13377.9,49.3786,6.55042,122.506,1574.71,2.26672,1253.11,1691.37,657.769,0.399305
1888,1,2024-08-02 00:00:00,09:38:57,11510443,Air-1-1-everything,344,0.04,1.31,0,4,4,3,1,1,1,1.2836,0.0249551,5214.1,17.3388,534.569,41648.7,23373.4,4308.11,0.111528,366.376,1841.52,8608.58,9237.34,9249.88,0.00349114,40899.7,13423.3,62.4898,0.859166,124.16,0.124868,2.32003,1241.15,0.0246545,643.445,0.566434
1891,1,2024-08-03 00:00:00,08:53:52,11510443,Air-1-1-everything,345,0.04,1.33,0,4,4,3,1,1,1,1.94605,0.0255785,5163.46,14.311,517.644,43622.5,23301.1,4296.91,0.110906,396.816,1844.75,8592.84,9258.62,9263.51,0.00349309,40876.9,13447.5,79.8215,6.68239,120.967,1543.31,2.69249,1232.59,1678.52,646.952,0.783285
1893,1,2024-08-04 00:00:00,05:23:36,11611999,Air-1-1-everything-md-He-only,346,0.05,1.31,1,9,9,9,1,1,1,136.935,2.04279,656.466,3.12972,65.5152,44752.1,5180.62,905.723,0.0227225,63.9885,4.65058,10.2473,6.65462,19.3725,0.00271797,23.109,17.1696,66.0113,1.40977,1.34169,0,1.9865,0.32156,0,0,0
1894,1,2024-08-04 00:00:00,08:38:36,11611999,Air-1-1-everything-md-He-only,347,0.05,1.3,1,9,9,9,1,1,1,135.198,2.02766,643.709,2.18583,68.3623,46107,5085.15,907.49,0.0223975,82.7741,4.03086,11.7367,15.0971,15.9249,0.0027284,57.1064,24.8705,84.6643,1.76947,1.42921,0.0560502,1.86865,2.91793,0,0.277426,0
1895,1,2024-08-04 00:00:00,11:53:36,11611999,Air-1-1-everything-md-He-only,348,0.05,1.33,1,9,9,9,1,1,1,132.777,2.02185,642.484,2.07735,66.6701,46536.3,5074.69,896.384,0.0222322,97.5464,4.47786,15.2614,20.1466,18.3169,0.00273079,63.8711,20.5818,82.993,1.25287,1.39567,0,1.50367,0.971237,0,0.11899,0
1896,1,2024-08-04 00:00:00,15:08:36,11611999,Air-1-1-everything-md-He-only,349,0.05,1.31,1,9,9,9,1,1,1,132.983,2.00127,646.658,1.43516,66.9569,46172.9,5053.21,896.955,0.0221673,82.9229,4.88554,12.8613,19.3606,19.6983,0.00271769,69.8045,21.6614,81.0431,1.38906,1.17698,0.0533102,1.93016,0.523364,0,0.0676328,0
1897,1,2024-08-04 00:00:00,18:23:36,11612999,Air-1-1-everything-sm-He-only,350,0.05,1.35,2,9,9,9,1,1,1,57.3093,0.910542,614.127,0.999095,65.3851,44397.7,5061.46,894.205,0.022138,79.3483,4.82676,13.0913,13.9078,14.7721,0.00272251,73.0705,22.877,78.0727,1.96788,1.83399,0,1.17172,0.426798,0,0,0
1898,1,2024-08-04 00:00:00,21:38:36,11612999,Air-1-1-everything-sm-He-only,351,0.05,1.34,2,9,9,9,1,1,1,58.3386,0.913259,642.095,0.930403,64.4783,43961.5,5050.09,895.11,0.022161,71.5731,4.52627,14.6921,18.0304,14.8015,0.00272494,66.1426,22.4228,72.5421,1.50276,1.16523,0,1.57983,0.348738,0,0,0
1899,1,2024-08-05 00:00:00,00:53:36,11612999,Air-1-1-everything-sm-He-only,352,0.05,1.3,2,9,9,9,1,1,1,56.7714,0.905725,619.813,1.67358,65.4377,43818.9,5038.33,892.396,0.0220893,72.4449,5.26603,12.774,16.2513,14.5808,0.00271464,64.6111,20.1537,76.0651,1.17354,1.87008,0,1.30457,0.220893,0,0,0
1900,1,2024-08-05 00:00:00,04:08:36,11612999,Air-1-1-everything-sm-He-only,353,0.05,1.32,2,9,9,9,1,1,1,58.4165,0.897859,642.886,3.13819,67.0021,43373.4,5032.29,890.703,0.0221091,77.9756,4.69704,11.9859,16.7608,18.5453,0.00271034,67.7526,22.1031,77.9065,1.48681,1.54141,0,1.47025,0.14994,0,0,0
1901,1,2024-08-05 00:00:00,07:23:36,11510443,Air-1-1-everything,354,0.05,1.31,0,4,4,3,1,1,1,2.80742,0.0244843,5182.59,16.1453,529.32,43823.3,22927,4211.87,0.108941,404.298,1833.39,8519.77,9197.51,9137.89,0.00348299,40405,13292.4,93.9853,7.25387,124.56,1570.04,2.42044,1254.51,1697.72,656.935,0.133213
1905,1,2024-08-06 00:00:00,09:12:01,11510443,Air-1-1-everything,355,0.05,1.33,0,4,4,3,1,1,1,2.66126,0.0247245,4969.89,16.1078,517.261,44988.9,23105.1,4264.86,0.110005,394.517,1839.86,8496.08,9090.15,9142.74,0.00348864,39059.6,13232.2,75.5391,8.42465,120.019,1533.9,3.11157,1235.04,1648.57,634.463,0.233551
1908,1,2024-08-07 00:00:00,10:40:38,11510443,Air-1-1-everything,356,0.05,1.31,0,4,4,3,1,1,1,2.42129,0.0246711,5217.93,17.0734,532.739,41983.3,23068.1,4258.35,0.109824,362.078,1836.09,8461.43,9037.99,9111.3,0.00349438,38775.5,13204.7,53.8922,7.48114,120.115,1538.84,1.90985,1219.4,1658.64,640.904,0.209878
1911,1,2024-08-08 00:00:00,09:12:52,11510443,Air-1-1-everything,357,0.05,1.33,0,4,4,3,1,1,1,1.12859,0.0245516,4978.29,14.9659,530.892,40646.5,23010.6,4247.2,0.109654,368.356,1841.35,8504.43,9149.18,9139.44,0.00348926,40345.6,13297.8,57.8861,7.06778,118.971,1531.29,1.84246,1220.4,1659.02,633.201,0.207689
1913,1,2024-08-08 00:00:00,17:03:58,11613999,Air-1-1-everything-extsm-He-only,358,0.05,1.3,3,9,9,9,1,1,1,16.3901,0.263262,589.689,1.94391,62.1185,42014,5110.77,900.541,0.0224091,50.0792,3.76741,14.2711,15.6526,16.7656,0.00273134,63.4251,22.1962,48.1256,1.33932,1.42387,0,1.57853,0,0,0,0
1914,1,2024-08-08 00:00:00,20:18:57,11613999,Air-1-1-everything-extsm-He-only,359,0.04,1.3,3,9,9,9,1,1,1,16.2426,0.263366,577.107,2.23308,63.4307,40740.5,5076.38,893.06,0.0222652,48.8167,4.039,14.2953,17.5338,19.0272,0.00272432,64.9701,23.2789,50.6615,1.45961,2.00024,-0.0138484,1.94511,2.4755,0,0.262802,0
1915,1,2024-08-08 00:00:00,23:33:58,11613999,Air-1-1-everything-extsm-He-only,360,0.05,1.31,3,9,9,9,1,1,1,17.8698,0.26414,581.484,1.04099,61.155,40297,5096.11,894.252,0.0222106,46.9892,4.48631,14.7099,16.488,19.7155,0.00273287,69.4856,22.312,43.9272,1.53758,1.38671,0,1.43192,1.36286,0,0.125194,0
1916,1,2024-08-09 00:00:00,02:48:58,11613999,Air-1-1-everything-extsm-He-only,361,0.05,1.33,3,9,9,9,1,1,1,16.9081,0.263934,579.087,1.90192,59.316,40200.2,5045.65,890.6,0.0221356,46.1463,4.94823,13.9836,14.6058,16.9393,0.00273293,64.671,22.0069,42.4532,1.78686,1.73313,0,1.11044,1.1846,0,0.102826,0
1917,1,2024-08-09 00:00:00,06:03:58,11613999,Air-1-1-everything-extsm-He-only,362,0.05,1.29,3,9,9,9,1,1,1,16.6248,0.26269,576.508,1.28078,59.4568,40083.8,5046.9,891.866,0.0220728,50.7229,4.78096,11.7916,15.2531,16.1488,0.00271883,60.47,18.8378,48.1395,2.18126,1.62571,0.0396424,1.7701,0.856949,0,0.153829,0
1918,1,2024-08-09 00:00:00,11:53:56,12050443,Air-2-5,364,0.05,5.16,0,4,4,3,1,2,5,36.7775,0.558207,97859.9,282.679,9868.58,44983.9,618776,117041,3.114,2951.66,16450.8,77987.4,82589.2,81722.2,0.00982576,378309,121503,144.025,38.3557,796.363,10468.1,1841.83,8336.02,11209.1,4318.94,4015.75
1919,1,2024-08-09 00:00:00,15:55:52,12050443,Air-2-5,366,0.05,5.21,0,4,4,3,1,2,5,36.1699,0.553721,97788,286.674,9747.01,63066.8,614239,116128,3.08588,6793.45,39222,186686,196412,195905,0.0194662,866701,288503,231.439,125.442,2652.73,35082.1,6044.22,27993.1,37480.3,14449,13089.3
1920,1,2024-08-09 00:00:00,19:10:52,12050443,Air-2-5,368,0.04,5.17,0,4,4,3,1,2,5,35.818,0.55721,96072.1,279.358,9719.46,63290.7,614842,116173,3.08763,6833.4,39453.2,187103,197364,196616,0.0194642,869792,290010,220.122,128.441,2676.96,35305.4,6066.29,28285.4,37725.6,14568.6,13238.5
1921,1,2024-08-09 00:00:00,22:25:52,12050443,Air-2-5,370,0.04,5.2,0,4,4,3,1,2,5,34.8254,0.552825,96844.3,278.235,9728.69,64883,614693,116171,3.08562,6769.7,39391.8,187170,195447,196599,0.0194807,847394,288498,224.288,128.349,2674.35,35432,6068.06,28280.1,37746.8,14587.4,13188
1922,1,2024-08-10 00:00:00,01:40:52,12050443,Air-2-5,372,0.04,5.15,0,4,4,3,1,2,5,35.1122,0.549048,96752.8,280.712,9711.82,66243.4,613334,116005,3.07957,6827.96,39367.6,187634,197902,196640,0.0195048,881338,290688,217.247,127.226,2685.06,35409.7,6039.44,28249.8,37748.8,14635.4,13174.9
1924,1,2024-08-10 00:00:00,08:10:52,12050443,Air-2-5,374,0.04,5.18,0,4,4,3,1,2,5,35.328,0.545911,98561.6,290.69,9940.47,60692.4,611957,115654,3.07294,6803.09,39306.3,186827,196722,196341,0.0194473,867277,289303,214.043,126.363,2680.74,35269.2,6051.93,28213.7,37675.7,14571.3,13176.1
1925,1,2024-08-10 00:00:00,11:25:52,12050443,Air-2-5,376,0.04,5.24,0,4,4,3,1,2,5,35.2265,0.547476,97583.5,289.033,9847.18,65871.4,611665,115623,3.07154,6793.24,39309.7,186972,196952,196356,0.0194287,866531,288854,223.003,124.73,2663.41,35343.2,6068.79,28177.7,37625.1,14561.1,13186.8
1926,1,2024-08-10 00:00:00,14:40:52,11020443,Air-1-2,377,0.05,2.58,0,4,4,3,1,1,2,6.82476,0.104574,1281.73,52.3037,1940.1,67941.9,118998,21919.2,0.576789,1377.74,7639.18,36448.5,38493.4,38325.3,0.00598472,173732,56860.3,90.4055,22.3419,499.019,6623.56,1163.37,5295.25,7101.27,2734.37,2528.29
1927,1,2024-08-10 00:00:00,17:55:52,11020443,Air-1-2,378,0.04,2.58,0,4,4,3,1,1,2,6.95245,0.105154,20144.1,58.9005,2033.23,63062.6,118930,21874,0.576093,1381.81,7661.55,36477.9,38518.6,38315,0.00599429,174915,56800.7,88.3909,24.4232,502.754,6620.92,1173.64,5281.2,7082.45,2742.63,2533.02
1928,1,2024-08-10 00:00:00,21:10:52,12050443,Air-2-5,380,0.04,5.17,0,4,4,3,1,2,5,34.6249,0.548184,97635.6,285.282,9802.8,61901.4,609100,115154,3.05909,6816.29,39227.5,186882,197202,195525,0.0194608,878382,289369,216.67,126.72,2650.34,35244.2,6048.17,28130.6,37626.2,14496.7,13166.2
1929,1,2024-08-11 00:00:00,00:25:52,12050443,Air-2-5,382,0.04,5.25,0,4,4,3,1,2,5,33.9972,0.545012,96959.7,279.044,9739.04,67018.8,608538,114937,3.0552,6778.37,39171.7,186749,196978,195722,0.0194079,878145,289246,213.858,124.836,2640.82,35274.6,6039.79,28157.9,37511.9,14533.4,13163.4
1931,1,2024-08-11 00:00:00,06:55:52,12050443,Air-2-5,384,0.04,5.19,0,4,4,3,1,2,5,34.3941,0.544509,96518.7,282.651,9755.73,62049.5,607070,114670,3.04863,6796.34,39216.4,186794,197124,195672,0.0194284,876971,289287,218.379,126.607,2663.41,35194.6,6037.57,28180.2,37602.5,14545.7,13117.8
1932,1,2024-08-11 00:00:00,10:10:52,12050443,Air-2-5,386,0.05,5.25,0,4,4,3,1,2,5,35.2153,0.542633,98195.9,282.581,9860.5,68314.2,607315,114696,3.04885,6764.08,39163.8,186274,195385,195203,0.0193481,855595,286973,221.154,125.556,2653.72,35203.9,6052.88,28088.8,37462.6,14480.3,13123.9
1933,1,2024-08-11 00:00:00,13:25:52,11020443,Air-1-2,387,0.04,2.64,0,4,4,3,1,1,2,6.14903,0.104649,20312.8,61.7765,2059.04,70164.8,118130,21795.5,0.57323,1383.87,7648.49,36448,38264.4,38223.9,0.00597763,171648,56437.5,93.2442,25.3898,496.732,6602.63,1167,5270.67,7065.55,2718.1,2520.07
1934,1,2024-08-11 00:00:00,16:40:52,11020443,Air-1-2,388,0.04,2.56,0,4,4,3,1,1,2,7.36263,0.105391,1837.42,56.1666,1961.96,65718.1,117918,21782.2,0.57214,1362.7,7623.02,36259,37739.1,38146.9,0.00597586,165000,56005.2,86.1077,23.8743,496.148,6557.12,1161.85,5237.87,7029.31,2720.95,2515.89
1935,1,2024-08-11 00:00:00,19:55:52,12050443,Air-2-5,390,0.04,5.08,0,4,4,3,1,2,5,35.5886,0.543555,97800.7,288.338,9842.24,63669.6,604243,114366,3.03343,6774.03,39143,186158,193976,194921,0.0193565,838561,285901,216.43,126.479,2643.37,35088.4,6011.85,28052.2,37402.8,14459.7,13137.3
1936,1,2024-08-11 00:00:00,23:10:52,12050443,Air-2-5,392,0.04,5.19,0,4,4,3,1,2,5,36.7839,0.542636,98346.8,280.265,9845.1,68844.4,604599,114253,3.03509,6737.82,39056.9,185706,194439,194911,0.0192913,845778,285981,220.758,124.659,2659.7,35131.5,6002.96,28071.6,37426.2,14470.2,13112.2
1937,1,2024-08-12 00:00:00,02:25:52,12050443,Air-2-5,394,0.04,5.12,0,4,4,3,1,2,5,39.1602,0.541362,98355.4,284.666,9889.01,70716.5,603315,114013,3.0294,6731.25,39064.6,186072,194778,194638,0.0193325,851014,286080,210.389,127.208,2645.14,35025.9,6001.82,28022.6,37375.7,14467.1,13134.4
1941,1,2024-08-12 00:00:00,17:44:19,12050443,Air-2-5,396,0.04,5.12,0,4,4,3,1,2,5,35.8732,0.540922,97462.7,288.996,10043.6,66041.2,605785,114506,3.04195,6553.18,37922.3,180082,188859,189082,0.0187908,819897,277049,216.408,120.908,2524.13,33177.5,5716.72,26556.2,35467.7,13729.1,12451
1942,1,2024-08-12 00:00:00,20:59:19,12050443,Air-2-5,398,0.04,5.02,0,4,4,3,1,2,5,35.7142,0.537684,98909.5,300.568,10296,68030.2,604372,114109,3.03345,6793.15,39334.4,187152,197010,196399,0.0194268,866525,289065,214.873,130.355,2702.91,35581,6078.67,28457.7,38045,14693.2,13253.5
1944,1,2024-08-13 00:00:00,03:29:19,12050443,Air-2-5,400,0.04,5.14,0,4,4,3,1,2,5,35.2401,0.53496,100046,288.959,10169.5,59350.7,602835,113843,3.02672,6798.46,39281.7,187305,196789,195782,0.0194551,867858,288681,218.413,126.898,2672.43,35538.9,6090.16,28393.9,37909.1,14635.4,13263.1
1948,1,2024-08-13 00:00:00,17:32:15,12050443,Air-2-5,402,0.04,5.04,0,4,4,3,1,2,5,33.1304,0.533993,99125.6,289.012,10076.3,55546.3,601631,113632,3.02245,6785.27,39266.9,187173,194861,195883,0.0193834,847898,286736,226.861,126.711,2675.4,35501.5,6105.06,28371.1,37843.4,14649.3,13271.3
1949,1,2024-08-13 00:00:00,20:47:15,12050443,Air-2-5,404,0.04,5.12,0,4,4,3,1,2,5,34.8141,0.534556,97368.2,286.016,9945.59,60173.3,601164,113632,3.02051,6756.2,39190,186776,195134,195397,0.0193503,853613,286967,213.008,125.627,2674.88,35427.6,6076.72,28293.6,37802.7,14642.5,13253.2
1951,1,2024-08-14 00:00:00,03:17:15,12050443,Air-2-5,406,0.04,5.09,0,4,4,3,1,2,5,36.2953,0.537136,98626.2,294.478,10183.1,54199.2,598971,113137,3.00927,6623.77,38327.7,182673,192455,191022,0.0190225,857141,282749,201.354,120.624,2575.96,34129.2,5873.49,27272.7,36475,14100.8,12758.1
1955,1,2024-08-14 00:00:00,17:29:29,12050443,Air-2-5,408,0.05,5.15,0,4,4,3,1,2,5,34.6219,0.537068,99240,296.136,10244.5,60603.3,599663,113390,3.01336,6787.25,39211,186931,196301,195534,0.0193614,870734,288449,225.119,127.278,2675.22,35415.5,6061.2,28350.7,37831,14604.6,13244.9
1956,1,2024-08-14 00:00:00,20:44:29,12050443,Air-2-5,410,0.05,5.17,0,4,4,3,1,2,5,34.8442,0.538684,96582.9,280.392,9837.09,61643.5,598168,113134,3.0079,6721.63,39089,186641,193089,195303,0.0193434,830518,285573,221.022,128.468,2675.87,35461.1,6078.86,28267.8,37789.5,14582.9,13223.5
1958,1,2024-08-15 00:00:00,03:14:29,12050443,Air-2-5,412,0.04,5.18,0,4,4,3,1,2,5,34.6535,0.540348,96363.7,283.431,9755.63,54971.4,597275,112726,3.00171,6498.78,37684.2,179626,188104,187437,0.0188133,831556,276406,203.651,113.924,2488.58,32943.3,5677.65,26327.2,35198.9,13578.2,12346
1962,1,2024-08-15 00:00:00,17:39:40,12050443,Air-2-5,414,0.05,4.82,0,4,4,3,1,2,5,33.1327,0.50688,93742.1,277.978,9588.76,58279.5,570053,107749,2.86101,6358.36,36503.6,174038,182289,182289,0.0182051,800088,267618,212.424,116.276,2466.33,32540.1,5576.6,25993.5,34677.4,13423.6,12154.7
1963,1,2024-08-15 00:00:00,20:54:40,12050443,Air-2-5,416,0.05,4.87,0,4,4,3,1,2,5,33.1103,0.509978,92564.5,280.265,9644.09,61444.2,569766,107536,2.85902,6385.05,37191.2,177076,183382,185620,0.0184857,786678,270893,206.208,120.354,2537.45,33607.6,5774.55,26900.3,35843.3,13855.7,12560.8
1966,1,2024-08-16 00:00:00,06:39:40,12050443,Air-2-5,418,0.04,4.88,0,4,4,3,1,2,5,33.3353,0.51345,93480.2,271.72,9535.4,52435.3,566993,107025,2.84646,6263.54,36227.3,172923,180495,180480,0.0181706,794465,265717,194.391,112.356,2416.38,31894.9,5476.22,25491.1,34118.7,13169.9,11971.9
1967,1,2024-08-16 00:00:00,09:54:40,12050443,Air-2-5,420,0.04,4.88,0,4,4,3,1,2,5,32.0234,0.505822,95277.1,281.14,9710.46,58256.7,583453,110214,2.93197,713.044,3920.48,18617.3,19418.7,19773.2,0.00439225,85075.2,29453.2,153.484,76.443,1578.79,20481.3,3842.07,16371.4,22201.5,8573.38,8368.49
1968,1,2024-08-16 00:00:00,13:09:40,12051443,Air-2-5-HeSpl-1 **Nude Trap Off; No Ar or KrXe**,422,0.04,4.88,1,4,4,3,1,2,5,16.1941,0.250566,93804.1,279.81,9618.29,56182.4,0,0,0,0,0,0,0,0,0,0,0,0,0,0,0,0,0,0,0,0
1969,1,2024-08-19 00:00:00,09:10:33,12050443,Air-2-5,424,0.04,4.97,0,4,4,3,1,2,5,33.6331,0.525456,95209.8,284.367,9831.07,40382.9,577135,108915,2.90624,6170.14,35835.9,170524,179330,178182,0.0180836,798707,263607,186.152,106.121,2349.23,31068.5,5357.37,24851.4,33332.6,12935.9,11704.2
1972,1,2024-08-19 00:00:00,18:23:05,12050443,Air-2-5,426,0.04,4.87,0,4,4,3,1,2,5,34.4233,0.518058,95195,281.8,9770.61,73707.2,579277,109452,2.91422,6531.71,37724.4,179512,188961,188279,0.0187083,834467,277777,205.675,121.471,2581.95,34190.8,5841.44,27302.2,36576.7,14181.1,12774.9
1973,1,2024-08-19 00:00:00,21:28:05,12050443,Air-2-5,428,0.04,4.78,0,4,4,3,1,2,5,34.4206,0.531348,91490.6,266.752,9318.79,63377.9,578198,109224,2.90547,6543.42,37834.6,180193,189729,188415,0.0188006,845559,278460,202.805,120.868,2575.75,34193.4,5862.58,27255.5,36516.4,14115.1,12796.1
1974,1,2024-08-20 00:00:00,00:33:05,12050443,Air-2-5,430,0.04,4.93,0,4,4,3,1,2,5,33.1443,0.529311,92104.7,278.362,9467.52,61597.2,576414,108885,2.89614,6522.88,37704.9,179625,188685,188360,0.0187283,833200,277486,206.832,120.247,2577.93,34157,5866.82,27335.1,36467.3,14148,12816.4
1975,1,2024-08-20 00:00:00,03:38:05,12050443,Air-2-5,432,0.04,4.85,0,4,4,3,1,2,5,34.5311,0.525577,93527.3,279.15,9608.74,61350.1,575258,108628,2.88999,6501.55,37605.5,179328,186664,187735,0.0187111,807525,275666,202.311,119.379,2581.47,34170.5,5865.04,27281.1,36438.1,14089.3,12776.9
1979,1,2024-08-20 00:00:00,16:47:48,12050443,Air-2-5,434,0.04,4.92,0,4,4,3,1,2,5,33.1667,0.526074,86715,255.065,9036.54,90085.6,576511,108813,2.89754,6494.65,37561.8,179687,187655,187475,0.0188342,828777,276263,205.206,119.919,2566.18,34028.7,5845.88,27187.8,36294.1,14043,12731.3
1980,1,2024-08-20 00:00:00,19:52:48,11010443,Air-1-1,435,0.04,2.44,0,4,4,3,1,1,1,3.25988,0.0484879,9179.43,27.6192,971.741,73584.4,50368.7,9217.92,0.242148,650.438,3524.78,16805.1,17644.6,17576.5,0.00422103,79621.8,26151.7,63.4979,10.9027,227.374,3013.76,537.479,2411.74,3226.64,1252.47,1182.53
1982,1,2024-08-21 00:00:00,02:02:48,11010443,Air-1-1,436,0.04,2.43,0,4,4,3,1,1,1,2.75886,0.0483053,9440.87,28.0604,972.878,57502.9,50123,9172.19,0.241401,657.279,3502.42,16659.1,17573.4,17519.1,0.00422802,79654.1,26042.9,60.2451,10.7202,226.616,2975.36,536.126,2389.9,3199.14,1235.16,1175.75
1983,1,2024-08-21 00:00:00,05:07:48,12050443,Air-2-5,438,0.04,4.92,0,4,4,3,1,2,5,33.6224,0.52495,87535.1,258.98,8968.74,55089,571843,107888,2.8737,6486.56,37502.9,178599,188182,186699,0.018692,838024,276583,199.133,118.584,2572.84,33855.6,5814.51,27030.8,36178.5,14008.6,12668.8
1987,1,2024-08-21 00:00:00,18:04:40,12050443,Air-2-5,440,0.04,4.87,0,4,4,3,1,2,5,34.602,0.519386,89030,261.41,9127.24,91898.6,577022,109024,2.90007,6458.61,37497.8,178813,186937,186948,0.018673,822665,275201,209.069,121.712,2559.3,33952.9,5781.81,27116.5,36243.9,14020.8,12699.7
1988,1,2024-08-21 00:00:00,21:09:40,11020443,Air-1-2,441,0.04,2.46,0,4,4,3,1,1,2,6.65524,0.100928,4462.16,54.5225,1838.65,75034.3,112087,20652,0.544634,1301.39,7276.52,34729.3,36302,36331.5,0.00582239,161841,53770.1,82.8632,21.9735,476.726,6326.03,1117.47,5053.54,6756.32,2617.61,2423.54
1989,1,2024-08-22 00:00:00,00:14:40,11020443,Air-1-2,442,0.04,2.5,0,4,4,3,1,1,2,5.48323,0.100789,18239.1,51.9797,1858.26,65234.2,111948,20638.8,0.544032,1295.73,7282.14,34591.4,36337.2,36376,0.00582618,162859,53728.8,78.9457,23.7787,474.723,6288.63,1119.32,5031.04,6744.59,2612.96,2425.9
1990,1,2024-08-22 00:00:00,03:19:40,12050443,Air-2-5,444,0.04,4.91,0,4,4,3,1,2,5,34.0357,0.520492,89109.5,263.294,9140.74,61754.2,572812,108152,2.87818,6469.35,37296.1,177581,186224,186650,0.0185518,815761,274698,209.386,117.63,2560.12,33808.4,5795.63,27036.2,36205.4,14013,12677.3
1994,1,2024-08-22 00:00:00,16:53:04,12050443,Air-2-5,446,0.09,4.87,0,4,4,3,1,2,5,33.6577,0.518412,87240.7,262.259,8948.77,101242,576313,108932,2.89756,6446.44,37335.8,177981,186964,186138,0.0185784,828105,274887,207.547,123.261,2552.32,33791.5,5790.53,26992.6,36086.1,13967.3,12678.4
1995,1,2024-08-22 00:00:00,19:58:04,12050443,Air-2-5,448,0.09,5,0,4,4,3,1,2,5,33.3192,0.516324,88644.9,260.013,9010.24,80106.5,573889,108457,2.88474,6445.59,37275.9,177666,187064,185895,0.0185554,831881,275175,201.111,119.715,2547.76,33769.2,5773.1,27000.2,36034.6,13981.1,12627.3
1997,1,2024-08-23 00:00:00,02:08:04,12050443,Air-2-5,450,0.09,4.9,0,4,4,3,1,2,5,34.4202,0.51988,88768.9,258.624,9084.62,65122.4,570204,107700,2.86417,6434.5,37245,178017,186532,186184,0.0186576,824796,274511,201.053,119.562,2548.48,33725.9,5784.27,26929,36001.7,13924.5,12676.8
1998,1,2024-08-23 00:00:00,05:13:04,12050443,Air-2-5,452,0.09,4.92,0,4,4,3,1,2,5,34.0041,0.522141,86368.1,256.319,8808.3,67564.5,569818,107594,2.86236,6408.67,37227.6,177664,185222,185695,0.0185735,809064,273102,200.703,118.601,2544.57,33691.9,5791.79,26932.4,35916,13907.3,12613
2002,1,2024-08-23 00:00:00,17:51:01,12050443,Air-2-5,454,0.04,4.83,0,4,4,3,1,2,5,35.0512,0.515223,89284.6,266.165,9172.19,96565.7,572642,108214,2.87671,6441.79,37311.2,177624,186716,185985,0.018553,828462,274575,206.56,118.594,2537.97,33716.6,5774.03,26934.9,36058.2,13936.8,12624.1
2003,1,2024-08-23 00:00:00,20:56:01,12050443,Air-2-5,456,0.04,4.85,0,4,4,3,1,2,5,33.9955,0.519505,89590.1,269.175,9197.97,79858.4,570341,107677,2.86296,6398.89,37118,176854,185354,185432,0.0185121,815042,273011,205.847,117.44,2536.48,33637.8,5774.81,26889.9,35946.2,13890.4,12594.7
2005,1,2024-08-24 00:00:00,03:06:01,12050443,Air-2-5,458,0.04,4.85,0,4,4,3,1,2,5,32.6491,0.51911,92374.4,267.303,9383.78,65676.5,567502,107085,2.84936,6107.9,35402.7,168787,177261,176115,0.017861,788293,260304,192.365,110.214,2336.1,30744.7,5306.39,24543.1,32808.2,12681.8,11524.6
2006,1,2024-08-24 00:00:00,06:11:01,12050443,Air-2-5,460,0.04,4.85,0,4,4,3,1,2,5,33.6618,0.517121,91894.9,273.953,9477.07,69790.7,566247,106957,2.84386,6372.57,37092.3,176052,181439,185082,0.0184018,767241,269631,201.89,122.36,2536.18,33588.3,5766.9,26780.3,35938.8,13892,12613.9
2007,1,2024-08-24 00:00:00,09:16:01,11010443,Air-1-1,461,0.04,2.43,0,4,4,3,1,1,1,3.05044,0.0471233,9424.82,26.7955,974.233,69416.6,49705.9,9136.76,0.239683,662.93,3465.29,16503.6,17348.2,17364,0.00419591,77574.7,25649.1,80.1038,10.9586,225.693,2950.75,533.348,2353.89,3185.38,1232.02,1159.93
2008,1,2024-08-24 00:00:00,12:21:01,11010443,Air-1-1,462,0.04,2.48,0,4,4,3,1,1,1,2.44416,0.0471498,9603.48,28.7064,978.578,62629.7,49708.2,9115.49,0.239255,651.996,3449.52,16555.1,17431.2,17331.4,0.00421028,78764.1,25700.2,67.9792,10.5966,225.353,2945.91,528.862,2364.6,3169.34,1219.85,1159.5
2009,1,2024-08-24 00:00:00,15:26:01,12050443,Air-2-5,464,0.04,4.8,0,4,4,3,1,2,5,34.6483,0.522591,90664.8,261.362,9248.75,60604.4,563993,106517,2.8323,6388.59,37056.9,176154,182567,184792,0.0184595,780929,270106,211.067,119.328,2530.45,33434.4,5750.73,26707.7,35719.5,13855.2,12545.2
2010,1,2024-08-24 00:00:00,18:31:01,11020443,Air-1-2,465,0.04,2.42,0,4,4,3,1,1,2,6.10157,0.0993875,18528.2,56.3513,1897.04,64760.2,110519,20426.1,0.53717,1272.92,7188.64,34178,35392.5,35896.1,0.00577945,154463,52736.4,84.8255,23.2136,472.696,6203.28,1092.02,4967.67,6662.7,2586.54,2386.02
2011,1,2024-08-24 00:00:00,21:36:01,11020443,Air-1-2,466,0.04,2.44,0,4,4,3,1,1,2,6.23749,0.0987737,845.511,49.1504,1786.57,60067.5,110357,20375.1,0.53673,1286.42,7161.42,34156.9,35930,35848.6,0.00577653,161787,53214.4,83.4603,22.4786,474.404,6195.34,1098.98,4954.9,6658.14,2570.76,2386.24
2012,1,2024-08-25 00:00:00,00:41:01,12050443,Air-2-5,468,0.04,4.96,0,4,4,3,1,2,5,34.1458,0.514525,90862.7,275.351,9427.31,58697.3,563162,106311,2.82759,6381.75,36964.4,176137,185379,184246,0.0185001,822941,272693,203.059,118.866,2517.3,33385,5735.3,26686.3,35696.1,13807.3,12524.4
2014,1,2024-08-25 00:00:00,06:51:01,12050443,Air-2-5,470,0.04,4.89,0,4,4,3,1,2,5,33.2867,0.514986,90984.4,268.356,9384.21,58398.8,561817,106170,2.82168,6351.06,36858.6,175506,184267,183770,0.0184456,811469,271095,210.49,121.461,2524.65,33164.9,5690.1,26473.5,35441.7,13729.3,12482.6
2015,1,2024-08-25 00:00:00,09:56:01,11050443,Air-1-5,471,0.04,2.43,0,4,4,3,1,1,5,15.5199,0.250186,44756.6,133.687,4567.74,63334.4,288789,53779,1.42363,3169.19,18156.7,86402.5,91022,90681.4,0.0104507,407964,134270,142.069,55.1802,1235.91,16225.3,2812.6,12981.1,17388.9,6702.6,6179.1
2016,1,2024-08-25 00:00:00,13:01:01,11050443,Air-1-5,472,0.04,2.42,0,4,4,3,1,1,5,15.9396,0.249639,44122.3,127.779,4514.52,61824.7,288516,53725,1.42169,3166.31,18169.8,86542.7,91080.6,90740.7,0.0104708,409634,134342,132.973,59.192,1223.88,16220.6,2816.12,12963.3,17372.3,6735.58,6156.03
2017,1,2024-08-25 00:00:00,16:06:01,12050443,Air-2-5,474,0.04,4.78,0,4,4,3,1,2,5,33.1696,0.518743,85580.2,252.411,8809.3,61648.9,561394,105946,2.81781,6333.44,36930.8,175357,182916,183978,0.0183675,790926,269716,210.256,119.704,2535.35,33325.2,5726.96,26603.1,35575.7,13748.3,12514
2018,1,2024-08-25 00:00:00,19:11:01,12040443,Air-2-4,476,0.04,4.81,0,4,4,3,1,2,4,25.8248,0.412005,69252.7,203.161,7095.52,63981.9,458157,86042.3,2.28512,5066.88,29401.4,139606,145865,146756,0.015197,632387,215445,178.95,97.4613,1994.22,26507.9,4581.06,21197.1,28366.6,10994.1,9976.22
2019,1,2024-08-25 00:00:00,22:16:01,12040443,Air-2-4,478,0.04,4.89,0,4,4,3,1,2,4,25.6096,0.409236,69339.2,205.408,7091.62,63382.2,457896,85969.4,2.28368,5071.46,29383.4,139994,146429,146817,0.0152228,639903,215874,177.377,93.3666,1988.96,26517.6,4565.68,21177.7,28335.6,10978.5,10010.4
2020,1,2024-08-26 00:00:00,01:21:00,12050443,Air-2-5,480,0.04,4.86,0,4,4,3,1,2,5,33.6138,0.515273,85279.3,250.76,8724.43,63610.1,560128,105757,2.81232,6307.32,36763.8,174181,181672,183190,0.0182546,778980,268624,209.777,118.43,2507.53,33258.1,5724.1,26572.6,35508,13739.5,12503.2
2021,1,2024-08-26 00:00:00,04:26:01,12050443,Air-2-5,482,0.04,4.86,0,4,4,3,1,2,5,33.0687,0.513677,84352.8,247.076,8665.09,64804.8,559614,105526,2.80923,6325.6,36722.8,174434,182097,183334,0.0182731,785461,268674,205.154,116.42,2503.83,33197,5723.28,26528.7,35473.1,13719.9,12447.2
2025,1,2024-08-26 00:00:00,19:12:27,12050443,Air-2-5,484,0.04,4.8,0,4,4,3,1,2,5,35.335,0.551212,75716.5,222.294,7746.73,66019.8,560163,105729,2.81286,6304.54,36611.1,174236,183388,182592,0.018291,810935,269351,209.19,119.38,2499.83,33140.3,5701.84,26412.2,35319.2,13664.8,12407.4
2026,1,2024-08-26 00:00:00,22:17:27,12050443,Air-2-5,486,0.04,4.76,0,4,4,3,1,2,5,34.4215,0.550001,75684.2,222.513,7766.45,67414.2,559389,105660,2.80863,6302.49,36648.2,174346,181295,182650,0.0182974,782093,267583,208.364,118.96,2488.86,33076.6,5697.43,26401,35361.7,13680.1,12412.8
2027,1,2024-08-27 00:00:00,01:22:27,12050443,Air-2-5,488,0.04,4.81,0,4,4,3,1,2,5,35.2937,0.54731,74089.9,217.496,7580.96,66918.5,558568,105432,2.80544,6300.72,36613.4,174078,181955,182673,0.0182795,789227,267876,205.514,115.697,2500,33120,5694.34,26438.5,35391.9,13692.8,12406.6
2028,1,2024-08-27 00:00:00,04:27:27,12050443,Air-2-5,490,0.04,4.83,0,4,4,3,1,2,5,34.6625,0.552593,84207.2,248.587,8650.09,67302.8,558296,105329,2.80168,6277.76,36538.8,174058,182096,182384,0.0182721,794382,267902,203.979,117.526,2505.39,33020.2,5672.94,26402.2,35305.7,13687.9,12406.8
2032,1,2024-08-27 00:00:00,17:17:47,12050443,Air-2-5 **Leaky sample**,492,0.09,4.8,0,4,4,3,1,2,5,39.7567,0.76573,72833.8,215.657,7583.34,97386.8,561143,106006,2.82114,6262.12,36562.8,174026,181697,182546,0.0182393,792315,267727,207.548,118.262,2482.18,33043.3,5688.59,26406.8,35314.4,13664.3,12391.5
2033,1,2024-08-27 00:00:00,20:22:47,12050443,Air-2-5 **Leaky sample**,494,0.09,4.84,0,4,4,3,1,2,5,38.8131,0.768943,74833.4,218.993,7702.68,78690.1,559605,105682,2.81413,6287.63,36445.1,173251,181704,182280,0.01819,792596,267626,197.723,116.786,2502.89,32997.6,5690.94,26342.5,35222.6,13650.4,12353.7
2035,1,2024-08-28 00:00:00,02:32:47,12050443,Air-2-5 **Leaky sample**,496,0.09,4.84,0,4,4,3,1,2,5,39.8858,0.765772,79814.9,243.71,8212.49,62361.9,557554,105266,2.80305,6269.1,36392.6,173342,182530,181223,0.0182821,814536,268477,194.969,118.178,2475.54,32618.5,5627.11,26073.9,34929.9,13512.8,12277.9
2036,1,2024-08-28 00:00:00,07:21:27,12050443,Air-2-5 **Leaky sample**,498,0.04,4.78,0,4,4,3,1,2,5,34.406,0.555818,76602.4,228.023,7887.25,60357.5,559027,105581,2.80977,6257.27,36386.2,172977,181996,181669,0.0181833,800365,267689,212.076,119.345,2473.83,32862.8,5659.18,26265.9,35186.5,13615.1,12344.6
2039,1,2024-08-28 00:00:00,16:53:28,12050443,Air-2-5 **Leaky sample**,500,0.05,4.83,0,4,4,3,1,2,5,40.198,0.859945,72752,213.871,7472.33,97347.4,560566,105931,2.81744,6268.78,36414.6,173089,182065,181743,0.0181485,801938,267657,217.109,114.773,2490.24,32907.6,5655.18,26321.5,35228.1,13646.3,12374.9
2044,1,2024-08-29 00:00:00,09:50:40,12050443,Air-2-5,502,0.04,4.83,0,4,4,3,1,2,5,34.9269,0.542883,74390.4,212.1,7519.33,403206,555255,104882,2.78988,6294.53,36680.8,174111,183179,183327,0.0182759,803392,269529,218.523,119.078,2538.52,33530,5774.3,26802.6,35969.2,13904.5,12619
2046,1,2024-08-29 00:00:00,16:23:01,12050443,Air-2-5,504,0.04,4.69,0,4,4,3,1,2,5,35.4826,0.531496,69573.2,204.28,7184.59,73583.2,545219,102893,2.73697,6197.16,36085.5,171361,180197,179855,0.0180627,793763,265128,210.504,116.083,2476.86,32983.8,5646.74,26338,35318.9,13666.2,12373.8
2047,1,2024-08-29 00:00:00,19:28:01,12050443,Air-2-5,506,0.04,4.67,0,4,4,3,1,2,5,33.4735,0.531605,73670,216.383,7559.11,74723.3,544929,102846,2.73427,6204.5,35967.3,169981,179192,179602,0.0178821,780971,264248,213.995,117.447,2487.25,33052.7,5659.14,26423.3,35361.3,13670.8,12385.9
2049,1,2024-08-30 00:00:00,01:38:01,12050443,Air-2-5,508,0.04,4.69,0,4,4,3,1,2,5,34.4674,0.528679,72334.8,212.401,7355.26,67864,543295,102603,2.72772,6160.88,35905.6,170279,177893,179454,0.0179523,767963,262860,211.671,120.281,2489.3,32901,5661.23,26318,35292,13612,12377.9
2050,1,2024-08-30 00:00:00,04:43:01,12050443,Air-2-5,510,0.04,4.72,0,4,4,3,1,2,5,32.9668,0.527764,69773.8,211.135,7352.26,71044.4,543931,102682,2.72982,6170.33,35949,171002,180162,179446,0.0180455,798816,265124,202.455,115.969,2492.08,32952.4,5650.22,26295.3,35247.9,13635.9,12352.2
2054,1,2024-08-30 00:00:00,18:15:47,12050443,Air-2-5,512,0.06,4.71,0,4,4,3,1,2,5,34.4593,0.531833,75656.3,226.692,7821.98,64199.7,545472,102957,2.73886,6232.84,36036.6,171310,180782,180002,0.0180972,801824,265830,211.233,117.884,2490.16,32958.8,5690.25,26340.9,35251.9,13636.1,12378.9
2055,1,2024-08-30 00:00:00,21:20:47,12050443,Air-2-5,514,0.05,4.67,0,4,4,3,1,2,5,35.8163,0.530624,75814.1,225.45,7792.27,67787.4,545519,102999,2.73757,6149.38,35970.1,170613,177226,179778,0.0179903,756550,262566,205.33,116.836,2492.54,33003.4,5668.54,26375.5,35260.5,13664.1,12405.2
2057,1,2024-08-31 00:00:00,03:30:47,12050443,Air-2-5,516,0.05,4.63,0,4,4,3,1,2,5,34.6629,0.531227,73670.9,217.597,7629.94,67501.5,544808,102822,2.73582,6185.51,35969.4,170456,179822,179395,0.0179923,789122,264491,208.169,117.716,2482.54,32907.3,5666.72,26344.7,35249.1,13659.3,12350.1
2058,1,2024-08-31 00:00:00,06:35:47,11010443,Air-1-1,517,0.05,2.3,0,4,4,3,1,1,1,3.77397,0.050158,7838.02,23.1424,813.149,68323.7,47111.9,8660.34,0.227059,634.916,3343.81,15921.8,16606.4,16776.3,0.00415276,73063.3,24736.6,68.3176,11.6618,223.871,2882.71,520.96,2321.62,3096.56,1197.2,1133.35
2059,1,2024-08-31 00:00:00,09:40:47,12010443,Air-2-1,519,0.05,4.62,0,4,4,3,1,2,1,6.84937,0.10356,14861.9,41.0601,1542.34,64076.8,105784,19553.1,0.514905,1255.86,6982.22,33213.4,34972.9,35007,0.00570343,155390,51763.7,93.3336,21.6069,466.097,6129.33,1091.04,4909.65,6572.17,2561.85,2363.47
2060,1,2024-08-31 00:00:00,12:45:47,12020443,Air-2-2,521,0.05,4.68,0,4,4,3,1,2,2,13.3815,0.207786,62.4226,43.9764,1572.96,63033.4,222274,41321.4,1.09249,2466.27,14182.7,67149.8,69238.4,71023,0.00873232,294757,103724,117.486,44.3537,965.111,12749.2,2223.83,10220.6,13703.8,5294.71,4863.39
2061,1,2024-08-31 00:00:00,15:50:47,12050443,Air-2-5,523,0.05,4.75,0,4,4,3,1,2,5,33.4419,0.529877,74188.9,220.09,7656.85,63493.3,541869,102310,2.72157,6145.51,35820.5,169787,176268,179101,0.0179155,748326,261053,202.161,117.346,2480.88,32772.4,5665.11,26227.2,35162.1,13579.9,12340.5
2063,1,2024-08-31 00:00:00,22:00:47,12050443,Air-2-5,525,0.05,4.61,0,4,4,3,1,2,5,35.4978,0.534621,75203.2,219.08,7725,60568.7,541225,102091,2.71668,6113.65,35701.9,169174,175498,178357,0.0178828,744602,260172,201.001,117.251,2460.14,32619.7,5619.86,26030.9,34914.3,13555.7,12252.1
2064,1,2024-09-01 00:00:00,01:05:47,12051443,Air-2-5-Hespl1-Krspl3,527,0.05,4.59,1,4,4,3,1,2,5,17.0791,0.262612,72614.1,212.825,7424.39,65233.7,541559,102133,2.71817,6173.09,35817.7,170151,179543,178799,0.0180016,793780,264083,204.26,115.782,2479.14,32817.8,5645.73,26191.9,35135.3,13583.3,12296.8
2065,1,2024-09-01 00:00:00,04:10:47,12052444,Air-2-5-Hespl2,529,0.05,4.64,2,4,4,4,1,2,5,8.23089,0.121016,74487.9,220.184,7661.7,66636,541021,102057,2.7165,219.647,953.721,4459.27,4727.09,4743.58,0.00313504,20579.4,6966.07,58.1421,2.8809,62.0064,803.187,142.005,644.916,882.856,341.238,314.524
2066,1,2024-09-01 00:00:00,07:15:47,12053443,Air-2-5-Hespl3-Krspl3,531,0.05,4.67,3,4,4,3,1,2,5,2.24691,0.036937,63754.7,184.955,6469.87,63073.5,540150,102041,2.71268,6137.76,35697,169156,178944,178238,0.0179361,785893,263062,202.944,116.128,2478.79,32712.5,5641.11,26112.5,34983.2,13577,12313.8
2067,1,2024-09-01 00:00:00,10:20:47,12050444,Air-2-5,533,0.05,4.65,0,4,4,4,1,2,5,33.3913,0.52619,73754.7,218.446,7602,68368.7,540395,102022,2.71331,221.705,958.557,4460.11,4764.03,4740.06,0.00313175,21506.3,7057.72,60.1366,3.77738,64.4879,801.794,148.513,642.912,878.548,337.354,324.353
2069,1,2024-09-01 00:00:00,16:30:47,11010443,Air-1-1,534,0.04,2.35,0,4,4,3,1,1,1,3.09119,0.0495779,7912.93,21.3775,809.981,60221.3,46461.3,8552.18,0.224307,622.19,3316.17,15655.2,16631.1,16600,0.00414273,74241.4,24631.8,69.6138,9.21979,221.904,2847.67,513.886,2276.09,3066.12,1187.98,1128.82
2070,1,2024-09-01 00:00:00,19:35:47,12050443,Air-2-5,536,0.04,4.61,0,4,4,3,1,2,5,33.7822,0.527225,72139.3,212.13,7414.27,58300.8,538868,101635,2.70539,6137.82,35621.9,168686,178443,177961,0.0178838,784703,262327,201.784,116.672,2461.51,32586.5,5594.33,25999.1,34913.9,13506.2,12267.7
2071,1,2024-09-01 00:00:00,22:40:47,12010443,Air-2-1,538,0.04,4.66,0,4,4,3,1,2,1,6.30989,0.102226,2896.77,41.1326,1439.1,64139.9,104391,19291.6,0.508337,1237.51,6918.6,32680.9,34519,34613.2,0.00564356,152904,51173.4,86.0294,22.135,461.95,6042.26,1069.49,4831.09,6508.73,2505.8,2352.97
2072,1,2024-09-02 00:00:00,01:45:47,12020443,Air-2-2,540,0.04,4.62,0,4,4,3,1,2,2,12.7671,0.204891,30149.4,90.0404,3148.19,60628.7,219856,40891.9,1.08164,2464.39,14036.8,66709.2,70522.2,70456.6,0.00871897,313620,104189,111.753,44.2754,954.577,12649.7,2206.7,10095.3,13595.6,5240.26,4826.16
2073,1,2024-09-02 00:00:00,04:50:47,12050443,Air-2-5,542,0.04,4.58,0,4,4,3,1,2,5,33.8819,0.524298,72813.4,217.821,7584.84,61285,538809,101716,2.70607,6140.4,35516.8,168704,178045,177481,0.0178537,782895,261987,198.047,116.551,2456.83,32569.5,5600.62,26045.1,34869.5,13500.5,12247.2
2075,1,2024-09-02 00:00:00,11:00:47,12050443,Air-2-5,544,0.04,4.68,0,4,4,3,1,2,5,32.951,0.526079,72191.6,208.953,7404.62,60800.9,537565,101429,2.6998,6064.03,35350.1,167304,173479,176535,0.0177296,731517,257357,202.594,115.249,2415.71,32199,5558.36,25706,34537.5,13387.6,12124.8
2076,1,2024-09-02 00:00:00,14:05:47,12051443,Air-2-5-Hespl1-Krspl3,546,0.04,4.51,1,4,4,3,1,2,5,16.0223,0.259946,70887.1,212.664,7432.23,64757,537381,101520,2.69811,6077.91,35526.6,168224,174836,177370,0.0178036,740740,258757,199.311,117.389,2465.42,32489.3,5595.01,25960.3,34822.1,13472.1,12220.5
2077,1,2024-09-02 00:00:00,17:10:47,12052444,Air-2-5-Hespl2,548,0.04,4.52,2,4,4,4,1,2,5,7.2396,0.119414,67789.7,199.732,6934.14,66245.2,537483,101412,2.69881,205.118,943.71,4447.41,4764.26,4702.22,0.00312883,21480.8,7021.32,47.6694,2.8797,62.3583,792.189,144.335,640.083,873.732,334.213,314.269
2078,1,2024-09-02 00:00:00,20:15:47,12053443,Air-2-5-Hespl3-Krspl3,550,0.04,4.64,3,4,4,3,1,2,5,2.6396,0.0368113,61463,183.843,6328.22,61755.3,536910,101311,2.69547,6075.56,35468,167881,177543,176852,0.0178238,780353,261372,189.758,113.754,2466,32466.1,5598.08,25947.7,34779.3,13463.5,12238.5
2079,1,2024-09-02 00:00:00,23:20:47,12050444,Air-2-5,552,0.04,4.59,0,4,4,4,1,2,5,34.1563,0.525288,73769.1,217.37,7605.22,66342.1,536818,101257,2.69505,204.164,942.808,4451.94,4698.5,4727.69,0.00312648,20552.8,6972.86,42.5697,3.04239,62.2577,791.003,145.199,636.63,869.795,337.546,317.887
2081,1,2024-09-03 00:00:00,05:30:47,12010443,Air-2-1,554,0.04,4.55,0,4,4,3,1,2,1,6.60386,0.10131,15417.7,45.4262,1579.69,57783.7,103562,19123.2,0.504373,1208.21,6808.64,32437.4,34132.6,34229.2,0.00565064,149747,50474.7,68.3036,20.467,450.813,5953.75,1056.42,4767.97,6406.27,2478.96,2301.65
2082,1,2024-09-03 00:00:00,08:35:47,12020443,Air-2-2,556,0.04,4.63,0,4,4,3,1,2,2,12.7297,0.203606,31124.7,92.1366,3187.06,58096.5,218775,40649,1.07631,2427.95,13987.1,66074.5,68917.7,69998.2,0.00865634,294933,102538,102.698,44.4436,954.501,12558.9,2187.56,10049.1,13511.9,5191.92,4814.77
2085,1,2024-09-03 00:00:00,18:03:04,12050443,Air-2-5,558,0.1,4.68,0,4,4,3,1,2,5,33.9364,0.514865,76117.4,225.776,7841.22,83866.5,537558,101543,2.70059,6049.28,35338.1,167803,176207,176338,0.0177437,768586,259352,188.39,116.169,2458.4,32355.4,5575.33,25924.7,34659.5,13408.7,12184.2
2086,1,2024-09-03 00:00:00,21:08:04,12050443,Air-2-5,560,0.1,4.63,0,4,4,3,1,2,5,33.7323,0.511674,74553,222.856,7758.43,73869.8,536150,101269,2.69418,6069.38,35332.8,167940,176389,176138,0.0177892,775464,259562,186.646,117.307,2427.76,32382,5578.7,25839.7,34627,13410.9,12151
2088,1,2024-09-04 00:00:00,03:18:04,12050443,Air-2-5,562,0.1,4.61,0,4,4,3,1,2,5,34.7361,0.518251,76548.4,224.553,7850.54,64165.3,534631,100804,2.6857,6042.47,35288.5,166651,174091,176041,0.0176396,744272,257554,187.972,114.908,2433.97,32288.3,5564.38,25769,34620.7,13379.1,12178.7
2089,1,2024-09-04 00:00:00,06:23:04,12050443,Air-2-5,564,0.1,4.71,0,4,4,3,1,2,5,34.722,0.511001,75564.8,226.017,7767.66,67425.2,534225,100899,2.68361,6069.11,35273.9,167563,176961,176176,0.0177369,779710,259959,193.59,114.665,2453.28,32283.3,5553.36,25829,34672.2,13395,12155.3
2093,1,2024-09-04 00:00:00,19:08:41,12050443,Air-2-5,566,0.09,4.58,0,4,4,3,1,2,5,32.467,0.502755,74481.8,224.051,7757.95,79773.5,527104,99379,2.64461,5876.08,34432.2,163160,169963,172185,0.01735,723711,251276,190.672,112.925,2385.29,31463,5422.75,25221.1,33777.4,13078.9,11863.2
2095,1,2024-09-05 00:00:00,01:18:41,12050443,Air-2-5,568,0.1,4.53,0,4,4,3,1,2,5,32.9692,0.501834,72247.5,219.005,7462.46,65013.9,524760,99010.9,2.63488,5885.73,34452.6,163204,171296,172141,0.0173763,738541,252451,185.427,112.127,2389.31,31554.4,5418,25172.5,33778,13072.8,11908.6
2099,1,2024-09-05 00:00:00,19:34:57,12050443,Air-2-5,570,0.11,4.57,0,4,4,3,1,2,5,32.3784,0.514218,75934.1,230.27,7925.03,71144.9,536961,101404,2.69888,6035.19,35145.7,166482,176119,175444,0.0176594,775876,258656,191.548,115.01,2431.65,32107.2,5553.59,25658.6,34459.7,13317.4,12113.9
2101,1,2024-09-06 00:00:00,01:44:57,12050443,Air-2-5,572,0.11,4.59,0,4,4,3,1,2,5,31.1317,0.512007,77605.5,232.699,7982.97,62037.7,535105,101019,2.68917,6003.63,35075.7,166343,174480,175332,0.0176513,756643,256950,188.961,114.983,2420.9,32090.1,5524.68,25666.4,34412.3,13322.1,12080.1
2102,1,2024-09-06 00:00:00,04:49:57,12050443,Air-2-5,574,0.11,4.64,0,4,4,3,1,2,5,32.0935,0.508758,81227.5,242.075,8357.8,66859.8,534971,100986,2.68758,5995.7,35050.6,166383,173386,175178,0.0176605,743257,256190,189.348,116.119,2421.94,32047.8,5530.46,25636,34425.2,13268.8,12099.6
2106,1,2024-09-06 00:00:00,19:20:39,12050443,Air-2-5,576,0.12,4.49,0,4,4,3,1,2,5,32.3649,0.49289,76292.8,230.334,7921.35,126065,523494,98708.5,2.6285,5824.06,33873.8,159468,168084,169635,0.0171711,722278,249574,193.842,115.078,2351.69,31012,5334.07,24764.5,33332.7,12914.3,11707.2
2107,1,2024-09-06 00:00:00,22:25:39,12050443,Air-2-5,578,0.12,4.44,0,4,4,3,1,2,5,32.4707,0.496354,78347.2,226.709,7987.2,95813.6,521967,98577.6,2.61908,5808.93,33863.9,159969,168469,169313,0.017181,729114,249564,192.374,111.736,2354.79,30999.3,5333.1,24780,33232.8,12853.4,11690.9
2108,1,2024-09-07 00:00:00,01:30:39,12050443,Air-2-5,580,0.11,4.44,0,4,4,3,1,2,5,32.8345,0.494492,73407.2,219.406,7576.83,87963.8,520550,98281.6,2.6139,5812,33843.5,160030,168572,169099,0.0171633,733857,249321,185.015,110.898,2360.64,31020.2,5342.67,24761.2,33222.5,12840.4,11670.5
2109,1,2024-09-07 00:00:00,04:35:39,12050443,Air-2-5,582,0.11,4.42,0,4,4,3,1,2,5,32.0344,0.48326,79809.3,236.093,8211.83,83090.7,519689,97975.5,2.6089,5808.41,33818.3,160742,169251,168981,0.0172235,744594,249919,184.71,109.681,2340.4,30967.8,5321.77,24714.4,33208.5,12878.6,11672.4
2110,1,2024-09-07 00:00:00,07:40:39,12050443,Air-2-5,584,0.11,4.5,0,4,4,3,1,2,5,32.4441,0.49369,72314.5,220.022,7474.6,81514.9,519408,97978,2.60716,5816.59,33796.9,160369,168612,168978,0.0171556,736598,249192,188.999,109.904,2345.61,30948.2,5324.61,24756.2,33123.7,12830.1,11654.2
2112,1,2024-09-07 00:00:00,13:50:39,12050443,Air-2-5,586,0.11,4.46,0,4,4,3,1,2,5,30.1601,0.482913,78290,232.643,8171.49,71562.7,517865,97623.4,2.59937,5632.61,32802.7,155528,162734,163816,0.016794,705573,240953,187.45,111.008,2224.24,29442.5,5073.97,23561.7,31647.8,12220.7,11136
2113,1,2024-09-07 00:00:00,16:55:39,12050443,Air-2-5,588,0.11,4.49,0,4,4,3,1,2,5,31.6187,0.492626,75279.6,224.351,7804.34,75659.1,517477,97695.5,2.59633,5811.77,33697.4,159826,168413,168593,0.0171113,736067,248589,194.469,108.56,2341.25,30839.1,5329.98,24617.9,33064.2,12774.8,11634.5
2114,1,2024-09-07 00:00:00,20:00:39,12050443,Air-2-5,590,0.11,4.42,0,4,4,3,1,2,5,30.4391,0.489624,74627.5,217.32,7735.88,75776.8,516168,97396.9,2.59119,5757.85,33686.5,159867,167462,168521,0.017102,726371,247825,195.066,110.774,2330.37,30828.6,5323.66,24638.4,33048.2,12786.1,11610.3
2115,1,2024-09-07 00:00:00,23:05:39,12050443,Air-2-5,592,0.11,4.49,0,4,4,3,1,2,5,30.3506,0.488326,75373.4,224.105,7825.95,75125.8,516647,97403.9,2.59222,5777.34,33659.8,159537,166877,168312,0.0170728,720300,247229,184.411,109.541,2337.86,30780.4,5307.96,24623.8,33036.9,12766.9,11617.4
2116,1,2024-09-08 00:00:00,02:10:39,12050443,Air-2-5,594,0.11,4.47,0,4,4,3,1,2,5,30.4416,0.4897,73785.6,219.389,7701.78,74587.7,516404,97470.8,2.59164,5747.57,33696.1,159863,166640,167875,0.0171141,719098,247035,185.403,108.473,2325.17,30791.5,5296.69,24614.4,32991.4,12758.8,11624.9
2118,1,2024-09-08 00:00:00,08:20:39,12050443,Air-2-5,596,0.11,4.42,0,4,4,3,1,2,5,30.5667,0.488488,76057.7,221.3,7781.37,68811.9,515187,97257.8,2.58681,5768.43,33677.5,159840,167135,168232,0.0171581,723369,247334,194.342,111.813,2322.98,30699,5337.51,24513.2,33008.7,12768.4,11613.8
2119,1,2024-09-08 00:00:00,11:25:39,12050443,Air-2-5,598,0.11,4.4,0,4,4,3,1,2,5,32.3157,0.490278,73303.1,216.926,7562.14,72746.6,516001,97379.6,2.59084,5765.35,33635.3,159308,167645,168209,0.0170415,728531,248015,190.906,109.54,2329.51,30790.4,5315.02,24649.7,33066,12792.6,11654.4
2120,1,2024-09-08 00:00:00,14:30:39,12050443,Air-2-5,600,0.11,4.45,0,4,4,3,1,2,5,30.5787,0.485187,74220.6,216.851,7650.69,73019.9,513864,96925.4,2.58044,5740.68,33427.5,158053,166951,167523,0.0169136,728117,246837,191.677,109.065,2328,30620.1,5280.03,24476.4,32894.5,12720.5,11575
2121,1,2024-09-08 00:00:00,17:35:39,12050443,Air-2-5,602,0.11,4.46,0,4,4,3,1,2,5,31.5961,0.486621,76567.8,227.292,7921.53,72899.4,513939,96931.9,2.58052,5727.81,33485.7,158943,166601,167337,0.017032,721957,246521,183.326,112.364,2322.69,30664.7,5290.18,24488.7,32921.9,12717.7,11568.1
2122,1,2024-09-08 00:00:00,20:40:39,12050443,Air-2-5,604,0.11,4.42,0,4,4,3,1,2,5,30.4599,0.483362,74927.3,220.017,7708.67,72001.2,513605,96911.3,2.57963,5728.13,33462.2,158998,165767,167381,0.0170493,713365,245750,181.005,110.319,2319.23,30633.7,5296.4,24482,32868,12696.6,11554.2
2127,1,2024-09-09 00:00:00,18:54:24,12050443,Air-2-5,606,0.04,4.58,0,4,4,3,1,2,5,31.2902,0.496125,74688.9,224.873,7762.97,70501,531159,100431,2.67319,5915.67,34514.7,162856,172489,172290,0.017404,752758,254305,188.39,111.256,2385.66,31494.8,5448.11,25145.1,33850.4,13110.8,11900.4
2129,1,2024-09-10 00:00:00,01:04:24,11010443,Air-1-1,607,0.04,2.27,0,4,4,3,1,1,1,3.09153,0.0457277,7146.22,23.2942,831.07,59651.2,45216.6,8288.36,0.218532,597.889,3208.74,15195.3,15838.3,16037.3,0.00409885,69160.4,23655,64.2235,9.69863,210.506,2740.83,492.982,2194.36,2960.61,1151.2,1095.91
2130,1,2024-09-10 00:00:00,04:09:24,11010443,Air-1-1,608,0.04,2.23,0,4,4,3,1,1,1,2.45258,0.0456256,8158.18,23.1331,842.314,59075.1,45156.7,8307.28,0.218471,587.583,3202.15,15179.5,15841.8,15978.5,0.00411227,69372.4,23610,59.9065,10.0043,207.545,2742.2,503.063,2182.64,2958.21,1147.1,1088.37
2131,1,2024-09-10 00:00:00,07:14:24,12050443,Air-2-5,610,0.04,4.46,0,4,4,3,1,2,5,30.745,0.499317,77694.1,235.49,8087.39,60234.7,529144,99950,2.66211,5910.79,34448.7,163289,170637,172282,0.0174631,734119,252802,199.242,114.7,2384.35,31439.7,5442.35,25116.9,33862.3,13069.3,11869.7
2135,1,2024-09-10 00:00:00,20:16:15,12050443,Air-2-5,612,0.04,4.5,0,4,4,3,1,2,5,31.8005,0.498334,73547.9,217.463,7533.51,91069.4,530649,100363,2.67066,5904.86,34454.2,163231,171802,172143,0.0173892,752449,253696,194.784,109.048,2384.56,31530.1,5435.03,25202.6,33821.3,13103.9,11888.5
2136,1,2024-09-10 00:00:00,23:21:15,12050443,Air-2-5,614,0.04,4.47,0,4,4,3,1,2,5,32.6077,0.504626,72014.4,214.853,7414.14,77931.6,529394,100016,2.6622,5900.6,34397.2,163431,171970,172047,0.0174393,755290,253859,189.33,112.45,2396.81,31480.1,5422.97,25197.6,33807.2,13096.7,11864.2
2137,1,2024-09-11 00:00:00,02:26:15,11050443,Air-1-5,615,0.04,2.25,0,4,4,3,1,1,5,15.4125,0.243783,39604.6,115.911,4088.81,74217.6,268018,50018.9,1.3251,2936.05,16918.7,80415.8,84861.4,84567.1,0.00998309,378082,125452,112.402,52.6178,1158.3,15316.5,2670.5,12235.4,16457.8,6356.91,5823.17
2138,1,2024-09-11 00:00:00,05:31:15,12050443,Air-2-5,617,0.04,4.48,0,4,4,3,1,2,5,32.7009,0.505978,75518.4,222.056,7805.37,70078.7,527901,99675.9,2.65529,5902.2,34376.4,163377,171936,171861,0.017447,756223,253830,190.857,111.513,2385.72,31457.7,5418.1,25137.3,33809.4,13077.5,11884
2141,1,2024-09-11 00:00:00,17:50:44,12050443,Air-2-5,619,0.1,4.5,0,4,4,3,1,2,5,32.2067,0.506466,73490.1,214.719,7591.28,66325.5,527828,99813.6,2.65399,5875.56,34384.6,162684,170718,171522,0.0173809,738330,252400,192.906,113.608,2372.11,31424.7,5425.51,25124.2,33739.4,13056,11836
2142,1,2024-09-11 00:00:00,20:55:44,11010443,Air-1-1,620,0.1,2.31,0,4,4,3,1,1,1,2.63784,0.0460539,8029.71,24.2592,840.988,68113.8,44931.5,8274.68,0.217412,591.16,3188.04,15136,15998.6,15997,0.00408884,71181.7,23757.8,62.043,10.5055,208.796,2750.62,505.197,2200.82,2968.21,1144.25,1095.88
2143,1,2024-09-12 00:00:00,00:00:44,11010443,Air-1-1,621,0.1,2.28,0,4,4,3,1,1,1,2.04081,0.0461503,7614.63,23.4495,814.583,62384.1,44893,8255.88,0.217096,589.402,3181.79,15125.1,15919.2,15947.9,0.00408675,70610.5,23652.2,59.801,10.5304,212.163,2727.2,505.66,2190.5,2961.57,1141.68,1083.65
2144,1,2024-09-12 00:00:00,03:05:44,12050443,Air-2-5,623,0.1,4.51,0,4,4,3,1,2,5,32.253,0.502722,73189.5,218.051,7535.09,60626.7,525748,99322.5,2.64451,5886.02,34347,162657,171685,171311,0.0174081,754430,253281,184.548,112.094,2381.64,31315.1,5408.19,25006.6,33675.5,13024.2,11854.4
2147,1,2024-09-12 00:00:00,16:07:54,12050443,Air-2-5,625,0.18,4.5,0,4,4,3,1,2,5,32.031,0.503195,72847.9,220.802,7541.27,60192.6,528819,100093,2.66233,5879.75,34276,162493,169613,171151,0.0173864,729187,251290,187.659,113.1,2377.48,31265.7,5397.69,25015.6,33654.1,13008.3,11805.7
2148,1,2024-09-12 00:00:00,19:12:54,11020443,Air-1-2,626,0.18,2.32,0,4,4,3,1,1,2,6.26003,0.0964329,15492.5,46.7962,1598.64,66156.9,101463,18743.1,0.494878,1175.87,6634.87,31404.3,33207.6,33187.8,0.00556596,147471,49212.8,77.7272,21.3689,444.653,5795.97,1028.19,4624.8,6239.61,2423.62,2245.31
2149,1,2024-09-12 00:00:00,22:17:54,11020443,Air-1-2,627,0.18,2.26,0,4,4,3,1,1,2,6.49555,0.0969328,15615.9,46.8974,1609.88,62614.3,101316,18689.9,0.494585,1178.59,6622.81,31467.2,33327.7,33157,0.00557428,148895,49298.7,72.1442,20.4792,443.02,5761.16,1028.41,4603.06,6235.68,2402.79,2240.24
2151,1,2024-09-13 00:00:00,04:27:54,12050443,Air-2-5,629,0.17,4.55,0,4,4,3,1,2,5,33.3454,0.502869,73626.1,219.281,7654.04,59815.6,525919,99393.1,2.64771,5878.82,34145.1,161819,171465,170504,0.0173561,759814,252935,189.348,111.264,2359.77,31013.3,5376.32,24821,33397.3,12938.5,11721.7
2155,1,2024-09-13 00:00:00,18:56:14,12050443,Air-2-5,631,0.1,4.48,0,4,4,3,1,2,5,31.4334,0.499767,69469.6,214.266,7323.63,60648.8,526026,99381.5,2.64658,5835.23,34063.9,161178,167563,170346,0.0172407,710802,249499,190.071,111.647,2361.07,31119.5,5392,24900.7,33401.6,12946.4,11774.3
2156,1,2024-09-13 00:00:00,22:01:14,12050443,Air-2-5,633,0.1,4.53,0,4,4,3,1,2,5,33.173,0.500038,73555.3,215.884,7559.05,65375.2,524897,99161.4,2.64135,5821.63,34103.2,161323,168228,170404,0.0172555,719998,249900,193.068,111.282,2351.58,31134.4,5372.02,24877.6,33454,12964.3,11739.2
2158,1,2024-09-14 00:00:00,04:11:14,12050443,Air-2-5,635,0.09,4.42,0,4,4,3,1,2,5,32.121,0.498906,77260.1,232.494,8048.6,59918.6,523837,98938.1,2.63588,5821.11,34067.6,160980,170004,170185,0.0172452,742087,251106,192.691,111.766,2366.95,31102.7,5386.52,24841.6,33456.9,12916.6,11753.8
2159,1,2024-09-14 00:00:00,07:16:14,11010443,Air-1-1,636,0.1,2.31,0,4,4,3,1,1,1,3.47355,0.0465407,7353.59,23.2688,784.422,65339.3,44698.3,8230.87,0.21634,595.44,3173.54,15062.9,15770,15876.2,0.00409254,69032.7,23476.4,67.8431,9.84251,209.706,2709.96,489.144,2166.86,2934.97,1132.79,1075.62
2160,1,2024-09-14 00:00:00,10:21:14,11010443,Air-1-1,637,0.09,2.3,0,4,4,3,1,1,1,3.23077,0.0461281,6807.99,21.7787,782.535,61641.7,44567.6,8244.58,0.216369,598.048,3164.36,15012,15697.1,15827.1,0.00407736,68770.6,23413.5,72.0863,10.2176,206.908,2714.31,495.45,2180.51,2918.01,1130.49,1077.01
2161,1,2024-09-14 00:00:00,13:26:14,12050443,Air-2-5,639,0.1,4.54,0,4,4,3,1,2,5,32.368,0.502574,71553.1,211.129,7358.91,60040,522434,98688.4,2.62809,5824.94,34005.1,160874,169973,169994,0.0172303,744167,250928,194.704,111.131,2341.64,30993.5,5364.83,24749.5,33286,12896.7,11743.2
2162,1,2024-09-14 00:00:00,16:31:13,11020443,Air-1-2,640,0.09,2.26,0,4,4,3,1,1,2,6.71266,0.0964895,14578.2,42.6295,1509.33,65371.5,100092,18509.2,0.488729,1174.35,6564.86,31171.2,32923.3,32922.2,0.00553712,146559,48839.7,80.1174,20.9721,436.324,5737.33,1029.71,4580,6160.51,2381.89,2205.45
2163,1,2024-09-14 00:00:00,19:36:13,11020443,Air-1-2,641,0.1,2.3,0,4,4,3,1,1,2,5.74208,0.0954206,1168.68,41.4229,1479.9,61153.2,100113,18505.9,0.488469,1178.66,6560.26,31147.6,32890.7,32834.8,0.00552773,147168,48845.5,78.9887,20.4263,438.228,5709.74,1017.08,4559.21,6171.67,2387.42,2217.77
2164,1,2024-09-14 00:00:00,22:41:13,12050443,Air-2-5,643,0.1,4.51,0,4,4,3,1,2,5,32.9656,0.499384,73521,221.973,7680.97,60411.2,522248,98643.6,2.6278,5821.3,33875.2,160590,169673,169563,0.017192,742995,250435,186.783,114.008,2337.58,30945.5,5346.19,24757.3,33328.4,12910.1,11708.9
2166,1,2024-09-15 00:00:00,04:51:13,12050443,Air-2-5,645,0.1,4.52,0,4,4,3,1,2,5,31.5141,0.500652,70907.2,210.782,7361.82,58604.8,521273,98414,2.62254,5796.64,33924.1,160212,169814,169409,0.017184,748186,250689,191.629,111.482,2343.91,30861.2,5354.15,24700.8,33220.6,12881.9,11696.4
2167,1,2024-09-15 00:00:00,07:56:13,11030443,Air-1-3,646,0.1,2.27,0,4,4,3,1,1,3,8.13662,0.145088,23299.9,70.7689,2406.94,64295.6,155332,28806.4,0.76154,1733.42,9964.76,47131.4,49624.7,49903,0.00697722,217122,73635.1,96.0327,32.1778,670.802,8814.3,1561.74,7041.42,9515.01,3664.22,3388.49
2168,1,2024-09-15 00:00:00,11:01:13,11030443,Air-1-3,647,0.1,2.24,0,4,4,3,1,1,3,9.04376,0.145238,21475.2,63.3746,2216.44,62434.4,155137,28784.5,0.760397,1747.73,9963.45,47104.9,49849.3,49879.8,0.00696239,220806,73907.4,95.2173,32.1821,670.527,8774.54,1548.71,7027.42,9500.03,3674.55,3359.38
2169,1,2024-09-15 00:00:00,14:06:13,12050443,Air-2-5,649,0.1,4.44,0,4,4,3,1,2,5,34.372,0.498325,71533.3,213.244,7398.84,61661.8,520812,98348.4,2.61961,5823.06,33833.8,160538,169580,169249,0.0172057,746982,250001,190.24,108.566,2343.23,30883.5,5345.32,24714.1,33208.3,12841.7,11694.8
2171,1,2024-09-15 00:00:00,20:16:13,12050443,Air-2-5,651,0.09,4.53,0,4,4,3,1,2,5,32.4086,0.498169,71848.6,212.46,7473.54,59025.6,519798,98089.8,2.6159,5834.88,33865.6,160407,169907,168939,0.0172238,753837,250580,190.487,109.99,2351.81,30854.2,5350.31,24705.5,33180.8,12841.3,11696.2
2172,1,2024-09-15 00:00:00,23:21:13,12050443,Air-2-5,653,0.09,4.4,0,4,4,3,1,2,5,32.157,0.493358,76036.2,229.631,7873.6,64762.5,519948,98191.9,2.61565,5832.35,33818.5,160189,169649,168843,0.0171697,752699,250322,184.687,109.545,2345.59,30820.4,5324.91,24667.5,33167.1,12828.7,11710.8
2173,1,2024-09-16 00:00:00,02:26:13,12050443,Air-2-5,655,0.1,4.46,0,4,4,3,1,2,5,33.1967,0.498643,70005.5,211.067,7305.33,66526.2,519992,98107,2.6146,5793.22,33766.6,160098,169479,169005,0.0171496,748805,249931,183.302,107.584,2328.37,30860.5,5332.67,24694.6,33212.5,12837.4,11678.9
2177,1,2024-09-16 00:00:00,18:55:24,12050443,Air-2-5,657,0.05,4.45,0,4,4,3,1,2,5,31.6692,0.499674,72093.8,213.77,7388.58,57991.5,522002,98616.5,2.62822,5810.22,33786.2,159965,169026,168967,0.0171588,743152,249976,187.743,110.118,2340.16,30893.3,5363.25,24690.2,33237,12847.3,11714
2178,1,2024-09-16 00:00:00,22:00:24,12050443,Air-2-5,659,0.05,4.38,0,4,4,3,1,2,5,30.9388,0.496829,70231.9,206.685,7284.66,63247.9,522178,98630,2.62962,5801.39,33794.5,160370,169475,168603,0.0171942,750172,250219,189.66,111.519,2343.31,30877.7,5326.29,24706.7,33166.5,12829.7,11646.2
2179,1,2024-09-17 00:00:00,01:05:24,12050443,Air-2-5,661,0.05,4.57,0,4,4,3,1,2,5,32.3755,0.496247,73249.7,219.81,7539.07,65319.2,521629,98524.8,2.62434,5790.54,33774.7,160282,169380,168585,0.01718,749807,250244,188.686,108.036,2332.31,30861.2,5305.06,24695.6,33176.5,12826.6,11663.5
2180,1,2024-09-17 00:00:00,04:10:24,12050443,Air-2-5,663,0.05,4.46,0,4,4,3,1,2,5,31.5627,0.491894,76411.2,225.662,7902.54,66525.4,520694,98281.4,2.62021,5792.14,33701.5,160566,169404,168459,0.0172322,754837,250392,187.026,110.851,2339.51,30781.4,5315.2,24612.8,33120.3,12810.2,11664.8
2184,1,2024-09-17 00:00:00,18:17:06,12050443,Air-2-5,665,0.12,4.45,0,4,4,3,1,2,5,30.1663,0.492113,77729.2,237.527,8145.03,59514.7,520867,98447.3,2.62215,5770.58,33775.5,159810,169215,168682,0.0171396,746492,249438,184.037,109.752,2339.32,30799,5333.41,24614.6,33145.3,12820.2,11651.3
2185,1,2024-09-17 00:00:00,21:22:06,12050443,Air-2-5,667,0.12,4.46,0,4,4,3,1,2,5,31.3862,0.486881,78039.6,231.048,8154.91,64127.8,519928,98273.5,2.61775,5747.57,33727.1,159812,167186,168399,0.0171417,720899,247531,184.419,111.063,2330.53,30794.1,5319.03,24643.5,33061.9,12838.8,11638.8
2186,1,2024-09-18 00:00:00,00:27:06,11010443,Air-1-1,668,0.12,2.2,0,4,4,3,1,1,1,3.04109,0.0452846,8162.5,23.5434,856.667,64967.9,44097.7,8118.13,0.213674,574.237,3123.19,14828.7,15381.7,15664.5,0.00406567,66343.8,23029.8,51.9031,9.78427,205.01,2705.26,487.547,2145.37,2906.13,1134.3,1075.45
2187,1,2024-09-18 00:00:00,03:32:06,11010443,Air-1-1,669,0.12,2.25,0,4,4,3,1,1,1,3.06634,0.045503,7346.86,24.3384,847.034,60225,44148.2,8114.62,0.213545,580.799,3111.23,14846.3,15716.5,15632.8,0.00406513,70810.2,23350.8,57.8085,10.0522,207.902,2678.74,491.75,2139.61,2881.71,1127.01,1077.9
2189,1,2024-09-18 00:00:00,09:42:06,12050443,Air-2-5,671,0.12,4.5,0,4,4,3,1,2,5,31.5809,0.488686,77105.3,229.193,7992.86,56516,519234,98009.3,2.61354,5706.65,33401.3,158543,166046,166736,0.0170704,719756,246237,182.045,105.819,2302.32,30425.3,5267.46,24305.2,32755.2,12670.5,11543.7
2190,1,2024-09-18 00:00:00,12:47:06,11010443,Air-1-1 *He3 Baseline Correction Issue*,672,0.12,2.26,0,4,4,3,1,1,1,2.30856,0.0451289,8179.33,23.7434,847.67,62103.9,43993,8082.43,0.213282,568.796,3129.63,14773,15413.3,15630.5,0.00406507,67001.1,23091.2,53.4368,9.98572,201.361,2686.53,483.585,2153.74,2906.73,1125.56,1068.02
2191,1,2024-09-18 00:00:00,15:52:06,11010443,Air-1-1 *He3 Baseline Correction Issue*,673,0.12,2.26,0,4,4,3,1,1,1,2.34905,0.0445971,7927.64,24.7774,833.224,59098.8,43985,8087.85,0.21328,571.405,3110.81,14753,15328.8,15568.1,0.00405611,65828.7,22909,53.4711,10.0235,204.369,2661.48,481.381,2141.69,2891.63,1115.38,1060.63
2192,1,2024-09-18 00:00:00,18:57:06,12050443,Air-2-5,675,0.12,4.41,0,4,4,3,1,2,5,32.0791,0.485139,77876.4,232.99,8161.38,57318,518473,97987.7,2.60965,5711.18,33496.6,158756,165646,167391,0.0170842,709848,245902,184.034,109.312,2331.65,30555.8,5294.21,24413.3,32973.8,12740.7,11571.4
2193,1,2024-09-18 00:00:00,22:02:06,11020443,Air-1-2,676,0.12,2.21,0,4,4,3,1,1,2,7.34914,0.0931581,16266.7,48.1174,1677.1,62625.1,99021.2,18302.5,0.483595,1150.62,6485.38,30755.8,31823.3,32444.7,0.00550075,137401,47771,67.7457,20.6606,431.251,5668.06,989.139,4521.52,6100.6,2361.05,2189.57
2194,1,2024-09-19 00:00:00,01:07:06,11020443,Air-1-2,677,0.12,2.26,0,4,4,3,1,1,2,5.99849,0.0937516,15972.4,49.3142,1656.32,58834.9,98840.6,18314.4,0.482835,1127.43,6474.43,30614.5,31710.4,32406.2,0.00549959,135784,47642.7,68.084,20.1026,427.51,5661.58,1013.07,4501.98,6106.92,2360.59,2190.34
2195,1,2024-09-19 00:00:00,04:12:06,12050443,Air-2-5,679,0.12,4.36,0,4,4,3,1,2,5,30.7117,0.486471,78053,229.141,8050.7,58115.2,518195,97909.5,2.60915,5723.92,33458.7,158627,164574,167273,0.0170471,697903,245196,183.331,108.845,2332.25,30584,5280.24,24408.5,32940.3,12739.8,11581.2
2198,1,2024-09-20 00:00:00,11:09:36,12050443,Air-2-5,681,0.08,4.37,0,4,4,3,1,2,5,30.8569,0.507704,80827.8,244.212,8492.89,45973.8,528913,100718,2.67423,5792.48,34354.1,159742,172214,171244,0.0172439,747037,249587,180.935,112.294,2363.75,30675.8,5379.81,24451,33020.8,12775.2,11619.4
2200,1,2024-09-20 00:00:00,17:53:19,12050443,Air-2-5,683,0.1,4.45,0,4,4,3,1,2,5,33.22,0.500835,70868.3,212.715,7305.57,53180.9,522132,99375.5,2.63485,5760.19,34202,159222,171457,170501,0.017095,746063,248275,180.889,111.155,2376.23,30641.7,5394.92,24518.3,33005.9,12763,11576.5
2201,1,2024-09-20 00:00:00,20:58:19,12050443,Air-2-5,685,0.09,4.46,0,4,4,3,1,2,5,29.3958,0.49978,71571.3,215.381,7489.17,59704.7,521194,99209.1,2.62934,5719.02,34150.6,158890,169865,170312,0.0170707,726192,246891,176.202,112.501,2360.86,30651.8,5417.7,24511.4,32967.3,12780.3,11612.6
2202,1,2024-09-21 00:00:00,00:03:19,11010443,Air-1-1,686,0.09,2.27,0,4,4,3,1,1,1,3.41125,0.047997,8064.86,24.7337,840.942,61649,43657,8088.26,0.211622,573.355,3189.19,14781.4,15979.2,15973.6,0.00405866,70012.4,23280.4,56.1862,10.9394,211.037,2693,494.464,2137.37,2899.99,1120.16,1076.39
2203,1,2024-09-21 00:00:00,03:08:19,11010443,Air-1-1,687,0.09,2.22,0,4,4,3,1,1,1,3.4384,0.0475246,7190.33,21.5389,749.603,56404,43579.6,8079.32,0.211509,578.598,3177.12,14775.6,15995.1,15915.5,0.00407159,70724.9,23323.1,55.2851,10.6053,207.151,2676.44,492.961,2150.35,2914.16,1112.14,1066.08
2204,1,2024-09-21 00:00:00,06:13:19,12050443,Air-2-5,689,0.09,4.27,0,4,4,3,1,2,5,32.508,0.500029,66139.8,201.338,6910.8,55269.7,519589,98802.7,2.62098,5732.39,34062.2,158620,171034,170033,0.0170808,745828,248044,178.683,110.888,2360.48,30515.1,5383.39,24391.4,32901.2,12718.3,11592.4
2206,1,2024-09-21 00:00:00,12:23:19,11020443,Air-1-2,690,0.09,2.21,0,4,4,3,1,1,2,6.58386,0.0974819,15532.6,49.4491,1602.76,56304.6,98403.8,18351.6,0.481667,1142.17,6585.23,30579.5,32882.3,33069.8,0.00550033,141345,47969.5,64.7067,22.2532,440.975,5632.55,1027.87,4501.29,6098.76,2353.25,2186.16
2207,1,2024-09-21 00:00:00,15:28:19,11020443,Air-1-2,691,0.09,2.22,0,4,4,3,1,1,2,5.11223,0.0975455,342.031,39.7457,1500.51,55486.3,98425.2,18362,0.481449,1140.96,6598.04,30608.7,32849.7,33117.7,0.00549659,141604,47986.7,65.8343,22.3728,442.853,5633.51,1017.53,4516.73,6089,2343.05,2195.98
2208,1,2024-09-21 00:00:00,18:33:19,12050443,Air-2-5,693,0.09,4.45,0,4,4,3,1,2,5,31.3509,0.498445,65611.5,199.448,6832.42,56756.2,518436,98625.2,2.61453,5731.34,34020.5,158489,171016,170028,0.017085,744379,247886,171.48,113.613,2353.98,30512.9,5361.3,24348.7,32819.9,12692.8,11564.4
2209,1,2024-09-21 00:00:00,21:38:19,11010443,Air-1-1,694,0.09,2.23,0,4,4,3,1,1,1,3.49507,0.0475018,7259.25,21.3346,755.411,60233.9,43497.6,8094.88,0.211054,570.476,3184.42,14654.4,15658.8,15904.9,0.00405549,66449.9,22987.8,52.3358,11.866,205.762,2684.37,497.207,2152.06,2899.39,1131.8,1063.35
2210,1,2024-09-22 00:00:00,00:43:19,11010443,Air-1-1,695,0.09,2.24,0,4,4,3,1,1,1,3.76538,0.0471926,6779.5,20.6557,706.647,55603.9,43381.5,8045.08,0.210546,570.328,3171.62,14655.1,15970.1,15838.1,0.0040623,70233,23232.8,47.5769,10.163,206.266,2671.4,494.097,2124.95,2894.7,1118.43,1054.93
2211,1,2024-09-22 00:00:00,03:48:19,12050443,Air-2-5,697,0.09,4.38,0,4,4,3,1,2,5,31.5229,0.498253,71544.4,212.7,7449.76,54755.1,517115,98289,2.6078,5668.15,33888.5,157323,167280,169343,0.0169614,702375,244420,178.979,113.543,2350.87,30360.6,5350.18,24295,32743.1,12657.4,11510
2213,1,2024-09-22 00:00:00,09:58:19,11020443,Air-1-2,698,0.09,2.24,0,4,4,3,1,1,2,6.50549,0.0959611,15058,44.5385,1563.1,55785.9,97821.9,18264.3,0.479209,1126.41,6580.48,30445.5,32717.6,32906.2,0.00550037,141263,47815.1,64.0195,20.4797,436.066,5620.36,1016.64,4488.79,6077.53,2355.94,2169.95
2214,1,2024-09-22 00:00:00,13:03:19,11020443,Air-1-2,699,0.09,2.17,0,4,4,3,1,1,2,5.97701,0.095893,14568,44.9397,1545.88,54719.7,97862.6,18239.6,0.478841,1128.83,6569.04,30566.5,32762.9,32886.2,0.00551107,141911,47860.3,66.15,20.4014,433.981,5608.78,1019.16,4477.76,6058.68,2338.44,2186.26
2215,1,2024-09-22 00:00:00,16:08:19,12050443,Air-2-5,701,0.09,4.28,0,4,4,3,1,2,5,30.5682,0.492338,71347.5,217.6,7451.2,55897.9,515455,97900.4,2.59838,5681.72,33772.7,156496,168450,168920,0.0168868,719767,245107,174.309,107.978,2347.42,30286.7,5347.19,24180.2,32631.2,12596.9,11489.5
2216,1,2024-09-22 00:00:00,19:13:19,11050443,Air-1-5,702,0.09,2.19,0,4,4,3,1,1,5,15.4252,0.238747,33844.1,103.684,3524.62,60485.2,259793,48756.1,1.28905,2812.27,16623.6,77383,82831.7,83399.9,0.00972007,355176,120962,106.281,54.0503,1146.46,14770.9,2635.88,11834.2,15933,6175.57,5642
2217,1,2024-09-22 00:00:00,22:18:19,11050443,Air-1-5,703,0.09,2.18,0,4,4,3,1,1,5,15.2451,0.238583,34812.1,105.24,3656.04,59781.3,259626,48827.6,1.28821,2789.79,16630.3,77654,83002.5,83388.2,0.00977036,357841,121069,100.084,53.6255,1139,14803,2629.59,11784,15892.3,6167.28,5623.23
2218,1,2024-09-23 00:00:00,01:23:19,12050443,Air-2-5,705,0.09,4.33,0,4,4,3,1,2,5,33.0634,0.48981,71771.3,216.277,7488.58,59921.6,514923,98121.1,2.59873,5663.19,33877.5,157519,167875,169008,0.0169816,713132,244536,173.948,110.106,2338.07,30291.8,5334.35,24230.6,32649.9,12642,11494.7
2219,1,2024-09-23 00:00:00,04:28:19,12050443,Air-2-5,707,0.09,4.29,0,4,4,3,1,2,5,31.1678,0.487437,72573.8,214.504,7479.79,62384.8,515120,97960.5,2.59778,5651.77,33753.9,157293,168084,168696,0.0169321,717798,244661,172.489,109.633,2333.82,30242.3,5319.44,24235.8,32533.9,12609.4,11471.7
2223,1,2024-09-23 00:00:00,19:19:51,12050443,Air-2-5,709,0.08,4.35,0,4,4,3,1,2,5,31.2339,0.490892,69493.6,204.363,7214.93,60340.4,515975,98228,2.60262,5629.68,33751.1,156741,166048,169043,0.0168408,697482,242996,172.469,109.674,2339.72,30277.7,5314.17,24219.4,32637.4,12628.4,11496.5
2224,1,2024-09-23 00:00:00,22:24:51,12050443,Air-2-5,711,0.08,4.31,0,4,4,3,1,2,5,32.8778,0.491308,69266.9,208.429,7179.19,62486.5,515123,98113,2.59953,5657.45,33769.3,157310,167242,168721,0.0169516,710730,243806,174.273,111.582,2339.89,30271.4,5329.23,24166.7,32586.8,12623.2,11470.9
2226,1,2024-09-24 00:00:00,04:34:51,12050443,Air-2-5,713,0.08,4.34,0,4,4,3,1,2,5,32.6352,0.491921,67476.8,205.986,7069.91,56790.6,513640,97791.2,2.59142,5626.6,33600.1,156367,164818,168025,0.0168764,686780,241945,170.211,110.859,2331.7,30059.9,5310.28,24098.4,32462.6,12569.7,11455.1
2228,1,2024-09-24 00:00:00,13:56:24,12050443,Air-2-5,715,0.08,4.35,0,4,4,3,1,2,5,31.896,0.490629,64841.9,197.138,6709.94,53349.9,514959,98031.4,2.60166,5614.43,33627.8,155937,166952,168089,0.0168514,708573,243004,179.789,110.822,2322.69,30086.3,5306.71,23997.2,32441.2,12556.2,11433.9
2229,1,2024-09-24 00:00:00,17:01:24,12050443,Air-2-5,717,0.08,4.43,0,4,4,3,1,2,5,29.8795,0.491152,66731.5,200.774,6949.8,60886.4,515261,98016.3,2.59984,5647.68,33636.2,156196,168606,167927,0.0168487,730289,244727,174.085,111.225,2325.61,30106.2,5310.37,24121.7,32441.3,12566.3,11433.8
2231,1,2024-09-24 00:00:00,23:11:24,12050443,Air-2-5,719,0.08,4.32,0,4,4,3,1,2,5,31.1464,0.494213,68811.8,206.18,7077.62,55743.3,514080,97739.9,2.59499,5641.71,33652.7,156291,168317,168087,0.0169065,727302,244557,176.281,107.608,2335.36,30093.4,5325.67,24109.3,32489.7,12551.8,11438.2
2232,1,2024-09-25 00:00:00,02:16:24,12050443,Air-2-5,721,0.08,4.3,0,4,4,3,1,2,5,30.2661,0.493414,68195.9,204.032,7006.06,61109.5,513715,97815.7,2.59269,5646.42,33593.8,156248,168193,168005,0.0168752,725461,244297,178.337,109.057,2331.64,30141.2,5320.02,24016.5,32478.9,12550.8,11421.5
2235,1,2024-09-25 00:00:00,15:22:35,12050443,Air-2-5,723,0.08,4.19,0,4,4,3,1,2,5,32.1255,0.492762,70121.5,206.99,7224.3,57894.1,514701,98033.3,2.59821,5644.68,33642.2,156515,166333,168177,0.0168724,703492,242511,181.691,109.064,2329.02,30110.1,5311.63,24070.2,32447.7,12603.6,11424.1
2236,1,2024-09-25 00:00:00,18:27:35,12050443,Air-2-5,725,0.08,4.28,0,4,4,3,1,2,5,29.6016,0.491228,63404.4,194.744,6688.15,62338.7,514186,97867.8,2.59452,5637.8,33562.2,155772,167660,167933,0.0167801,721315,243640,173.335,109.407,2323.48,30071.5,5318.11,24008.8,32409.1,12553.7,11431.8
2237,1,2024-09-25 00:00:00,21:32:35,11050443,Air-1-5,726,0.08,2.18,0,4,4,3,1,1,5,15.1034,0.237716,35732.5,105.681,3681.77,62828.6,258614,48599.1,1.28325,2803.36,16499.5,76677.9,82659,82684.9,0.00965644,358742,120375,107.675,54.8606,1134.93,14645,2606.22,11646.5,15773,6095.52,5597.1
2238,1,2024-09-26 00:00:00,00:37:35,11050443,Air-1-5,727,0.08,2.18,0,4,4,3,1,1,5,14.9673,0.237525,34728.3,102.697,3557.06,60681.5,258303,48534.9,1.28183,2795.78,16505.5,76801.7,82810.3,82644.9,0.0096979,362345,120514,105.395,54.3024,1125.25,14590,2605.28,11694,15772.2,6121.46,5590.36
2239,1,2024-09-26 00:00:00,03:42:35,12050443,Air-2-5,729,0.08,4.27,0,4,4,3,1,2,5,32.032,0.488411,64732.2,197.711,6823.01,61024.5,513012,97695.9,2.58834,5577.28,33528.3,155352,164039,167413,0.0167841,682249,240640,179.189,112.185,2321.76,29987.9,5281.12,23937.2,32306.1,12505.1,11405.2
2243,1,2024-09-26 00:00:00,18:19:17,12050443,Air-2-5 *H2O Trap Open*,731,0.06,3.21,0,4,4,3,1,2,5,23.7498,0.356192,51341.1,155.639,5404.34,63321.5,382385,72271.4,1.91344,4069.46,24392.7,113380,119398,122109,0.013018,500345,176076,138.087,78.2383,1691.47,21796.4,3870.63,17438.7,23514.5,9095.18,8323.97
2244,1,2024-09-26 00:00:00,21:24:17,12050443,Air-2-5 *H2O Trap Open*,733,0.05,3.18,0,4,4,3,1,2,5,23.6773,0.355489,53722,159.619,5585.28,62494.7,381671,72195.5,1.91063,4076.5,24407.7,113540,119773,121997,0.0130206,505164,176235,138.375,78.5895,1692.04,21764.5,3872.03,17416.5,23509.5,9088.81,8322.04
2246,1,2024-09-27 00:00:00,03:34:17,11050443,Air-1-5 *H20 Trap Open*,734,0.04,1.56,0,4,4,3,1,1,5,11.6888,0.175542,27795.4,81.2623,2877.04,56996.4,186406,34925.3,0.92027,2050.82,12063.7,56009.7,60099.8,60354.7,0.00782557,260410,87747.6,90.813,39.1164,814.628,10487.6,1888.13,8373.75,11349.4,4370.78,4045.36
2247,1,2024-09-27 00:00:00,06:39:17,12050443,Air-2-5 *H2O Trap Open*,736,0.04,3.1,0,4,4,3,1,2,5,22.5206,0.353679,50283.3,151.798,5203.04,57484.3,380940,72042,1.90602,4082.91,24406.3,113685,120792,121957,0.0130548,514152,176560,141.048,81.0838,1676.79,21745.5,3845.93,17404,23503.4,9085.01,8311.02
2250,1,2024-09-27 00:00:00,18:08:01,12050443,Air-2-5,738,0.08,4.2,0,4,4,3,1,2,5,31.6372,0.478729,66234.5,196.602,6848.58,53889,502836,95589.2,2.53697,5446.04,32712.7,151293,159298,163351,0.0164351,659917,234853,176.917,106.175,2249,29182.2,5168.41,23334.3,31544.8,12214.7,11110.5
2251,1,2024-09-27 00:00:00,21:13:01,12050443,Air-2-5,740,0.08,4.22,0,4,4,3,1,2,5,30.1308,0.475229,64342.1,195.565,6708.14,60520.3,502457,95557.1,2.53392,5440.78,32685.4,152227,161838,163219,0.0165484,687929,235900,173.245,104.193,2258.42,29196.7,5161.72,23313.7,31465.2,12158.1,11077.2
2253,1,2024-09-28 00:00:00,03:23:01,12050443,Air-2-5,742,0.08,4.24,0,4,4,3,1,2,5,29.6666,0.478479,67784.3,203.979,7029.03,57249.6,500906,95403.6,2.52814,5494.01,32623.7,151490,162935,163104,0.0165091,701918,236914,181.319,108.132,2251.01,29106,5133.06,23267.3,31424.6,12138.5,11087.2
2254,1,2024-09-28 00:00:00,06:28:01,11050443,Air-1-5,743,0.08,2.16,0,4,4,3,1,1,5,14.1528,0.229872,35696.3,105.059,3698.54,61789.2,251387,47295.9,1.24797,2734.14,16087,74850,80544.8,80382.5,0.00953183,351994,117256,106.273,53.0139,1090.73,14188.6,2525.18,11334,15350.9,5906.99,5445.9
2255,1,2024-09-28 00:00:00,09:33:01,11050443,Air-1-5,744,0.08,2.13,0,4,4,3,1,1,5,15.0048,0.230348,34923.3,102.877,3610.63,60252.9,251545,47297.2,1.24903,2724.21,16074.2,74570.4,80200.6,80426.2,0.00950896,347405,117026,111.092,51.7713,1095.52,14176.2,2544.73,11291.1,15339.2,5933.28,5436.98
2256,1,2024-09-28 00:00:00,12:38:01,12050443,Air-2-5,746,0.08,4.15,0,4,4,3,1,2,5,29.6739,0.47374,67906.9,199.263,7010.47,60716.3,500596,95242.4,2.52388,5481.27,32610.2,151640,162749,162900,0.016492,701500,236873,184.634,103.726,2247.81,29146.2,5123.31,23250.9,31406,12163.6,11092.7
2257,1,2024-09-28 00:00:00,15:43:01,11010443,Air-1-1,747,0.08,2.13,0,4,4,3,1,1,1,3.46496,0.0443257,7063.53,21.5425,764.182,63258.3,41482,7717.9,0.201774,550.823,3044.01,14117.3,15168.4,15185.4,0.00401203,66300.1,22175.4,56.5324,10.1404,198.421,2544.22,469.754,2047.93,2753.54,1077.42,1022.53
2258,1,2024-09-28 00:00:00,18:48:01,11010443,Air-1-1,748,0.08,2.12,0,4,4,3,1,1,1,2.82464,0.0442772,7030.85,20.6788,729.147,57635.2,41450.8,7685.35,0.201312,554.173,3039.84,14057.3,15197.2,15137.8,0.00401486,66412.8,22123,55.6409,10.2466,200.61,2543.73,470.299,2025.07,2773.79,1073.24,1026.7
2259,1,2024-09-28 00:00:00,21:53:01,12050443,Air-2-5,750,0.08,4.19,0,4,4,3,1,2,5,30.2193,0.470668,66574.3,198.427,6862.28,56450.3,498884,94857.9,2.518,5470.13,32531.5,151193,162613,162338,0.0164728,702244,236284,175.505,107.803,2235.75,29030.3,5131.95,23211.7,31361.1,12110.3,11059.4
2260,1,2024-09-29 00:00:00,00:58:01,11030443,Air-1-3,751,0.08,2.13,0,4,4,3,1,1,3,8.78209,0.138474,19415.6,59.3784,2015.19,61370.9,146866,27476.4,0.722532,1644.12,9557.25,44333,47644.8,47815.7,0.00675342,205888,69678.5,80.6561,30.6959,644.956,8244.96,1488.7,6600.95,8932.53,3449.7,3183.01
2261,1,2024-09-29 00:00:00,04:03:01,11030443,Air-1-3,752,0.08,2.15,0,4,4,3,1,1,3,9.34803,0.138431,20362.5,61.997,2125.01,58277.7,146707,27403.9,0.721333,1628.94,9536.48,44366.5,47694.9,47772,0.0067632,207371,69641.3,78.705,31.2834,644.622,8251.76,1487.38,6563.12,8914.54,3448.45,3194.09
2262,1,2024-09-29 00:00:00,07:08:01,12050443,Air-2-5,754,0.08,4.21,0,4,4,3,1,2,5,29.4136,0.471931,68216.8,201.127,7018.17,58180.7,498565,94780.7,2.51422,5446.77,32446.2,150826,162313,162096,0.0164298,700288,235858,178.577,106.728,2248.36,29043.1,5129.46,23121.5,31290.7,12090.1,11031
2264,1,2024-09-29 00:00:00,13:18:01,12050443,Air-2-5,756,0.08,4.21,0,4,4,3,1,2,5,29.5327,0.473859,68135.5,204.042,7075.47,55963.9,498122,94731,2.51214,5449.03,32379.4,150405,159797,162244,0.0163856,670085,233964,180.518,105.475,2236.27,28986.6,5126.21,23148.8,31277.5,12119.3,11035.8
2265,1,2024-09-29 00:00:00,16:23:01,11050443,Air-1-5,757,0.08,2.1,0,4,4,3,1,1,5,14.0738,0.228291,124.786,61.7205,2191.17,60984.6,249902,46941.7,1.23979,2680.88,15929.7,73980.4,78249.7,79825.4,0.00942382,328099,115246,106.818,51.7238,1094.98,14094.6,2514.01,11270.4,15219,5875.72,5401.8
2266,1,2024-09-29 00:00:00,19:28:01,11050443,Air-1-5,758,0.08,2.09,0,4,4,3,1,1,5,13.5807,0.228911,34618.7,104.582,3554.68,59434.7,249900,46921.7,1.24006,2680.47,15949,73636.6,77438.2,79884.3,0.00938728,320818,114801,110.756,52.7468,1092.32,14038.7,2501.76,11235.9,15234.8,5888.45,5399.17
2267,1,2024-09-29 00:00:00,22:33:01,12050443,Air-2-5,760,0.08,4.2,0,4,4,3,1,2,5,29.4533,0.464563,73480.9,218.844,7590.67,59715.4,497709,94612.1,2.51022,5427.81,32431.6,150445,161530,161849,0.0163781,693546,235243,179.769,105.723,2226.44,28946.7,5116.17,23130.6,31275.1,12090.2,11017.5
2268,1,2024-09-30 00:00:00,01:38:01,12050443,Air-2-5,762,0.08,4.08,0,4,4,3,1,2,5,29.9675,0.457612,72199.3,218.314,7518.22,62773.3,497219,94590.1,2.50685,5411.86,32294.9,149742,160696,161238,0.0162912,686953,234120,171.308,102.752,2235.71,28873.9,5112.62,23087,31169.6,12039.5,10982.9
2272,1,2024-09-30 00:00:00,19:17:36,12050443,Air-2-5,764,0.08,4.26,0,4,4,3,1,2,5,31.9471,0.475094,74219,225.675,7635.06,59018.3,507590,96658.9,2.56284,5543.03,32937.6,153201,164997,164801,0.0165755,714951,239879,184.809,110.009,2296.81,29504.9,5218.37,23572.5,31838.1,12298.9,11204.9
2273,1,2024-09-30 00:00:00,22:22:36,12050443,Air-2-5,766,0.08,4.2,0,4,4,3,1,2,5,30.8919,0.473582,70037.4,213.681,7357.17,62922.2,507308,96536.5,2.55873,5540.24,32979.5,153330,165260,164403,0.0166421,720192,240108,183.433,106.81,2285.64,29423.9,5202.18,23521.5,31757,12301.5,11189.1
2275,1,2024-10-01 00:00:00,04:32:36,12050443,Air-2-5,768,0.08,4.26,0,4,4,3,1,2,5,29.9789,0.474057,74354.1,224.792,7637.1,57146.6,505977,96319.9,2.55291,5514.1,32881.6,152759,163664,164348,0.0166069,700000,238322,179.463,106.044,2265.18,29376.8,5178.37,23446.3,31681.6,12260.7,11165.8
2278,1,2024-10-01 00:00:00,15:21:25,12050443,Air-2-5,770,0.08,4.17,0,4,4,3,1,2,5,28.5616,0.470882,69952.9,214.412,7418.23,63842.6,504700,96036.9,2.5469,5417.43,32156.3,149402,160637,160663,0.0162538,693651,233511,184.193,103.899,2182.44,28193.1,5002.22,22515.2,30410.6,11745.8,10762.9
2279,1,2024-10-01 00:00:00,18:26:25,12050443,Air-2-5,772,0.08,4.2,0,4,4,3,1,2,5,30.694,0.477933,69106.3,213.467,7242.51,65643.9,504407,95987.4,2.54474,5361.32,32058.9,149213,159293,160220,0.0162794,681017,232087,170.231,104.281,2180.8,28067.3,4964.8,22377.8,30342.3,11726,10717.9
2280,1,2024-10-01 00:00:00,21:31:25,11050443,Air-1-5,773,0.08,2.13,0,4,4,3,1,1,5,14.9186,0.227378,35439.9,107.847,3728.52,66275.4,253490,47642.3,1.25786,2660.51,15806.3,73417.7,78188,79142.5,0.00939181,334000,114559,106.631,51.2142,1050.64,13630.2,2439.55,10886,14790.8,5731.36,5257.29
2281,1,2024-10-02 00:00:00,00:36:25,12050443,Air-2-5,775,0.08,4.35,0,4,4,3,1,2,5,29.5912,0.475849,69627.2,212.843,7418.1,64267,503432,95756.2,2.53945,5361.84,31928.8,148705,160502,159717,0.0162454,701309,233086,169.167,101.655,2178.96,27981.4,4960.8,22357.7,30200.6,11687.3,10660.2
2282,1,2024-10-02 00:00:00,03:41:25,12050443,Air-2-5,777,0.08,4.24,0,4,4,3,1,2,5,30.7218,0.474228,68709.5,207.685,7154.05,66122.3,503239,95744.7,2.53874,5369.05,31927.9,148330,160048,159443,0.0161918,696868,232488,166.74,101.458,2158.41,28003.5,4948.84,22307.2,30192.5,11695.2,10646.1
2283,1,2024-10-02 00:00:00,16:12:55,12050443,Air-2-5,783,0.08,4.28,0,4,4,3,1,2,5,29.176,0.476552,31.8904,36.9229,982.79,50865,504473,96036,2.5476,5360.63,31819.2,147402,158997,159266,0.0161071,681993,231413,172.602,102.914,2158.51,27918.1,4953.54,22325.8,30235.9,11674.3,10684.1
2284,1,2024-10-02 00:00:00,19:17:55,12050443,Air-2-5,785,0.08,4.18,0,4,4,3,1,2,5,32.5067,0.474501,62538.2,201.991,7067.25,60237.5,504825,96200.8,2.54951,5344.26,31909.2,148183,158436,159413,0.0162029,678070,230952,175.319,102.829,2176.39,27992.5,4967.92,22371.6,30233.3,11689,10639.6
2286,1,2024-10-03 00:00:00,01:27:55,11050443,Air-1-5,786,0.08,2.13,0,4,4,3,1,1,5,15.08,0.231275,32247.2,105.513,3627.78,54683.2,252498,47476.1,1.25371,2591.49,15372.2,71266.1,77203.6,76900.1,0.00922119,338263,112245,105.203,48.0508,997.644,12912.6,2331.81,10300.3,13964.5,5382.84,4988.05
2287,1,2024-10-03 00:00:00,09:14:25,12050443,Air-2-5,790,0.08,4.24,0,4,4,3,1,2,5,30.0975,0.473707,65184.8,192.078,6837.89,53710.7,503473,95753,2.54189,5449.19,32510.4,150255,160235,162575,0.0163791,671294,234437,181.904,106.616,2240.94,29040.3,5141.49,23237.1,31377.8,12170.3,11078.3
2288,1,2024-10-03 00:00:00,12:19:25,12050443,Air-2-5,792,0.09,4.19,0,4,4,3,1,2,5,31.9364,0.468174,66584.1,193.641,7002.7,62890,505243,96290.3,2.55135,5444.32,32677.1,151525,160979,163326,0.0164747,674151,235497,188.231,107.358,2250.6,29219,5196,23359.9,31523.7,12189.9,11129.8
2289,1,2024-10-03 00:00:00,15:24:25,12050443,Air-2-5,794,0.09,4.15,0,4,4,3,1,2,5,31.1606,0.468103,70393,209.457,7492.23,64733.4,503649,95940.3,2.54104,5459.6,32618.4,151289,162865,162803,0.0164458,700944,236617,177.039,102.302,2250.58,29106.3,5157.84,23302.1,31469.6,12180.6,11078
2290,1,2024-10-03 00:00:00,18:29:25,12050443,Air-2-5,796,0.08,4.29,0,4,4,3,1,2,5,28.2652,0.467519,68881.2,205.791,7285.83,66378.5,503033,95760.3,2.53747,5472.4,32497.2,150814,162924,162589,0.016407,705884,236806,173.812,103.593,2265.75,29084.2,5153.08,23226.6,31404.5,12122.9,11089.9
2291,1,2024-10-03 00:00:00,21:34:25,11050443,Air-1-5,797,0.08,2.17,0,4,4,3,1,1,5,15.7864,0.228305,35885.2,106.74,3763.97,66672.5,251811,47408,1.25133,2715.46,16059,74154.1,80241.1,80049.3,0.00946614,350673,116928,107.16,52.842,1093.72,14121.2,2526.63,11301,15276.1,5926.22,5417.46
2293,1,2024-10-04 00:00:00,03:44:25,12050443,Air-2-5,799,0.08,4.19,0,4,4,3,1,2,5,28.7066,0.46753,69396.3,209.387,7365.22,58348,501285,95429,2.53066,5447.78,32421,149785,162041,162024,0.0163239,695972,235763,170.053,103.127,2254.35,28985.3,5132.02,23135.5,31369,12093.2,11062.2
2294,1,2024-10-04 00:00:00,06:49:25,12050443,Air-2-5,801,0.08,4.21,0,4,4,3,1,2,5,31.3137,0.468477,69871.4,209.923,7396.85,64309.2,501147,95455.5,2.52916,5442.32,32414,150608,161912,162017,0.0164421,694860,235100,180.907,105.151,2236.52,28864,5130.16,23096.9,31230.2,12099.2,11027.9
2296,1,2024-10-04 00:00:00,13:53:11,12050443,Air-2-5,803,0.09,4.18,0,4,4,3,1,2,5,29.9959,0.463859,71190.5,213.065,7531.09,63090.2,499718,95135.6,2.52069,5433.6,32261.3,149986,162246,161493,0.0163778,705498,235510,178.518,103.03,2231.2,28773.9,5093.15,23044.4,31152.5,12038.8,10993.2
2297,1,2024-10-04 00:00:00,16:58:11,12050443,Air-2-5,805,0.09,4.1,0,4,4,3,1,2,5,29.7379,0.458835,70451.1,211.3,7441.16,65931.1,499372,95019.5,2.52051,5381.64,32280.4,148985,159637,161382,0.0162476,670489,233026,177.172,105.197,2240.8,28878.1,5087.64,23041.4,31145.1,12077.9,11006.2
2299,1,2024-10-04 00:00:00,23:08:11,12050443,Air-2-5,807,0.08,4.2,0,4,4,3,1,2,5,30.4227,0.450956,73250.2,219.135,7741.73,58559,498283,94789.3,2.51469,5434.68,32438,150052,160503,161521,0.0164018,681995,233868,173.846,105.317,2222.54,28804,5103.64,23066.9,31154.8,12050.2,10963.8
2300,1,2024-10-05 00:00:00,02:13:11,11050443,Air-1-5,808,0.08,2.1,0,4,4,3,1,1,5,14.4817,0.219671,36380,109.104,3831.72,64032.9,250001,46963.8,1.24137,2667.98,15902.3,73782,78997.9,79673.2,0.00942848,336429,115462,106.468,52.009,1091.85,13997.1,2486.53,11201.5,15182.8,5870.37,5384.7
2301,1,2024-10-05 00:00:00,05:18:11,11050443,Air-1-5,809,0.08,2.12,0,4,4,3,1,1,5,14.2105,0.220131,35948.4,109.127,3820.37,61725.9,249652,46963.5,1.23932,2679.34,15882.5,73477.7,78255.8,79476.1,0.00940805,330123,114860,109.125,52.233,1079.01,13972.2,2489.09,11198,15153.4,5847.02,5366.93
2302,1,2024-10-05 00:00:00,08:23:11,12050443,Air-2-5,811,0.08,4.14,0,4,4,3,1,2,5,29.5214,0.449251,71920.3,216.192,7583.44,63000.3,497589,94710.6,2.51062,5403.19,32280,149669,161923,160968,0.0163507,703927,234981,181.267,107.014,2221.94,28732.6,5082.36,22949.7,31062.8,12034,10926.9
2303,1,2024-10-05 00:00:00,11:28:11,11020443,Air-1-2,812,0.08,2.13,0,4,4,3,1,1,2,5.63681,0.0870396,14457,43.1831,1559.34,65655.3,93638.7,17492.8,0.458814,1086.18,6234.93,28977.1,31460,31251.1,0.00537613,138842,45729.6,73.3344,21.0841,409.687,5293.4,968.053,4246.9,5744.99,2219.13,2081.83
2304,1,2024-10-05 00:00:00,14:33:11,11020443,Air-1-2,813,0.08,2.18,0,4,4,3,1,1,2,6.03001,0.0869412,14720.3,44.3943,1563.38,61117.9,93356.5,17399.1,0.456682,1084.35,6211.94,28833.4,30842.4,31207.5,0.00535452,131143,45156.7,66.4238,19.5949,415.992,5280.8,973.469,4220.19,5775.91,2218.91,2078.66
2305,1,2024-10-05 00:00:00,17:38:11,12050443,Air-2-5,815,0.08,4.19,0,4,4,3,1,2,5,30.0172,0.454402,72608.4,216.169,7672.15,59642.1,496303,94488.7,2.50274,5355.18,32134.9,149107,159388,160614,0.0162846,675065,232133,171.198,104.476,2226.9,28760.4,5085.24,22961.4,31025.8,12017.7,10950.9
2309,1,2024-10-07 00:00:00,16:49:32,12050443,Air-2-5  *Bad Neon*,819,0.09,4.17,0,4,4,3,1,2,5,28.9004,0.45298,54.0602,47.8174,1524.1,55913.5,502832,95899.7,2.53959,5343.12,32001,148223,156743,160030,0.0161934,647323,230087,175.241,104.155,2234.55,28786.4,5055.83,23011.8,31087.8,12055.4,10927.3
2310,1,2024-10-07 00:00:00,19:54:31,12050443,Air-2-5,821,0.08,4.19,0,4,4,3,1,2,5,29.8684,0.454246,72135,215.625,7670.3,60750.7,502069,95595.4,2.53401,5326.22,32017.2,148143,156684,160002,0.0161643,646489,230021,176.216,106.371,2216.01,28703.8,5073.04,23028.2,31098.8,12018.7,10907.1
2312,1,2024-10-08 00:00:00,02:04:32,12050443,Air-2-5,823,0.08,4.24,0,4,4,3,1,2,5,32.2801,0.454267,70180.4,211.136,7460.46,55201.3,501054,95279.9,2.52558,5339.26,31949.4,147826,157726,159739,0.01618,659572,230539,171.826,104.821,2215.09,28690.2,5067.46,22913.8,31016.6,12005,10900.9
2316,1,2024-10-08 00:00:00,18:59:58,12050443,Air-2-5,825,0.08,4.14,0,4,4,3,1,2,5,30.458,0.450114,71920.5,214.788,7634.73,62328.6,501260,95446.3,2.52934,5391.38,32078.7,149097,161027,160242,0.016315,701273,233994,164.73,105.668,2233.88,28824.9,5070.64,23055.2,31116.1,12004.8,10921.1
2317,1,2024-10-08 00:00:00,22:04:58,12050443,Air-2-5,827,0.08,4.12,0,4,4,3,1,2,5,30.1818,0.450374,72686.6,220.397,7745.19,63279,500396,95297.2,2.52475,5339.31,31978,147775,158392,159978,0.0161558,665268,231110,167.787,101.65,2229.12,28705,5062.85,22994.9,31026.6,11987.2,10911.4
2318,1,2024-10-09 00:00:00,01:09:58,11010443,Air-1-1,828,0.08,2.13,0,4,4,3,1,1,1,2.24116,0.0412085,7697.32,23.4336,813.841,64314.8,40803.8,7628.78,0.198822,536.707,2979.45,13733.5,14801.8,14868.6,0.00398419,63631.3,21697.8,48.7387,9.65667,199.711,2524.87,468.428,2014.95,2733.84,1060.77,1012.72
2319,1,2024-10-09 00:00:00,04:14:58,12050443,Air-2-5,830,0.08,4.12,0,4,4,3,1,2,5,28.1057,0.452381,71291.1,214.752,7543.03,59307.5,499320,94969.1,2.51873,5353.39,31915.5,147945,159802,159604,0.0161902,687349,232306,167.822,102.604,2211.09,28569.3,5074.57,22901.7,30946.7,11999.7,10890.3
2322,1,2024-10-09 00:00:00,17:00:48,12050443,Air-2-5,832,0.8,4.17,0,4,4,3,1,2,5,29.5518,0.454264,77017.8,230.009,8155.64,60048.3,506637,96561,2.55964,5447.26,32492.6,150856,163165,162369,0.0164636,706843,236890,175.621,107.539,2256.74,29204.8,5144.71,23306.8,31556.7,12214.7,11106.8
2323,1,2024-10-09 00:00:00,20:05:48,11020443,Air-1-2,833,0.82,2.19,0,4,4,3,1,1,2,6.45997,0.087114,15758.8,47.1458,1671.81,64101.3,95787.4,17856.4,0.469761,1083.96,6333.46,29375.1,31547.5,31687.8,0.00540677,135217,46101.2,62.075,20.5573,423.905,5400.72,982.559,4311.23,5883.07,2271.82,2117.46
2324,1,2024-10-09 00:00:00,23:10:48,11020443,Air-1-2,834,0.79,2.21,0,4,4,3,1,1,2,5.89122,0.0877114,14705.6,44.6651,1619.38,59658.2,95574,17857.9,0.468428,1094.33,6302.77,29196.5,31399.2,31575.8,0.00539086,135073,45945.8,60.17,20.7064,416.438,5405.73,986.916,4293.11,5858.17,2260.13,2110.02
2325,1,2024-10-10 00:00:00,02:15:48,12050443,Air-2-5 *Bad Neon*,836,0.76,4.18,0,4,4,3,1,2,5,28.835,0.455256,52.1501,47.0921,1468.68,59038.6,504504,96136.7,2.54915,5403.44,32336.1,149475,160801,161380,0.0163586,683701,234342,171.659,106.632,2256.16,28983.3,5106.17,23148.4,31398.4,12155.2,11031.7
2328,1,2024-10-10 00:00:00,17:59:55,12050443,Air-2-5,838,0.12,4.08,0,4,4,3,1,2,5,28.5313,0.440076,71120.7,213.255,7504.11,62956.9,490730,93532.1,2.47695,5217.36,31340.6,144834,153626,156656,0.0158897,635589,225046,173.602,105.122,2173.45,28085,4970.87,22435.2,30394.9,11783.7,10691.2
2329,1,2024-10-10 00:00:00,21:04:55,12050443,Air-2-5 *Bad Neon*,840,0.11,4.02,0,4,4,3,1,2,5,29.0834,0.443871,68.7571,59.0246,1991.75,64407.9,490341,93404.2,2.47387,5232.35,31252,144774,155552,156292,0.0158784,660381,226222,171.617,103.922,2179.45,28060.1,4981.11,22406.6,30319.9,11720.8,10687.5
2331,1,2024-10-11 00:00:00,03:14:55,12050443,Air-2-5,842,0.11,4.11,0,4,4,3,1,2,5,28.1913,0.440429,70092.5,212.385,7481.73,57271.3,488938,93114.1,2.46684,5192.46,31239.5,144414,153410,156376,0.0158912,633204,224799,165.615,103.836,2159.81,27991.7,4945.4,22388.9,30325.9,11726.8,10646
2332,1,2024-10-11 00:00:00,06:19:55,11020443,Air-1-2,843,0.11,2.08,0,4,4,3,1,1,2,4.72867,0.0844044,14181.7,44.498,1519.2,62532.8,91052.6,16993.7,0.445939,1051.39,6049.11,28057.8,30364.8,30359,0.00530186,131984,44175,70.7822,20.0201,405.85,5154.73,947.624,4113.37,5620.98,2175.22,2026.58
2333,1,2024-10-11 00:00:00,09:24:55,11020443,Air-1-2,844,0.11,2.09,0,4,4,3,1,1,2,4.73804,0.0851842,1661.45,41.4588,1491.38,61109.3,91251.7,17057.5,0.447097,1051.41,6066.29,28040.8,30116,30339.6,0.00528044,128518,44045.2,68.9663,21.0247,408.49,5154.54,936.085,4123.85,5640.4,2176.31,2020.27
2334,1,2024-10-11 00:00:00,12:29:55,12050443,Air-2-5 *Bad Neon*,846,0.11,4.07,0,4,4,3,1,2,5,27.3453,0.441602,44.207,42.62,1308.27,59175.6,487191,92687.3,2.45731,5224.19,31226.1,144466,156034,156100,0.0158893,668012,226701,169.695,101.634,2172.09,27903.1,4954.29,22300.3,30214.2,11712,10668.3
2335,1,2024-10-11 00:00:00,15:34:55,11020443,Air-1-2,847,0.11,2.07,0,4,4,3,1,1,2,5.87025,0.0844382,14452.9,43.0497,1528.62,63610.5,90918,16929.8,0.44503,1044.37,6028.85,27903.7,30207.6,30217.2,0.00529047,130583,44051.5,63.3516,20.6803,402.228,5124.53,940.803,4112.85,5613.71,2158.11,2034.72
2336,1,2024-10-11 00:00:00,18:39:55,11020443,Air-1-2,848,0.11,2.07,0,4,4,3,1,1,2,4.86917,0.0840005,14273.1,40.7944,1514.06,59048,90728,16903,0.444391,1053.35,6032.89,27951.5,30091.3,30169.5,0.00527913,129471,43956.7,64.459,20.5423,403.695,5137.89,937.839,4116.15,5611.55,2161.65,2014.15
2337,1,2024-10-11 00:00:00,21:44:55,12050443,Air-2-5,850,0.11,4,0,4,4,3,1,2,5,29.0458,0.440137,70121.3,205.025,7427.04,58495.3,486871,92598.4,2.45493,5197.61,31063.8,143953,154734,155544,0.0158449,654977,225299,168.14,102.019,2157.37,27818,4927.23,22255,30103.1,11649.4,10598.2
2339,1,2024-10-12 00:00:00,03:54:55,12050443,Air-2-5 *Ne20 Step 2 bad; Used Ne20 Step 1 data*,852,0.11,4.07,0,4,4,3,1,2,5,28.722,0.437708,71877.3,221.77,7669.96,57034.1,485294,92420.2,2.4472,5232.02,31113.9,144207,154841,155438,0.0158848,657024,225433,169.748,100.979,2150.91,27806.7,4926.82,22251.8,30118.8,11654.1,10623.6
2340,1,2024-10-12 00:00:00,06:59:55,11050443,Air-1-5 *Bad Neon*,853,0.11,2.1,0,4,4,3,1,1,5,12.1628,0.214285,48.0721,38.3602,1339.35,63875.9,242348,45578.1,1.20409,2600.86,15360.7,70771.8,75769.7,76862.1,0.00916419,318659,111043,110.176,50.1448,1046.72,13560.6,2410.98,10814.8,14688.2,5692.78,5201.04
2341,1,2024-10-12 00:00:00,10:04:55,11050443,Air-1-5,854,0.11,2.05,0,4,4,3,1,1,5,13.9687,0.21357,35704.5,104.955,3737.58,63599.9,241888,45504,1.2013,2591.52,15289.1,70789.7,76052.5,76811.8,0.00917276,321751,110990,110.523,48.7664,1050.02,13485.6,2416.93,10785.7,14654.8,5667.97,5204.34
2342,1,2024-10-12 00:00:00,13:09:55,12050443,Air-2-5 *Bad Neon*,856,0.11,3.92,0,4,4,3,1,2,5,28.2592,0.433969,38.4475,41.5922,1187.16,63068,483935,92133.2,2.44053,5196.6,31108.2,143987,154637,155139,0.0158294,655848,224708,168.303,99.2924,2157.9,27726.1,4910.98,22177.6,30072.1,11611.4,10598.3
2343,1,2024-10-12 00:00:00,16:14:55,11050443,Air-1-5,857,0.1,2.05,0,4,4,3,1,1,5,13.1548,0.212148,35422.5,108.158,3757.39,65487,241553,45418.9,1.19891,2589.69,15348.1,70872.2,76680.4,76720.9,0.00917672,331484,111677,109.053,49.9542,1055.63,13492.2,2403.2,10821.1,14643,5673.26,5195.53
2344,1,2024-10-12 00:00:00,19:19:55,11050443,Air-1-5,858,0.11,2.04,0,4,4,3,1,1,5,14.0905,0.212965,35939.6,106.874,3814.94,62739,241534,45436.1,1.19914,2559.92,15295.8,70639,76323.9,76602.5,0.00915535,327478,111229,104.867,50.2827,1042.02,13476.6,2422.1,10782,14602.7,5652.76,5172.75
2345,1,2024-10-12 00:00:00,22:24:55,12050443,Air-2-5,860,0.11,4.04,0,4,4,3,1,2,5,28.0465,0.434646,72067.5,217.356,7671.51,62700,483041,91959.9,2.43572,5185.23,30959.2,143565,154052,154815,0.0158161,652868,224334,164.133,101.005,2138.96,27671.2,4912.97,22133.8,30031.6,11570.7,10586.9
2347,1,2024-10-13 00:00:00,04:34:55,12050443,Air-2-5,862,0.11,4.09,0,4,4,3,1,2,5,29.0743,0.43297,70619,215.014,7496.68,57589.4,482607,91773.9,2.43374,5177.1,30992.4,143669,154385,154580,0.0158471,657866,224629,167.01,102.698,2153.76,27674.1,4905.89,22080.8,29981.5,11619.2,10585.8
2348,1,2024-10-13 00:00:00,07:39:55,12040443,Air-2-4,864,0.11,4,0,4,4,3,1,2,4,22.0647,0.343847,58157.5,171.726,6134.13,64380.1,390064,73878.3,1.95528,4137.15,24709.5,114559,123070,123474,0.0131621,525543,179136,140.417,82.062,1706.74,22015.2,3905.11,17611.7,23866.3,9240.15,8437.07
2349,1,2024-10-13 00:00:00,10:44:55,12040443,Air-2-4,866,0.11,4.01,0,4,4,3,1,2,4,23.0435,0.344074,55270.7,167.372,5916.8,64584.7,389749,73806.7,1.95412,4129.94,24682.4,114481,122848,123564,0.0131615,522545,178986,137.12,79.4288,1716.6,22051.7,3932.27,17655.4,23878.3,9252.05,8448.29
2350,1,2024-10-13 00:00:00,13:49:55,12050443,Air-2-5,868,0.11,3.98,0,4,4,3,1,2,5,27.8655,0.431928,69070,204.847,7337.04,65065.1,482035,91787.1,2.43182,5142.15,30885.2,143097,153333,154473,0.0157587,647277,223515,159.188,101.8,2148.72,27632,4900.44,22081.9,29925.1,11578.7,10541
2351,1,2024-10-13 00:00:00,16:54:55,12040443,Air-2-4,870,0.1,3.96,0,4,4,3,1,2,4,22.1823,0.34128,56732.4,168.575,6018.67,67035.8,389995,73872,1.95626,4124.7,24609.9,113956,121957,123290,0.0130904,513930,178338,135.86,82.3665,1704.25,21955.9,3916.87,17570.3,23811.1,9198.4,8414.61
2352,1,2024-10-13 00:00:00,19:59:55,12040443,Air-2-4,872,0.11,4.01,0,4,4,3,1,2,4,20.618,0.341534,56182.8,166.729,6025.67,66454.8,389461,73697.2,1.95193,4109.91,24685.7,114252,122639,123428,0.0131342,520867,178738,148.242,84.1047,1715.18,21989.1,3920.69,17565.3,23822.9,9218.09,8425.54
2353,1,2024-10-13 00:00:00,23:04:55,12050443,Air-2-5,874,0.11,4.03,0,4,4,3,1,2,5,27.2286,0.42905,71751.2,214.401,7617.33,66939.5,480761,91453.5,2.42362,5162.98,30916.3,142959,153241,154355,0.0157526,646937,223297,167.083,103.222,2145.26,27619.2,4903.79,22052,29956.6,11583.8,10545.1
2354,1,2024-10-14 00:00:00,02:09:55,12050443,Air-2-5,876,0.11,3.98,0,4,4,3,1,2,5,28.0046,0.430519,72175.4,222.638,7651.83,67508.6,480486,91503.9,2.4232,5156.99,30810.8,142639,152901,154048,0.0157318,646243,222919,171.521,102.28,2133.62,27533.9,4887.33,22025.6,29864.2,11546.2,10507.2
2357,1,2024-10-14 00:00:00,16:13:25,12050443,Air-2-5,878,0.08,4.02,0,4,4,3,1,2,5,28.9747,0.438702,71638.5,214.283,7696.11,63763.7,489106,93123.8,2.46946,5245.2,31300.7,145552,156072,156445,0.0159811,669300,226883,176.727,102.197,2157.53,28036.9,4958.89,22402.3,30312.9,11732,10687.8
2358,1,2024-10-14 00:00:00,19:18:25,12050443,Air-2-5 *Ne20 Step 2 bad; Used Ne20 Step 1 data*,880,0.08,4.07,0,4,4,3,1,2,5,27.6978,0.438294,70300.9,206.558,7475.2,66941.2,488120,93051.6,2.46604,5235.77,31272.3,145218,156764,156065,0.0159518,680350,227603,165.119,101.234,2158.57,27899,4953.43,22373.2,30262.1,11719.2,10636.7
2360,1,2024-10-15 00:00:00,01:28:25,12050443,Air-2-5 *Bad Neon*,882,0.08,4.02,0,4,4,3,1,2,5,29.5651,0.440374,40.3842,42.0778,1271.18,60110.6,486813,92692.4,2.45567,5226.62,31130.5,143912,155996,156224,0.015823,668126,226762,174.097,101.954,2157.41,27875.3,4951.04,22356.7,30237.7,11678.5,10648.5
2361,1,2024-10-15 00:00:00,04:33:25,12050443,Air-2-5,884,0.08,4.06,0,4,4,3,1,2,5,27.1119,0.43743,70627.7,210.356,7482.53,66718.1,487053,92730.9,2.45944,5240.3,31141.8,144190,156241,155596,0.0158587,675735,226845,167.942,101.579,2158.91,27845.7,4932,22234.6,30136.2,11660.7,10636.5
2365,1,2024-10-15 00:00:00,19:25:28,12050443,Air-2-5 *Ne20 Step 2 bad; Used Ne20 Step 1 data*,886,0.08,4.1,0,4,4,3,1,2,5,29.7377,0.441611,71075,217.667,7644.93,65582.9,487894,92980.4,2.46338,5216.66,31267.8,144652,156059,156372,0.0158755,669185,226732,170.672,104.84,2173.83,27969.3,4978.23,22324.7,30312.5,11739.3,10662.8
2366,1,2024-10-15 00:00:00,22:30:28,11050443,Air-1-5,887,0.08,2.06,0,4,4,3,1,1,5,13.9521,0.217263,34984.4,104.618,3697.84,67332.1,243870,45988.9,1.2123,2563.03,15376.2,71126.7,75345.8,76979.1,0.00922067,315928,111050,100.858,50.4845,1053.14,13526.7,2417.8,10820.3,14713.7,5697.77,5202.36
2367,1,2024-10-16 00:00:00,01:35:28,12050443,Air-2-5,889,0.08,4.04,0,4,4,3,1,2,5,27.4313,0.448727,64940.1,195.222,6886.03,64036.4,486779,92832.4,2.45835,5192.26,31224.9,145163,156265,156027,0.0160001,673171,227189,169.638,101.83,2172.65,27880.7,4929.52,22302.3,30244.6,11651.6,10674.5
2368,1,2024-10-16 00:00:00,04:40:28,12050443,Air-2-5 *Ne20 Step 2 bad; Used Ne20 Step 1 data*,891,0.08,4.07,0,4,4,3,1,2,5,28.7349,0.438732,69771.7,211.2,7441.48,68503.3,485794,92478.3,2.45328,5162.07,31187.9,143978,151404,156152,0.0158099,618551,223360,166.589,101.445,2166.21,27934.8,4917.98,22305.8,30242.2,11720.2,10652.9
2371,1,2024-10-16 00:00:00,16:08:48,12050443,Air-2-5,893,0.08,4.1,0,4,4,3,1,2,5,30.2611,0.436801,71546.6,220.039,7720.08,67861.4,486521,92673.1,2.45651,5212.48,31238,144766,155712,155867,0.0159234,667827,226496,171.002,101.438,2164.1,27901.5,4961.27,22263.1,30313.6,11723.5,10651
2372,1,2024-10-16 00:00:00,19:13:48,12050443,Air-2-5,895,0.08,4.12,0,4,4,3,1,2,5,27.7335,0.436396,70745.6,210.214,7513.27,71591.3,486017,92636.2,2.45496,5220.91,31330.3,145267,156341,156110,0.015997,676636,227404,163.22,102.757,2154.45,27950.8,4943.99,22332.5,30302.8,11737.9,10667.5
2374,1,2024-10-17 00:00:00,01:23:48,11050443,Air-1-5,896,0.08,2.07,0,4,4,3,1,1,5,12.7406,0.212769,35798.6,108.345,3818.42,62516.6,242663,45688,1.20769,2588.41,15389.3,71121.1,75634.3,77045.2,0.00922082,317523,111226,102.116,49.7874,1047.27,13534.1,2416.38,10795.8,14753.1,5718.49,5225.08
2375,1,2024-10-17 00:00:00,04:28:48,12050443,Air-2-5,898,0.08,4.01,0,4,4,3,1,2,5,28.9187,0.43391,71887,214.047,7675.87,64736.8,485052,92407.1,2.45096,5182.69,31173.6,143916,152056,155620,0.0158349,626154,224182,163.578,103.114,2182.77,27892.4,4945.84,22262.1,30196.2,11723.5,10664
2377,1,2024-10-17 00:00:00,11:35:33,12050443,Air-2-5,900,0.08,4.15,0,4,4,3,1,2,5,27.0641,0.438193,71868,221.769,7744.93,65793.8,486006,92630,2.45602,5165.64,31306.1,144283,152904,156114,0.0158469,632472,224510,171.944,103.342,2176.41,27968.1,4947.45,22320.1,30207.6,11691,10674.6
2379,1,2024-10-17 00:00:00,19:02:02,12050443,Air-2-5,902,0.1,4.15,0,4,4,3,1,2,5,26.2607,0.442043,68756.2,209.912,7403.35,62185.4,485265,92485.4,2.45171,5187.65,31135.3,143965,155113,155531,0.0158701,663441,225717,161.402,104.23,2154.67,27778.9,4922.24,22200.7,30158.9,11638.1,10605.9
2380,1,2024-10-17 00:00:00,22:07:02,12050443,Air-2-5,904,0.1,4.12,0,4,4,3,1,2,5,30.9069,0.445325,69419.3,204.589,7368.18,68145.9,484099,92222.5,2.44585,5168.37,31046.2,143590,154378,155148,0.0158018,657260,225144,165.824,102.555,2160.8,27812.2,4922.79,22183.9,30121.2,11667.4,10622.4
2381,1,2024-10-18 00:00:00,01:12:02,11050443,Air-1-5,905,0.09,2.06,0,4,4,3,1,1,5,13.1786,0.217435,47.814,38.0742,1432.17,67807.6,241894,45568.1,1.20344,2559.23,15302.6,70888.4,76463.1,76814.7,0.00919458,329441,111613,95.2023,51.9846,1046.41,13491.2,2419.61,10755.2,14673.6,5667.8,5196.75
2382,1,2024-10-18 00:00:00,04:17:02,12050443,Air-2-5,907,0.09,4.04,0,4,4,3,1,2,5,26.825,0.43876,70579.6,209.36,7559.12,65544.3,483331,92161.4,2.44268,5154.85,31033.2,143330,154167,154939,0.0157884,655287,224747,161.444,102.172,2162.15,27730.8,4911.86,22171.7,30071.4,11624.8,10619.3
2385,1,2024-10-18 00:00:00,18:50:07,12050443,Air-2-5,909,0.21,4.05,0,4,4,3,1,2,5,27.8846,0.433668,70917.5,216.601,7578.58,60409.4,478654,91076.4,2.41726,5067.73,30608.5,141680,151606,152847,0.0156867,640984,221363,156.225,100.637,2126.96,27333.9,4842.77,21833.9,29687.6,11496.9,10461.3
2386,1,2024-10-18 00:00:00,21:55:07,12050443,Air-2-5,911,0.21,4,0,4,4,3,1,2,5,28.1171,0.432244,69471.5,210.587,7527.5,66021.7,477316,90973.1,2.41276,5091.67,30479.3,140872,152134,152471,0.0155716,649672,221755,163.237,100.475,2120.48,27275.5,4838.28,21800.1,29673,11479.5,10459
2388,1,2024-10-19 00:00:00,04:05:07,12050443,Air-2-5,913,0.2,3.99,0,4,4,3,1,2,5,26.8317,0.43301,69912.1,213.64,7401.97,60079.8,476731,90737.5,2.40871,5053.71,30479.8,141068,150450,152102,0.0156564,630011,220049,160.442,97.8148,2106.51,27199.1,4823.06,21738.8,29492,11418.6,10438.1
2389,1,2024-10-19 00:00:00,07:10:07,11020443,Air-1-2,914,0.2,1.98,0,4,4,3,1,1,2,5.72691,0.0832264,13980.9,39.5693,1496.24,66523.4,89192.6,16638.4,0.437956,1017.11,5872.25,27201.3,28864.3,29465.2,0.00521391,121144,42640.4,66.0284,20.1463,388.76,4995.18,918.628,3999.27,5449.53,2105.37,1957.99
2390,1,2024-10-19 00:00:00,10:15:08,11020443,Air-1-2,915,0.19,1.97,0,4,4,3,1,1,2,5.85892,0.0833381,14132.9,43.1115,1523.3,65002.9,89224.1,16696.9,0.438297,1027.57,5886.62,27322.9,29528.1,29559.4,0.00523138,128091,43119.4,66.5039,18.7344,398.308,5008.5,916.017,3986.7,5464.03,2115.17,1976.57
2391,1,2024-10-19 00:00:00,13:20:07,12050444,Air-2-5,917,0.19,3.9,0,4,4,4,1,2,5,28.9337,0.432929,68657.2,207.453,7391.34,62887.1,475079,90462.8,2.39863,177.744,823.994,3748.52,4083.86,4093.31,0.00306664,17268.8,5951,38.6763,3.00639,54.8829,666.138,126.836,535.577,738.389,285.664,271.518
2393,1,2024-10-19 00:00:00,19:30:07,11010443,Air-1-1,918,0.2,2.03,0,4,4,3,1,1,1,2.80683,0.0395723,7194.94,21.8739,778.75,56850.1,38849.8,7249.49,0.189785,509.479,2804.8,12909.1,13928.8,14069.2,0.00390957,58826.3,20459.9,45.819,9.11827,180.621,2334.23,441.738,1848.18,2572.29,1002.88,951.013
2394,1,2024-10-19 00:00:00,22:35:08,11010443,Air-1-1,919,0.19,2,0,4,4,3,1,1,1,2.45214,0.0398491,7300.72,20.9002,782.577,57889.8,38801.6,7242.09,0.189326,503.365,2817.61,12943.1,13873,14066.6,0.00390623,58577.7,20448.5,47.1357,8.6401,187.973,2346.53,441.823,1875.16,2572.94,993.148,951.118
2395,1,2024-10-20 00:00:00,01:40:07,12050443,Air-2-5 *Bad Neon*,921,0.19,3.97,0,4,4,3,1,2,5,27.8752,0.431014,30.0863,38.0561,1114.3,58973.3,474022,90268.6,2.39538,5049.45,30257.7,140205,149597,151547,0.0155893,624384,219187,159.614,101.635,2110.81,27032.3,4826.83,21579.7,29426.7,11372.3,10405.9
2396,1,2024-10-20 00:00:00,04:45:07,12050443,Air-2-5,923,0.19,3.94,0,4,4,3,1,2,5,28.6135,0.429454,71202.8,214.237,7626.81,64651,473529,90222,2.39194,5024.45,30357.8,140160,148720,151592,0.0155405,616702,218526,153.647,100.336,2100.22,27056.1,4808.55,21643.2,29402.5,11388.7,10390.7
2397,1,2024-10-20 00:00:00,07:50:07,11050443,Air-1-5,924,0.2,2.06,0,4,4,3,1,1,5,13.0567,0.211914,34197.7,105.472,3702.12,67457.8,236971,44655,1.17927,2546.81,15012.4,69314,75056.1,74966.7,0.00905532,325063,109386,108.273,49.8153,1025.37,13164.9,2344.58,10470.4,14276.2,5535.42,5079.61
2398,1,2024-10-20 00:00:00,10:55:08,11050443,Air-1-5,925,0.19,2,0,4,4,3,1,1,5,13.2181,0.211633,34664.7,104.347,3738.34,66903.2,236975,44693.5,1.17872,2533.26,15032.2,69185.8,75122.1,75167.9,0.00904152,323688,109483,113.213,48.8327,1031.34,13178.6,2380.79,10540.3,14368,5549.13,5089.56
2399,1,2024-10-20 00:00:00,14:00:08,12050443,Air-2-5 *Ne20 Step 2 bad; Used Ne20 Step 1 data*,927,0.19,3.88,0,4,4,3,1,2,5,27.5502,0.428926,67000.2,213.895,7180.48,65368.3,472138,89885.6,2.38408,5075.19,30258.9,139421,150924,151181,0.0154466,642797,219748,170.501,97.9099,2099.23,26999.4,4771.53,21564.8,29291.6,11295.2,10321
2400,1,2024-10-20 00:00:00,17:05:08,12040443,Air-2-4,929,0.19,3.98,0,4,4,3,1,2,4,22.042,0.339867,55514.8,166.354,5919.1,68114.9,381779,72353.8,1.91532,4075.7,24134.3,111981,120963,121047,0.0129595,520452,176048,143.974,79.037,1673.41,21494.3,3841.74,17231.7,23363.8,9042.96,8286.88
2401,1,2024-10-20 00:00:00,20:10:08,12040443,Air-2-4,931,0.19,3.92,0,4,4,3,1,2,4,21.6506,0.339084,54845.4,164.741,5865.59,66666.9,381938,72453.5,1.91674,4032.68,24150.7,111644,120470,120900,0.0129162,514731,175523,137.732,76.6616,1670.65,21535.2,3828.33,17192.2,23367.8,9033.29,8279.76
2402,1,2024-10-20 00:00:00,23:15:08,12050443,Air-2-5,933,0.19,3.87,0,4,4,3,1,2,5,27.1339,0.427209,69451.8,209.381,7431.68,66849.6,472124,89921.3,2.38438,5036.72,30234.4,139823,149889,150888,0.0155019,633984,218680,166.17,99.1787,2096.86,26923.5,4797.71,21528.8,29252.2,11296.2,10341.3
2403,1,2024-10-21 00:00:00,02:20:08,12050443,Air-2-5,935,0.19,3.93,0,4,4,3,1,2,5,27.985,0.427371,68181.2,211.248,7369.21,68853.1,471495,89741.8,2.37945,5022.39,30201.7,139367,148937,150884,0.0154503,622780,218088,163.191,98.0488,2092.29,26987.8,4771.59,21497.6,29255.4,11332.8,10355.8
2405,1,2024-10-21 00:00:00,17:18:56,12050443,Air-2-5,937,0.08,3.92,0,4,4,3,1,2,5,27.7504,0.436495,70237.3,213.273,7495.29,61053.3,480365,91546.9,2.42897,5105.04,30669,141565,153108,153048,0.0157067,656437,222614,171.498,98.0458,2114.79,27302,4848.33,21793.4,29708.9,11490.7,10471
2406,1,2024-10-21 00:00:00,20:23:56,12050443,Air-2-5,939,0.08,4.01,0,4,4,3,1,2,5,29.735,0.434785,69266.6,209.971,7499.09,66866,480307,91578.7,2.42759,5107.79,30656.7,141434,150945,153288,0.0156338,627644,221121,171.205,100.326,2129.48,27451,4870.26,21906.8,29778.2,11500.7,10502.2
2407,1,2024-10-21 00:00:00,23:28:56,11050443,Air-1-5,940,0.08,2,0,4,4,3,1,1,5,14.7637,0.21124,35129.4,108.503,3821.88,69416.4,239515,45094.7,1.19136,2548.3,15124.3,69960,75855.3,75694.4,0.00912288,329354,110393,103.831,49.4112,1033.34,13293.1,2392.26,10617.5,14480.8,5608.6,5138.12
2408,1,2024-10-22 00:00:00,02:33:56,12050443,Air-2-5,942,0.08,4.06,0,4,4,3,1,2,5,28.4772,0.431925,70543.5,213.869,7664.32,67168.5,479547,91377.6,2.42241,5086.26,30727.9,141914,152236,153126,0.015711,645622,221907,168.432,100.203,2122.84,27324.3,4871.95,21850.3,29706.6,11486.2,10482.7
2411,1,2024-10-22 00:00:00,15:38:39,12050443,Air-2-5,944,0.32,4,0,4,4,3,1,2,5,27.8323,0.434433,70914.1,217.862,7626.06,61625.3,480584,91538.9,2.42818,5136.04,30646.2,141808,153832,153487,0.015702,659989,223329,169.283,98.2773,2121.8,27382.9,4887.89,21852.4,29735.1,11531.2,10504.4
2412,1,2024-10-22 00:00:00,18:43:39,11010443,Air-1-1,945,0.32,2.01,0,4,4,3,1,1,1,2.72194,0.0401294,7225.69,22.4976,787.01,68798.2,39395.8,7333.77,0.19238,528.428,2875.36,13256.7,14429.9,14360.7,0.00395109,63242.9,21079.1,62.7463,9.54887,188.976,2413.54,448.84,1922.77,2641.43,1030.18,972.781
2413,1,2024-10-22 00:00:00,21:48:39,11010443,Air-1-1,946,0.3,1.97,0,4,4,3,1,1,1,2.85186,0.0403076,7233,21.1195,783.27,63276.2,39514.1,7377.32,0.192771,524.448,2861.6,13113.5,14138.3,14299.4,0.00392521,59582.5,20757,58.7593,9.56287,191.195,2392.86,454.562,1903.6,2624.12,1011.71,956.913
2415,1,2024-10-23 00:00:00,03:58:39,12050443,Air-2-5,948,0.31,3.93,0,4,4,3,1,2,5,28.5507,0.43551,70517,210.056,7506.86,60351.2,479365,91314.3,2.42039,5067.66,30378,139977,150859,151526,0.0155835,639490,219753,166.489,98.5273,2079.12,26721.7,4751.35,21372.5,29116.5,11253,10265.9
2417,1,2024-10-23 00:00:00,22:08:10,12050443,Air-2-5,950,0.09,3.86,0,4,4,3,1,2,5,26.8122,0.431585,66032.6,199.094,7104.15,51829.3,473499,90293.8,2.39657,5032.15,29982.7,138449,150379,149915,0.0154389,647415,218537,168.606,98.9155,2085.9,26737.9,4764.03,21342.7,29082.4,11232.6,10264.6
2419,1,2024-10-24 00:00:00,04:18:10,12050443,Air-2-5 *Bad Neon*,952,0.09,3.97,0,4,4,3,1,2,5,28.1425,0.429034,32.2395,35.5656,1001.92,57514.2,472200,90011.7,2.38704,4989.31,30083.1,138386,147822,150215,0.0153863,610789,216438,172.541,98.0538,2081.88,26788.9,4762.31,21381.1,29152.3,11258.1,10282.9
2422,1,2024-10-24 00:00:00,17:31:37,12050443,Air-2-5,954,0.66,3.93,0,4,4,3,1,2,5,28.7001,0.43833,70457.1,212.158,7539.96,58867.5,482415,91950.6,2.43838,5134.61,30764.6,141999,153643,153601,0.0157323,657657,223534,171.602,99.5412,2128.85,27415.7,4855.27,21933.3,29774.1,11503.6,10514.6
2423,1,2024-10-24 00:00:00,20:36:38,12050443,Air-2-5,956,0.67,4.1,0,4,4,3,1,2,5,28.9592,0.438357,70280.4,216.023,7469.3,67888.1,482396,91892.7,2.43866,5109.73,30754.9,142181,152015,153539,0.0157289,636887,221994,170.856,100.067,2142.44,27455.3,4866.12,21929.2,29791.2,11525.5,10514.6
2425,1,2024-10-25 00:00:00,02:46:37,11050443,Air-1-5,957,0.66,2.08,0,4,4,3,1,1,5,13.4169,0.217331,36502.5,107.191,3882.09,60046,243321,45830.9,1.21112,2574.23,15299.6,70487.1,76399,76465,0.00920304,329291,111418,101.052,49.5839,1036.7,13383,2383.74,10662.6,14538.6,5632.28,5160.38
2426,1,2024-10-25 00:00:00,05:51:38,12050443,Air-2-5,959,0.53,4.04,0,4,4,3,1,2,5,27.5488,0.437482,69228.2,209.753,7433.62,64475.5,481146,91660.2,2.43188,5133.4,30655.6,141531,153010,153499,0.0156577,650309,223070,172.295,103.266,2133.13,27435,4855.32,21923.8,29802.7,11538,10517.1
2428,1,2024-10-25 00:00:00,13:46:24,12050443,Air-2-5,961,0.08,4.04,0,4,4,3,1,2,5,27.2538,0.426611,68510.3,203.372,7175.15,73486.1,470130,89499.6,2.3743,4886.72,29293,135790,146336,146469,0.0151911,625703,212947,156.895,93.0762,1990.9,25708.9,4571.49,20502.6,27933.1,10806.2,9853.67
2429,1,2024-10-25 00:00:00,16:51:24,12050443,Air-2-5,963,0.08,4.04,0,4,4,3,1,2,5,27.6571,0.425089,69882.5,198.996,7289,80837.4,276.939,45.253,0.00135958,223.706,1139.78,5194.72,5681.1,5655.17,0.00322361,24404.7,8280.16,37.2705,4.05385,71.3729,881.202,167.97,708.706,972.069,378.07,362.104
2431,1,2024-10-25 00:00:00,23:01:24,12050443,Air-2-5,965,0.08,4.04,0,4,4,3,1,2,5,28.1205,0.42557,71235.6,208.83,7427.81,64494.9,233.847,33.3928,0.00114268,216.29,1117.98,5107.61,5628.01,5587.97,0.00321224,24424.1,8210.07,36.5384,4.28274,69.4195,866.228,166.931,700.374,957.648,371.728,354.335
2432,1,2024-10-27 00:00:00,08:50:18,12050443,Air-2-5,970,0.08,3.94,0,4,4,3,1,2,5,28.6931,0.438005,64344.7,190.616,6843.01,47900,477351,91136.5,2.42226,5048.26,30199.2,139513,151706,150826,0.0155518,655657,220388,159.581,97.2882,2096.12,26971.1,4794.29,21559.7,29393.4,11386.9,10346.2
2433,1,2024-10-27 00:00:00,12:05:18,12050443,Air-2-5,972,0.08,3.87,0,4,4,3,1,2,5,27.7955,0.436176,66459.4,201.393,7126.04,56707.6,473763,90461.8,2.40031,4962.57,30018.1,138894,148561,149854,0.0154504,624947,216916,150.496,94.2786,2095.68,26873.3,4777.31,21481.1,29259.2,11313.1,10269.1
2434,1,2024-10-27 00:00:00,15:20:18,11020443,Air-1-2,973,0.08,2.05,0,4,4,3,1,1,2,5.30665,0.0820731,13263.9,40.9718,1483.09,59674.9,87125.2,16298.6,0.428321,981.077,5769.04,26586.3,28247.6,28882.2,0.0051617,117514,41711.4,49.7144,19.0173,384.223,4923.64,902.981,3918.85,5365.92,2078.2,1925.87
2435,1,2024-10-27 00:00:00,18:35:19,11020443,Air-1-2,974,0.08,1.99,0,4,4,3,1,1,2,5.6781,0.0812724,13601.6,39.086,1444.85,56242.7,87085,16287.7,0.42837,988.228,5775.12,26655.3,28386.6,28944.1,0.00516688,119396,41793.6,51.1147,19.2902,384.171,4895.31,900.707,3917.07,5371.22,2076.91,1933.15
2436,1,2024-10-27 00:00:00,21:50:19,12050443,Air-2-5 *Ne20 Step 2 bad; Used Ne20 Step 1 data*,976,0.08,3.91,0,4,4,3,1,2,5,29.0127,0.43101,66712.5,199.783,7266.62,56134.5,471273,89854.5,2.38614,4968.02,29895.5,137984,149206,149261,0.0153683,639089,217411,146.531,97.5603,2077.21,26752.2,4744.35,21377.2,29105.4,11239.6,10244.5
2438,1,2024-10-28 00:00:00,04:20:19,12050443,Air-2-5,978,0.08,3.9,0,4,4,3,1,2,5,27.565,0.426574,66751.8,200.917,7145.49,54481.1,470591,89749.6,2.38278,4964.36,29915.1,138570,149621,149383,0.0154648,641881,217667,150.338,97.8382,2071.03,26809.6,4757.53,21416.2,29165,11274,10232.8
2441,1,2024-10-28 00:00:00,15:57:49,12050443,Air-2-5 *Ne20 Step 2 bad; Used Ne20 Step 1 data*,980,0.08,3.93,0,4,4,3,1,2,5,28.7153,0.434396,65987.2,200.447,7115.49,59518.7,474397,90641.8,2.40307,4998.79,30213.9,139634,149628,150900,0.0154819,631136,218154,146.906,99.8928,2094.37,26984.8,4805.93,21590.1,29292.8,11338.2,10355
2442,1,2024-10-28 00:00:00,19:12:49,12050443,Air-2-5,982,0.08,3.95,0,4,4,3,1,2,5,27.6751,0.432645,68715.6,210.242,7286.18,61387,472628,90129,2.39274,4994.81,30090.4,139104,149066,150334,0.015465,629164,217822,145.99,101.469,2106.16,26965.8,4785.01,21538.2,29270.9,11319.1,10287.7
2443,1,2024-10-28 00:00:00,22:27:49,11020443,Air-1-2,983,0.08,1.97,0,4,4,3,1,1,2,5.30397,0.0818085,868.172,36.8532,1378.44,60099.4,87451.3,16368.9,0.430158,974.56,5794.28,26808.9,28997.2,28883.8,0.0051904,127212,42485.7,41.295,18.3147,387.39,4934.55,893.214,3943.88,5355.68,2076.81,1925.08
2444,1,2024-10-29 00:00:00,01:42:49,11020443,Air-1-2,984,0.08,1.99,0,4,4,3,1,1,2,5.41633,0.0816914,475.875,37.0185,1344.82,56558.7,87463.8,16362.6,0.430025,976.261,5765.15,26700.1,28893,28872.6,0.00517687,125333,42274,38.6715,17.5159,384.465,4904.09,897.056,3920.16,5392.42,2079.68,1934.82
2445,1,2024-10-29 00:00:00,04:57:49,12050443,Air-2-5,986,0.07,3.94,0,4,4,3,1,2,5,27.7684,0.425558,69387.2,213.787,7316.03,55345.2,471852,90099.7,2.39001,4966.04,30046.2,138651,149264,149744,0.0154601,635298,217847,144.096,96.398,2088.04,26848.6,4768.32,21491.6,29233,11304.9,10310.7
2448,1,2024-10-29 00:00:00,16:41:02,12050443,Air-2-5,988,0.08,3.81,0,4,4,3,1,2,5,27.6484,0.424113,69757.9,209.62,7490.82,55553.1,472891,90116.1,2.39543,4945.15,30004,139535,149155,150030,0.0155252,636115,218085,137.234,101.452,2087.62,26984.6,4756.38,21520,29322.5,11349,10327.6
2449,1,2024-10-29 00:00:00,19:46:02,12050443,Air-2-5,990,0.08,3.9,0,4,4,3,1,2,5,29.026,0.425646,70080.7,212.162,7415.01,59717.4,471914,90028.6,2.39127,4958.09,29996.5,139385,149173,149555,0.0155323,637670,217978,134.906,97.8976,2088.23,26886.8,4779.89,21467.3,29247.7,11296.7,10301.7
2451,1,2024-10-30 00:00:00,01:56:02,12050443,Air-2-5,992,0.07,3.86,0,4,4,3,1,2,5,27.6393,0.421723,67573.3,206.32,7324.3,54066.7,470802,89713.1,2.38467,4961.58,29862.3,138088,148842,149409,0.0153985,635160,217630,137.426,99.726,2088.36,26784.8,4759.58,21402.7,29166.2,11264.4,10281.6
2452,1,2024-10-30 00:00:00,05:01:01,12050443,Air-2-5,994,0.08,3.9,0,4,4,3,1,2,5,26.5117,0.420715,68124.2,204.614,7352.59,60310.5,470109,89647.9,2.3804,4965.89,29856.4,138306,149227,149106,0.015419,642116,217906,141.208,98.8611,2082.85,26762,4735.13,21393.1,29080,11263.3,10224.9
2455,1,2024-10-30 00:00:00,16:17:07,12050443,Air-2-5,996,0.08,3.9,0,4,4,3,1,2,5,27.7442,0.423162,69236.9,209.436,7494.65,59017.7,471147,89843.2,2.3862,4969.11,29878.9,137946,149391,149416,0.015362,641746,218049,147.216,99.775,2089.89,26790.6,4751.15,21451.1,29153.5,11303.3,10267.3
2456,1,2024-10-30 00:00:00,19:22:07,11020443,Air-1-2 *Ne20 Step 2 bad; Used Ne20 Step 1 data*,997,0.08,1.97,0,4,4,3,1,1,2,5.29356,0.0807941,14210.8,40.6892,1561.96,62374.4,87211.7,16310,0.428857,990.86,5747.16,26623.3,28960.5,28798.7,0.00517809,126965,42344.7,45.3237,18.4686,388.487,4915.09,889.642,3918.83,5349.99,2073.24,1929.87
2457,1,2024-10-30 00:00:00,22:27:07,11020443,Air-1-2,998,0.08,1.97,0,4,4,3,1,1,2,5.82495,0.0817886,13951,41.7136,1512.26,57741.1,87104.5,16318.5,0.428365,976.574,5762.52,26572.3,28865.4,28741.1,0.00519221,126831,42271.8,43.9792,19.3704,377.507,4868.37,899.563,3896.18,5343.64,2062.06,1925.09
2458,1,2024-10-31 00:00:00,01:32:07,12050443,Air-2-5,1000,0.08,3.87,0,4,4,3,1,2,5,27.476,0.421007,68069.1,210.01,7369.25,57595.3,470118,89632.9,2.38032,4956.34,29857.4,137957,147449,148995,0.0153943,619878,216123,141.299,98.7375,2068.58,26701.5,4745.32,21328.7,29050.2,11246,10253.3
2459,1,2024-10-31 00:00:00,04:37:07,12050443,Air-2-5,1002,0.08,3.93,0,4,4,3,1,2,5,27.1874,0.416203,70478.2,210.464,7549.22,61529.4,469966,89527.4,2.37753,4949.75,29787.6,138236,148079,148907,0.015423,628452,216470,147.805,98.9919,2072.24,26689.7,4728.38,21326,29033.6,11243.7,10253.7
2462,1,2024-10-31 00:00:00,15:55:05,12050443,Air-2-5,1004,0.08,3.89,0,4,4,3,1,2,5,26.1839,0.41987,69641.3,223.64,7466.27,60681.2,469398,89581.8,2.37657,4961.45,29778.1,137522,146730,148698,0.015322,612948,215203,148.768,98.7169,2072.03,26626.5,4718.18,21299.8,28972.7,11221.8,10234.8
2463,1,2024-10-31 00:00:00,19:00:05,12050443,Air-2-5,1006,0.08,3.89,0,4,4,3,1,2,5,28.1892,0.422224,70294.1,204.337,7431.9,63637.9,468882,89207.9,2.37051,4919.02,29737.5,137852,147769,148554,0.0153719,626245,215936,145.232,95.2841,2063.98,26560.4,4730.99,21257.6,28918.8,11166.1,10215.5
2465,1,2024-11-01 00:00:00,01:10:05,12050443,Air-2-5,1008,0.08,3.85,0,4,4,3,1,2,5,27.3558,0.414133,70252.8,215.45,7448.9,56710.8,468034,89144.9,2.36638,4950.68,29641.4,137358,148663,148323,0.0153457,640377,216772,143.839,96.9168,2049.24,26521.2,4727.68,21219.8,28905.5,11170.8,10193.9
2466,1,2024-11-01 00:00:00,04:15:05,12050443,Air-2-5,1010,0.07,3.85,0,4,4,3,1,2,5,26.4169,0.414725,69574.3,207.587,7358.49,62327.2,467826,89074.7,2.36634,4944.94,29622.3,137373,148406,148317,0.0153263,638224,216519,145.78,99.8592,2056.96,26535.9,4716.07,21217.1,28856,11173,10172.9
2469,1,2024-11-01 00:00:00,17:12:11,12050443,Air-2-5,1012,0.25,3.9,0,4,4,3,1,2,5,28.8649,0.417322,70340.6,214.876,7572.06,59398.7,470091,89571.7,2.37929,4939.86,29835.4,138089,147205,149000,0.0153619,619172,215522,147.159,96.8285,2069.27,26656.9,4724.28,21301.5,29005.1,11221.3,10214.3
2470,1,2024-11-01 00:00:00,20:17:11,12050443,Air-2-5,1014,0.24,3.9,0,4,4,3,1,2,5,28.7951,0.418032,70345.4,216.2,7559.39,64754.2,469357,89380.2,2.37389,4939.68,29755.8,137735,148890,148664,0.0153556,642016,217077,144.859,95.1947,2059.61,26646.4,4711.6,21286.3,29012.4,11210.3,10227.9
2472,1,2024-11-02 00:00:00,02:27:11,12050443,Air-2-5,1016,0.25,3.84,0,4,4,3,1,2,5,26.9852,0.417033,69521.5,206.592,7386.55,57569.5,468535,89290,2.37148,4928.9,29678.7,136965,148108,148486,0.0152943,632828,216551,140.745,98.6775,2060.21,26596.3,4721.24,21276.6,28976.5,11214.7,10244
2473,1,2024-11-02 00:00:00,05:32:11,11020443,Air-1-2,1017,0.24,1.98,0,4,4,3,1,1,2,4.45818,0.0802868,14583.4,42.798,1552.53,61473.7,86800.5,16220,0.426389,970.433,5730.77,26430.5,28566.6,28646.8,0.00516404,123654,41933.6,45.1969,17.8299,384.621,4845.14,892.643,3906.94,5319.8,2064.41,1922.18
2474,1,2024-11-02 00:00:00,08:37:10,11020443,Air-1-2 *Bad KrXe*,1018,0.25,1.97,0,4,4,3,1,1,2,4.93004,0.0803791,14225.5,45.1225,1542.3,57119.8,86484.2,16159.4,0.42596,153.623,794.24,3617.48,3996.27,3971.47,0.00306169,17287.9,5821.47,22.9943,3.2561,52.944,647.604,121.463,515.444,714.363,276.414,262.911
2475,1,2024-11-02 00:00:00,11:42:10,12050444,Air-2-5 *Bad KrXe*,1020,0.24,3.84,0,4,4,4,1,2,5,28.39,0.419537,69582.5,211.316,7488.91,57656.2,468997,89269.6,2.37285,33.866,87.8832,396.783,434.704,443.654,0.00277543,1813.08,636.085,18.1938,0.866748,6.29502,83.2363,17.416,68.7715,91.9634,33.7202,33.1559
2477,1,2024-11-02 00:00:00,17:52:11,11010443,Air-1-1,1021,0.24,1.95,0,4,4,3,1,1,1,2.89619,0.0384366,7381.49,21.5966,786.823,52713,37482.3,6977.4,0.183397,468.807,2751.71,12626.4,13658.7,13685,0.00390471,59133.7,20065.8,27.0109,8.20692,186.951,2302.05,432.677,1846.8,2532.08,994.675,932.814
2478,1,2024-11-02 00:00:00,20:57:11,11010443,Air-1-1,1022,0.24,1.95,0,4,4,3,1,1,1,3.31595,0.0387523,7309.47,21.7037,781.091,52244.3,37463.2,6974.92,0.183329,477.942,2741.44,12613.9,13705.7,13709,0.00389863,59407.5,20107.3,28.852,8.35255,182.354,2306.12,431.959,1849.79,2544.4,991.119,929.933
2479,1,2024-11-03 00:00:00,10:13:52,12050443,Air-2-5 *Bad Neon*,1028,0.24,3.83,0,4,4,3,1,2,5,28.4555,0.419327,32.284,0.0692299,7.43629,17242,470259,89449.1,2.37954,4898.73,29543.2,136402,147645,147580,0.0153028,634957,215391,138.24,96.945,2044.44,26130.5,4660.02,20871.8,28554.8,11035.4,10095.2
2480,1,2024-11-03 00:00:00,13:18:52,11050443,Air-1-5,1029,0.24,1.98,0,4,4,3,1,1,5,13.4853,0.205352,35390.8,110.334,3809.42,57564.1,232608,43834.7,1.15972,2446.29,14681,67811.8,72818.7,73482.1,0.00894244,309615,106916,81.3188,47.8508,998.958,12864.1,2308.22,10258,14050.3,5414.45,4987.41
2481,1,2024-11-03 00:00:00,16:23:52,11050443,Air-1-5,1030,0.23,1.97,0,4,4,3,1,1,5,11.56,0.202872,35424.4,105.644,3785.01,57289.9,232203,43748.4,1.15818,2427.67,14590.8,67639.3,72447,73307.5,0.00892745,307684,106608,78.8695,47.4167,1010.96,12832.1,2302.77,10271.8,14004.8,5419.64,4961.63
2482,1,2024-11-03 00:00:00,19:28:52,12050443,Air-2-5,1032,0.23,3.8,0,4,4,3,1,2,5,25.4493,0.414898,68027.6,205.799,7243.07,58006.5,465147,88613.6,2.3555,4875.98,29495,136134,145324,147742,0.0152043,606201,213791,135.64,96.5633,2049.78,26410.9,4697.47,21093.8,28809.7,11149.8,10160.2
2484,1,2024-11-04 00:00:00,01:38:52,12050443,Air-2-5,1034,0.23,3.83,0,4,4,3,1,2,5,29.3861,0.427087,66891,205.781,7246.23,56165.7,464376,88483.7,2.35328,4850.21,29213.7,135062,145650,146340,0.0151285,618970,213222,137.888,95.2585,2011.8,26046,4617.7,20824.9,28367.3,10959.5,9991.36
2485,1,2024-11-04 00:00:00,04:43:52,12050443,Air-2-5 *No KrXe*,1036,0.23,3.87,0,4,4,3,1,2,5,28.195,0.422163,68381.8,212.913,7275.96,62359.8,464270,88426.8,2.35084,4850.21,29213.7,135062,145650,146340,0.0151285,618970,213222,137.888,95.2585,2011.8,26046,4617.7,20824.9,28367.3,10959.5,9991.36
2487,1,2024-11-04 00:00:00,14:53:47,12050443,Air-2-5 *H2O Trap Open; No KrXe*,1038,0.23,3.8,0,4,4,3,1,2,5,19.2022,0.307563,50881.7,155.492,5393.67,53014.7,344333,65245.6,1.73148,0,0,0,0,0,0,0,0,0,0,0,0,0,0,0,0,0
2489,1,2024-11-05 00:00:00,14:24:03,12050443,Air-2-5,1040,0.08,3.88,0,4,4,3,1,2,5,26.5734,0.417604,67642.7,202.139,7194.31,48837.6,456627,86946.2,2.31206,4845.54,29049.7,134310,145006,145276,0.0150973,619307,211824,139.639,95.6751,2013.63,25878,4598.3,20692,28248.7,10924.9,9986
2490,1,2024-11-05 00:00:00,17:29:04,12050443,Air-2-5,1042,0.08,3.79,0,4,4,3,1,2,5,27.5221,0.413233,66286.6,198.67,7083.82,57510,457819,87177.1,2.31617,4812.91,29108,134624,143960,145465,0.0151093,605186,210934,135.242,95.5617,2009.13,25952.1,4623.56,20732.8,28295,10949,10047.5
2492,1,2024-11-05 00:00:00,23:39:04,12050443,Air-2-5 *Ne20 Step 2 bad; Used Ne20 Step 1 data*,1044,0.08,3.79,0,4,4,3,1,2,5,28.2855,0.415651,65952.9,208.501,7172.19,52937.5,457976,87266.7,2.31896,4830.54,29049.1,134462,145508,145352,0.0151129,624901,212355,136.938,94.7354,2011.79,25894,4604.75,20716.1,28275.8,10955,10014.2
2493,1,2024-11-06 00:00:00,02:44:04,12050443,Air-2-5,1046,0.07,3.75,0,4,4,3,1,2,5,26.0087,0.406838,67050.4,195.764,7077.71,59795.1,458340,87270.8,2.3174,4840.05,29083.7,134331,145562,145362,0.0150619,626385,212443,136.237,93.1702,2012.88,25940.9,4640.38,20740,28266.1,10946.4,10012.2
2497,1,2024-11-06 00:00:00,19:40:33,12050443,Air-2-5,1048,0.09,3.89,0,4,4,3,1,2,5,26.6004,0.411199,68029.4,206.4,7228.28,61366.7,460623,87768,2.33123,4841.11,29130.7,134668,144410,145727,0.0151021,606602,211720,140.703,95.0182,2014.77,26075.6,4638.1,20834.3,28397.3,10975.9,10033.6
2498,1,2024-11-06 00:00:00,22:45:33,11020443,Air-1-2,1049,0.08,1.97,0,4,4,3,1,1,2,5.99637,0.0794313,14146.1,40.3293,1511.64,61935.9,84654.6,15801.9,0.416139,955.164,5587.82,25770.7,28078.1,28013.7,0.00510177,121412,41092.9,45.0946,18.0812,372.801,4729.27,867.682,3812.65,5205.31,2005.41,1880.1
2499,1,2024-11-07 00:00:00,01:50:33,11020443,Air-1-2,1050,0.07,1.97,0,4,4,3,1,1,2,4.78804,0.0790429,13788.3,42.5871,1477.65,57559.6,84601.5,15805.4,0.416329,952.072,5606.39,25805.8,28125.2,27991.8,0.00511637,122616,41213,42.9655,16.7601,367.968,4744.99,864.527,3788.48,5184.72,2024.7,1870.58
2500,1,2024-11-07 00:00:00,04:55:33,12050443,Air-2-5,1052,0.08,3.83,0,4,4,3,1,2,5,26.7252,0.407392,67675.9,208.098,7298.08,56138.5,460317,87585.2,2.32876,4830,29116.1,134267,144604,145545,0.015084,610829,211625,145.023,95.5797,2016.93,26023.7,4636.42,20796.2,28388.9,10953.3,10008.5
2503,1,2024-11-07 00:00:00,15:48:46,12050443,Air-2-5,1054,0.09,3.81,0,4,4,3,1,2,5,27.0819,0.409673,67763.5,201.733,7191.17,61246.7,461279,87814.8,2.33254,4831.52,29181.1,134667,142260,145792,0.0150921,582043,210120,142.931,96.0492,2024.43,26102.7,4641.12,20851,28418.4,10995.2,10045
2504,1,2024-11-07 00:00:00,18:53:47,12050443,Air-2-5,1056,0.08,3.82,0,4,4,3,1,2,5,27.0185,0.408263,68698.6,208.993,7317.71,63100.9,461008,87763.6,2.33155,4783.28,29108.1,134689,142813,145720,0.0151041,590029,210459,141.778,97.1946,2025.36,26083.2,4641.05,20772.9,28382.6,10978,10056.3
2505,1,2024-11-07 00:00:00,21:58:47,11010443,Air-1-1,1057,0.08,1.95,0,4,4,3,1,1,1,2.85778,0.0378139,6986.51,22.2291,754.189,63133.9,36563.3,6828.85,0.178993,460.114,2701.65,12396.1,13086.4,13463.6,0.00387281,54112.3,19456.7,28.027,9.08217,180.144,2270.4,426.642,1819.84,2506.13,964.938,921.606
2506,1,2024-11-08 00:00:00,01:03:47,11010443,Air-1-1,1058,0.08,1.93,0,4,4,3,1,1,1,2.57792,0.0381974,6976.83,20.0521,753.015,55777.7,36581.5,6849.89,0.179121,467.181,2683.38,12418.8,13427.5,13433.3,0.00387897,58702.5,19728.3,29.3304,9.12389,181.588,2268.25,425.83,1818.6,2486.07,956.172,915.653
2507,1,2024-11-08 00:00:00,04:08:46,12050443,Air-2-5 *Ne20 Step 2 bad; Used Ne20 Step 1 data*,1060,0.08,3.8,0,4,4,3,1,2,5,26.8049,0.407969,68248.7,204.977,7406.99,53906,460315,87509,2.32914,4846.12,29114.3,134617,145761,145484,0.0151397,626275,212795,135.069,96.3705,2016.58,26020.4,4620.08,20801.1,28367.9,10951.7,10018.1
2510,1,2024-11-08 00:00:00,17:43:02,12050443,Air-2-5,1062,0.49,3.82,0,4,4,3,1,2,5,27.6673,0.409813,69154.2,207.337,7302.22,58094.8,466707,88860.2,2.36261,4907.77,29489.7,135919,147009,147515,0.0152364,623616,215010,141.826,98.1113,2051.86,26392.6,4691.98,21164.5,28782.4,11155.6,10171.8
2511,1,2024-11-08 00:00:00,20:48:02,12050443,Air-2-5,1064,0.5,3.9,0,4,4,3,1,2,5,25.784,0.406708,66259.8,202.366,7182.12,62664.5,461559,87859.2,2.33664,4805.49,29130.6,134918,143393,145594,0.0151467,595610,210870,136.661,96.2946,2025.84,26045.2,4649.85,20815.5,28389.6,11009.6,10039.5
2513,1,2024-11-09 00:00:00,02:58:02,12050443,Air-2-5,1066,0.5,3.83,0,4,4,3,1,2,5,26.2885,0.40911,68335.2,208.868,7297.64,55440.9,461316,87915.7,2.33617,4786.83,28777.6,132769,143894,144036,0.0149535,614792,210353,128.586,94.5946,1976.58,25529,4527.84,20398.7,27840.9,10778.7,9826.85
2514,1,2024-11-09 00:00:00,06:03:02,11020443,Air-1-2,1067,0.5,1.9,0,4,4,3,1,1,2,4.76931,0.0789095,14187.5,43.2347,1501.57,62151.4,85264,15942.6,0.419191,945.937,5633.74,25944.5,27906.4,28126.8,0.00513545,118286,41069.5,39.7912,17.8173,374.109,4775.34,884.554,3816.13,5231.46,2036.62,1897.61
2515,1,2024-11-09 00:00:00,09:08:02,11020443,Air-1-2,1068,0.51,1.93,0,4,4,3,1,1,2,6.07639,0.0787239,13636.1,40.8117,1467.28,59499.9,85279.3,15926.9,0.419577,953.475,5660.51,26099.7,28055.8,28207.4,0.00513699,119555,41220.2,40.1883,17.8616,374.409,4781.55,879.121,3829.48,5252.06,2032.78,1898.76
2516,1,2024-11-09 00:00:00,12:13:02,12050444,Air-2-5,1070,0.49,3.88,0,4,4,4,1,2,5,26.9333,0.406571,66110.7,199.814,7075.72,57212.7,459777,87533.8,2.3263,142.118,775.28,3539.02,3824.21,3872.24,0.003076,15920.7,5634.37,17.7465,2.66756,51.0507,634.364,119.997,504.157,695.936,269.512,257.716
2518,1,2024-11-09 00:00:00,18:23:02,11010443,Air-1-1,1071,0.5,1.93,0,4,4,3,1,1,1,2.45371,0.038491,7073.52,22.1479,756.602,51324.5,36660.7,6840.27,0.179858,456.761,2680.65,12344.9,13478.7,13402.9,0.00388674,58640,19754.3,22.9948,9.53912,177.758,2259.61,423.272,1801,2490.27,967.519,918.064
2519,1,2024-11-09 00:00:00,21:28:02,11010443,Air-1-1,1072,0.5,1.93,0,4,4,3,1,1,1,2.92005,0.0383936,7065.91,20.9471,759.194,51580.3,36714.8,6849.69,0.180021,466.519,2698.89,12451.1,13538.4,13461.6,0.00390185,59246.1,19872.4,22.7595,8.99834,178.92,2286.5,424.201,1831.05,2527.33,972.186,924.8
2520,1,2024-11-10 00:00:00,00:33:02,12050443,Air-2-5,1074,0.49,3.77,0,4,4,3,1,2,5,26.8353,0.411285,67153,199.768,7190.19,51974.1,459297,87512.3,2.32712,4817.77,29010.2,134172,144484,145255,0.0151367,611331,211481,131.393,92.8518,2011.3,25966.3,4630.6,20735.6,28360,10963.1,10000.6
2521,1,2024-11-10 00:00:00,03:38:02,12050443,Air-2-5 *Ne20 Step 2 bad; Used Ne20 Step 1 data*,1076,0.49,3.82,0,4,4,3,1,2,5,25.4414,0.407188,66757.3,190.242,7118.13,58798.9,459374,87477.2,2.32749,4833.46,29097,134836,145141,145339,0.0151655,620884,212269,128.743,96.8347,2009.71,26052.6,4640.07,20760.5,28387.1,10963.9,10015
2522,1,2024-11-10 00:00:00,06:43:02,11050443,Air-1-5,1077,0.48,1.94,0,4,4,3,1,1,5,14.3158,0.200532,33605.3,102.854,3614.65,63158.9,229161,43186.8,1.14463,2411.82,14427.4,66467.6,71860.6,72260.9,0.00885532,306563,105579,73.0661,46.2085,984.034,12645,2259.04,10095.7,13843.6,5346.12,4905.94
2523,1,2024-11-10 00:00:00,09:48:02,11050443,Air-1-5 *Ne20 Step 2 bad; Used Ne20 Step 1 data*,1078,0.48,1.95,0,4,4,3,1,1,5,13.7583,0.204089,33134.3,101.374,3565.65,59968,229473,43243.9,1.14527,2374.92,14466.8,66290.1,69304.6,72477.5,0.00882206,277021,103943,70.5601,45.7843,984.835,12666.1,2261.77,10118.5,13823,5364.51,4900.86
2524,1,2024-11-10 00:00:00,12:53:02,12050443,Air-2-5,1080,0.47,3.8,0,4,4,3,1,2,5,26.7716,0.406634,69028.1,204.995,7297.81,59967.2,458971,87358.1,2.32451,4769.75,28962.6,133916,141500,144852,0.0150592,580184,209297,128.358,95.7715,2009.77,25956.6,4605.6,20731.9,28276.9,10948.7,9999.92
2525,1,2024-11-10 00:00:00,15:58:02,12040443,Air-2-4,1082,0.48,3.81,0,4,4,3,1,2,4,19.6584,0.320666,52400.2,159.491,5685.07,62391.1,368875,70079.5,1.85946,3815.07,23134.6,106953,112758,115713,0.012558,461685,166972,103.168,74.6962,1595.54,20619.6,3681.67,16518.6,22537.1,8723.76,7969.69
2526,1,2024-11-10 00:00:00,19:03:02,12040443,Air-2-4,1084,0.5,3.72,0,4,4,3,1,2,4,20.5155,0.320805,53559.7,160.951,5692.62,63002.2,368912,69947.2,1.8595,3825.46,23173.5,106980,113852,116023,0.0125772,471357,167445,108.599,74.7624,1617.33,20643,3679.27,16508.8,22524.4,8700.9,7970.39
2527,1,2024-11-10 00:00:00,22:08:02,12050443,Air-2-5,1086,0.48,3.77,0,4,4,3,1,2,5,26.2188,0.404224,65834.4,197.595,7045.37,63479.6,457739,87217.6,2.31911,4772.77,28885.2,133885,142300,144591,0.0150498,589666,209075,130.364,94.1299,2003.42,25853.7,4598.11,20657.7,28146.3,10906.9,9951.68
2529,1,2024-11-11 00:00:00,04:18:02,12050443,Air-2-5,1088,0.47,3.76,0,4,4,3,1,2,5,26.6574,0.407487,64967.5,200.681,6945.3,57046.4,456676,86951.7,2.31361,4771.63,28842,133307,141925,144020,0.0150266,589635,208641,134.721,94.5601,2002.17,25698.7,4590.96,20559.3,28118.1,10874.9,9927.29
2532,1,2024-11-11 00:00:00,14:29:47,12050443,Air-2-5 *Ne20 Step 2 bad; Used Ne20 Step 1 data*,1090,0.08,3.81,0,4,4,3,1,2,5,26.3303,0.404093,66205.8,195.634,7100.96,57236.3,454052,86485.3,2.29935,4743.58,28587,132177,142893,142882,0.0148756,613421,208693,133.559,91.7906,1987.53,25516,4531.05,20435,27849.7,10762.7,9868.37
2533,1,2024-11-11 00:00:00,17:34:47,11020443,Air-1-2,1091,0.08,1.91,0,4,4,3,1,1,2,6.20361,0.0768632,13788,39.1172,1471.47,61363.2,83201.1,15561.9,0.409224,934.234,5525.13,25531.4,27709.1,27569.2,0.00508289,121405,40564.1,42.0012,17.2795,371.764,4672.01,845.714,3727.89,5104.75,1982.42,1849.23
2534,1,2024-11-11 00:00:00,20:39:47,11020443,Air-1-2,1092,0.07,1.89,0,4,4,3,1,1,2,5.75241,0.0777893,13517.4,40.3347,1461.19,56950.8,83117.3,15538.7,0.409329,934.433,5517.24,25463,27068.1,27509.8,0.00508101,113831,40034.4,42.275,17.3965,369.051,4657.22,856.854,3725.71,5128.55,1981.96,1845.22
2535,1,2024-11-11 00:00:00,23:44:47,12050444,Air-2-5 *Ne20 Step 2 bad; Used Ne20 Step 1 data*,1094,0.07,3.74,0,4,4,4,1,2,5,25.8543,0.407181,65138,205.45,7056.05,56057,454256,86475.5,2.29953,145.866,763.25,3471.96,3800.71,3784.02,0.00306432,16281.9,5534.76,21.1182,2.66581,47.9214,623.41,115.486,501.972,692.341,267.471,252.102
2536,1,2024-11-12 00:00:00,02:49:47,12050443,Air-2-5,1096,0.07,3.7,0,4,4,3,1,2,5,25.3708,0.404717,66917.2,197.565,7092.68,55283.7,453865,86349,2.29703,4761.75,28585.5,132066,142484,143047,0.0149032,606002,208338,137.73,92.4864,1988.92,25505.6,4549.32,20370.4,27887.8,10761,9865.67
2540,1,2024-11-12 00:00:00,17:38:15,12050443,Air-2-5,1098,0.08,3.7,0,4,4,3,1,2,5,25.9647,0.400583,66919,202.052,7037.45,62278.4,453294,86389.5,2.29567,4732.35,28515.5,131796,142004,142699,0.0148125,604194,207723,133.107,92.8498,1981.05,25526.6,4518.48,20373.2,27835.6,10766.4,9835.46
2541,1,2024-11-12 00:00:00,20:43:15,12050443,Air-2-5,1100,0.08,3.78,0,4,4,3,1,2,5,25.2676,0.404572,65934.6,195.008,6997.06,62803.2,453184,86376.7,2.29405,4689.64,28514.7,131493,139285,142477,0.0147954,576728,205833,133.556,95.5657,1983.16,25499.5,4534.71,20380,27795.6,10760.9,9816.44
2543,1,2024-11-13 00:00:00,02:53:15,12050443,Air-2-5,1102,0.07,3.68,0,4,4,3,1,2,5,26.5079,0.402009,64772.1,197.463,6925.36,55971.8,452533,86296.2,2.29302,4630.34,27771.3,128088,138647,138548,0.0145513,596754,202578,124.528,90.7666,1891.7,24364.3,4349.48,19426,26616.2,10303.4,9396.46
2546,1,2024-11-21 00:00:00,13:37:02,12050443,Air-2-5,1104,0.07,3.72,0,4,4,3,1,2,5,27.9118,0.415014,67891.4,209.331,7325.66,70291.3,467216,89306.4,2.38114,4680.14,28184.1,129608,140622,140927,0.014726,601284,205268,146.531,90.4587,1963.9,25151.3,4500.06,20048.6,27623.4,10693,9692.87
2547,1,2024-11-21 00:00:00,16:42:02,12050443,Air-2-5,1106,0.06,3.7,0,4,4,3,1,2,5,25.7855,0.403406,67321.5,202.412,7219.26,79724.1,460674,88132.3,2.34181,4662.39,27923.8,129402,139914,139377,0.0146903,607256,204503,153.492,91.7977,1945.21,25051.4,4447.44,19963,27403.1,10569.2,9647.96
2549,1,2024-11-21 00:00:00,22:52:02,11050443,Air-1-5 *Bad Neon*,1107,0.05,1.87,0,4,4,3,1,1,5,12.9283,0.197223,26.6467,21.0562,682.717,77470.2,225219,42529.9,1.12596,2314.58,13773,63440.5,68819.6,68824.6,0.00859475,297921,100817,92.4321,44.3145,938.543,12033.1,2181.53,9602.43,13180.6,5100.28,4659.94
2550,1,2024-11-22 00:00:00,01:57:02,12050443,Air-2-5,1109,0.05,3.69,0,4,4,3,1,2,5,26.1843,0.399603,68048.3,197.504,7175.41,81550.6,456456,87158.9,2.31681,4617.84,27751.8,128406,137462,138708,0.0145878,580328,202063,148.95,92.1708,1928.31,24872.1,4414.05,19886,27197.5,10528.3,9575.51
2551,1,2024-11-22 00:00:00,05:02:02,12050443,Air-2-5 *Ne20 Step 2 bad; Used Ne20 Step 1 data*,1111,0.05,3.62,0,4,4,3,1,2,5,26.1555,0.401274,65898.2,212.891,7059.54,85315.7,455121,86957.9,2.31071,4651.68,27804.7,128699,139284,139040,0.0145945,601238,203898,144.072,91.8596,1951.93,24982.5,4416.79,19934.7,27280.1,10559.7,9601.91
2555,1,2024-11-22 00:00:00,18:10:34,12050443,Air-2-5,1113,0.09,3.68,0,4,4,3,1,2,5,25.5411,0.403698,67902.7,202.762,7225.97,96487.3,453546,86534.5,2.30166,4627.72,27737.7,127911,137450,138551,0.0145004,582574,202034,160.551,90.0881,1924.43,24873.1,4411.23,19862.8,27169.3,10529.7,9587.41
2556,1,2024-11-22 00:00:00,21:15:34,12050443,Air-2-5 *Ne20 Step 2 bad; Used Ne20 Step 1 data*,1115,0.08,3.74,0,4,4,3,1,2,5,23.7844,0.399124,66846.5,208.97,7176,95987.6,452345,86345.4,2.29469,4638.03,27747.8,128292,138272,138704,0.0145678,592343,202714,160.101,92.8747,1940.82,24853.2,4414.6,19883.2,27160.3,10500,9566.89
2558,1,2024-11-23 00:00:00,03:25:34,12050443,Air-2-5,1117,0.08,3.71,0,4,4,3,1,2,5,24.8992,0.396525,66405.5,201.094,7131.7,88003.5,451453,85986.2,2.28739,4631.01,27664.1,128041,137955,138405,0.0145724,587284,202381,167.654,92.3844,1934.23,24799.7,4396.93,19847.8,27115.4,10492.5,9569.46
2559,1,2024-11-23 00:00:00,06:30:33,11020443,Air-1-2,1118,0.08,1.87,0,4,4,3,1,1,2,4.80429,0.0775176,13399.4,41.2821,1439.39,91521.4,81215.9,15242.1,0.40044,937.62,5338.91,24703.3,26665.1,26740.4,0.0050091,115210,39121.7,71.8716,18.2513,353.531,4532.82,828.983,3627.87,5001.9,1924.35,1790.58
2561,1,2024-11-23 00:00:00,12:56:58,12050444,Air-2-5 * Ne20 Step 2 bad; Used Ne20 Step 1 data. XrXe Split 4*,1120,0.08,3.64,0,4,4,4,1,2,5,25.3629,0.401874,66060.7,200.491,7124.24,94679.5,450781,86068.9,2.28585,173.12,755.926,3443.98,3776.63,3754.53,0.00304708,16439.3,5525.14,53.409,2.86396,48.3658,611.724,50.0366,483.028,676.466,258.965,238.665
2564,1,2024-11-25 00:00:00,11:56:54,12050443,Air-2-5 *Bad Ne20 Centerup; Ran all analyses manually*,1123,0.08,3.66,0,4,4,3,1,2,5,25.9999,0.39276,61765.6,181.725,6568.12,117431,433839,82939.3,2.20323,4521.1,27028.5,124834,134309,135541,0.0143483,575705,199238,146.311,93.8928,1899.61,24274.5,4342.42,19378.1,26528.1,10259.9,9397.09
2567,1,2024-11-26 00:00:00,18:33:50,12050443,Air-2-5,1135,0.24,3.69,0,4,4,3,1,2,5,25.606,0.39315,65563.5,194.418,6948.47,89343.8,445092,84857.5,2.25749,4611.41,27667.2,128304,138080,138201,0.0146209,595552,202993,138.843,91.2978,1925.82,24807.2,4387.7,19820.7,27058.6,10468.4,9592.88
2568,1,2024-11-26 00:00:00,21:38:50,12050443,Air-2-5,1137,0.23,3.64,0,4,4,3,1,2,5,23.8721,0.404199,63209.2,184.073,6747.74,95153.1,445614,84961.3,2.25855,4605.79,27694.8,128417,136983,138501,0.0146129,581229,202236,143.619,87.8834,1928.97,24817.7,4415.54,19855.1,27151.4,10501.4,9578.72
2570,1,2024-11-27 00:00:00,03:48:50,12050443,Air-2-5,1139,0.23,3.61,0,4,4,3,1,2,5,24.7476,0.398051,63803.6,193.235,6808.83,89708.8,445434,84737.9,2.2567,4572.55,27623.2,127708,135584,138064,0.0145508,566963,201226,139.286,91.0417,1918.26,24806.6,4402.22,19820.1,27106.9,10478.6,9573.9
2573,1,2024-11-27 00:00:00,15:56:31,12050443,Air-2-5 *Ne20 Step 2 bad; Used Ne20 Step 1 data*,1141,0.08,3.58,0,4,4,3,1,2,5,23.3596,0.390905,63837.2,181.732,6920.95,89762.1,440451,83907.1,2.23171,4544.28,27348.1,126244,136362,136491,0.0144286,585773,200474,135.35,89.9226,1894.05,24460.4,4358.44,19551,26764.5,10379.2,9454.48
2574,1,2024-11-27 00:00:00,19:01:31,12050443,Air-2-5,1143,0.07,3.63,0,4,4,3,1,2,5,25.6646,0.388695,63429,195.954,6794.74,92662.6,441245,84106.2,2.23526,4582.51,27358,126907,136889,137094,0.014467,591460,201205,140.032,89.8099,1917.08,24575.9,4372.51,19608.3,26831.8,10367.8,9494.92
2576,1,2024-11-28 00:00:00,01:11:31,12050443,Air-2-5,1145,0.07,3.63,0,4,4,3,1,2,5,24.3026,0.396982,63555.7,192.655,6755.27,85431.1,440643,83884.4,2.23299,4542.08,27325.9,126500,134340,136751,0.0144499,560736,198864,141.143,89.0335,1892.18,24496.6,4356.1,19530.5,26775.2,10370.7,9472.01
2577,1,2024-11-28 00:00:00,04:16:31,11020443,Air-1-2,1146,0.08,1.86,0,4,4,3,1,1,2,4.67739,0.0744449,12909,38.6859,1370.95,89879.5,79990.9,14955.5,0.394077,887.471,5243.56,24204.5,25616.7,26259.4,0.00497592,106871,38198.4,45.0987,17.0065,351.901,4452.74,822.186,3553.24,4905.48,1890.61,1778.86
2578,1,2024-11-28 00:00:00,07:21:31,11020443,Air-1-2,1147,0.07,1.83,0,4,4,3,1,1,2,4.22126,0.0734746,13262.7,41.5979,1407.83,85412.4,80046.2,14967,0.394156,894.572,5238.8,24261.1,26193.9,26229.5,0.00499036,113699,38563.1,45.6661,16.7326,348.09,4454.58,810.404,3552.62,4899.57,1891.55,1760.2
2579,1,2024-12-02 00:00:00,09:10:09,12050443,Air-2-5-25ccSampleBulbSetUp,1151,0.08,3.85,0,4,4,3,1,2,5,26.7557,0.425621,69915,206.445,7420.6,70947.8,481872,92110.2,2.45853,4835.99,29567.7,135748,142391,147706,0.0153665,576002,212919,147.741,98.9312,2083.08,26437,4710.38,21160.7,29083.1,11279.7,10229.1
2582,1,2024-12-02 00:00:00,18:40:20,12050443,Air-2-5,1153,0.17,3.86,0,4,4,3,1,2,5,27.5629,0.418926,69246.9,205.439,7392.56,78006.7,476946,91023.1,2.42641,4869.98,29371.5,135896,146143,146633,0.0152884,626303,214432,148.007,99.4265,2046.73,26315.7,4674.12,21025.6,28859.7,11153.1,10139.7
2583,1,2024-12-02 00:00:00,21:45:20,12050443,Air-2-5,1155,0.17,3.83,0,4,4,3,1,2,5,27.3998,0.416032,70714.6,213.411,7535.7,91207.6,476363,91073.5,2.42305,4868.01,29333.2,135318,145009,146597,0.0151985,615265,213723,144.382,98.1013,2058.17,26348.4,4672.2,21044.7,28839.3,11150.3,10166.5
2585,1,2024-12-03 00:00:00,03:55:20,12050443,Air-2-5,1157,0.17,3.83,0,4,4,3,1,2,5,26.1061,0.415535,71805.9,213.506,7557.24,87339,475287,90896.3,2.41745,4832.78,29208.8,135356,144843,146086,0.0152416,614606,213338,139.206,93.2916,2022.71,26190.7,4657.97,20918.3,28678,11092.1,10112.3
2590,1,2024-12-03 00:00:00,19:59:38,12050443,Air-2-5 *Ne20 Step 2 bad; Used Ne20 Step 1 data*,1159,0.09,3.87,0,4,4,3,1,2,5,27.6918,0.413416,68010,209.031,7424.77,84966.2,473676,90407.9,2.40891,4827.41,29259.7,135088,143233,146201,0.015127,599241,211937,149.128,98.7406,2037.55,26319.2,4683.49,21032.3,28778.7,11119.7,10135.9
2591,1,2024-12-03 00:00:00,23:04:38,12050443,Air-2-5,1161,0.08,3.85,0,4,4,3,1,2,5,26.5557,0.413346,70066.5,211.871,7416.37,90908.9,473261,90444.1,2.40572,4821.01,29267.7,135440,142545,146299,0.0152028,591159,211468,143.17,98.6243,2042.58,26286.4,4652.64,21018,28735.4,11086.3,10155.8
2592,1,2024-12-04 00:00:00,02:09:38,12050443,Air-2-5,1163,0.08,3.83,0,4,4,3,1,2,5,26.7644,0.414575,69117,210.089,7336.1,92961.4,472809,90383,2.40411,4833.05,29228.4,134965,143330,146202,0.0151566,598198,211970,145.611,95.5806,2041.03,26249.5,4653.31,20990.2,28726.2,11103.7,10123.1
2597,1,2024-12-04 00:00:00,19:20:56,12050443,Air-2-5,1165,0.09,3.88,0,4,4,3,1,2,5,24.9244,0.416991,66943.7,205.184,7227.53,79485.9,470194,89752.9,2.38876,4812.67,28990.4,133411,143575,145153,0.0149602,607905,211388,140.7,96.0275,2018.61,26077.2,4629.73,20794.6,28501.1,11038.6,10050
2598,1,2024-12-04 00:00:00,22:25:56,11020443,Air-1-2,1166,0.09,1.98,0,4,4,3,1,1,2,4.83142,0.0784316,13859.6,40.149,1498.79,85762.3,86713.8,16184.7,0.42759,931.357,5568.61,25864.8,27081.1,27869.7,0.00511848,113152,40442,47.7353,18.3499,368.836,4751.65,873.55,3801.69,5242.74,2014.27,1883.55
2599,1,2024-12-05 00:00:00,01:30:56,11020443,Air-1-2,1167,0.09,1.95,0,4,4,3,1,1,2,5.29481,0.0787658,13415.6,40.3298,1453.24,83244.9,86499.2,16181.7,0.427027,957.492,5556.64,25845.8,27804.2,27835,0.00512778,120872,40908.1,45.1663,17.8469,371.647,4736.52,875.479,3792.42,5224.02,2015.71,1876.05
2600,1,2024-12-05 00:00:00,04:35:56,12050443,Air-2-5,1169,0.09,3.87,0,4,4,3,1,2,5,27.5057,0.416137,65879.4,199.447,7110.73,83310.8,469923,89720.7,2.38881,4752.97,28959.3,133569,137609,144841,0.0150201,552643,207695,137.893,96.1004,2026.73,26049.1,4630.55,20776.5,28466.1,10998.6,10034.3
2604,1,2024-12-05 00:00:00,17:21:23,12050443,Air-2-5,1171,1.17,3.92,0,4,4,3,1,2,5,27.3777,0.428865,68311.1,212.38,7426,88538.9,481872,92070,2.45003,4933.89,29816,138179,147002,149136,0.0154657,617611,216551,149.694,98.0468,2068.21,26753.3,4758.16,21380.9,29271.4,11339.6,10332.7
2605,1,2024-12-05 00:00:00,20:26:22,12050443,Air-2-5,1173,1.14,3.9,0,4,4,3,1,2,5,28.4308,0.424201,68524.7,210.305,7376.54,97737.8,481074,91890,2.4456,4935.52,29751.7,137703,147328,148847,0.015427,624890,216714,148.705,97.619,2077.78,26730.4,4753.69,21327.3,29190.2,11288,10325.1
2607,1,2024-12-06 00:00:00,02:36:22,12050443,Air-2-5,1175,1.09,3.91,0,4,4,3,1,2,5,27.5679,0.418413,69273.2,212.283,7487.21,90960.1,479978,91687.1,2.43974,4859.66,29205.6,135336,145862,145946,0.0152481,628504,213861,148.017,92.69,2007.35,25869.6,4603.33,20624.3,28286.1,10924.6,9986.45
2610,1,2024-12-06 00:00:00,17:04:14,12050443,Air-2-5,1177,0.08,3.61,0,4,4,3,1,2,5,24.6495,0.386217,64241.2,193.518,6866.57,85987.2,440764,84034.6,2.23758,4455.61,26809.8,124343,132874,134007,0.0141837,562952,195480,135.571,88.042,1868.65,23933.2,4261.93,19128.1,26135.6,10095.4,9237.04
2611,1,2024-12-06 00:00:00,20:09:14,12050443,Air-2-5,1179,0.08,3.62,0,4,4,3,1,2,5,25.2724,0.386539,62747.7,189.946,6803.25,90365.9,439983,83827.1,2.23261,4462.39,26957,124704,132839,134766,0.0142286,558630,196075,138.704,86.8083,1882.28,24113,4300.29,19374.3,26432.2,10249,9314.33
2613,1,2024-12-07 00:00:00,02:19:15,12050443,Air-2-5,1181,0.07,3.54,0,4,4,3,1,2,5,26.074,0.387863,59792.8,181.647,6485.87,85094.4,439364,83801.3,2.2306,4435.37,26898.1,124449,132567,134307,0.0142258,557411,195456,131.738,86.0783,1868.47,23995.9,4260.49,19193.4,26252.6,10167.1,9303.02
2614,1,2024-12-07 00:00:00,05:24:15,11020443,Air-1-2,1182,0.07,1.81,0,4,4,3,1,1,2,3.63112,0.0734283,12545.7,37.248,1356.75,89886.6,80556,15070.9,0.397203,879.69,5138.57,23792.2,25584.4,25764.9,0.00493813,109891,37690.4,46.2461,15.5282,340.36,4345.98,801.589,3500.33,4801.07,1855.18,1750.12
2615,1,2024-12-07 00:00:00,08:29:15,11020443,Air-1-2,1183,0.07,1.79,0,4,4,3,1,1,2,4.99061,0.0739117,12678.1,39.9538,1375.63,86721.9,80448.9,15101.8,0.396963,883.425,5149.17,23706,25456.5,25699,0.00493101,108326,37600.2,47.889,16.2894,347.663,4357.05,791.832,3470.59,4792.39,1853.94,1754.36
2616,1,2024-12-07 00:00:00,11:34:14,12050444,Air-2-5,1185,0.07,3.47,0,4,4,4,1,2,5,23.8435,0.382314,62635.4,185.825,6797.51,85900.1,438305,83476.8,2.22397,150.39,724.379,3302.31,3516.28,3602.96,0.00304633,14353.6,5238.53,28.2227,2.45016,47.1495,585.498,109.952,469.166,651.595,248.802,241.258
2618,1,2024-12-07 00:00:00,17:44:14,11010443,Air-1-1,1186,0.07,1.82,0,4,4,3,1,1,1,1.52584,0.0346948,6696.48,20.4112,723.633,81533.8,34628.8,6460.11,0.17032,425.223,2451.9,11260.2,11908.7,12241.3,0.00378202,49065.4,17804.5,35.0453,7.90289,160.589,2087.02,391.651,1656.28,2291.42,888.575,840.085
2619,1,2024-12-07 00:00:00,20:49:15,11010443,Air-1-1,1187,0.07,1.81,0,4,4,3,1,1,1,2.51636,0.0344665,6752.97,19.6655,717.832,80929.8,34633.5,6469.34,0.170338,428.416,2442.79,11248.9,11648.8,12260.1,0.00378164,47324.7,17710.1,33.3441,8.15449,163.352,2080.74,386.529,1665.44,2294.46,893.49,837.23
2620,1,2024-12-07 00:00:00,23:54:15,12050443,Air-2-5,1189,0.07,3.55,0,4,4,3,1,2,5,23.6212,0.38055,64963.8,199.729,6976.74,82016.2,437624,83445.3,2.22191,4385.14,26746.8,123103,127251,133931,0.0141112,505591,191947,133.045,87.8041,1864.83,23943.5,4256.35,19094.6,26277.5,10153.3,9280.78
2621,1,2024-12-08 00:00:00,02:59:15,12050443,Air-2-5,1191,0.07,3.57,0,4,4,3,1,2,5,23.3211,0.378965,62936,196.159,6888.12,87963.4,437228,83429.5,2.21955,4451.22,26773.3,123239,131965,133963,0.0140986,551418,194826,134.432,90.4552,1861.46,23962.8,4277.64,19155.8,26213.5,10152.4,9279.18
2622,1,2024-12-08 00:00:00,06:04:15,11050443,Air-1-5,1192,0.07,1.78,0,4,4,3,1,1,5,12.7942,0.187196,31895.7,99.5667,3483.79,88764.7,216032,40780.5,1.07949,2189.47,13205.3,61107.4,65221,66159.6,0.0083865,274296,96351.3,78.9882,42.7934,899.334,11503.9,2060.79,9197.55,12602.8,4881.42,4485.52
2623,1,2024-12-08 00:00:00,09:09:14,11050443,Air-1-5 *Ne20 Step 2 bad; Used Ne20 Step 1 data*,1193,0.07,1.79,0,4,4,3,1,1,5,10.2113,0.187934,31578.5,96.2309,3421.86,87891.7,216228,40777,1.08087,2197.94,13203,60668,64703.6,66113.7,0.00831534,269253,96046.6,76.7629,42.89,895.059,11489.3,2062.9,9203.85,12635.2,4862.24,4499.8
2624,1,2024-12-08 00:00:00,12:14:15,12050443,Air-2-5,1195,0.07,3.54,0,4,4,3,1,2,5,24.5911,0.379542,64519.4,195.01,6854.09,88941.1,437367,83378,2.218,4422.71,26745,123940,131267,133784,0.0142151,544963,194273,134.605,88.2002,1867.69,23932.5,4285.51,19156.8,26190.6,10150.5,9267.91
2625,1,2024-12-08 00:00:00,15:19:15,12040443,Air-2-4,1197,0.07,3.55,0,4,4,3,1,2,4,18.5589,0.303723,49628.7,152.601,5390.1,91071.6,351692,66678.8,1.77365,3538.27,21398.9,99177.9,104456,107099,0.0119187,432664,155285,108.341,72.2907,1474.95,19065.5,3396.57,15223.4,20880.1,8075,7367.16
2626,1,2024-12-08 00:00:00,18:24:15,12040443,Air-2-4,1199,0.07,3.53,0,4,4,3,1,2,4,19.8373,0.3034,50933.8,156.435,5495.62,92493.7,351658,66649.4,1.77358,3524.4,21341.9,98899.6,103682,106826,0.0118757,424314,154704,110.689,69.3522,1482.8,19021,3418.92,15219.7,20849.8,8092.67,7380.26
2627,1,2024-12-08 00:00:00,21:29:15,12050443,Air-2-5,1201,0.07,3.52,0,4,4,3,1,2,5,24.8224,0.37809,62197.1,192.186,6769.42,91920.4,436033,83093,2.21241,4403.69,26707.8,123470,129411,133528,0.0141432,527226,192900,129.994,87.4683,1863.32,23921.8,4287.61,19086.8,26147.1,10124.2,9266.25
2629,1,2024-12-09 00:00:00,03:39:14,12050443,Air-2-5,1203,0.07,3.53,0,4,4,3,1,2,5,23.358,0.385214,60435.9,180.025,6435.67,88306.5,435427,82962.7,2.20942,4403.6,26739.5,123164,129097,133577,0.0141399,523277,192635,131.514,88.5319,1862.28,23887.1,4258.95,19060.8,26168.2,10089.6,9236.69
2633,1,2024-12-09 00:00:00,18:11:02,12050443,Air-2-5,1205,0.08,3.56,0,4,4,3,1,2,5,24.1123,0.378796,60662.2,184.667,6566.28,86558.7,435147,82948.7,2.2079,4434.78,26629,123131,132869,133008,0.0141203,568493,194858,138.739,86.105,1859.1,23809.9,4246.61,19028.1,26046.4,10096.7,9242.05
2634,1,2024-12-09 00:00:00,21:16:02,12050443,Air-2-5,1207,0.07,3.53,0,4,4,3,1,2,5,24.2397,0.37984,61442.4,185.382,6541.97,96401.3,435101,82936.4,2.20854,4373.15,26609.8,122921,129515,132973,0.0140935,529488,192304,136.983,89.1658,1848.57,23810.5,4247.17,19041.7,26091.1,10070.1,9206.7
2635,1,2024-12-10 00:00:00,00:21:02,11010443,Air-1-1,1208,0.08,1.81,0,4,4,3,1,1,1,1.56146,0.0344018,6295.84,19.6801,683.435,97262.4,34299.4,6439.2,0.168767,418.995,2422.26,11175.7,11825.7,12178.2,0.00377319,48803.1,17669.5,32.0449,8.06748,160.452,2059.44,390.126,1654,2277.29,878.358,845.805
2636,1,2024-12-10 00:00:00,03:26:02,12050443,Air-2-5,1210,0.07,3.54,0,4,4,3,1,2,5,24.0305,0.378941,61731.5,191.896,6714.1,92848,434285,82703.5,2.20292,4419.43,26611,122610,131026,132951,0.0140806,547107,193237,138.999,86.6079,1844.3,23755.1,4241.74,18966.5,26004.3,10091.6,9210.11
2640,1,2024-12-10 00:00:00,18:23:51,12050443,Air-2-5 *Ne20 Step 2 bad; Used Ne20 Step 1 data*,1212,0.08,3.54,0,4,4,3,1,2,5,25.1003,0.376576,61631,172.526,6628.06,91224.7,435010,82882.7,2.20551,4446.08,26667.7,122903,131877,133029,0.0141224,555996,193828,142.282,85.9317,1854.11,23768.6,4237.39,19012.5,26054.7,10077,9221.36
2641,1,2024-12-10 00:00:00,21:28:51,12050443,Air-2-5,1214,0.08,3.54,0,4,4,3,1,2,5,24.3852,0.378508,62541.3,188.661,6564.05,93805.1,434374,82835.4,2.20438,4430.82,26528.8,122501,132148,132767,0.0140609,562801,194140,141.425,85.7683,1844.16,23768.2,4234.87,18970.2,25996.7,10035.9,9198.54
2643,1,2024-12-11 00:00:00,03:38:51,12050443,Air-2-5,1216,0.08,3.55,0,4,4,3,1,2,5,25.3814,0.384836,62263.1,191.015,6793.19,87403.4,433858,82702.6,2.19994,4403.94,26540.5,122462,131202,132570,0.0140769,548862,192811,147.037,89.5043,1840.89,23663.4,4230.42,18908.5,25954.9,10037.1,9180.67
2644,1,2024-12-12 00:00:00,08:37:23,12050443,Air-2-5  ***NEW AIR STANDARD***,4,0.08,5.58,0,4,4,3,1,2,5,44.9616,0.708151,69330.9,215.631,7561.66,77306.7,672834,129952,3.47521,7019.48,42594.5,195655,208492,212253,0.0209059,849946,306261,221.659,139.513,2942.92,37966,6727.96,30314.1,41521.1,16068.3,14534.2
2646,1,2024-12-12 00:00:00,15:05:57,12050443,Air-2-5 *Bad Neon*,6,0.08,5.62,0,4,4,3,1,2,5,43.1214,0.664152,73.534,94.7205,2367.22,91543,668626,129190,3.44727,7091.45,42813,197194,211640,213358,0.0209495,878940,309454,228.749,141.036,2980.77,38335.1,6788.73,30668.6,41878.9,16247.8,14730.7
2647,1,2024-12-12 00:00:00,18:10:57,12050443,Air-2-5,8,0.08,5.54,0,4,4,3,1,2,5,42.5083,0.66757,149410,453.979,16046.7,97699,668031,129058,3.44278,7107.75,42714.2,196562,211415,212869,0.0208731,881466,309507,219.381,143.752,2986.91,38336.5,6779.92,30610.5,41903.7,16230.2,14710.6
2649,1,2024-12-13 00:00:00,00:20:57,12050443,Air-2-5 *Ne20 Step 2 bad; Used Ne20 Step 1 data*,10,0.08,5.56,0,4,4,3,1,2,5,41.2675,0.664763,108710,332.225,11656,88412.2,666876,128665,3.43815,7091.72,42744.9,197670,213094,213218,0.0210849,902311,311210,210.574,138.732,2976.1,38356.4,6773.29,30603.4,41975.7,16211.1,14697.7
2650,1,2024-12-13 00:00:00,03:25:57,12050443,Air-2-5,12,0.08,5.57,0,4,4,3,1,2,5,41.4477,0.658168,84395.9,253.665,8954.17,96035.8,667142,128848,3.43943,7053.76,42622.5,196332,207816,213057,0.0208594,841664,306710,207.46,140.832,2981.25,38355.4,6759.56,30672.5,41879,16225.3,14732.6
2651,1,2024-12-13 00:00:00,11:11:03,12050443,Air-2-5,16,0.08,5.52,0,4,4,3,1,2,5,41.0742,0.656366,98216.9,286.995,10158.8,86457.3,666464,128550,3.4363,7027.02,42529.6,195944,206384,212061,0.0208292,831832,305121,206.264,142.027,2974.44,38225.8,6753.15,30524.9,41830,16215.8,14677.8
2652,1,2024-12-13 00:00:00,14:16:03,12050443,Air-2-5,18,0.08,5.48,0,4,4,3,1,2,5,43.2995,0.653723,87563.4,254.327,9075.43,96408.7,664695,128352,3.4268,7008.76,42535.8,195638,209613,212163,0.0207624,869259,307508,207.821,142.713,2970.32,38237.7,6774.49,30498.9,41740,16176.1,14666.7
2653,1,2024-12-13 00:00:00,17:21:03,12050443,Air-2-5,20,0.08,5.44,0,4,4,3,1,2,5,42.0183,0.654515,102939,301.91,10738.2,98657.4,664271,128210,3.424,6994.94,42547.4,196519,208474,212251,0.0208887,853849,306616,204.473,141.888,2952.54,38242,6752.74,30556.9,41786.8,16148,14684.5
2654,1,2024-12-13 00:00:00,20:26:03,12050443,Air-2-5,22,0.08,5.48,0,4,4,3,1,2,5,41.1379,0.652456,90290.9,266.241,9350.68,100414,663595,128190,3.41993,6955.91,42480.4,194648,202475,212047,0.0206497,793420,302461,207.391,140.724,2960.78,38254.5,6763.77,30569,41753.7,16187,14670.1
2656,1,2024-12-14 00:00:00,02:36:03,12050443,Air-2-5,24,0.07,5.47,0,4,4,3,1,2,5,42.028,0.664384,145754,426.82,15213.6,91802.9,662409,127913,3.41469,7044.2,42512.3,196186,211621,211965,0.0208965,893851,309388,200.996,141.675,2966.36,38111.5,6766.47,30434.3,41688.6,16146.1,14707.2
2657,1,2024-12-14 00:00:00,05:41:03,11020443,Air-1-2,25,0.08,2.78,0,4,4,3,1,1,2,8.42605,0.127857,33663.5,100.944,3493.6,98352,132410,24931,0.658537,1386.85,8253.73,37981.2,41050.3,41147.5,0.00625122,176089,60249.6,62.0016,26.3408,548.36,7017.59,1271.38,5614.93,7720.09,2987.7,2774.26
2658,1,2024-12-14 00:00:00,08:46:03,11020443,Air-1-2,26,0.08,2.78,0,4,4,3,1,1,2,7.91573,0.128429,32280.5,93.1305,3391.56,94062.9,132395,24877.1,0.658034,1390.68,8226.2,38004.4,40817.4,41145.7,0.00625075,173345,60079.8,62.2937,27.2109,555.376,7045.48,1283.25,5599.78,7728.77,3009.53,2764.78
2659,1,2024-12-14 00:00:00,11:51:03,12050444,Air-2-5,28,0.08,5.47,0,4,4,4,1,2,5,41.9232,0.662106,127825,372.942,13323.9,92922.3,660785,127486,3.40567,216.08,1158.99,5271.22,5712.69,5719.37,0.00324358,24399.9,8387.76,33.1706,3.7025,74.6563,918.371,170.611,741.517,1041.13,399.398,382.908
2661,1,2024-12-14 00:00:00,18:01:03,11010443,Air-1-1,29,0.07,2.79,0,4,4,3,1,1,1,3.66283,0.0617271,11526.5,33.9073,1191.15,88347.9,60023.1,11243.4,0.296078,673.745,3915.91,18050.8,19559.8,19672.2,0.00441621,83410.4,28772.5,40.8722,12.4024,262.004,3320.48,613.073,2643.31,3666.69,1429.12,1345.31
2662,1,2024-12-14 00:00:00,21:06:03,11010443,Air-1-1,30,0.07,2.84,0,4,4,3,1,1,1,3.92256,0.0615032,10654.5,31.0774,1117.63,86303.4,59926.5,11195,0.295813,673.31,3926.55,18041.7,19297.3,19629.3,0.00441868,80247.7,28636,38.7772,12.9816,259.889,3332.53,613.346,2655.75,3667.93,1424.58,1333.46
2663,1,2024-12-15 00:00:00,00:11:03,12050443,Air-2-5,32,0.07,5.58,0,4,4,3,1,2,5,41.854,0.662218,122790,357.196,12756.5,87455.9,660454,127518,3.40596,6991.38,42311.5,195112,207090,210779,0.0208317,845429,305280,198.479,138.956,2943.11,37975.6,6717.5,30287.6,41590.4,16102.8,14628.7
2664,1,2024-12-15 00:00:00,03:16:03,12050443,Air-2-5,34,0.08,5.45,0,4,4,3,1,2,5,43.1829,0.659308,114210,334.439,11903.1,95324.8,659846,127389,3.40174,6975.2,42279,194328,206355,210823,0.0206602,840566,304642,193.943,135.035,2965.42,37982,6736.78,30289.4,41508.8,16091.2,14602.1
2665,1,2024-12-15 00:00:00,06:21:03,11050443,Air-1-5,35,0.08,2.79,0,4,4,3,1,1,5,18.7664,0.314448,57539.5,165.789,5981.31,98421.6,341962,64920,1.7263,3442.23,20824.2,96408.4,102693,103977,0.0116679,430205,151367,106.482,66.4617,1429.62,18500.6,3303.08,14750.4,20272.8,7839.46,7162.8
2666,1,2024-12-15 00:00:00,09:26:03,11050443,Air-1-5,36,0.08,2.8,0,4,4,3,1,1,5,18.7827,0.314475,53547.5,157.06,5586,95824.3,341913,64881.6,1.72634,3473.68,20836.1,96247.2,104045,104248,0.0116439,446895,152559,108.229,68.2789,1439.07,18506.6,3313.89,14781.7,20294.3,7839.54,7174.16
2667,1,2024-12-15 00:00:00,12:31:03,12050443,Air-2-5,38,0.07,5.53,0,4,4,3,1,2,5,41.778,0.651478,103510,303.614,10796.2,95349.6,658403,127081,3.39548,6908.47,42210.5,194167,203871,210590,0.0206518,814615,302573,190.422,139.665,2944.97,37997.5,6710.85,30303.8,41482.5,16059,14628.3
2668,1,2024-12-15 00:00:00,15:36:03,12040443,Air-2-4,40,0.08,5.43,0,4,4,3,1,2,4,31.7353,0.515382,89230.4,263.019,9272.71,98999.9,541302,103835,2.76709,5543.84,33696,155200,163538,168224,0.017078,661055,242459,159.472,110.995,2359.44,30226.1,5374.58,24198.3,33134.2,12816.1,11679.9
2669,1,2024-12-15 00:00:00,18:41:02,12040443,Air-2-4,42,0.07,5.48,0,4,4,3,1,2,4,31.4119,0.514474,71082.3,210.085,7345.81,99282.6,540205,103693,2.76437,5538.56,33651.9,155123,163906,168112,0.0170823,666803,242720,157.435,108.749,2358.93,30274.7,5365.88,24114.3,33087.3,12789,11689.1
2670,1,2024-12-15 00:00:00,21:46:02,12050443,Air-2-5,44,0.08,5.53,0,4,4,3,1,2,5,41.904,0.651057,109447,321.459,11425.9,99192,657752,126924,3.39028,6911.12,42087.4,193473,203158,209942,0.020586,810926,301678,193.728,137.666,2932.71,37873,6686.35,30220.3,41434.4,16003.9,14549.1
2672,1,2024-12-16 00:00:00,03:56:02,12050443,Air-2-5,46,0.07,5.45,0,4,4,3,1,2,5,40.2243,0.644939,85634,250.087,8865.04,91297.4,656079,126596,3.38373,6697.01,40728.8,186796,198913,203645,0.020022,806305,293602,184.177,128.555,2793.14,36073.6,6402.95,28757.2,39491.6,15266.8,13894.8
2673,1,2024-12-16 00:00:00,07:01:02,12050443,Air-2-5,48,0.07,5.5,0,4,4,3,1,2,5,40.6242,0.639559,72725.8,210.683,7547.07,99163.9,655796,126657,3.38279,6934.29,42081.2,194702,207300,209875,0.0207877,858149,304336,191.177,141.441,2925.73,37764.3,6687.28,30201.1,41339.7,15969.5,14548.3
2677,1,2024-12-16 00:00:00,19:53:36,12050443,Air-2-5,50,0.08,5.39,0,4,4,3,1,2,5,41.4414,0.644182,94992.2,276.963,9850.3,98399.3,656502,126672,3.38408,6974.86,42144.1,194612,209094,209958,0.0207439,875632,305804,195.463,138.35,2927.52,37781.5,6703.84,30182,41317.4,15982.1,14540.3
2678,1,2024-12-16 00:00:00,22:58:36,12050443,Air-2-5,52,0.08,5.51,0,4,4,3,1,2,5,40.8817,0.641567,84414.1,247.611,8825.46,101520,656435,126709,3.38307,6960.81,42003,193270,208084,209958,0.0205493,864730,304790,205.583,140.122,2923.22,37733,6695.46,30188.3,41249.6,15963.4,14548.1
2679,1,2024-12-17 00:00:00,02:03:36,12050443,Air-2-5,54,0.08,5.48,0,4,4,3,1,2,5,40.8697,0.641628,88815.6,255.559,9211.67,103646,655633,126382,3.37926,6975.72,42031.5,193209,208473,209619,0.0205522,871082,305012,204.669,136.688,2930.71,37757.5,6676.85,30104.7,41274,15928.1,14488.7
2681,1,2024-12-17 00:00:00,18:47:51,12050443,Air-2-5,56,0.13,5.47,0,4,4,3,1,2,5,39.6084,0.640766,103363,295.367,10563.8,89356.4,657391,126529,3.39477,6981.77,41764.3,192310,207353,208449,0.020533,868102,305051,201.229,137.532,2917.43,37691.2,6661.61,30102.2,41328.2,15975.4,14499.3
2682,1,2024-12-17 00:00:00,21:52:51,12050443,Air-2-5,58,0.13,5.57,0,4,4,3,1,2,5,39.8659,0.633566,82950.6,241.292,8567.19,95219.2,655119,126154,3.37925,6885.5,41666.5,192680,201606,208013,0.0205601,811449,300271,202.29,140.081,2901.03,37588.3,6622.48,30022.7,41208.9,15895,14424
2683,1,2024-12-18 00:00:00,00:57:51,12050443,Air-2-5,60,0.13,5.44,0,4,4,3,1,2,5,39.9656,0.636618,88111,259.752,9148.3,98826,654200,126042,3.37633,6853.37,41657.7,192754,200396,207508,0.0205359,799289,299214,203.138,135.355,2897.8,37640.8,6613.89,30057.4,41120.5,15916.2,14400.8
2684,1,2024-12-18 00:00:00,04:02:51,12050443,Air-2-5,62,0.13,5.4,0,4,4,3,1,2,5,39.5307,0.6324,82636.1,241.036,8560.24,101000,654081,125980,3.37276,6960.44,41683.9,193476,207075,207931,0.0206317,873696,304239,207.127,136.734,2900.59,37650.8,6619.53,30052.8,41139.4,15940.1,14417.9
2689,1,2024-12-18 00:00:00,21:02:33,12050443,Air-2-5,64,0.14,5.47,0,4,4,3,1,2,5,39.8922,0.636991,79399.9,231.829,8252.05,94763.5,652768,125738,3.36854,6913.3,41584.1,192413,206556,207695,0.0204501,873928,303431,205.334,138.172,2907.45,37494.6,6606.88,29946.5,40971.9,15889.6,14397.1
2690,1,2024-12-19 00:00:00,00:07:33,12050443,Air-2-5,66,0.14,5.51,0,4,4,3,1,2,5,39.5005,0.634247,78686.8,230.006,8167.62,99181.7,651936,125444,3.36226,6881.6,41569.5,192735,201594,207638,0.0205133,820233,299827,204.981,136.753,2894.85,37532.9,6608.52,29937.8,40998.6,15866.6,14425.6
2692,1,2024-12-19 00:00:00,06:17:33,12050443,Air-2-5,68,0.14,5.64,0,4,4,3,1,2,5,38.753,0.6335,83873.7,246.806,8732.75,92344.6,651018,125320,3.35779,6873.51,41584.7,192094,203116,207482,0.0204722,833550,300856,206.231,137.381,2899.28,37452.9,6587.6,29944.6,40992.3,15845.4,14399.4
2696,1,2024-12-19 00:00:00,18:49:54,12050443,Air-2-5,70,0.13,5.49,0,4,4,3,1,2,5,40.5292,0.630768,80212.7,235.732,8397.45,107891,651306,125903,3.36015,6895.3,41904.1,192057,207299,209323,0.0204491,861519,302477,202.08,137.57,2936.12,37413.9,6666.28,29906.5,40962.2,15847.5,14406.6
2697,1,2024-12-19 00:00:00,21:54:54,12050443,Air-2-5,72,0.13,5.56,0,4,4,3,1,2,5,39.0068,0.630506,80864.4,234.396,8389.5,104776,651407,125960,3.35687,6846.82,41953.6,192444,201535,209073,0.0204775,801654,298429,209.405,137.036,2926.03,37410.4,6651.36,29922.8,40982.7,15856.4,14379.4
2699,1,2024-12-20 00:00:00,04:04:54,12050443,Air-2-5,74,0.13,5.41,0,4,4,3,1,2,5,40.2398,0.624319,81730.6,240.131,8483.24,94419.5,649709,125574,3.34851,6903.91,41889.6,192314,205928,209104,0.0205333,845475,301245,210.825,139.064,2916.47,37376.2,6640.54,29876.3,40924.9,15883.8,14380
2701,1,2025-04-08 00:00:00,14:26:57,12050443,Air-2-5 **Retuned Helium**,80,0,5.25,0,4,4,3,1,2,5,42.3979,0.600487,179548,482.838,16987.2,152.364,580624,107115,2.82826,7094.96,40200.8,183066,202256,199817,0.0198377,877331,292257,203.39,149.256,3201.82,40780.5,6466.2,32463,44631.8,17262.9,13866
2702,1,2025-04-08 00:00:00,17:31:56,12050443,Air-2-5,82,0,5.33,0,4,4,3,1,2,5,39.3749,0.59776,190457,521.385,17979.9,134.338,586201,108372,2.8589,7143.07,40490.5,184221,203517,200992,0.0199804,886003,294903,203.513,154.193,3215.37,40799.4,6514.44,32555.9,44711.8,17323.5,13912.1
2704,1,2025-04-08 00:00:00,23:41:56,12050443,Air-2-5,84,0,5.36,0,4,4,3,1,2,5,41.863,0.598626,167632,445.298,15817.6,87.3094,591117,109349,2.88905,7187.73,40830.1,185348,205264,202506,0.0201687,887490,297002,204.606,151.665,3216.77,40793.3,6542.79,32548.7,44843,17345,14082.8
2705,1,2025-04-09 00:00:00,02:46:56,12050443,Air-2-5,86,0,5.21,0,4,4,3,1,2,5,41.5898,0.592452,128510,348.22,12029.2,101.953,590491,109305,2.88684,7206.19,40839,185386,205306,202670,0.0201468,892492,297733,204.767,151.027,3215.79,40785.1,6555.59,32559.5,44712.2,17340,14063.6
2706,1,2025-04-09 00:00:00,05:51:56,12050443,Air-2-5,88,0,5.38,0,4,4,3,1,2,5,40.0987,0.593917,147968,399.396,14053.2,74.4151,591549,109393,2.8916,7231.36,40966.8,186694,206214,203390,0.0202952,897788,299192,206.803,152.068,3225.16,40814.3,6576.3,32602.6,44753.7,17356,14066.7
2710,1,2025-04-09 00:00:00,19:23:36,12050443,Air-2-5,90,0.05,5.32,0,4,4,3,1,2,5,40.8133,0.59907,127319,343.64,12006.6,83595.4,591119,109476,2.8963,7247.05,41108.9,186209,206970,204030,0.0202721,896586,300214,204.192,150.12,3227.86,40581.8,6583.18,32424.7,44642.3,17304.6,14161.3
2711,1,2025-04-09 00:00:00,22:28:36,12050443,Air-2-5  *Bad Neon*,92,0.05,5.28,0,4,4,3,1,2,5,40.7933,0.596896,240.572,141.479,5435.35,82866.1,590716,109442,2.89466,7284.4,41186.1,187372,207202,204374,0.0203506,900408,300741,204.527,148.178,3201.33,40688.1,6599.81,32460.7,44617.8,17285.6,14148
2712,1,2025-04-10 00:00:00,01:33:36,11050443,Air-1-5,93,0.04,2.66,0,4,4,3,1,1,5,19.3645,0.293446,69033.1,183.658,6605.88,82730.3,305276,55802,1.47088,3624.48,20361.5,92656.4,102676,101241,0.0114582,451297,149338,114.842,73.0073,1561.24,19829.7,3259.64,15843,21794.4,8437.25,7025.08
2713,1,2025-04-10 00:00:00,04:38:36,12050443,Air-2-5,95,0.04,5.29,0,4,4,3,1,2,5,39.2455,0.595141,116659,317.306,10990.3,80670.6,590145,109354,2.8908,7266.05,41211.7,187787,207488,204938,0.0204187,901883,301272,203.339,152.889,3193.17,40555.5,6596.95,32412.8,44543.7,17235.4,14193.9
2717,1,2025-04-10 00:00:00,17:21:51,12050443,Air-2-5-BigBulb,97,0,0.87,0,4,4,3,1,2,5,5.49077,0.0880822,15050.3,40.7649,1434.54,77664.3,94530.6,17063.4,0.448972,1185.95,6582.67,29696.4,33165.2,32636.3,0.00554351,146320,48461.2,50.0559,22.1313,473.836,5993.3,1013.04,4787.63,6638.56,2567.48,2185.59
2718,1,2025-04-10 00:00:00,20:26:51,12050443,Air-2-5,99,0,0.89,0,4,4,3,1,2,5,5.53331,0.0894867,15356.4,40.6206,1464.25,76024.9,94760,17107.5,0.449411,1186.2,6640.88,30032.2,33336.7,32905.1,0.00557254,147561,48824.7,58.9051,20.891,476.423,6080.58,1027.25,4834.67,6731.5,2610.27,2207.08
2720,1,2025-04-11 00:00:00,02:36:51,12050443,Air-2-5,101,0,0.89,0,4,4,3,1,2,5,6.48887,0.0925944,30799.2,82.3773,2917.68,73641.9,94294.9,17021.3,0.447301,1192.51,6579.72,29906,33281.6,32814.7,0.00557407,146988,48713.2,53.5583,23.2049,479.3,6019.02,1026.64,4803.96,6685.39,2582.28,2200.38
2721,1,2025-04-11 00:00:00,05:41:51,12050443,Air-2-5,103,0,0.89,0,4,4,3,1,2,5,6.2812,0.0915117,28025.7,76.0515,2657.27,72994.4,94270.5,17064.7,0.447227,1195.43,6581.78,29828.3,33283.4,32860.2,0.00556275,147067,48702,54.3907,22.0905,479.611,6025.7,1020,4808.17,6695.75,2586.62,2207.47
2725,1,2025-04-11 00:00:00,18:38:29,12050443,Air-2-5 *He Concentration Change*,105,0.01,0.87,0,4,4,3,1,2,5,7.00462,0.0992251,19431.8,51.6401,1840.2,79894.6,94361.2,17085.4,0.448794,1198.66,6616.06,29887.3,33345.6,32914.1,0.005572,146864,48697.5,56.5767,21.7558,478.224,5990.7,1028.03,4798.28,6654.53,2579.02,2196.78
2726,1,2025-04-11 00:00:00,21:43:29,12050443,Air-2-5,107,0.01,0.87,0,4,4,3,1,2,5,6.90573,0.0994418,18395.7,50.3854,1755.02,75600,94339.1,17050.1,0.448416,1191.81,6616.48,30009,33451.3,32916.7,0.00556028,147242,48843.7,59.254,21.4816,476.953,6030.13,1032.04,4805.43,6664.11,2576.24,2195.7
2728,1,2025-04-12 00:00:00,03:53:29,12050443,Air-2-5,109,0.01,0.9,0,4,4,3,1,2,5,5.94347,0.0984673,15748.1,42.334,1499.7,70821.2,94126.1,17022.4,0.44681,1198.87,6604.23,29949.2,33365.6,32892.6,0.00557379,147151,48770.1,54.7662,22.2146,472.814,5983.99,1018.12,4785.23,6638.83,2583.8,2213.81
2729,1,2025-04-12 00:00:00,06:58:29,12050444,Air-2-5,111,0.01,0.88,0,4,4,4,1,2,5,6.62015,0.0974248,15380.2,42.1309,1473,71477.1,93936.5,17011.6,0.44628,58.021,182.053,808.486,916.401,899.664,0.00281036,3947.4,1322.77,27.8818,0.505988,12.3996,146.943,28.4129,117.655,167.223,64.3734,58.2466
2731,1,2025-04-12 00:00:00,13:08:29,12050443,Air-2-5,113,0.01,0.87,0,4,4,3,1,2,5,6.24588,0.0974093,15189.8,41.39,1451.46,68357.8,93852.6,16983,0.446222,1185.69,6549.81,29576.3,32937.7,32406.6,0.00554984,145021,48185.9,56.0636,22.12,461.334,5798.57,1001.64,4643.27,6465.4,2491.14,2159.1
2732,1,2025-04-12 00:00:00,16:13:29,12050443,Air-2-5,115,0.01,0.88,0,4,4,3,1,2,5,6.55261,0.0994161,23330.5,62.6012,2218.26,70203,93711.7,16949.4,0.445734,1196.48,6579.23,29928.8,33243.7,32820.1,0.00557709,146645,48705.8,55.8707,22.8382,472.438,5974.51,1021.7,4746.73,6623.85,2570.24,2182.45
2733,1,2025-04-12 00:00:00,19:18:29,12050443,Air-2-5,117,0.01,0.88,0,4,4,3,1,2,5,7.20013,0.0994749,23025.2,62.347,2184.11,70166.5,93570.3,16977.4,0.444789,1186.3,6597.3,29941.5,33288.9,32788.4,0.00557711,147294,48751.3,54.0485,21.6715,474.538,5940.84,1017.36,4759.03,6603.35,2544.32,2206
2735,1,2025-04-13 00:00:00,01:28:29,12050443,Air-2-5,119,0.01,0.87,0,4,4,3,1,2,5,6.68257,0.100158,24937.4,67.7417,2382.55,68819.7,93416.6,16909,0.444138,1185.37,6581.3,29689.2,33177.4,32765.6,0.00555288,146622,48652.5,54.4203,21.9807,473.346,5940.8,1019.72,4747.84,6593.81,2538.03,2189.07
2736,1,2025-04-13 00:00:00,04:33:29,12050443,Air-2-5,121,0.01,0.89,0,4,4,3,1,2,5,6.43342,0.0996001,20991.1,56.9026,1980.23,69169.8,93330.6,16922.4,0.443735,1192.02,6588.47,30036.6,33264.6,32792.7,0.00558095,147056,48739.4,54.7039,20.7633,469.407,5934.4,1021.77,4746.11,6606.8,2552.95,2203.68
2737,1,2025-04-13 00:00:00,07:38:29,12050443,Air-2-5,123,0.01,0.86,0,4,4,3,1,2,5,6.42112,0.0977971,18324.7,50.5842,1743.1,69622.2,93501.5,16937.6,0.444187,1184.52,6604.13,29930.7,33282.6,32779.9,0.0055623,146704,48729.9,52.9539,21.6539,467.81,5944.02,1029.83,4747.49,6599.87,2552.03,2213.75
2739,1,2025-04-13 00:00:00,13:48:29,12050443,Air-2-5,125,0.01,0.88,0,4,4,3,1,2,5,6.20565,0.100039,25806.5,68.2562,2458.54,68460.8,93221,16834.1,0.443102,1191.18,6581.62,29846.5,33247.9,32776.3,0.00558736,146937,48740.5,54.107,22.3806,467.081,5943.72,1021.57,4732.01,6576.62,2542.34,2208.03
2740,1,2025-04-13 00:00:00,16:53:29,12050443,Air-2-5,127,0.01,0.87,0,4,4,3,1,2,5,6.40069,0.099196,23552.8,62.2899,2224.84,68943.4,93197,16863.2,0.443192,1182.51,6568.12,29802.4,33184.7,32768.6,0.00556049,146828,48626.1,51.5017,23.0488,465.648,5906.31,1022.62,4726.51,6554.08,2533.45,2205.56
2742,1,2025-04-13 00:00:00,23:03:29,12050443,Air-2-5,129,0.01,0.86,0,4,4,3,1,2,5,6.32133,0.100079,29939.3,79.3706,2856.31,67941.6,92953.5,16819.9,0.442054,1194.12,6580.42,29789.5,33196.7,32739.4,0.00556504,146703,48638.3,53.0424,22.9133,473.113,5909.79,1031.52,4710.96,6564.09,2539.71,2197.07
2743,1,2025-04-14 00:00:00,02:08:29,12050443,Air-2-5,131,0.01,0.87,0,4,4,3,1,2,5,6.58669,0.0998502,28346.1,75.8927,2698.1,67840.6,92973.1,16842.4,0.442081,1184.3,6558.18,29847.9,33143.3,32676.2,0.00557303,146509,48572.5,53.7215,22.8314,464.785,5896.71,1011.18,4717.58,6532.64,2530.7,2204.3
2744,1,2025-04-14 00:00:00,05:13:29,12050443,Air-2-5,133,0.01,0.87,0,4,4,3,1,2,5,6.79475,0.0999715,27803.7,74.1016,2637.25,68677.7,93056.1,16866,0.442511,1197.34,6577.65,29927.9,33215.7,32769.3,0.00557835,146743,48663.6,59.469,22.2866,471.593,5911.44,1020.43,4720.57,6566.37,2542.85,2201.47
2748,1,2025-04-14 00:00:00,19:48:51,12050443,Air-2-5 *He Concentration Change*,135,0.01,0.86,0,4,4,3,1,2,5,5.70727,0.089982,27794.2,75.0584,2647.75,74867,93165.6,16790.9,0.442723,1172.4,6538.94,29621.9,33034.5,32580.3,0.0055328,145124,48269.5,54.5748,21.5072,470.621,5862.29,1012.05,4696.92,6518.48,2527.42,2176.97
2749,1,2025-04-14 00:00:00,22:53:51,12050443,Air-2-5,137,0,0.86,0,4,4,3,1,2,5,6.059,0.0904404,27296,74.5939,2590.93,72908.8,93085.2,16881.1,0.442765,1185.78,6549.93,29897,33204.1,32739.1,0.00556131,147066,48627.8,51.7351,21.8996,463.958,5893.38,1020.83,4700.37,6530.14,2526.63,2188.85
2750,1,2025-04-15 00:00:00,01:58:51,12050443,Air-2-5,139,0,0.87,0,4,4,3,1,2,5,6.70204,0.0901651,25104.7,65.1836,2389.03,71560.5,92886,16804,0.441824,1176.51,6582.79,29872.5,33183,32739.4,0.00556635,147010,48673.7,52.6214,21.4631,467.4,5912.95,1018.51,4707.35,6554.57,2528.03,2199.06
2755,1,2025-04-15 00:00:00,20:23:39,12050443,Air-2-5,141,0,0.87,0,4,4,3,1,2,5,5.79914,0.090006,23064.3,63.8372,2192.1,78509,92700.7,16805.7,0.440542,1195.15,6561.26,29827.8,33182,32677.6,0.00557642,146497,48521.8,56.5282,22.8381,468.852,5886.15,1017.74,4706.36,6517.95,2531.56,2183.82
2756,1,2025-04-15 00:00:00,23:28:39,12050443,Air-2-5,143,0,0.86,0,4,4,3,1,2,5,6.09398,0.0896995,23276.1,62.9224,2219.33,73843,92459.8,16723.3,0.439083,1192.05,6571.38,29600.9,33188.7,32647.4,0.00553783,145452,48439.9,54.8555,21.886,462.011,5903.07,1024.11,4703.96,6520.06,2527.86,2201.38
2758,1,2025-04-16 00:00:00,05:38:39,12050443,Air-2-5,145,0,0.87,0,4,4,3,1,2,5,5.55093,0.0895234,18600.8,52.1122,1783.13,71164,91813.9,16637.4,0.436727,1179.89,6559.75,29825.5,33060.7,32693.3,0.00557902,146063,48479.3,51.2795,22.3742,473.654,5878.68,1014.65,4693.89,6518.85,2529.74,2188.17
2762,1,2025-04-16 00:00:00,19:40:34,12050443,Air-2-5,147,0.04,5.05,0,4,4,3,1,2,5,37.8311,0.588424,121051,331.601,11429.4,74261.4,559823,103818,2.75284,7305.02,41228.5,188657,207719,205084,0.0205,905423,302842,201.89,150.331,3104.59,39617.2,6559.52,31618.4,43537.9,16897.2,14224.5
2763,1,2025-04-16 00:00:00,22:45:34,12050443,Air-2-5,149,0.04,5.09,0,4,4,3,1,2,5,39.2344,0.586041,114413,309.161,10785.5,76641.8,558390,103659,2.74645,7293.9,41251.3,187895,207838,205292,0.0203992,906986,303221,207.675,145.405,3115.59,39573,6598.08,31616.6,43605.3,16853.7,14211.1
2764,1,2025-04-17 00:00:00,01:50:34,12050443,Air-2-5,151,0.04,5.15,0,4,4,3,1,2,5,38.2244,0.58806,134848,366.784,12724.5,77811,557215,103302,2.73928,7284.12,41237.1,187973,207728,204949,0.0204279,906402,302999,204.31,147.067,3128.17,39629.2,6567.01,31630,43505.7,16861.1,14229.4
2765,1,2025-04-17 00:00:00,04:55:34,12050443,Air-2-5,153,0.04,5.12,0,4,4,3,1,2,5,39.0869,0.589157,127106,343.489,11983.3,78711.5,555698,103059,2.73267,7277.28,41243.5,188333,207706,204920,0.020486,906684,302847,198.837,145.72,3103.38,39600.6,6570.21,31600.5,43553.1,16872,14177.8
2769,1,2025-04-17 00:00:00,19:04:33,12050443,Air-2-5,155,0.04,5.23,0,4,4,3,1,2,5,39.0603,0.588125,131005,357.809,12427.1,80869.2,548922,101794,2.69875,7234.3,41027.7,186257,206479,203882,0.0202784,894655,300337,195.051,146.23,3098.38,39422.7,6551.94,31535.3,43357.4,16779.1,14183.8
2770,1,2025-04-17 00:00:00,22:09:33,12050443,Air-2-5,157,0.04,5.14,0,4,4,3,1,2,5,38.9184,0.589619,147626,402.303,14042.2,81775.1,546618,101281,2.686,7265.44,41096.8,186785,206941,204285,0.0203233,896745,301180,195.386,149.038,3092.52,39595.6,6576.89,31580.9,43492.7,16855.2,14168.6
2772,1,2025-04-18 00:00:00,04:19:33,12050443,Air-2-5,159,0.04,5.19,0,4,4,3,1,2,5,39.4049,0.583043,90174.1,243.448,8531.11,78846,540285,100059,2.65463,7271.05,41073,186847,206902,204223,0.0203582,897233,301253,193.555,144.477,3106.61,39553.6,6571.66,31568.8,43519.6,16848,14195
2776,1,2025-04-18 00:00:00,18:08:35,12050443,Air-2-5,161,0.04,5.14,0,4,4,3,1,2,5,38.9572,0.589521,88442.9,238.755,8387.63,77443.5,543579,100661,2.6709,7375.32,41742.7,190596,210172,207429,0.020697,917007,306875,203.907,144.191,3133.7,40020.2,6659.09,31990.9,44076.3,17065.2,14397.6
2777,1,2025-04-18 00:00:00,21:13:35,12050443,Air-2-5,163,0.04,5.33,0,4,4,3,1,2,5,37.9754,0.591556,104058,282.409,9862.97,78699.8,541172,100215,2.65824,7366.2,41701.1,190380,210106,207504,0.0206468,913657,306114,207.979,146.45,3141.61,40032.9,6671.92,32018.1,44018.9,17061.7,14387
2779,1,2025-04-19 00:00:00,03:23:35,12050443,Air-2-5,165,0.04,5.3,0,4,4,3,1,2,5,39.7132,0.590414,93914.6,251.595,8911.04,75177.3,534373,98904.1,2.62287,7381.67,41710,189340,209836,207203,0.0205773,909718,305691,205.569,147.886,3149.11,39962.3,6642.78,31911.8,44001.1,17013.2,14400.5
2780,1,2025-04-19 00:00:00,06:28:35,11020443,Air-1-2,166,0.04,2.61,0,4,4,3,1,1,2,7.4839,0.106797,19205.6,51.595,1816.04,77267.3,109827,19872.2,0.523007,1455.84,8055.68,36646.1,40772.4,40185.4,0.00619686,180600,59745.1,60.9597,27.2593,575.637,7306.42,1255.14,5839.41,8048.49,3131.32,2708.9
2781,1,2025-04-19 00:00:00,09:33:35,11020443,Air-1-2,167,0.04,2.61,0,4,4,3,1,1,2,6.87143,0.106992,18787.2,49.9303,1767.88,75917.1,109857,19934.1,0.523488,1458.95,8063.56,36638.9,40818.3,40180.6,0.00620591,180413,59757.4,65.3953,27.0832,578.708,7285.01,1258.66,5837.41,8106.96,3123.4,2708.11
2782,1,2025-04-19 00:00:00,12:38:35,12050444,Air-2-5,169,0.04,5.39,0,4,4,4,1,2,5,37.9965,0.586421,87921.5,237.363,8270.78,75741.4,531932,98440.4,2.61167,237.009,1153.61,5143.95,5794.63,5721.53,0.00323641,25278.4,8446.08,30.3788,3.17885,74.8011,949.793,176.609,764.199,1064.12,416.272,374.892
2784,1,2025-04-19 00:00:00,18:48:35,11010443,Air-1-1,170,0.04,2.62,0,4,4,3,1,1,1,3.73937,0.0517473,9320.13,25.0095,900.409,73108.2,50487.9,9089.37,0.238471,715.008,3895.19,17531.2,19653.1,19344.6,0.0043995,86807.9,28840.5,46.6616,11.9845,272.8,3393.81,600.784,2702.7,3786.47,1467.5,1298.31
2785,1,2025-04-19 00:00:00,21:53:35,11010443,Air-1-1,171,0.04,2.7,0,4,4,3,1,1,1,3.71118,0.0525837,9155.71,24.8213,875.009,71007.9,50437.7,9099.4,0.238567,715.201,3887.45,17629.6,19614,19322.6,0.0044115,86525.1,28792.4,45.0792,12.9882,270.021,3405.39,604.604,2717.76,3784.58,1464.58,1297.64
2786,1,2025-04-20 00:00:00,00:58:35,12050443,Air-2-5,173,0.04,5.33,0,4,4,3,1,2,5,38.7768,0.583135,85311.9,231.396,8031.76,71595.7,524917,97183.6,2.57618,7353.67,41482.9,188578,208952,206363,0.0205351,907314,304705,204.428,146.736,3116,39565,6620.35,31595.6,43618.1,16885.2,14298.1
2787,1,2025-04-20 00:00:00,04:03:35,12050443,Air-2-5 *Ne20 Step 2 bad; Used Ne20 Step 1 data*,175,0.04,5.22,0,4,4,3,1,2,5,38.8965,0.587733,89123.5,251.318,8384.47,76554.5,523980,96977.5,2.57158,7346.17,41498.5,188973,209121,206623,0.0205064,909632,304982,210.622,145.8,3093.97,39657.5,6625.12,31683.6,43649.7,16897.6,14321.8
2788,1,2025-04-20 00:00:00,07:08:35,11050443,Air-1-5,176,0.04,2.66,0,4,4,3,1,1,5,19.456,0.284667,43786.7,118.258,4200.16,78983.4,273965,50011.3,1.32186,3621.44,20330.8,92529.7,102684,101119,0.0114626,451774,149998,119.549,71.9276,1499.56,19165.6,3255.66,15340.3,21129.5,8196.7,7024.89
2789,1,2025-04-20 00:00:00,10:13:35,11050443,Air-1-5,177,0.04,2.66,0,4,4,3,1,1,5,19.3948,0.28588,45780.3,122.803,4319.44,79066.7,275091,50205.2,1.32724,3625.53,20418.2,92572.6,103197,101705,0.0114576,454475,150855,127.007,71.0768,1519.23,19263.5,3260.74,15375.5,21233.7,8224.76,7055.39
2790,1,2025-04-20 00:00:00,13:18:35,12050443,Air-2-5,179,0.04,5.28,0,4,4,3,1,2,5,38.0853,0.590316,119227,319.209,11340.6,79318.7,524382,97091.4,2.57246,7361.57,41576.5,189190,209381,206717,0.0205418,910541,305199,218.507,147.255,3121.05,39608.3,6657.13,31628.4,43611.8,16879.4,14357
2791,1,2025-04-20 00:00:00,16:23:34,12040443,Air-2-4,181,0.04,5.36,0,4,4,3,1,2,4,31.6047,0.466315,84143.1,227.66,7955.54,81171.6,430748,79363.9,2.10042,5853.49,33101.1,150807,166746,164660,0.0168927,730727,243677,178.453,117.518,2473.11,31507,5283.73,25161.1,34655.5,13419.6,11426.9
2792,1,2025-04-20 00:00:00,19:28:34,12040443,Air-2-4 *Ne20 Step 2 bad; Used Ne20 Step 1 data*,183,0.04,5.21,0,4,4,3,1,2,4,29.8384,0.460318,62611.4,168.527,5960,79775.8,429004,79038.8,2.09318,5854.15,33014.8,150629,166521,164359,0.0169094,730078,243411,176.548,118.296,2460.97,31423.2,5266.84,25057.7,34606.2,13387.7,11405.1
2793,1,2025-04-20 00:00:00,22:33:34,12050443,Air-2-5 *Bad Neon*,185,0.04,5.13,0,4,4,3,1,2,5,39.0985,0.586578,149.257,94.4253,3490.2,79665.6,521430,96703.3,2.56033,7324.02,41370.8,187109,208273,206013,0.0203293,901724,303468,211.131,144.399,3073.26,39482.2,6622.92,31531.7,43387.9,16798,14306
2795,1,2025-04-21 00:00:00,04:43:34,12050443,Air-2-5,187,0.04,5.25,0,4,4,3,1,2,5,39.0984,0.592246,115717,310.752,10955.5,76203.3,519030,96090.1,2.54878,7345.4,41484.2,189494,208896,206337,0.0206124,911390,305233,206.928,143.822,3101.04,39455.2,6614.18,31500.3,43490.5,16788.3,14300.2
2798,1,2025-04-24 00:00:00,16:42:42,12050443,Air-2-5 **ARGON TRAP on FLIGHT TUBE**,193,0.05,5.15,0,4,4,3,1,2,5,35.4583,0.526735,103504,290.454,10008.3,26586.7,399504,73384.7,1.94808,7040.26,39626.1,179610,199765,197085,0.0194808,868621,290087,217.243,146.029,3037.93,38508.1,6410.7,30755.4,42349.5,16402.2,13810.4
2799,1,2025-04-24 00:00:00,19:47:42,12050443,Air-2-5,195,0.05,5.17,0,4,4,3,1,2,5,36.2291,0.532177,96000.8,260.413,9147.94,23341.8,379266,69636.8,1.84637,6971.01,39391.4,177598,198155,195757,0.0192538,856485,287340,213.856,143.519,3010.23,38336.4,6360.05,30608.5,42057.7,16272.8,13730.5
2800,1,2025-04-24 00:00:00,22:52:42,12050443,Air-2-5,197,0.05,5.24,0,4,4,3,1,2,5,36.1868,0.540256,138516,384.209,13356.3,21516.3,366826,67216.6,1.78277,6976.43,39367,178910,198288,195131,0.0194676,863594,288123,208.101,139.775,3018.38,38319.2,6371.97,30574.6,42030.4,16262.3,13698.6
2801,1,2025-04-25 00:00:00,01:57:42,12050443,Air-2-5,199,0.05,5.1,0,4,4,3,1,2,5,38.2783,0.545938,120691,326.631,11508.5,21306.1,359323,65873.4,1.74557,6964.45,39396.5,179226,198220,195803,0.0195026,861615,287612,211.201,140.489,2999.77,38320.5,6345.62,30534.4,42040.9,16278.6,13689.5
2802,1,2025-04-25 00:00:00,05:02:42,12050443,Air-2-5,201,0.05,5.18,0,4,4,3,1,2,5,37.8625,0.5524,132471,362.383,12756.8,20432,350774,64250.5,1.70273,6939.3,39251.6,178720,198046,195370,0.0194233,862908,287711,207.331,139.896,2996.92,38277.8,6341.54,30584.2,41932.1,16255.6,13698.3
2803,1,2025-04-25 00:00:00,10:38:07,12050443,Air-2-5 **Changed Ne20 Centering Routine**,205,0.05,5.11,0,4,4,3,1,2,5,36.4952,0.553847,135886,366.112,13038.5,22332.5,364154,66687.1,1.76802,6943.91,39030.6,177197,196501,193998,0.0193119,852026,284922,230.479,138.43,2984.81,37861.9,6270.15,30214.4,41576,16058,13543
2804,1,2025-04-25 00:00:00,13:43:07,12050443,Air-2-5,207,0.05,5.17,0,4,4,3,1,2,5,35.3145,0.554457,132823,360.296,12703,21742.9,353307,64686.7,1.71378,6901.58,38949.6,176945,196185,193796,0.0192523,852076,284497,236.772,140.253,2971.71,37798.4,6318.9,30176.5,41510.3,16065.8,13514.4
2805,1,2025-04-25 00:00:00,16:48:07,12050443,Air-2-5,209,0.05,5.17,0,4,4,3,1,2,5,35.9557,0.553408,120703,328.96,11494.2,21271.7,348347,63766.7,1.68923,6902.94,38919.5,176998,195650,193536,0.0192872,846807,283615,230.136,138.44,2977.28,37744.5,6270.28,30181.5,41474.7,16097.9,13495
2807,1,2025-04-25 00:00:00,22:58:07,12050443,Air-2-5,211,0.05,5.14,0,4,4,3,1,2,5,35.8452,0.555897,121256,331.411,11579.1,18615.7,331953,60619.7,1.60833,6899.14,38981.7,177503,196106,193712,0.0194043,853048,284839,226.267,137.682,2966.96,37767.6,6277.94,30139.7,41505.1,16064.2,13520.4
2808,1,2025-04-26 00:00:00,02:03:07,12050444,Air-2-5,213,0.05,5.02,0,4,4,4,1,2,5,36.3414,0.55419,114898,312.2,10991.5,18810,333448,60998.4,1.61624,249.349,1080.94,4854.36,5458.82,5378.23,0.00319051,24048,7989.51,60.1382,2.93604,70.5269,874.75,167.316,707.618,994.497,383.932,360.884
2809,1,2025-04-26 00:00:00,05:08:07,12050443,Air-2-5,215,0.05,5.18,0,4,4,3,1,2,5,35.1958,0.550797,103441,283.317,9896.5,18430.8,330682,60418.6,1.60193,6876.28,38736.3,175322,195243,192652,0.019135,846310,283185,227.107,138.158,2958.69,37636.1,6244.8,30045.6,41340.1,16006.3,13497.8
2810,1,2025-04-26 00:00:00,08:13:07,12050443,Air-2-5,217,0.05,5.1,0,4,4,3,1,2,5,38.1623,0.556328,118210,317.53,11341.5,17911.6,331088,60460.5,1.60271,6867.7,38729.6,176797,194959,192485,0.0192944,845612,282650,234.893,137.773,2959.21,37606,6266.44,30045.8,41253.2,15955,13430.9
2811,1,2025-04-26 00:00:00,11:18:07,12050443,Air-2-5,219,0.05,5.17,0,4,4,3,1,2,5,36.8618,0.556217,114004,308.726,10930.1,17957.5,329669,60219.6,1.59573,6879.66,38812.2,177089,194986,192897,0.0193566,847545,283116,240.063,140.405,2972.44,37660,6250.37,30076.7,41328.6,15983.8,13482.9
2813,1,2025-04-26 00:00:00,17:28:07,12050443,Air-2-5,221,0.05,5.13,0,4,4,3,1,2,5,37.4424,0.556528,104662,279.5,10050.5,15988.4,320494,58473,1.55065,6861.15,38772.9,176503,194829,192535,0.0193222,844173,282689,227.903,140.248,2939.81,37560.7,6253.47,29983.9,41256.6,15995.1,13460.2
2814,1,2025-04-26 00:00:00,20:33:07,11050443,Air-1-5,222,0.05,2.62,0,4,4,3,1,1,5,18.2783,0.270943,61702.3,165.551,5885.52,15148.8,164353,29776.7,0.785457,3405.77,19077.4,86893.9,96155.4,95067.7,0.0108869,420847,139852,141.202,66.8913,1412.69,18021.4,3031.67,14358.5,19836,7661.78,6560.26
2815,1,2025-04-26 00:00:00,23:38:07,11050443,Air-1-5,223,0.05,2.58,0,4,4,3,1,1,5,20.2108,0.268399,51451.2,140.029,4906.7,14617,163159,29479.8,0.779277,3406.79,19107.6,87097,96305,95063.9,0.010926,423988,140378,136.793,67.3993,1422.3,17988.7,3041.84,14338,19810.4,7663.43,6560.29
2816,1,2025-04-27 00:00:00,02:43:07,12050443,Air-2-5,225,0.05,5.13,0,4,4,3,1,2,5,38.8243,0.560728,96886.5,263.02,9298.78,14693.7,312258,56990.7,1.51036,6854.19,38752.7,175950,195073,192564,0.0192137,847168,283205,215.158,139.539,2980.66,37662.8,6274.86,30060.8,41401,16009.2,13471.7
2817,1,2025-04-27 00:00:00,05:48:07,12050444,Air-2-5,227,0.04,5.13,0,4,4,4,1,2,5,37.8433,0.559977,102997,282.317,9786.02,13747.4,307127,56084.1,1.48535,231.318,1068.16,4781.79,5384.99,5327.36,0.00320284,23460.8,7842.38,45.8489,2.99428,69.4828,862.31,163.759,695.623,958.432,373.306,355.121
2818,1,2025-04-27 00:00:00,08:53:07,12050443,Air-2-5,229,0.05,5.09,0,4,4,3,1,2,5,38.2871,0.562165,130761,355.79,12581.7,14197.5,302507,55201.2,1.46292,6808.33,38712.9,175683,194787,192378,0.0192201,845120,282722,220.022,140.911,2970.42,37613.1,6260.24,29964.7,41364.4,15984.3,13484.4
2819,1,2025-04-27 00:00:00,11:58:07,12050443,Air-2-5,231,0.05,5.12,0,4,4,3,1,2,5,36.7941,0.557441,109811,297.46,10525.3,14408.9,303953,55394.5,1.46863,6857.39,38629.8,175967,194692,192116,0.0192275,848537,282739,223.241,137.529,2960.79,37506.7,6230.75,29950.8,41154.6,15943.3,13437.7
2820,1,2025-04-27 00:00:00,15:03:07,12050443,Air-2-5,233,0.05,5.16,0,4,4,3,1,2,5,36.782,0.559176,121855,329.181,11677.3,14044.6,302940,55307.2,1.4653,6831.82,38677.7,176443,194527,192011,0.0192997,849242,283127,217.911,140.754,2955.18,37458.3,6259.03,29904,41176.7,15961.2,13437.8
2821,1,2025-04-27 00:00:00,18:08:07,11050443,Air-1-5,234,0.04,2.55,0,4,4,3,1,1,5,18.4322,0.26732,47517.2,129.915,4538.48,12978.9,153667,27794.5,0.733848,3396.89,19024,86596.7,96087.1,94868.1,0.0108481,422175,139875,122.837,63.7303,1404.47,17899.9,3024.2,14318.7,19738,7646.92,6550.52
2822,1,2025-04-27 00:00:00,21:13:07,11050443,Air-1-5,235,0.05,2.63,0,4,4,3,1,1,5,19.3982,0.269807,54973.6,147.338,5264.4,12068.4,150502,27186.5,0.718775,3389.16,19010.9,86989.6,96069.4,94846.2,0.0109241,423909,140164,121.596,65.6684,1405.55,17903.5,3019.43,14271.8,19713.6,7624.28,6546.32
2823,1,2025-04-28 00:00:00,00:18:07,12050443,Air-2-5,237,0.04,5.22,0,4,4,3,1,2,5,37.5975,0.563734,137851,380.8,13207.2,13259.3,291994,53269,1.4121,6799.73,38538.7,175581,194093,191501,0.0192161,846512,282391,207.197,139.005,2932.42,37505.7,6231.03,29860.5,41087.2,15912.8,13438.3
2824,1,2025-04-28 00:00:00,03:23:07,12050443,Air-2-5,239,0.05,5.03,0,4,4,3,1,2,5,37.3026,0.565404,136536,371.594,13095,12446.5,289601,52836.8,1.39904,6815.75,38595.2,176172,194390,191834,0.0192527,848194,282883,203.578,140.574,2944.13,37469,6258.65,29953.2,41165.8,15954.1,13498.5
2825,1,2025-04-28 00:00:00,06:28:07,12050443,Air-2-5 *2e-08 surge on Valve 6 when vented*,241,0.05,5.06,0,4,4,3,1,2,5,38.5961,0.560244,113040,311.437,10866.7,12751.6,285848,52105.4,1.381,6805.92,38610.2,176366,194355,191720,0.0192875,846613,282486,210.604,138.917,2942.63,37443.4,6233.25,29866.2,41123.9,15937.5,13476.9
2826,1,2025-04-29 00:00:00,10:27:16,12050443,Air-2-5  *Neon Center on Ne22 -  Big Bulb put on Line*,249,0.01,0.84,0,4,4,3,1,2,5,5.78042,0.0855031,14386.8,-1180.27,1407.39,6214.5,100928,18365.7,0.491747,1100.41,5942.91,26710.4,29935.3,29517.6,0.00527487,130968,43701.3,70.0224,19.742,410.616,5155.33,912.125,4131.03,5743.99,2223.04,1954.56
2827,1,2025-04-29 00:00:00,13:37:16,12050443,Air-2-5  *Bad Ne21 Zero 1 Step*,251,0,0.83,0,4,4,3,1,2,5,5.76057,0.086293,16376.1,-1149.4,1591.7,6322.91,100315,18281.6,0.488826,1089.01,5919.3,26847.9,29957.5,29507.7,0.00527396,131407,43694.8,68.938,19.4542,409.738,5172.3,904.723,4121.22,5725.32,2212.68,1946.78
2828,1,2025-04-29 00:00:00,16:47:16,12050443,Air-2-5  *Bad Ne21 Zero 1 Step*,253,0,0.83,0,4,4,3,1,2,5,5.89666,0.0867872,17888.5,-1416.86,1743.2,6499.36,100085,18248.4,0.487586,1086.2,5922.91,26774.5,29927,29486.1,0.00525415,131342,43707.3,65.7907,20.5743,404.397,5164.98,914.013,4130.8,5751.87,2221.36,1951.11
2829,1,2025-04-29 00:00:00,19:57:16,12050443,Air-2-5  *Bad Ne21 Zero 1 Step*,255,0,0.83,0,4,4,3,1,2,5,5.63409,0.0861278,17419.3,-1520.42,1688.87,6351.58,99877.4,18223.7,0.48689,1085.96,5925.86,26837.9,29902.4,29491.9,0.00526843,131497,43655.5,69.5745,20.0003,412.403,5179.99,907.611,4109.37,5733.22,2210.81,1935
2830,1,2025-04-29 00:00:00,23:07:16,12050443,Air-2-5  *Bad Ne21 Zero 1 Step*,257,0,0.82,0,4,4,3,1,2,5,6.41061,0.0867816,18724.7,-1346.48,1834.12,6660.87,99801.8,18189.5,0.486247,1087.96,5903.08,26689.8,29863.4,29439.7,0.00525858,131019,43593,63.7302,18.5453,410.246,5166.9,891.917,4108.3,5726.56,2215.88,1952.7
2831,1,2025-04-30 00:00:00,02:17:16,12050443,Air-2-5  *Bad Ne21 Zero 1 Step*,259,0,0.83,0,4,4,3,1,2,5,6.43461,0.0851443,13879.9,-1076.09,1356.49,6488.01,99781.5,18220.2,0.486269,1105.14,5921.68,26922.1,29920.7,29465.4,0.00528688,132083,43663.6,73.9,19.4396,413.478,5155.56,908.627,4130.71,5722.47,2200.97,1942.6
2832,1,2025-04-30 00:00:00,05:27:16,12050443,Air-2-5  *No Argon or KrXe*,261,0,0.83,0,4,4,3,1,2,5,6.21487,0.0847174,12315.3,32.6563,1187.62,3617.51,0,0,0,0,0,0,0,0,0,0,0,0,0,0,0,0,0,0,0,0
2835,1,2025-04-30 00:00:00,15:07:17,12050443,Air-2-5-NeRelTemp70K,263,0,0.82,0,4,4,3,1,2,5,6.45739,0.0857744,11803.5,29.9708,1156.64,6719.05,99754.8,18250.3,0.486538,1077.13,5897.74,26718,29728,29373.4,0.00526606,130497,43406.8,68.1885,18.6828,413.374,5166.21,903.252,4118.48,5711.22,2197.53,1940.1
2836,1,2025-04-30 00:00:00,18:17:17,12050443,Air-2-5,265,0,0.84,0,4,4,3,1,2,5,6.12785,0.0855822,13873.1,39.5857,1333.6,6515.04,99487.8,18169.8,0.484814,1081.99,5870.88,26694.3,29671.7,29293.5,0.00526195,130435,43377.4,67.8474,18.082,406.687,5147.35,898.914,4099.55,5703.34,2200.57,1940.21
2837,1,2025-04-30 00:00:00,21:27:17,12050443,Air-2-5,267,0,0.83,0,4,4,3,1,2,5,6.20819,0.0859271,14241.6,37.9467,1392.94,5981.61,99339.9,18142.7,0.484211,1069.33,5854.68,26650.7,29648.1,29229,0.00525298,130883,43323.6,59.3855,19.9206,398.355,5130.43,899.052,4082.02,5683.02,2206.26,1935.71
2838,1,2025-05-01 00:00:00,00:37:17,12050443,Air-2-5,269,0,0.81,0,4,4,3,1,2,5,6.65222,0.0847691,10266.9,26.3394,994.216,5923.5,99147.3,18123.3,0.483328,1070.85,5881.18,26478.2,29655.9,29194.3,0.00525398,130732,43362.1,57.0166,18.9132,404.344,5141.99,904.256,4110.76,5698.33,2212.33,1938.59
2839,1,2025-05-01 00:00:00,03:47:17,12050443,Air-2-5,271,0,0.83,0,4,4,3,1,2,5,6.13822,0.0863647,15196.2,41.3868,1493.31,5811.97,99055.3,18081.5,0.483275,1079.78,5878.71,26701.4,29654.5,29287.5,0.00526717,131013,43456.8,65.6083,19.5266,411.37,5127.4,898.136,4090.91,5699.02,2205.67,1941.78
2844,1,2025-05-01 00:00:00,20:21:13,12050443,Air-2-5-NeRelease90K,273,0.01,0.83,0,4,4,3,1,2,5,6.17891,0.0857783,19918.3,55.7185,1946.37,8028.76,99311,18125.1,0.485009,1078.94,5918.81,26919.2,29857,29461.2,0.00526963,131886,43731.1,63.3854,19.2559,412.157,5147.44,910.038,4114.61,5731.7,2212.62,1950.28
2845,1,2025-05-01 00:00:00,23:31:13,12050443,Air-2-5,275,0.01,0.82,0,4,4,3,1,2,5,5.97087,0.0844359,16344.4,45.2177,1598.65,6980.58,99047.5,18081.6,0.483133,1091.02,5893.38,26711.8,29787.2,29277.2,0.00524605,131237,43515.8,65.3835,18.4585,405.979,5149.43,907.872,4112.46,5676.81,2214.9,1962.55
2846,1,2025-05-02 00:00:00,02:41:13,12050443,Air-2-5,277,0.01,0.82,0,4,4,3,1,2,5,6.32646,0.0862384,21027.4,56.3578,2046.05,6391.01,98749.9,18033.9,0.482069,1083.54,5901.42,26807.9,29756.3,29337.9,0.00526469,131038,43436.7,71.6895,19.8036,401.508,5148,910.519,4093.54,5701.6,2202.63,1942.7
2850,1,2025-05-02 00:00:00,17:32:15,12050443,Air-2-5-HeRelease20K,279,0.01,0.84,0,4,4,3,1,2,5,6.17785,0.081157,17947.3,48.9774,1739.4,7908.36,98532.5,17980.2,0.480391,1102.34,5890.35,26603.2,29654.3,29307.5,0.00523711,130421,43332.2,90.0729,18.9179,408.162,5121.13,905.033,4072.61,5678.47,2190.68,1941.02
2851,1,2025-05-02 00:00:00,20:42:15,12050443,Air-2-5,281,0.01,0.84,0,4,4,3,1,2,5,6.34248,0.0809662,15397.6,40.3085,1496.79,6387.43,98587.5,18015.3,0.481536,1082.28,5880.46,26733.2,29700.9,29311.5,0.00527549,130778,43406.6,74.753,18.7738,399.615,5097.66,904.906,4069.66,5689.89,2196.89,1944.94
2852,1,2025-05-02 00:00:00,23:52:15,12050443,Air-2-5,283,0.01,0.84,0,4,4,3,1,2,5,5.33031,0.0814601,17046.3,45.2969,1661.62,5876.81,98482,17982.2,0.480458,1098.93,5870.84,26703,29688.2,29278.6,0.0052593,131057,43456.7,79.0926,18.5516,406.766,5106.24,902.894,4070.39,5667.64,2189.47,1940.75
2853,1,2025-05-03 00:00:00,03:02:15,12050443,Air-2-5,285,0.01,0.83,0,4,4,3,1,2,5,5.80484,0.0805356,14251,39.5192,1386.12,5587.49,98300.8,17949.1,0.479848,1091.22,5881.12,26691.6,29667.5,29169.1,0.00526098,130795,43401.4,81.8675,19.7615,407.444,5096.29,901.931,4080.92,5664.82,2193.4,1940.36
2854,1,2025-05-03 00:00:00,06:12:15,12050443,Air-2-5,287,0.01,0.81,0,4,4,3,1,2,5,5.95736,0.0807295,15280.1,41.9133,1495.15,5683.61,98247.3,17950.3,0.478899,1094.27,5883.21,26731.9,29670.7,29165,0.00526489,130366,43354.6,87.9325,19.1968,405.421,5097.28,899.636,4058.77,5666.23,2193.02,1934.38
2855,1,2025-05-03 00:00:00,09:25:20,12050443,Air-2-5-HeRel20-NeRel65,289,0.01,0.83,0,4,4,3,1,2,5,5.48278,0.0807437,15556,42.3776,1505.81,5792.14,98301.1,17943.2,0.479533,1091.47,5847,26583,29554.4,29117.4,0.00525275,130246,43251.8,89.8548,19.6449,403.449,5091.12,897.608,4045.74,5651.1,2194.95,1938.05
2856,1,2025-05-03 00:00:00,12:35:19,12050443,Air-2-5,291,0.01,0.82,0,4,4,3,1,2,5,5.8874,0.0812295,9886.28,26.61,958.592,5710.46,97869.8,17898.3,0.477588,1100.17,5851.54,26426,29498.1,29113.5,0.00522829,129132,43093,97.7669,19,402.028,5070.2,894.578,4038.46,5614.93,2187.5,1934.7
2857,1,2025-05-03 00:00:00,15:45:20,12050443,Air-2-5,293,0.01,0.83,0,4,4,3,1,2,5,5.78348,0.0794487,17179.5,47.8073,1667.17,5599.42,97606.2,17832.5,0.476123,1086.08,5864.12,26589.2,29540,29153.4,0.00525662,129788,43205.3,88.2367,19.0753,402.856,5064.03,891.222,4062.35,5646.49,2176.91,1925.84
2858,1,2025-05-03 00:00:00,19:06:05,12050443,Air-2-5-He25-NoCharcCycleto80,295,0.01,0.82,0,4,4,3,1,2,5,6.02475,0.0819074,5788.66,17.1939,566.092,5535.15,97783.5,17858.6,0.47731,1095.54,5852.77,26391.3,29422.8,29033.3,0.00523467,129114,43023.7,88.2109,19.1175,397.912,5078.69,897.103,4046.42,5639.33,2171.04,1935.78
2859,1,2025-05-03 00:00:00,22:16:05,12050443,Air-2-5,297,0.01,0.82,0,4,4,3,1,2,5,5.63873,0.0833525,12141.4,31.2023,1173.33,5590.46,97599.5,17815,0.476199,1092.68,5864.42,26573.7,29593.3,29122.6,0.00525187,130138,43270.2,82.675,18.661,404.939,5085.33,898.117,4061.94,5621.94,2172.41,1930.67
2860,1,2025-05-04 00:00:00,01:26:05,12050443,Air-2-5,299,0,0.81,0,4,4,3,1,2,5,5.88817,0.0787082,4322.24,12.2345,424.649,5061.92,97511.1,17797.3,0.476197,1084.76,5849.13,26421.5,29431.4,29049.6,0.00524488,129742,43073.9,79.6518,18.5195,402.199,5074.65,886.454,4042.18,5626.91,2172.31,1920.85
2861,1,2025-05-04 00:00:00,04:36:05,12050443,Air-2-5,301,0,0.83,0,4,4,3,1,2,5,5.88344,0.0830801,11622.6,32.0175,1120.22,5041.98,97274.2,17793.4,0.474775,1087.24,5838.04,26489.9,29414.8,29036.8,0.00526159,129475,43010.9,79.1647,19.3414,407.02,5041.83,883.86,4046.25,5619.69,2164.8,1915.6
2862,1,2025-05-04 00:00:00,08:42:46,12050443,Air-2-5-NoNudeHeNeReset,305,0.01,0.82,0,4,4,3,1,2,5,5.62396,0.0855362,18113.3,51.0642,1765.03,5058.15,97232.4,17772.9,0.474649,1076.72,5823.93,26291.2,29361.5,28964.1,0.00522974,128469,42874,86.7268,18.9125,394.189,5028.77,889.017,4029.7,5597.43,2166.08,1911.55
2863,1,2025-05-04 00:00:00,11:52:46,12050443,Air-2-5,307,0.01,0.83,0,4,4,3,1,2,5,6.41598,0.0846913,16736.5,46.3113,1632.07,5191.47,96731,17657.8,0.472117,1086.38,5829.66,26379.3,29294.9,28900.7,0.00523591,128815,42876.1,90.8938,18.0573,395.616,5058.64,883.405,4017.25,5624.29,2165.82,1923.37
2864,1,2025-05-04 00:00:00,15:02:46,12050443,Air-2-5,309,0.01,0.82,0,4,4,3,1,2,5,5.84581,0.084719,18598.2,50.8448,1787.02,4959.95,96698.1,17663.9,0.471838,1085.63,5823.89,26292.2,29338.7,28970.9,0.00521786,129174,42905.5,84.2657,18.9661,404.151,5052.22,889.26,4019.81,5605.71,2162.84,1930.35
2865,1,2025-05-04 00:00:00,18:12:46,12050443,Air-2-5,311,0.01,0.82,0,4,4,3,1,2,5,5.87826,0.0821182,11818.3,31.5269,1158.05,4711.21,96529.8,17620.5,0.471229,1069.38,5802.12,26303.6,29319,28920.5,0.0052378,129227,42904.5,80.0093,18.3753,400.475,5026.62,893.36,4014.91,5607.96,2159.55,1935.78
2866,1,2025-05-04 00:00:00,21:22:46,12050443,Air-2-5,313,0.01,0.83,0,4,4,3,1,2,5,6.52979,0.0851833,16884.5,48.425,1654.13,4875.67,96747.6,17646.2,0.471947,1068.66,5805.79,26293.3,29286.4,28836.3,0.00522149,129063,42848.4,83.241,19.4979,407.583,5036.46,898.021,4016.92,5598.44,2174.63,1911.47
2867,1,2025-05-05 00:00:00,00:32:46,12050443,Air-2-5,315,0.01,0.82,0,4,4,3,1,2,5,5.41059,0.0848317,18773.4,49.3432,1813.15,4817.73,96473.8,17619.3,0.47088,1080.26,5795.22,26265.8,29264.8,28905.2,0.00523255,129130,42844.9,83.0706,19.5848,397.467,5043.2,895.162,3996.43,5594.9,2153.04,1926.89
2868,1,2025-05-05 00:00:00,03:42:46,12050443,Air-2-5,317,0.01,0.83,0,4,4,3,1,2,5,6.02816,0.0847266,15949.3,41.5036,1551.92,4801.9,96397.6,17594.6,0.470465,1072.27,5767.43,26174,29243.8,28816.3,0.00521121,128664,42789,76.5547,17.7965,395.087,5019.69,880.837,4006.18,5579.69,2155.2,1919.78
2872,1,2025-05-05 00:00:00,17:18:57,12050443,Air-2-5-NoPumponCharcat25,319,0.01,0.83,0,4,4,3,1,2,5,6.05621,0.083968,15934.9,43.1173,1541.41,5843.56,96770.8,17688.5,0.472741,1081.5,5823.29,26334.5,29351.8,28956.8,0.00523028,128661,42884.5,83.588,18.5042,400.81,5031.33,898.014,4036.65,5602.61,2170.29,1919.8
2873,1,2025-05-05 00:00:00,20:28:57,12050443,Air-2-5,321,0.01,0.81,0,4,4,3,1,2,5,6.488,0.0823735,13037.5,37.8138,1260.98,5398.71,96814.4,17720,0.472689,1091.68,5808.43,26274.7,29282.9,28923,0.00522107,128654,42830.3,95.4324,18.6408,399.293,5042.71,886.876,4038.21,5612.05,2160.8,1929.06
2874,1,2025-05-05 00:00:00,23:38:57,12050443,Air-2-5,323,0.01,0.81,0,4,4,3,1,2,5,5.88011,0.0818475,11616.2,31.0358,1109.46,5043.11,96638.1,17608,0.471465,1078.79,5796.58,26169.1,29190,28798,0.00521424,127968,42672.7,83.7322,18.4322,393.301,5010.88,887.09,3999.57,5553.94,2156.39,1909.36
2875,1,2025-05-06 00:00:00,02:48:57,12050443,Air-2-5,325,0.01,0.82,0,4,4,3,1,2,5,6.35649,0.0821172,12162.4,31.7919,1187.18,5083.28,96414.1,17617.1,0.471245,1075.48,5792.06,26160.8,29268.6,28819.3,0.00521908,128813,42819.6,82.9148,19.0523,399.739,5038.53,884.78,4021.34,5576.96,2141.78,1907.34
2877,1,2025-05-06 00:00:00,15:58:08,12050443,"Air-2-5-HeRel,NeRel,CharcDrawTime,CharconNudeTime-Change",329,0.01,5.09,0,4,4,3,1,2,5,39.1007,0.576464,117373,322.564,11383.6,7610.54,604481,113452,3.05917,6652.2,37424,170186,188955,186171,0.0187453,821359,274908,226.223,131.505,2789.48,35544.6,6002.16,28429.8,39187.8,15207.9,12929.7
2878,1,2025-05-06 00:00:00,19:18:08,12050443,Air-2-5,331,0.01,4.94,0,4,4,3,1,2,5,38.9286,0.566261,119102,329.709,11578.8,6473.27,604422,113567,3.05985,6650.14,37575,170832,189237,186695,0.0188098,824647,275448,220.956,132.055,2800.52,35598.3,6000.01,28448.6,39284.2,15207.7,12993.8
2879,1,2025-05-06 00:00:00,22:38:08,12050443,Air-2-5,333,0.01,4.9,0,4,4,3,1,2,5,35.7269,0.549317,119886,328.854,11654.7,6437.17,604132,113461,3.05869,6665.37,37620.4,170944,189280,186823,0.0188132,821827,275316,225.202,133.012,2823.62,35714.9,6007.52,28476.2,39337.8,15248.2,12982.4
2880,1,2025-05-07 00:00:00,01:58:08,12050443,Air-2-5,335,0.01,5.01,0,4,4,3,1,2,5,35.4687,0.544925,114147,310.06,11055.2,6402.8,603603,113453,3.05592,6638.51,37578.1,171381,189121,186539,0.0188942,823532,275287,221.485,135.016,2791.88,35625.5,6019.32,28460.4,39314.6,15210.3,12991.6
2884,1,2025-05-07 00:00:00,18:09:20,12050443,Air-2-5,337,0.05,5.08,0,4,4,3,1,2,5,35.5634,0.548286,112037,309.927,10878.7,6307.02,602609,113225,3.04953,6600.75,37444.3,170624,188619,186204,0.0188039,820442,274496,228.886,128.508,2783.42,35476.1,5984.83,28342,39038.4,15134.2,12938.5
2885,1,2025-05-07 00:00:00,21:29:20,11050443,Air-1-5,338,0.05,2.56,0,4,4,3,1,1,5,18.9133,0.265787,59766.9,163.226,5811.52,6150.49,309127,57252.6,1.53636,3296.46,18436.4,84237.5,93321.1,91870,0.0106755,409872,136096,146.326,63.6741,1343.02,16896.6,2897.99,13454.8,18669.6,7219.68,6251.52
2886,1,2025-05-08 00:00:00,00:49:20,12050443,Air-2-5,340,0.04,5.04,0,4,4,3,1,2,5,35.36,0.544004,118251,322.6,11552.5,6349.25,600888,113005,3.04372,6586.76,37478.3,170235,188220,185783,0.0188022,819042,273906,226.945,128.434,2780.6,35447.8,5969.16,28270.7,38954.3,15101.8,12912.1
2887,1,2025-05-08 00:00:00,04:09:20,12050443,Air-2-5,342,0.04,4.89,0,4,4,3,1,2,5,35.6712,0.540952,119368,332.659,11618.4,6236.84,600185,112750,3.03831,6590.92,37331.4,169399,188052,185548,0.018707,819257,273930,228.869,134.181,2778.23,35333.4,5974.42,28218.3,38943.4,15065.6,12884.5
2890,1,2025-05-08 00:00:00,16:04:45,12050443,Air-2-5,344,0.05,4.92,0,4,4,3,1,2,5,40.904,0.594065,114763,315.509,11173.4,6409.34,601213,112999,3.0445,6622.93,37382.9,169749,188377,185708,0.018772,820620,274481,242.724,132.826,2768.65,35373.5,5968.04,28213.2,38949.4,15079.9,12936.7
2891,1,2025-05-08 00:00:00,19:24:45,12050443,Air-2-5,346,0.05,4.94,0,4,4,3,1,2,5,37.8542,0.563867,118475,323.527,11521.5,6386.4,599603,112742,3.037,6563.65,37371.5,169867,188048,185325,0.0187582,815375,273680,237.236,128.611,2775.84,35337,5982.06,28253,38920.7,15064.8,12889.5
2892,1,2025-05-08 00:00:00,22:44:45,11050443,Air-1-5,347,0.04,2.51,0,4,4,3,1,1,5,18.8978,0.278916,55640.9,145.693,5449.83,6066.46,308499,57204.6,1.53451,3304.68,18424.6,83593.7,93020.4,91626.3,0.0106193,408822,135725,149.977,61.9512,1323.62,16841.6,2892.13,13453.3,18575.8,7184.69,6260.14
2893,1,2025-05-09 00:00:00,02:04:45,12050443,Air-2-5,349,0.04,5.01,0,4,4,3,1,2,5,36.3111,0.547879,116275,318.867,11284.6,6044.82,598254,112521,3.0308,6589.86,37247,168952,187734,185301,0.0186814,817455,273417,226.75,131.299,2800.93,35210.6,5988.95,28116.6,38812.4,15043.3,12912.4
2897,1,2025-05-09 00:00:00,17:56:56,12050443,Air-2-5-HeRel30,351,0.05,5.11,0,4,4,3,1,2,5,33.8044,0.547215,118736,328.166,11563.6,5761.56,596696,112313,3.02603,6592.93,37175.3,169027,187403,184557,0.0187231,814718,272708,242.583,128.228,2780.09,35106.2,5939.14,27989.3,38713,14964.8,12843.2
2898,1,2025-05-09 00:00:00,21:16:56,12050443,Air-2-5,353,0.04,4.91,0,4,4,3,1,2,5,35.2168,0.545144,116611,323.417,11325.9,5865.75,595639,112030,3.01913,6529.58,37105.4,168205,187215,184683,0.0186395,812811,272337,229.121,130.364,2767.43,35107.8,5957.82,28000.7,38687.7,14972.3,12871.2
2899,1,2025-05-10 00:00:00,00:36:56,11050443,Air-1-5,354,0.04,2.49,0,4,4,3,1,1,5,18.1015,0.263761,56147.5,156.599,5467.57,5730.99,306494,56878.8,1.52722,3260.96,18290.3,82915.4,92360.3,91137.6,0.0105699,405318,134723,152.783,61.1324,1312.72,16703,2891.56,13319.3,18408.1,7106.67,6211.9
2900,1,2025-05-10 00:00:00,03:56:56,12050443,Air-2-5,356,0.04,4.88,0,4,4,3,1,2,5,36.2942,0.541501,115963,323.232,11353.3,5991.54,596153,112248,3.02265,6510.34,37046.9,168186,186769,184234,0.0186345,811541,271724,238.743,130.91,2761.82,34976.7,5936.73,27938.4,38564.2,14944.6,12814
2901,1,2025-05-10 00:00:00,07:16:56,12050443,Air-2-5,358,0.04,4.9,0,4,4,3,1,2,5,34.1815,0.541122,116578,324.082,11431.4,6207.11,595647,112171,3.02122,6512.83,37097.3,168885,186771,184259,0.0187136,813553,271874,245.155,131.146,2760.2,35023.7,5921.49,27907.7,38530.3,14907.8,12838.8
2902,1,2025-05-10 00:00:00,10:36:56,12050443,Air-2-5,360,0.04,4.95,0,4,4,3,1,2,5,35.3323,0.541918,106091,289.207,10353.7,6323.32,595425,112144,3.02059,6504.44,37037.6,168183,186515,184059,0.0186381,808429,271211,228.971,129.496,2765.39,34930.8,5947.36,27940.5,38577.7,14934.2,12802.4
2903,1,2025-05-10 00:00:00,13:56:56,12050443,Air-2-5,362,0.04,4.88,0,4,4,3,1,2,5,36.6036,0.53878,114671,319.917,11180,6267.24,595214,112117,3.02021,6517.96,37043.9,167696,186623,184188,0.0185747,809089,271236,229.61,127.335,2754.19,34939,5924.23,27930,38579,14949.8,12825.9
2904,1,2025-05-10 00:00:00,17:16:56,11050443,Air-1-5,363,0.04,2.47,0,4,4,3,1,1,5,19.0459,0.261094,52256.4,145.605,5085.05,5902.33,305238,56647.8,1.52127,3267.8,18293.5,83012.3,92379.1,91033.5,0.0105854,405928,134782,149.705,61.6421,1307.28,16661.7,2871.14,13308.9,18406.1,7098.29,6186.87
2905,1,2025-05-10 00:00:00,20:36:56,12050443,Air-2-5,365,0.04,4.93,0,4,4,3,1,2,5,35.565,0.54151,102933,283.972,10061.2,5771.92,594471,112009,3.01861,6504.65,37026.4,168073,186643,184049,0.0186257,812409,271683,227.461,129.381,2739.04,34921.3,5931.47,27902.2,38549.8,14922.9,12821.4
2906,1,2025-05-10 00:00:00,23:56:56,12050443,Air-2-5,367,0.04,4.92,0,4,4,3,1,2,5,35.418,0.538477,106595,291.254,10402,5896.4,593637,111919,3.0152,6471.16,36944.5,167113,186413,183938,0.0184775,810225,271372,228.21,128.71,2755.84,34946.7,5940,27916.2,38494.5,14931.9,12825.2
2908,1,2025-05-11 00:00:00,06:36:56,11010443,Air-1-1,368,0.04,2.44,0,4,4,3,1,1,1,3.6893,0.0503805,10914.2,29.7701,1068.93,4583.65,55602.5,10161.3,0.271561,680.38,3418.07,15403.2,17188,16957.3,0.00419754,75669.1,25228,98.0618,11.1473,232.576,2913.6,526.938,2316.05,3237.17,1261.35,1136.09
2909,1,2025-05-11 00:00:00,09:56:56,11010443,Air-1-1,369,0.04,2.45,0,4,4,3,1,1,1,3.6698,0.0501199,10825.8,28.9169,1061.41,4839.22,55553.5,10160.5,0.271161,672.53,3412.88,15381.7,17158.3,16895.5,0.00420934,75410.1,25152.8,90.198,10.4691,235.063,2904.11,523.007,2299.26,3238.06,1246.3,1123.06
2910,1,2025-05-11 00:00:00,13:16:56,12050443,Air-2-5,371,0.04,4.89,0,4,4,3,1,2,5,34.9234,0.539399,105443,291.18,10297.2,5279.59,591601,111529,3.00548,6463.25,36947.1,167539,185943,183470,0.0186102,802900,270479,235.604,132.818,2728.34,34774.7,5908.53,27793.7,38438.8,14894.1,12773.7
2911,1,2025-05-11 00:00:00,16:36:56,12050443,Air-2-5,373,0.04,4.87,0,4,4,3,1,2,5,34.8552,0.53732,114317,321.477,11232.4,5826.31,591706,111534,3.0066,6481.13,36923.5,167507,185913,183678,0.0185743,803695,270257,227.987,131.974,2751.5,34896.3,5927.96,27829.9,38477.2,14909.6,12800.5
2912,1,2025-05-11 00:00:00,19:56:57,12010443,Air-1-5,375,0.04,4.91,0,4,4,3,1,2,1,7.25334,0.101782,20465.5,55.8213,1990.5,5091.32,117651,21629,0.579159,1311.19,7132.83,32255.7,35930.8,35416.1,0.00578726,158433,52583.6,95.1134,23.6824,487.969,6179.86,1088.74,4937.77,6869.02,2645.84,2355.85
2913,1,2025-05-11 00:00:00,23:16:56,12010443,Air-1-5,377,0.04,5,0,4,4,3,1,2,1,6.81052,0.101855,20184.8,54.4527,1969.52,4924.21,117473,21604.6,0.578493,1293.87,7085.37,32073.2,35866.1,35323.8,0.00577538,157672,52415.2,88.5688,23.254,486.294,6158.28,1093.7,4917.46,6844.98,2642.09,2350.65
2914,1,2025-05-12 00:00:00,02:36:56,12050443,Air-2-5,379,0.04,4.86,0,4,4,3,1,2,5,35.3582,0.540701,100813,278.11,9829,5162.95,591037,111458,3.0049,6481.22,36913.4,166894,185644,183125,0.0185266,806539,270741,218.361,129.365,2741.7,34823.4,5898.41,27742.4,38357,14877.3,12764.6
2915,1,2025-05-12 00:00:00,05:56:56,12050443,Air-2-5,381,0.05,4.94,0,4,4,3,1,2,5,35.0977,0.538823,112656,312.385,11072.4,5876.95,590440,111485,3.00132,6438.97,36819.7,166727,185404,182851,0.0184712,805570,269994,231.445,127.374,2733.54,34718.8,5885.46,27751.6,38347.3,14810.7,12730.9
2916,1,2025-05-12 00:00:00,09:20:15,12050443,Air-2-5-NeRel90-PumpHe30secafterRel,383,0.05,4.89,0,4,4,3,1,2,5,34.3573,0.536384,82314,227.35,8131.92,6280.94,589468,111344,2.99816,6460.06,36854.9,166889,185504,183037,0.0185095,805023,269910,229.975,126.823,2725.14,34734.8,5911.81,27671.7,38257.9,14824.4,12740.7
2917,1,2025-05-12 00:00:00,12:42:52,12050443,Air-2-5-NeRel100,385,0.05,4.88,0,4,4,3,1,2,5,35.3828,0.536121,97205.7,268.027,9612.91,5983.2,588715,111221,2.99445,6452.91,36815.8,167408,185501,183200,0.0185489,806189,269967,223.154,128.407,2735.91,34717.5,5880.5,27745.3,38296.5,14843.3,12766.9
2918,1,2025-05-12 00:00:00,16:02:52,12050443,Air-2-5,387,0.05,4.8,0,4,4,3,1,2,5,35.9218,0.536507,100612,277.486,9908.89,6274.35,588346,111236,2.99469,6455.78,36820.7,166991,185250,182739,0.0185523,805651,269921,223.064,129.514,2731.83,34683.6,5860.75,27670.3,38234.3,14818.7,12700.7
2919,1,2025-05-12 00:00:00,19:22:52,12050443,Air-2-5,389,0.05,4.88,0,4,4,3,1,2,5,35.2763,0.535584,97232.8,268.569,9611.33,6411.13,587235,111017,2.99116,6426.21,36710.6,166482,185179,182728,0.0184636,803694,269527,222.701,131.208,2740.06,34715.9,5877.6,27628.6,38221.6,14797.1,12744
2920,1,2025-05-12 00:00:00,22:42:52,12050443,Air-2-5,391,0.05,4.78,0,4,4,3,1,2,5,36.0011,0.537277,109506,299.542,10762.1,6333.3,587263,110960,2.99102,6410.99,36794.6,166854,185020,182660,0.0185069,800543,268938,218.549,127.919,2738.57,34739.1,5900.59,27711.3,38279.7,14803.4,12762.3
2921,1,2025-05-13 00:00:00,02:02:52,12050443,Air-2-5,393,0.05,4.83,0,4,4,3,1,2,5,36.8499,0.538139,105067,291.425,10347.1,6197.2,587256,111092,2.99203,6378.18,36680.4,166492,184782,182528,0.0184553,798241,268596,211.164,127.566,2723.66,34661.9,5898.62,27632.3,38211.7,14790.5,12734.7
2922,1,2025-05-13 00:00:00,11:05:10,12050443,Air-2-5-15minCharcto100K  *20/22 dropped to 8.5*,397,0.05,4.9,0,4,4,3,1,2,5,35.2185,0.538169,124419,379.293,13568.1,6059.97,587161,110982,2.99286,6437.44,37013.5,167466,186135,183961,0.0185823,806041,270812,236.759,130.814,2785.45,35087.6,5980.19,28029.2,38838.2,15009.4,12890.1
2923,1,2025-05-13 00:00:00,14:25:10,12050443,Air-2-5,399,0.04,4.89,0,4,4,3,1,2,5,34.3883,0.536417,115585,395.325,13943.9,6568.54,585007,110752,2.98199,6450.24,36951,167634,186354,183988,0.0185789,807198,270807,223.602,129.161,2788.19,35299.9,5977.84,28177.1,38916.5,15086.2,12927
2924,1,2025-05-13 00:00:00,17:45:10,12050443,Air-2-5,401,0.05,4.85,0,4,4,3,1,2,5,36.5529,0.536012,121998,402.935,14243,6815.95,585106,110735,2.98291,6414.9,37049.9,167530,186691,184088,0.0185723,809159,271328,211.615,131.817,2788.47,35310.5,5998.36,28209.5,38951.6,15064.6,12989.8
2925,1,2025-05-13 00:00:00,21:05:10,11050443,Air-1-5,402,0.04,2.44,0,4,4,3,1,1,5,17.5434,0.256799,58760.6,194.287,6945.24,6316.03,298703,55751.9,1.49678,3226.18,18228.3,82513.8,92141.2,90926.3,0.0105381,403343,134375,137.737,62.8311,1333.16,16804.5,2909.62,13453.1,18621.5,7197.82,6278.64
2926,1,2025-05-14 00:00:00,00:25:10,12050443,Air-2-5,404,0.04,4.83,0,4,4,3,1,2,5,36.343,0.536385,112981,368.2,13119.5,6456.1,584642,110661,2.98196,6437.35,36988,168031,186078,183907,0.0186557,806817,270654,217.605,132.478,2770.72,35276.7,5998.79,28164.6,38889.5,15093.9,12980.8
2927,1,2025-05-14 00:00:00,03:45:10,12050443,Air-2-5,406,0.04,4.84,0,4,4,3,1,2,5,37.1668,0.536691,120672,396.225,13985.2,6347.91,584068,110613,2.98043,6439.5,36889.1,166126,185917,183649,0.0184194,804355,270253,216.613,130.779,2779.78,35244.8,6009.12,28146.9,38876.4,15066,12932.7
2928,1,2025-05-14 00:00:00,07:35:39,12050443,Air-2-5-NeNuInletTimesIncreased,408,0.05,4.77,0,4,4,3,1,2,5,35.466,0.533609,117147,413.181,14478.2,6983.19,583404,110498,2.97978,6436.73,36931.8,167042,185999,183663,0.0185366,804761,270380,227.831,131.329,2788.78,35143.5,6005.1,28129.7,38832.3,15032.9,12915.2
2929,1,2025-05-14 00:00:00,10:55:39,12050443,Air-2-5,410,0.05,4.9,0,4,4,3,1,2,5,35.9162,0.536813,110855,380.627,13631.4,7080.03,582519,110319,2.97308,6411.81,36871.2,166799,185698,183278,0.0185125,807358,270249,233.054,131.052,2766.71,35106.4,5966.62,27993.1,38690.2,14993.1,12894.8
2930,1,2025-05-14 00:00:00,14:15:39,12050443,Air-2-5,412,0.05,4.9,0,4,4,3,1,2,5,36.1102,0.53242,133641,420.599,14871.1,7018.79,582170,110267,2.97158,6421.69,36854.7,167149,185732,183288,0.0185335,807810,270354,236.358,129.439,2772.22,35085,5951.8,28025.1,38687.2,14994.2,12899.5
2931,1,2025-05-14 00:00:00,17:35:39,12050443,Air-2-5,414,0.05,4.89,0,4,4,3,1,2,5,35.639,0.534934,122441,389.963,13874.2,6798.14,581199,110186,2.969,6416.03,36778.6,166309,185332,183115,0.0184496,802753,269607,225.908,132.123,2778.75,35046.6,5970.69,27958.3,38704.8,14951.6,12895.2
2932,1,2025-05-14 00:00:00,20:55:39,12050443,Air-2-5,416,0.05,4.84,0,4,4,3,1,2,5,35.9457,0.532396,128092,430.573,15210.4,6811.17,581177,110134,2.96864,6415.54,36795.4,166961,185477,183040,0.0185334,806810,270101,227.563,130.223,2751.48,35110,5966.39,28021.5,38733.2,14982.4,12903.8
2933,1,2025-05-15 00:00:00,00:15:39,12050443,Air-2-5,418,0.05,4.88,0,4,4,3,1,2,5,36.7332,0.529559,131008,437.586,15457,6885.92,580265,110095,2.96546,6406.34,36721.4,166137,185239,182939,0.0184254,805148,269823,221.399,130.034,2764.53,35080.8,5957.45,27982.8,38664.9,14968.8,12902.9
2934,1,2025-05-15 00:00:00,03:35:39,12050443,Air-2-5,420,0.05,4.77,0,4,4,3,1,2,5,34.8958,0.529317,128440,438.499,15443,6950.75,579408,109845,2.96225,6390.71,36741.1,166337,185216,182713,0.0184697,803487,269530,216.546,129.016,2743.24,34989.7,5974.68,27968.9,38597.8,14948.8,12858.7
2935,1,2025-05-15 00:00:00,08:38:47,12050443,Air-2-5-Charc100for12min-NeRel95  *Still low 20/22*,422,0.05,4.77,0,4,4,3,1,2,5,34.4705,0.527373,113254,383.428,13393.7,6925.65,579537,109971,2.96452,6370.02,36660.4,165358,184947,182727,0.0183708,801803,268936,228.102,127.908,2755.08,34948.5,5934.91,27853.9,38554,14935.2,12881.6
2936,1,2025-05-15 00:00:00,16:50:59,12050443,Air-2-5-NeRel80,426,0.05,4.8,0,4,4,3,1,2,5,34.8854,0.529468,100003,273.203,9852.63,5340.57,577591,109552,2.95629,6394.18,36699.3,166007,184866,182549,0.0184859,802024,269148,237.431,130.617,2765.82,34865.7,5954.11,27856.3,38574,14930.4,12842.7
2937,1,2025-05-15 00:00:00,20:10:59,12050443,Air-2-5,428,0.05,4.86,0,4,4,3,1,2,5,34.6425,0.527568,101334,284.329,10026,6123.93,576362,109611,2.95285,6381.12,36659.7,165859,184654,182447,0.0184135,799247,268582,234.809,131.474,2741.65,34884.7,5946.51,27875.2,38511.6,14905.9,12817.6
2938,1,2025-05-15 00:00:00,23:31:00,12050443,Air-2-5,430,0.04,4.82,0,4,4,3,1,2,5,33.5663,0.527221,99117.8,274.261,9814.71,6483.29,576145,109489,2.94945,6356.16,36578.7,165133,184530,182214,0.0183377,800377,268361,229.365,127.221,2747.35,34812.7,5932.48,27768.2,38371.6,14881.2,12825.5
2939,1,2025-05-16 00:00:00,02:51:00,12050443,Air-2-5,432,0.04,4.76,0,4,4,3,1,2,5,36.7918,0.525372,102783,288.311,10165.1,6533.65,575077,109349,2.9471,6386.26,36572.9,165816,184491,182129,0.0184407,801817,268722,231.817,128.565,2755.45,34870.6,5956.4,27857.7,38508.5,14880.3,12870.5
2940,1,2025-05-16 00:00:00,06:11:00,12050443,Air-2-5,434,0.05,4.81,0,4,4,3,1,2,5,34.8161,0.525912,99867,278.437,9911.99,6691.78,574805,109289,2.94508,6379.59,36639.4,165921,184460,181997,0.0184618,801531,268554,234.496,126.089,2732.08,34785.7,5936.07,27801.1,38398.6,14859.4,12815.3
2941,1,2025-05-16 00:00:00,10:15:41,12050443,Air-2-5-CharcDrawLine15min,436,0.05,4.8,0,4,4,3,1,2,5,35.6324,0.528816,98362.6,273.166,9817.76,7026.03,572865,108967,2.93631,6354.41,36500.8,165018,184034,181961,0.018365,796062,267664,237.16,128.904,2741.37,34710.1,5924.74,27752.2,38356.2,14831.2,12834.2
2942,1,2025-05-16 00:00:00,13:34:21,12050443,Air-2-5-CharcDrawNude10min,438,0.05,4.91,0,4,4,3,1,2,5,35.2876,0.526085,102644,285.246,10209.5,6956.15,577652,109880,2.96001,6367.91,36496.3,165324,183980,181682,0.0183679,800198,267971,241.664,130.471,2734,34713.2,5920.69,27758.8,38263.5,14842.4,12804.9
2943,1,2025-05-16 00:00:00,16:50:21,12050443,Air-2-5,440,0.05,4.81,0,4,4,3,1,2,5,37.0371,0.523862,103208,289.666,10255.4,7006.71,576537,109749,2.95511,6354.67,36449.2,164484,183785,181522,0.0182971,794403,267090,230.114,128.201,2736.58,34724.7,5915.53,27649.1,38282.2,14814.5,12795.4
2945,1,2025-05-16 00:00:00,23:10:21,12050443,Air-2-5,442,0.05,4.79,0,4,4,3,1,2,5,34.2974,0.528677,104689,293.193,10367,6126.89,576090,109632,2.95399,6354.39,36484,165117,183878,181504,0.0183984,796404,267666,230.455,129.438,2747.06,34684.9,5919.05,27680.5,38321.6,14815.8,12784.9
2946,1,2025-05-17 00:00:00,02:20:21,12050443,Air-2-5,444,0.05,4.74,0,4,4,3,1,2,5,35.129,0.521184,108356,301.444,10734.1,6725.97,575688,109587,2.95221,6335.41,36415.2,164815,183613,181437,0.0183289,795684,267180,224.029,126.693,2734.39,34679.7,5902.65,27673.2,38318.1,14810.8,12799
2947,1,2025-05-17 00:00:00,05:30:21,12050443,Air-2-5,446,0.04,4.89,0,4,4,3,1,2,5,35.3757,0.521907,107269,299.692,10656.7,6504.56,574309,109380,2.94814,6320.53,36507.5,165232,183840,181453,0.0183801,794543,267299,221.777,128.321,2729.35,34636,5917.37,27635.8,38269.8,14839.5,12794.9
2948,1,2025-05-17 00:00:00,08:40:21,11050443,Air-1-5,447,0.04,2.38,0,4,4,3,1,1,5,16.9697,0.249246,52663.5,146.125,5242.84,6252.41,291172,54824.9,1.47146,3159.39,17957.9,81446.3,90619.7,89705.7,0.0104641,396550,132276,144.145,60.2144,1313.28,16462.4,2866.73,13163.5,18245.7,7048.09,6180.86
2949,1,2025-05-17 00:00:00,11:50:21,11050443,Air-1-5,448,0.05,2.4,0,4,4,3,1,1,5,17.423,0.247584,54009.2,147.944,5369.55,6251.74,291110,54649.3,1.46962,3151.59,17912.5,80882.7,90459.3,89429.4,0.0104051,394959,131938,151.482,59.175,1287.95,16402.5,2860.36,13128.3,18226.3,7013.74,6173.44
2950,1,2025-05-17 00:00:00,15:00:21,12050443,Air-2-5,450,0.04,4.75,0,4,4,3,1,2,5,35.5358,0.519844,105766,298.77,10540.2,6371.55,573366,109231,2.94491,6322.12,36405.6,164942,183241,180990,0.0183716,795125,267005,231.055,126.078,2706.85,34470,5908.28,27507,38131.3,14736.2,12721.3
2951,1,2025-05-17 00:00:00,18:10:21,12050443,Air-2-5,452,0.05,4.78,0,4,4,3,1,2,5,34.9665,0.520581,106757,298.893,10663.8,6607.78,572234,109015,2.93957,6310.51,36325.8,164158,183111,180867,0.0182639,792555,266423,226.104,126.79,2719.9,34526.1,5882.66,27476,38086.4,14751.9,12733.7
2952,1,2025-05-17 00:00:00,21:20:21,11010443,Air-1-1,453,0.05,2.4,0,4,4,3,1,1,1,3.49993,0.047238,10847.7,30.1171,1083.79,5914.36,52619.4,9775.14,0.260709,660.219,3338.39,15107.8,16826.7,16616.8,0.00416535,73829.3,24741.8,86.5421,10.841,225.729,2870.75,521.095,2294.49,3179.87,1243.09,1116.33
2953,1,2025-05-18 00:00:00,00:30:21,11010443,Air-1-1,454,0.05,2.39,0,4,4,3,1,1,1,3.35759,0.0472571,10672.5,29.3765,1070.86,5620.41,52667.3,9762.89,0.260468,640.904,3321.11,15003.9,16809.1,16582.4,0.0041727,73430.1,24581.8,83.3995,10.2392,228.533,2865.77,518.872,2291.74,3190.21,1227.07,1118.75
2954,1,2025-05-18 00:00:00,03:40:21,12050443,Air-2-5,456,0.04,4.76,0,4,4,3,1,2,5,34.6724,0.517898,110191,311.73,10990.8,6115.64,572005,109081,2.94029,6315.2,36285.1,164017,182752,180516,0.0183236,789382,265921,235.734,127.029,2700.41,34314.5,5897.45,27469.3,37983.2,14717.6,12751.8
2955,1,2025-05-18 00:00:00,06:50:21,12050443,Air-2-5,458,0.05,4.74,0,4,4,3,1,2,5,34.78,0.519396,104400,298.006,10422.1,6919.04,571648,109261,2.94049,6321.23,36353.5,164606,183162,180877,0.0183476,792403,266254,252.886,127.642,2705.08,34452.8,5916.24,27472.2,38088.5,14738.5,12720.2
2956,1,2025-05-18 00:00:00,10:00:21,11050443,Air-1-5,459,0.05,2.38,0,4,4,3,1,1,5,17.2046,0.246788,53408.8,153.238,5321.23,6735.48,289529,54543.2,1.46409,3131.57,17849.8,80760.8,90083.9,89077.3,0.0103781,391681,131237,163.526,58.9133,1292.35,16347.9,2832.04,13034.7,18121.8,7006.18,6175.6
2957,1,2025-05-18 00:00:00,13:10:21,11050443,Air-1-5,460,0.05,2.45,0,4,4,3,1,1,5,17.8226,0.245614,54233.4,152.199,5421.94,6341.71,289126,54437.3,1.46205,3148.56,17870.9,80491.8,90103.9,89009.6,0.0103789,393368,131385,158.217,61.4855,1293.25,16331.4,2846.42,13039.2,18145.5,7013.34,6123.15
2958,1,2025-05-18 00:00:00,16:20:21,12050443,Air-2-5,462,0.05,4.78,0,4,4,3,1,2,5,33.4214,0.514142,107825,303.124,10719.7,6826.01,570210,108853,2.93198,6278.45,36132.5,163261,182121,179681,0.0182225,789169,264934,237.016,124.396,2698.03,34207.2,5863.46,27326.3,37851.1,14644.4,12675.2
2959,1,2025-05-18 00:00:00,19:30:21,12050443,Air-2-5,464,0.05,4.83,0,4,4,3,1,2,5,33.7738,0.514335,110901,310.044,11066.1,6904.25,569336,108739,2.92925,6300.78,36147.6,163631,182271,180139,0.0182435,789790,265255,243.34,128.101,2712.99,34329.1,5869.75,27401.1,37903.9,14671.8,12717.8
2960,1,2025-05-18 00:00:00,22:40:21,12050443,Air-2-5,466,0.04,4.85,0,4,4,3,1,2,5,34.2553,0.512534,112876,316.875,11223.5,7003.03,569196,108714,2.92745,6245.03,36160.4,162953,181918,179705,0.0181863,787953,264644,230.746,123.901,2706.04,34206.7,5873.98,27328.6,37835.5,14609.9,12686.7
2961,1,2025-05-19 00:00:00,01:50:21,12050443,Air-2-5,468,0.05,4.7,0,4,4,3,1,2,5,34.8258,0.514265,111098,313.397,11097.6,7311.72,568447,108638,2.92627,6285.28,36042.5,162692,181820,179650,0.0181456,787215,264478,233.078,126.187,2707.78,34242,5849.67,27326.4,37821,14648.6,12665.3
2965,1,2025-05-19 00:00:00,19:18:35,12050443,Air-2-5-200CCBulb,470,0.04,2.54,0,4,4,3,1,2,5,17.6002,0.269708,58070.9,161.111,5772.08,5388.1,312548,59035.6,1.58688,3397.19,19316.8,87330,97395.7,96331.6,0.0109961,423917,141879,157.943,66.3748,1396.42,17786.8,3086.13,14233.7,19736.8,7620.89,6677.96
2966,1,2025-05-19 00:00:00,22:28:35,12050443,Air-2-5,472,0.04,2.61,0,4,4,3,1,2,5,18.9268,0.26838,58480.1,164.215,5824.23,5618.53,312682,59035.6,1.58729,3366.54,19296.4,87308.1,97391.7,96359.5,0.0109937,423588,141971,152.324,64.8946,1397.9,17764,3070.37,14197.3,19668.7,7612.34,6679.81
2967,1,2025-05-20 00:00:00,01:38:35,12050443,Air-2-5,474,0.04,2.55,0,4,4,3,1,2,5,18.8335,0.269296,58609.9,162.675,5866.77,5380.96,312703,59075.8,1.58744,3360.81,19330.6,87294.5,97438.3,96281.1,0.0110172,423527,141939,144.799,64.9416,1402.19,17735.5,3087.78,14180.8,19694.1,7610.79,6670.68
2970,1,2025-05-20 00:00:00,16:58:45,12050443,Air-2-5,476,0.04,2.58,0,4,4,3,1,2,5,18.928,0.267855,58656.7,165.85,5832.18,5469.64,312878,59153.7,1.58842,3365.95,19294.8,87254.5,97506.6,96342,0.0110208,424940,142205,147.831,64.4471,1405.97,17730.1,3099.02,14197.6,19656.8,7628.48,6672.9
2971,1,2025-05-20 00:00:00,20:08:44,12050443,Air-2-5,478,0.04,2.54,0,4,4,3,1,2,5,18.8367,0.266947,58811.8,166.407,5872.96,5313.34,312036,59076,1.58702,3376.32,19347.4,86853.1,97531.7,96430.7,0.0109816,425975,142277,148.849,66.2087,1401.94,17713.5,3076.24,14162,19671.5,7598.36,6649.76
2972,1,2025-05-20 00:00:00,23:18:44,11050443,Air-1-5,479,0.04,1.3,0,4,4,3,1,1,5,8.69085,0.128838,29151,80.032,2894.34,5368.54,151659,28485.3,0.763541,1678.14,9425.86,42559.4,47602.6,46989.5,0.00679927,208549,69585.9,105.433,30.9352,654.629,8313.56,1462.96,6617.77,9229.61,3577.01,3177.27
2973,1,2025-05-21 00:00:00,02:28:44,12050443,Air-2-5,481,0.04,2.62,0,4,4,3,1,2,5,19.1643,0.269937,59136.5,164.66,5883.62,5481.51,312031,59010.9,1.58723,3366.69,19307.9,87007,97311.1,96355.4,0.0110034,422431,141823,148.904,68.0461,1398.38,17679.6,3080.22,14113.1,19667,7578.35,6670.9
2977,1,2025-05-21 00:00:00,18:54:25,12050443,Air-2-5,483,0.04,2.59,0,4,4,3,1,2,5,19.0654,0.269312,58786.7,161.68,5855,5736.17,311506,58913,1.58395,3330.18,19261.3,86854.5,97425.8,96245.3,0.0109492,424554,142111,137.93,64.845,1397.27,17715,3087.23,14099.4,19628.9,7595.53,6670.22
2978,1,2025-05-21 00:00:00,22:04:25,12050443,Air-2-5,485,0.04,2.62,0,4,4,3,1,2,5,19.3598,0.267581,58504,163.134,5824.72,5718.53,311279,58896.2,1.58352,3363.97,19323.8,87157.2,97388,96238.5,0.0110052,425330,142099,136.725,67.1104,1386.31,17663.7,3099.16,14078.7,19603.4,7594.16,6648.29
2979,1,2025-05-22 00:00:00,01:14:25,11050443,Air-1-5,486,0.04,1.29,0,4,4,3,1,1,5,8.56323,0.12948,29050.6,79.9371,2885.87,5506.41,151181,28387.5,0.761041,1660.98,9396.75,42499.8,47434.1,46802.2,0.00678358,207679,69339.6,98.1665,31.5133,652.343,8269.07,1463.07,6587.64,9184.91,3564.93,3157.1
2980,1,2025-05-22 00:00:00,04:24:25,12050443,Air-2-5,488,0.04,2.55,0,4,4,3,1,2,5,18.771,0.268528,58755.6,162.284,5825.62,5504.06,310451,58831.4,1.58036,3342.15,19257.3,86908,97191.9,95885.9,0.0109936,424005,141831,134.854,65.9667,1390.45,17609.2,3077.95,14052.4,19522.6,7547.2,6646.09
2982,1,2025-05-22 00:00:00,11:32:59,12050443,Air-2-5,490,0.04,2.61,0,4,4,3,1,2,5,18.6572,0.26601,56576.4,158.707,5620.03,5407.06,311673,58961.5,1.58679,3310.95,19109.9,86526.5,96514.8,95259.4,0.0109769,423216,141146,130.478,67.1285,1379.08,17470.5,3048.62,13939.7,19368.2,7521.94,6596.77
2983,1,2025-05-22 00:00:00,14:43:00,12050443,Air-2-5,492,0.04,2.53,0,4,4,3,1,2,5,18.0959,0.265073,57686.3,159.167,5731.32,5413.09,311772,59125.1,1.58855,3320.43,19033.4,86206.9,96210.4,94913.9,0.0109417,421906,140650,129.085,67.2018,1373.71,17364.3,3032.5,13848.3,19267.7,7459.59,6555.26
2985,1,2025-05-23 00:00:00,10:57:57,12050443,Air-2-5  *CryoTraps to Room Temp.  Large Neon Decrease*,499,0.04,2.53,0,4,4,3,1,2,5,19.985,0.284491,38334.6,107.434,3986.87,7410.35,310759,58812.7,1.58448,3304.49,18951.6,85294.9,95747.8,94504.6,0.0109004,416815,139818,124.905,63.7717,1363.14,17144.8,3013.4,13736.9,19180.2,7421.46,6539.73
2986,1,2025-05-23 00:00:00,16:58:48,12050443,Air-2-5,503,0.04,2.54,0,4,4,3,1,2,5,18.7299,0.276896,39403.1,107.634,3936.87,3362.09,310511,58802.7,1.58381,3274.46,18994.8,85278.8,95701,94599.9,0.0108622,415072,139535,125.107,64.9681,1360.86,17149.3,3017,13722.7,19129.8,7406.24,6517.44
2987,1,2025-05-23 00:00:00,20:13:49,12050443,Air-2-5,505,0.04,2.59,0,4,4,3,1,2,5,18.1651,0.280133,38472.9,108.619,3921.53,4126.97,310452,58910.8,1.58354,3284.99,18949.1,85557.1,95669.9,94428.8,0.010885,416752,139776,122.749,63.4518,1364.58,17181.7,3011.88,13684.7,19080.2,7399.81,6516.04
2988,1,2025-05-23 00:00:00,23:28:48,12050443,Air-2-5,507,0.04,2.54,0,4,4,3,1,2,5,19.1911,0.278251,38311,109.69,3894.63,4423.86,310238,58743.3,1.58148,3282.8,18936.7,84959.1,95608.9,94465.5,0.0108247,415577,139457,127.646,61.4992,1359.71,17155,3022.87,13691.2,19100.1,7384.16,6503.81
2989,1,2025-05-24 00:00:00,02:43:49,11050443,Air-1-5,508,0.04,1.28,0,4,4,3,1,1,5,9.02825,0.13407,19594.8,54.5361,1993.28,4339.92,151580,28568.2,0.764877,1622.97,9195.22,41405.9,46468.3,45848.6,0.00669826,203545,67967.1,85.9777,29.1444,634.903,8016.66,1418.7,6376.63,8925.01,3462.66,3092.75
2990,1,2025-05-24 00:00:00,05:58:48,12050443,Air-2-5,510,0.04,2.52,0,4,4,3,1,2,5,18.2902,0.278929,38448.2,110.135,3966.89,4554.83,309994,58690,1.57935,3260.7,18843.4,85182.4,95294.4,94214,0.0108506,414053,139066,127.945,63.466,1355.48,17106.2,3005.41,13642,18973.8,7357.34,6516.29
2991,1,2025-05-24 00:00:00,09:13:48,12050443,Air-2-5,512,0.04,2.59,0,4,4,3,1,2,5,19.2331,0.276129,39664.4,111.32,4016.36,4945.58,309988,58767.6,1.58042,3293.71,18886.5,85146.2,95458.3,94306.1,0.0108368,417000,139527,136.066,64.0769,1356.66,17122.6,3009.54,13678.5,19040.4,7354.2,6515.02
2992,1,2025-05-24 00:00:00,12:28:48,12050443,Air-2-5,514,0.04,2.5,0,4,4,3,1,2,5,19.4266,0.277637,37585.4,107.799,3862.54,4897.17,309074,58521.9,1.57483,3287.44,18895,85064.1,95245.1,94107.4,0.0108343,417107,139304,126.716,61.8678,1354.01,17066.6,2985.37,13628.1,18959.3,7363.15,6487.6
2993,1,2025-05-24 00:00:00,15:43:48,11050443,Air-1-5,515,0.04,1.26,0,4,4,3,1,1,5,9.18146,0.132595,19944.6,56.9311,2005.53,4564.49,150952,28450.1,0.761955,1626.68,9186.04,41481.4,46314.7,45693.8,0.00669752,203288,67805.8,87.9854,29.8454,634.918,7966.06,1430.75,6366.59,8865.08,3443.37,3087.82
2994,1,2025-05-24 00:00:00,18:58:48,12050443,Air-2-5,517,0.04,2.55,0,4,4,3,1,2,5,18.623,0.274704,40897.5,114.305,4128.41,4687.49,308583,58431.7,1.57317,3276.82,18863.2,85190.7,95285,93969.5,0.0108678,416280,139270,127.688,63.4732,1352.77,17054.6,3002.74,13636.2,18924,7328.67,6507.83
2995,1,2025-05-24 00:00:00,22:13:48,12050443,Air-2-5,519,0.04,2.52,0,4,4,3,1,2,5,19.4312,0.275133,40173.5,114.053,4067.77,4857.67,308452,58492.7,1.57325,3268.27,18868.9,85095.4,95271.2,93987.2,0.0108576,415843,139113,120.943,61.0147,1350.53,17013.8,2997.86,13599,18961.9,7338.28,6506.72
2996,1,2025-05-25 00:00:00,01:28:48,12050443,Air-2-5,521,0.04,2.54,0,4,4,3,1,2,5,18.7782,0.271861,45674.5,127.656,4577.02,5039.89,307690,58331.8,1.56921,3253.68,18833.2,84931.4,95208.6,94048.4,0.0108304,415720,139171,119.108,64.3535,1357.15,17026.5,3003.2,13589.9,18967.1,7336.7,6469.11
2997,1,2025-05-25 00:00:00,04:43:48,12050443,Air-2-5,523,0.04,2.49,0,4,4,3,1,2,5,19.1505,0.272558,47440.3,129.982,4754.2,4851.09,307207,58237.7,1.56748,3249.27,18816.9,85283.9,94994.2,93880.2,0.0108818,414476,138797,124.744,63.1208,1351.34,17019,2989.95,13610.7,18906.3,7316.19,6466.33
2998,1,2025-05-25 00:00:00,07:58:48,12050443,Air-2-5,525,0.04,2.51,0,4,4,3,1,2,5,18.9703,0.272779,41731.3,117.083,4206.54,5111.91,307367,58166.8,1.56784,3261.47,18857.4,85140.3,94871.6,93849.2,0.0108612,413847,138783,128.476,63.2852,1342.03,17008.8,3002.19,13582.1,18928.9,7351.26,6466.72
2999,1,2025-05-25 00:00:00,11:13:48,11050443,Air-1-5,526,0.04,1.28,0,4,4,3,1,1,5,9.65307,0.130835,21641.4,60.7266,2156.24,4789.88,149939,28232.9,0.757459,1604.12,9119.74,41038.2,46100,45452.6,0.00666173,201949,67493.6,79.4384,29.2815,626.844,7936.22,1419.18,6346.84,8863.1,3412.02,3060.9
3000,1,2025-05-25 00:00:00,14:28:48,12050443,Air-2-5,528,0.04,2.51,0,4,4,3,1,2,5,18.8524,0.271727,45983.5,131.021,4619.29,4801.53,306416,58099.2,1.56421,3241.67,18779.2,84456.5,94733.1,93530.1,0.0107886,414112,138538,115.012,64.0386,1336.86,16915.2,2985.1,13514.4,18814.7,7287.07,6492.27
3001,1,2025-05-25 00:00:00,17:43:48,12050443,Air-2-5,530,0.04,2.55,0,4,4,3,1,2,5,19.6787,0.270941,43107.2,122.375,4320.48,4756.24,306238,58113.6,1.56355,3240.91,18787.6,84802.7,94758.4,93655.3,0.0108205,414419,138647,118.605,63.5874,1334.37,16989.5,2978.69,13530,18832.1,7316.51,6455.05
3002,1,2025-05-25 00:00:00,20:58:48,12050443,Air-2-5,532,0.04,2.53,0,4,4,3,1,2,5,18.7202,0.269028,43669.7,124.448,4388.35,4910.19,306330,58126.6,1.56373,3259.19,18753.6,84435.3,94765.8,93591.4,0.010784,413931,138578,117.021,61.8812,1339.76,16941.7,2991.3,13541.1,18848.1,7277.99,6466.24
3003,1,2025-05-26 00:00:00,00:13:48,11050443,Air-1-5,533,0.04,1.26,0,4,4,3,1,1,5,9.11325,0.130123,21262.2,58.9436,2123.24,4640.45,149454,28160.5,0.755459,1593.03,9115.09,40969.8,45875,45249.1,0.00666219,200758,67233.2,71.2745,30.7763,626.539,7914.8,1411.04,6311.05,8821.86,3402.64,3052.64
3004,1,2025-05-26 00:00:00,03:28:48,12050443,Air-2-5,535,0.04,2.56,0,4,4,3,1,2,5,19.3641,0.271355,41556,116.547,4182.45,4626.95,305904,58124.3,1.56289,3239.96,18719.2,84479.2,94561.5,93459.1,0.0108019,411979,138197,121.634,63.2525,1342.9,16898.5,2983.09,13504.6,18815.8,7273.86,6449.61
3005,1,2025-05-26 00:00:00,06:43:48,12050443,Air-2-5,537,0.04,2.57,0,4,4,3,1,2,5,17.9769,0.269001,45734.9,129.012,4576.95,5014.05,305935,58028.5,1.56136,3242.16,18707,84123.3,94444.5,93374.9,0.0107518,410706,137944,131.918,62.8374,1344.29,16866.7,2979.47,13479.3,18781.7,7263.69,6437.54
3006,1,2025-05-26 00:00:00,09:58:49,12050443,Air-2-5,539,0.04,2.5,0,4,4,3,1,2,5,18.2876,0.269781,44963.5,128.992,4553.14,5174.45,304952,57933.2,1.55826,3252.53,18687.4,84076.7,94378.1,93219.4,0.0107517,412344,137907,128.551,63.664,1339.93,16858.7,2982.8,13455.4,18744.2,7243.73,6416.04
3007,1,2025-05-26 00:00:00,13:13:49,12050443,Air-2-5,541,0.04,2.52,0,4,4,3,1,2,5,18.545,0.268171,45987.8,127.709,4627.66,5178.18,305118,57844,1.5577,3241.49,18617.2,83740,94279.2,93136.6,0.01073,409850,137626,125.216,62.2661,1346.94,16871.6,2965.55,13432.6,18733.4,7273.12,6415.95
3008,1,2025-05-26 00:00:00,16:28:48,12050443,Air-2-5,543,0.04,2.47,0,4,4,3,1,2,5,17.4412,0.26893,45495.3,130.439,4587.09,5118.7,304697,57835.4,1.55597,3239.67,18653.5,83943.9,94314.2,93081.1,0.010737,410447,137677,124.015,60.7075,1326.95,16886.1,2960.29,13429.3,18684.5,7244.65,6410.29
3009,1,2025-05-26 00:00:00,19:43:48,11050443,Air-1-5,544,0.04,1.29,0,4,4,3,1,1,5,9.16218,0.128549,24967,68.8115,2469.73,4940.99,148831,28042.6,0.752699,1593.13,9082.84,40980.9,45867.7,45278,0.00667163,201511,67290.8,81.5231,31.1885,626.887,7895.94,1407.67,6305.12,8811.32,3408.73,3046.8
3010,1,2025-05-26 00:00:00,22:58:48,12050443,Air-2-5,546,0.04,2.47,0,4,4,3,1,2,5,18.1547,0.267236,48413.7,136.617,4836.6,5117.31,304441,57729.2,1.55528,3238.58,18705,84418.6,94465,93132.7,0.0108036,413035,138153,123.497,62.7477,1336.32,16863.9,2954.17,13471.8,18785.8,7265.77,6437.98
3011,1,2025-05-27 00:00:00,02:13:48,12050443,Air-2-5,548,0.04,2.45,0,4,4,3,1,2,5,18.2062,0.266237,49914.2,138.33,4990.07,5132.09,304353,57762.9,1.55431,3231.54,18638.1,83931.8,94264.6,93024.5,0.0107557,412160,137945,121.473,62.8042,1339.99,16851.5,2976.05,13452.9,18732.9,7257.46,6425.28
3015,1,2025-05-27 00:00:00,19:22:18,12050443,Air-2-5,550,0.09,2.52,0,4,4,3,1,2,5,19.4433,0.266934,45833.3,126.151,4557.27,4974.06,303748,57717.4,1.55198,3231.19,18639.3,84145.4,94082.3,92890.4,0.0107003,410831,137392,134.805,61.0261,1341.43,16800.8,2961.25,13409.4,18706.1,7234.03,6419.94
3016,1,2025-05-27 00:00:00,22:32:18,12050443,Air-2-5,552,0.08,2.56,0,4,4,3,1,2,5,19.3163,0.266053,45856.5,128.694,4555.38,4963.23,303738,57741.2,1.5522,3222.13,18653.5,84061.4,94105.9,92992.5,0.0107235,410751,137394,132.082,65.3158,1328.97,16832.7,2970.54,13416.9,18676.6,7222.54,6413.54
3017,1,2025-05-28 00:00:00,01:42:18,12050443,Air-2-5,554,0.08,2.56,0,4,4,3,1,2,5,19.3227,0.264237,50264.6,138.426,5034.16,5005.22,303291,57648,1.54994,3235.21,18639.7,83885.2,94097.3,92913.9,0.0107169,410805,137367,127.199,64.0777,1331.37,16798.7,2971.88,13424.7,18659.5,7239.94,6399.09
3021,1,2025-05-28 00:00:00,18:49:05,12050443,Air-2-5,556,0.09,2.56,0,4,4,3,1,2,5,18.8732,0.266859,48206.9,129.557,4802.96,5199.78,304363,57903.4,1.55677,3247.3,18689.3,84178.1,94262,93167.5,0.0107631,410139,137599,128.81,62.2663,1342.55,16868.7,2973.86,13446.7,18706.1,7232.11,6447.65
3022,1,2025-05-28 00:00:00,21:59:05,12050443,Air-2-5,558,0.09,2.57,0,4,4,3,1,2,5,18.1346,0.263165,51107,143.036,5116.13,5083.85,304696,57911,1.55724,3242.75,18739.4,84727.8,94402.5,93357.6,0.0108139,411938,138144,134.717,61.4471,1341.16,16898,2967.53,13501.1,18761.1,7253.81,6457.24
3023,1,2025-05-29 00:00:00,01:09:05,12050443,Air-2-5,560,0.09,2.56,0,4,4,3,1,2,5,18.4963,0.264465,50619,143.785,5092.93,5128.53,303780,57778.5,1.55412,3230.66,18687.7,84284.1,94403.1,93349.3,0.0107657,412845,138082,141.563,62.137,1331.59,16893.1,2977.53,13478.8,18770.9,7260.79,6445.68
3029,1,2025-05-30 00:00:00,17:05:26,12050443,Air-2-5,562,0.08,2.53,0,4,4,3,1,2,5,18.1131,0.263616,51997,142.408,5208.05,5077.5,302717,57530.8,1.54868,3229.2,18576.5,83495.9,93719.1,92659.2,0.0106572,407612,136799,138.665,62.3883,1328.81,16712.5,2951.07,13372.9,18618.3,7202.88,6366.36
3030,1,2025-05-30 00:00:00,20:15:26,12050443,Air-2-5,564,0.08,2.54,0,4,4,3,1,2,5,17.995,0.263758,50574.5,143.954,5055.46,4645.17,302875,57631,1.54869,3229.57,18580.1,83949.9,93865.7,92669.7,0.0107468,410670,137275,139.686,62.3487,1330.21,16703,2941.05,13325.1,18597.7,7177.38,6388.4
3031,1,2025-05-30 00:00:00,23:25:26,12050443,Air-2-5,566,0.08,2.56,0,4,4,3,1,2,5,16.9805,0.262801,52310.3,146.583,5245.23,4733.15,302682,57509.1,1.5477,3249.45,18597.7,83897.8,93899.1,92655.8,0.0107196,409389,137049,133.549,62.5072,1327.44,16713.2,2945.55,13352.6,18613.5,7192.31,6393.71
3032,1,2025-05-31 00:00:00,02:35:26,12050443,Air-2-5,568,0.08,2.5,0,4,4,3,1,2,5,18.1216,0.262381,51917.1,146.187,5209.15,4814.28,302190,57521.5,1.546,3240.54,18590.8,84119,93913.9,92700.1,0.0107515,409779,137229,134.919,62.0748,1328.31,16706.9,2950.59,13363.8,18577.2,7210.44,6388.93
3033,1,2025-05-31 00:00:00,05:45:26,11050443,Air-1-5,569,0.08,1.31,0,4,4,3,1,1,5,8.70027,0.126716,25887.7,71.8261,2594.61,4806.26,147016,27768.1,0.745231,1594.51,9003.12,40529.1,45525.2,45026.6,0.00661333,199620,66786.9,90.3096,28.1004,630.044,7782.51,1397.71,6221.9,8719.19,3371.32,3029.51
3034,1,2025-05-31 00:00:00,08:55:26,11050443,Air-1-5,570,0.08,1.29,0,4,4,3,1,1,5,8.15754,0.126179,25506.4,71.4514,2581.3,4640.81,146766,27761.1,0.743756,1605.55,9012.43,40517.6,45588.5,44935.8,0.00662057,199708,66808.5,109.611,29.5347,624.517,7813.4,1407.11,6228.01,8735.04,3379.54,3030.34
3035,1,2025-05-31 00:00:00,12:05:26,12050443,Air-2-5,572,0.07,2.52,0,4,4,3,1,2,5,17.9453,0.260866,50884.8,142.305,5124.28,4864.61,300596,57175.6,1.53781,3224.33,18578,83323.4,93505.1,92458.4,0.0106897,407394,136831,143.008,62.2182,1337.67,16649.4,2947.31,13288.8,18582.5,7205.91,6392.29
3037,1,2025-05-31 00:00:00,18:25:26,12050443,Air-2-5,574,0.08,2.49,0,4,4,3,1,2,5,17.8713,0.261478,53064.7,148.76,5292.21,4398.13,300565,57112.9,1.53741,3213.65,18546.6,83135.8,93547.2,92352,0.0106885,405825,136566,140.458,60.658,1322.87,16633,2959.61,13292.9,18551.8,7179.2,6381.58
3038,1,2025-05-31 00:00:00,21:35:26,12050443,Air-2-5,576,0.08,2.53,0,4,4,3,1,2,5,18.943,0.261636,51373,145.441,5158.18,4784.87,299933,57072.4,1.53572,3210.52,18504.5,83357.3,93478,92309.8,0.0106878,406204,136607,136.837,59.7967,1327.06,16627.7,2946.45,13305.6,18567.8,7186.91,6372.58
3039,1,2025-06-01 00:00:00,00:45:26,11010443,Air-1-1,577,0.08,1.32,0,4,4,3,1,1,1,1.52273,0.0246871,5371.58,14.0615,535.811,4258.9,24600.2,4564.68,0.121924,328.537,1605.59,7217.28,8129.57,8004.81,0.00344208,35515,11949.9,63.4933,4.77445,105.956,1340.38,247.281,1077.18,1510.18,583.945,536.472
3040,1,2025-06-01 00:00:00,03:55:26,11010443,Air-1-1,578,0.07,1.3,0,4,4,3,1,1,1,1.70582,0.0247094,5340.23,14.0996,532.437,4176.87,24529.6,4584.64,0.121549,326.884,1607.96,7209.63,8103.63,7991.67,0.00343384,35412,11904.8,57.1244,4.84113,108.411,1329.36,253.436,1057.69,1515.35,582.615,541.872
3041,1,2025-06-01 00:00:00,07:05:26,12050443,Air-2-5,580,0.08,2.58,0,4,4,3,1,2,5,18.5062,0.262187,52416.1,148.427,5234.28,4536.81,299554,57038.7,1.5344,3203.95,18481.1,82976.9,93378.4,92312,0.0106716,406801,136639,136.186,61.8001,1318.65,16601.7,2941.48,13245.8,18480.3,7172.77,6357.52
3042,1,2025-06-01 00:00:00,10:15:26,12050443,Air-2-5,582,0.07,2.48,0,4,4,3,1,2,5,18.9841,0.262145,47422.5,135.149,4757.46,4899.9,299029,56988.4,1.53223,3215.56,18551.4,83613.4,93556.9,92288.5,0.0107194,408982,136947,131.635,62.4765,1316.4,16627.5,2932.87,13273.4,18523.1,7173.48,6392.16
3043,1,2025-06-01 00:00:00,13:25:26,11050443,Air-1-5,583,0.08,1.3,0,4,4,3,1,1,5,8.87494,0.125544,22929.9,67.7,2293.74,4732.4,145853,27592.4,0.739491,1597.51,8936.3,40543.6,45358.7,44715.3,0.0066119,198867,66560.4,90.7551,28.9981,620.507,7772.85,1393.9,6197.62,8671.97,3347.1,3009.63
3044,1,2025-06-01 00:00:00,16:35:26,12050443,Air-2-5,585,0.08,2.53,0,4,4,3,1,2,5,17.0409,0.261531,44121.3,123.736,4422.76,4707.37,299219,56921.6,1.53228,3197.77,18460.5,83206.3,93127.6,92016.9,0.0106899,404381,136047,134.119,61.6567,1312.98,16550.5,2919.71,13198.2,18447.6,7148.98,6342.27
3046,1,2025-06-01 00:00:00,22:55:26,12050443,Air-2-5,587,0.08,2.54,0,4,4,3,1,2,5,18.1371,0.26285,44514.5,124.364,4463.47,4347.22,298215,56793.6,1.52851,3168.44,18347.7,82071.4,92295.7,91319,0.0106153,400748,134837,135.994,59.6032,1296.99,16281.1,2884.26,12955.3,18110.6,7010.25,6238.12
3047,1,2025-06-02 00:00:00,02:05:26,12050443,Air-2-5,589,0.08,2.53,0,4,4,3,1,2,5,18.18,0.258731,52392.1,147.522,5226.32,4986.76,297917,56702.8,1.52573,3229.01,18499.1,83593.3,93416.5,92235.9,0.0107447,408588,136730,134.318,62.2249,1314.46,16571.3,2930.56,13264.3,18512.7,7161.5,6369.91
3048,1,2025-06-02 00:00:00,05:15:26,12050443,Air-2-5,591,0.08,2.45,0,4,4,3,1,2,5,17.7547,0.260501,51474.7,145.597,5186.51,5014.57,297799,56793.5,1.52617,3190.72,18422.3,83400.6,93161.2,91897.3,0.0106981,407326,136517,140.504,60.9252,1310.51,16565.9,2933.74,13184.8,18429.2,7128.78,6322.38
3052,1,2025-06-02 00:00:00,21:10:09,12050443,Air-2-5,593,0.08,2.48,0,4,4,3,1,2,5,19.4268,0.264098,43066.9,121.872,4348.56,5058.68,296723,56512.3,1.52081,3191.91,18419.8,83142.6,93003.8,91726,0.0106778,406550,136091,138.496,60.9119,1317.93,16554.8,2911.19,13156.4,18406.3,7127.31,6346.54
3053,1,2025-06-03 00:00:00,00:20:09,12050443,Air-2-5,595,0.08,2.49,0,4,4,3,1,2,5,17.705,0.261688,44988.7,129.764,4563.29,5002.76,296554,56495.6,1.51905,3187.1,18380.5,82673.9,92751.4,91658.5,0.0106434,403312,135547,132.725,63.4367,1313.42,16523.5,2910.13,13184,18428.7,7100.68,6309.75
3054,1,2025-06-03 00:00:00,03:30:09,12050443,Air-2-5,597,0.07,2.46,0,4,4,3,1,2,5,18.905,0.260286,44593.3,123.227,4449.1,5131.44,296081,56419,1.51791,3193.23,18373.4,83009,92641.4,91694,0.0106925,404301,135724,134.951,60.4341,1315.7,16497.8,2924.81,13177.3,18365.3,7114.12,6322.64
3058,1,2025-06-03 00:00:00,19:14:56,12050443,Air-2-5,599,0.07,2.53,0,4,4,3,1,2,5,18.5892,0.260782,48777.8,141,4885.81,5609.51,296864,56601,1.52272,3211.03,18456.5,83252.2,93197.7,92081.5,0.01066,406436,136130,157.766,62.5916,1321.03,16608.8,2931.76,13305.7,18496.4,7147.34,6352.4
3059,1,2025-06-03 00:00:00,22:24:56,12050443,Air-2-5,601,0.07,2.48,0,4,4,3,1,2,5,18.9486,0.262136,44270.6,124.677,4463.67,5575.38,296545,56538.7,1.52059,3240.12,18433.4,83226.9,93071,91923.6,0.0106683,407597,136128,166.027,62.6875,1324.01,16599.3,2931.03,13223.1,18434.2,7124.55,6346.6
3060,1,2025-06-04 00:00:00,01:34:56,12050443,Air-2-5,603,0.07,2.49,0,4,4,3,1,2,5,17.648,0.260586,46179.8,130.021,4632.04,5558.85,295909,56419.9,1.51735,3213.34,18389.3,83217.1,92940.1,91706.1,0.0106912,406911,136108,158.552,62.1611,1316.6,16569.3,2932.64,13194.1,18384,7127.19,6329.18
3061,1,2025-06-04 00:00:00,04:44:56,12050443,Air-2-5,605,0.07,2.46,0,4,4,3,1,2,5,18.2667,0.259841,46170.7,132.652,4644.19,4967.38,295607,56313.5,1.51596,3201.43,18377.5,82965.5,92896.2,91633.3,0.0106507,404746,135513,159.883,62.6304,1314.48,16500.2,2927.87,13202.1,18380.1,7113.86,6340.59
3065,1,2025-06-04 00:00:00,20:36:49,12050443,Air-2-5,607,0.07,2.53,0,4,4,3,1,2,5,18.9531,0.259671,45980.3,131.596,4642.46,5687.09,294680,56202.8,1.512,3197.44,18280.1,82849.6,92554.2,91357.6,0.0106088,405482,135423,163.807,60.9347,1299.93,16494,2926.43,13204.2,18329.2,7074.61,6309.69
3066,1,2025-06-04 00:00:00,23:46:49,12050443,Air-2-5,609,0.07,2.5,0,4,4,3,1,2,5,17.0614,0.25952,45294.3,130.297,4598.22,5536.31,294400,56173.8,1.51103,3215.87,18284.1,82260.5,92463.7,91302.4,0.0105446,402078,134742,153.438,59.6055,1315.85,16429.7,2919.33,13117.4,18340.3,7059.65,6299.07
3067,1,2025-06-05 00:00:00,02:56:49,12050443,Air-2-5,611,0.07,2.5,0,4,4,3,1,2,5,17.7316,0.258771,46071.9,129.157,4674.08,5561.06,294049,56103.8,1.50819,3179.94,18227.6,82208.4,92342.3,91153.6,0.0105666,402022,134786,153.093,59.9726,1295.14,16424.1,2900.69,13094.8,18279.7,7083.68,6288.66
3071,1,2025-06-05 00:00:00,18:53:18,12050443,Air-2-5,613,0,2.41,0,4,4,3,1,2,5,18.4542,0.259139,47326.1,136.169,4789.16,5722.18,294418,56248.6,1.51133,3220.4,18288.7,82381.7,92366.1,91290.4,0.0105775,400400,134485,187.635,61.6334,1308.73,16482.2,2923.82,13188,18319.7,7092.77,6293.89
3072,1,2025-06-05 00:00:00,22:03:18,12050443,Air-2-5,615,0,2.37,0,4,4,3,1,2,5,18.145,0.258049,47755.6,133.22,4826.86,5909.06,293986,56154,1.50843,3224.69,18313.2,82478.5,92336.6,91307.9,0.0105999,401103,134616,181.31,59.595,1318.77,16485.2,2909.8,13142.4,18293.5,7073.83,6311.11
3073,1,2025-06-06 00:00:00,01:13:18,12050443,Air-2-5,617,0,2.38,0,4,4,3,1,2,5,18.5207,0.258265,46602.1,133.816,4673.77,5791.82,293433,56034.3,1.50717,3213.35,18242.1,81805.8,92105.3,91103.1,0.0105259,400662,134565,176.192,61.565,1310.06,16436.9,2904.98,13108.6,18249.9,7062.01,6299.14
3074,1,2025-06-06 00:00:00,04:23:18,12050443,Air-2-5,619,0,2.37,0,4,4,3,1,2,5,17.6321,0.257264,46464.8,133.759,4712.24,5815.63,293075,56006.6,1.50474,3211.23,18223.5,82030.7,92055,90958.7,0.0105584,400328,134328,187.007,60.4783,1302.05,16381.8,2925.18,13062.5,18247.2,7062.08,6299.37
3075,1,2025-06-06 00:00:00,07:33:18,12050443,Air-2-5,621,0,2.36,0,4,4,3,1,2,5,18.5545,0.257709,48194.8,136.875,4867.5,6042.08,293770,56115.6,1.50794,3224.32,18245.3,82132.1,92154.6,90993.1,0.0105512,400542,134379,209.772,60.3078,1300.83,16381.2,2896.43,13105.5,18265.1,7084.71,6281
3077,1,2025-06-06 00:00:00,13:53:18,12050443,Air-2-5,623,0,2.36,0,4,4,3,1,2,5,17.4411,0.25629,48514.6,137.396,4881.7,5234.83,292063,55784.9,1.49911,3187.76,18107.7,81532.1,91503.1,90424.9,0.0105344,397073,133674,192.793,60.2009,1293.67,16292.4,2895,12964.9,18139.9,7010.74,6266.85
3078,1,2025-06-06 00:00:00,17:03:18,11020443,Air-1-2,624,0,1.2,0,4,4,3,1,1,2,3.81244,0.0492127,9415.27,28.273,965.347,5204.99,53478.1,10059.9,0.269164,665.698,3354.74,15014.7,16930.3,16705.9,0.00418144,73494.8,24721.6,107.834,10.8268,227.016,2804.79,524.083,2269.05,3153.74,1227.67,1127.35
3079,1,2025-06-06 00:00:00,20:13:18,11020443,Air-1-2,625,0,1.19,0,4,4,3,1,1,2,3.27112,0.0494357,9776.18,28.8357,994.228,4973.4,53396.3,10060.3,0.268745,673.684,3344.86,15030.7,16936.8,16750.1,0.00417755,73990.4,24854.4,106.955,9.70268,223.015,2827.69,524.745,2255.16,3188.26,1214.24,1120.83
3080,1,2025-06-06 00:00:00,23:23:18,12050444,Air-2-5,627,0,2.4,0,4,4,4,1,2,5,17.5383,0.259703,46811.7,129.857,4713.3,4957.44,292652,55897.9,1.5025,175.325,445.781,1952.16,2252.13,2217.8,0.0029166,9593.3,3260.88,96.0552,1.39545,31.8628,369.36,67.5736,289.876,414.282,160.502,149.112
3082,1,2025-06-07 00:00:00,05:43:18,11010443,Air-1-1,628,0,1.21,0,4,4,3,1,1,1,1.91568,0.0245301,5185.55,15.1283,521.863,4155.98,23755.1,4430.41,0.118151,363.635,1583.73,7007.79,7926.64,7815.14,0.00341667,34528.6,11685,100.617,4.01979,102.896,1292.66,244.419,1048.73,1466.72,569.736,528.03
3083,1,2025-06-07 00:00:00,08:53:18,11010443,Air-1-1,629,0,1.2,0,4,4,3,1,1,1,1.66117,0.0244067,5179.79,14.5034,523.555,4280.43,23703.8,4432.4,0.117943,366.142,1571.37,7047.91,7950.48,7823.86,0.00341354,34443.8,11633.9,105.826,4.81655,104.082,1301.89,238.744,1035.77,1475.79,563.005,528.25
3084,1,2025-06-07 00:00:00,12:03:18,12050443,Air-2-5,631,0,2.39,0,4,4,3,1,2,5,16.4417,0.256663,49338.3,144.507,4962.82,4648.44,292225,55767.4,1.49997,3175.49,18127.6,81207.6,91622.7,90501.2,0.0105143,397489,133967,173.244,62.0811,1296.24,16269.2,2889.89,12976.3,18186.1,7042.18,6253.74
3085,1,2025-06-07 00:00:00,15:13:18,12050443,Air-2-5,633,0,2.4,0,4,4,3,1,2,5,17.1376,0.254873,49142.9,142.579,4929.47,5163.15,291944,55685.5,1.499,3185.41,18151.4,81990.5,91534.6,90538.7,0.0105712,397939,133656,174.064,60.0947,1288.91,16279.8,2894.49,13013.4,18143.1,7022.24,6230.33
3086,1,2025-06-07 00:00:00,18:23:18,11050443,Air-1-5,634,0,1.18,0,4,4,3,1,1,5,8.46528,0.123733,24543.3,68.4914,2461.56,5070.37,141737,26904.4,0.720684,1592.88,8812.8,39602.1,44532.9,44019.9,0.00652492,194007,65191.1,133.693,29.6642,611.734,7644.57,1378.4,6106.1,8521.33,3290.44,2984.01
3087,1,2025-06-07 00:00:00,21:33:18,11050443,Air-1-5,635,0,1.2,0,4,4,3,1,1,5,8.86651,0.123803,24428.5,69.6625,2464.05,5098.24,141645,26830.8,0.720752,1587.35,8800.14,39556.2,44501,43959.7,0.0065364,193770,65185.1,133.719,28.0418,610.637,7620.74,1373.12,6069.31,8521.29,3303.11,2947.35
3088,1,2025-06-08 00:00:00,00:43:18,12050443,Air-2-5,637,0,2.38,0,4,4,3,1,2,5,17.0819,0.255511,49286.4,141.033,4957.01,5147.55,291372,55601.1,1.49573,3178.62,18094.3,81551.7,91322.4,90375.4,0.0105433,396038,133498,166.589,61.7039,1296.9,16269.3,2876.07,12950,18128.2,7028.24,6228.99
3089,1,2025-06-08 00:00:00,03:53:18,12040443,Air-2-4,639,0,2.35,0,4,4,3,1,2,4,13.4323,0.202326,38475.9,108.41,3842.73,5259.17,232432,44212.1,1.18947,2536.75,14432.1,64996.3,72907.4,71991.5,0.00896291,316569,106393,155.45,46.421,1019.7,12780.1,2277.68,10179,14261,5524.52,4924.06
3090,1,2025-06-08 00:00:00,07:03:18,12040443,Air-2-4,641,0,2.37,0,4,4,3,1,2,4,13.6829,0.201908,38272.2,108.582,3864.65,5250.35,232240,44323.2,1.18979,2541.97,14436.5,64999.2,72909.5,72018,0.00895253,316440,106429,154.02,48.2107,1019.07,12771.5,2277.68,10201.9,14276,5524.13,4951.81
3091,1,2025-06-08 00:00:00,10:13:18,12050443,Air-2-5,643,0,2.37,0,4,4,3,1,2,5,18.4387,0.255573,47324.4,135.806,4771.31,5637.58,290644,55508.8,1.49352,3172.88,18050.8,81306,91215.1,90227.8,0.0105054,396458,133339,169.926,61.6447,1284.77,16255.5,2887.94,12971.8,18139.2,7005.89,6230.77
3093,1,2025-06-08 00:00:00,16:33:18,12050443,Air-2-5,645,0,2.37,0,4,4,3,1,2,5,16.7379,0.255695,48429.8,139.58,4886.36,5086.55,290393,55442.5,1.49156,3165.83,18015.9,80922.4,91200.7,90125.4,0.0104935,397134,133375,160.391,57.2963,1290.28,16196.2,2879.08,12903.9,18070,6997.85,6227.32
3094,1,2025-06-08 00:00:00,19:43:18,12050443,Air-2-5,647,0,2.36,0,4,4,3,1,2,5,18.8718,0.255398,47840.5,135.446,4834.98,5421.09,289976,55404.7,1.49028,3165.12,18047.6,81438.8,91119.1,90030.3,0.0105328,396628,133195,162.806,61.8537,1287.85,16191.9,2878.87,12934.6,18075,6996.11,6212.07
3095,1,2025-06-08 00:00:00,22:53:18,12050443,Air-2-5,649,0,2.36,0,4,4,3,1,2,5,16.7936,0.256211,48242.1,135.783,4883.15,5430.85,289944,55374.6,1.48962,3141.17,18078.3,81167.6,91119.6,89949.5,0.0105055,395585,133088,156.655,61.8543,1280.68,16193.9,2855.27,12907.9,18051.8,7002.27,6208.21
3096,1,2025-06-09 00:00:00,02:03:18,12050443,Air-2-5,651,0,2.39,0,4,4,3,1,2,5,17.9311,0.254824,47703.8,134.069,4807.61,5440.16,289389,55281.1,1.4876,3138.6,18040.7,80808.2,90949.4,89923.2,0.0104624,394398,132913,157.152,59.043,1275.64,16138.5,2859.1,12910.7,18021.3,6980.49,6195.86
3098,1,2025-06-09 00:00:00,16:53:07,12050443,Air-2-5 *NO BULB ON LINE*,653,0.01,5.1,0,4,4,3,1,2,5,37.8188,0.575471,102822,295.008,10466.7,6139.49,597770,115967,3.13185,6705.46,38824.2,175710,195469,193274,0.0193019,846003,285103,267.63,134.249,2874.95,36211.2,6283.75,28893.5,40277.4,15558.6,13638.2
3099,1,2025-06-09 00:00:00,20:03:06,12050443,Air-2-5,655,0.01,5.11,0,4,4,3,1,2,5,37.1807,0.56753,103087,295.827,10543,6188.04,595981,115578,3.12194,6661.93,38669.6,175017,194937,192560,0.0192761,844843,284580,254.902,132.316,2865.31,36141.9,6262.21,28856.9,40126.6,15573.2,13622.2
3100,1,2025-06-09 00:00:00,23:13:06,12050443,Air-2-5,657,0.01,5.08,0,4,4,3,1,2,5,36.6564,0.566833,102607,293.326,10414.6,6180.23,595657,115704,3.12115,6659.77,38620.7,174727,194915,192384,0.0192717,843996,284242,257.803,132.181,2855.06,36152.9,6254.62,28862.9,40198,15551,13585.2
3101,1,2025-06-10 00:00:00,02:23:06,12050443,Air-2-5,659,0.01,5.2,0,4,4,3,1,2,5,37.9354,0.565812,100747,289.806,10277.6,6332.52,595208,115465,3.11739,6648.23,38650.7,174669,194778,192477,0.0193301,843330,284300,262.078,134.44,2849.41,36170.3,6265.53,28828.5,40217.3,15544.6,13606.4
3103,1,2025-06-10 00:00:00,10:38:06,12050443,Air-2-5,661,0.01,5.1,0,4,4,3,1,2,5,38.3216,0.566364,101949,296.044,10358,8002.66,595221,115493,3.12078,6650.92,38793.8,175171,195291,193032,0.0193514,840312,284340,278.553,135.002,2862.44,36191.6,6282.93,28872.7,40163.4,15572.9,13606.7
3106,1,2025-06-10 00:00:00,20:19:42,12050443,Air-2-5,663,0.01,5.03,0,4,4,3,1,2,5,38.0682,0.562537,101775,289.206,10338.5,8716.74,593323,115192,3.10976,6634.68,38614.2,174653,194395,192114,0.0192782,840321,283113,275.366,135.184,2869.98,36153.6,6269.06,28837.5,40055.9,15520.4,13570.2
3107,1,2025-06-10 00:00:00,23:29:42,12050443,Air-2-5,665,0.01,5.13,0,4,4,3,1,2,5,37.0017,0.562758,101377,291.156,10380.5,7512.89,592265,115005,3.10506,6638.26,38606.9,174515,194351,191970,0.0193013,842607,283781,265.308,131.907,2853.76,36024.2,6259.01,28775.2,40035.5,15488.3,13539.4
3108,1,2025-06-11 00:00:00,02:39:42,12050443,Air-2-5,667,0.01,5.03,0,4,4,3,1,2,5,37.4673,0.560297,103143,292.922,10499.3,7357.01,591829,114931,3.10311,6624.06,38509.2,173685,194096,191564,0.0192174,840294,283073,265.543,133.475,2842.12,35959.7,6234.14,28650,39897.3,15453.9,13537.4
3112,1,2025-06-11 00:00:00,18:54:29,12050443,Air-2-5,669,0,5.07,0,4,4,3,1,2,5,37.7792,0.560495,102077,293.55,10333.8,8636.5,593502,115320,3.11203,6678.63,38569.7,174343,194515,192080,0.0192374,842374,283676,288.069,136.871,2848.44,35973.2,6247,28773.2,40010.9,15484.5,13590.2
3113,1,2025-06-11 00:00:00,22:04:29,12050443,Air-2-5,671,0,5.08,0,4,4,3,1,2,5,36.3566,0.561059,104391,294.825,10614.8,7788.58,592658,115092,3.10722,6644.61,38546.7,173761,194094,191731,0.0191948,835891,282461,286.87,134.058,2842.77,35960.3,6260.14,28721,39875.6,15454.7,13534.5
3115,1,2025-06-12 00:00:00,04:24:29,12050443,Air-2-5,673,0,5.12,0,4,4,3,1,2,5,36.774,0.561992,103984,299.523,10543.7,6627.09,591319,114951,3.1026,6464.88,37551.3,168856,189022,186714,0.0188266,814686,275222,258.052,126.484,2721.37,34378.7,6003.22,27404.2,38239.6,14805,13006.7
3119,1,2025-06-13 00:00:00,08:07:54,12050443,Air-2-5,677,0.003,4.994,0,4,4,3,1,2,5,36.4436,0.566542,98019.5,276.255,9973.15,8806.75,597565,116069,3.13875,6550.36,37773.3,170774,190376,187918,0.0190342,821414,277454,302.345,130.46,2736.95,34469.1,6018.57,27503.2,38446.8,14883.2,12976.1
3121,1,2025-06-13 00:00:00,16:06:50,12050443,Air-2-5,679,0,5.037,0,4,4,3,1,2,5,36.3283,0.560789,97905.1,280.999,10062.3,5747.58,591732,114837,3.10422,6442.08,37339.3,168117,187796,185671,0.0187222,808025,273458,282.545,130.275,2706.24,34073.3,5935.65,27218.8,38017.3,14753.4,12822.9
3122,1,2025-06-13 00:00:00,19:16:50,12050443,Air-2-5,681,0,5.084,0,4,4,3,1,2,5,36.3614,0.560007,103874,296.125,10505.4,5892.61,591063,114873,3.10061,6423.04,37475,169573,188572,186333,0.018895,813758,274625,259.722,127.855,2703.17,34283.2,5970.68,27377,38153.2,14772.1,12920.3
3124,1,2025-06-14 00:00:00,01:36:51,12050443,Air-2-5,683,0,5.1,0,4,4,3,1,2,5,35.6226,0.560894,104816,291.654,10570.8,4483.27,275.774,51.9252,0.00128803,323.999,1164.31,5116.76,5826.39,5755.32,0.00321951,24912,8426.69,124.21,3.56248,73.7135,926.993,168.201,745.198,1061.88,406.257,363.028
3125,1,2025-06-14 00:00:00,04:46:50,12050443,Air-2-5,685,0,5.115,0,4,4,3,1,2,5,36.7242,0.560534,104901,300.768,10665.6,4802.26,227.697,43.4297,0.00109194,305.137,1195.26,5234.8,5985.45,5901.31,0.00324781,25690.5,8682.57,103.17,3.05389,81.1431,995.141,177.531,806.632,1132.73,438.306,386.185
3126,1,2025-06-14 00:00:00,07:56:50,11050443,Air-1-5,686,0,2.55,0,4,4,3,1,1,5,18.8718,0.26698,49553.5,141.626,4992.66,4355.04,301500,57757.1,1.55519,3236.38,18495.6,83293.5,93509.9,92275,0.0107282,406984,136722,181.355,60.8549,1300.96,16270.5,2878.88,12980,18215.4,7069.03,6248.97
3127,1,2025-06-14 00:00:00,11:06:50,11050443,Air-1-5,687,0,2.544,0,4,4,3,1,1,5,17.8651,0.265809,49579.3,141.111,4986.68,4985.76,301572,57804.7,1.55484,3236.84,18554.3,83659.1,93472.5,92250.7,0.0107266,407739,136855,175.834,62.4074,1290.45,16252.2,2887.6,12991.3,18194.4,7042.92,6271.07
3128,1,2025-06-14 00:00:00,14:16:50,12050443,Air-2-5,689,0,4.979,0,4,4,3,1,2,5,36.9207,0.559588,97257.2,277.001,9827.35,5503.79,587354,114169,3.08303,6462.73,37494.9,169512,188745,186359,0.0189306,814616,275344,267.383,127.81,2713.62,34299.1,5982.97,27355.3,38261.2,14802,12976.8
3129,1,2025-06-14 00:00:00,17:26:50,12050443,Air-2-5,691,0,5.067,0,4,4,3,1,2,5,35.4046,0.558276,100423,284.104,10154.3,5872.21,586919,114080,3.07968,6425.3,37405.8,168544,188358,186120,0.0187631,812570,274643,250,127.085,2716.85,34242.6,5987.73,27374.7,38138.1,14777.4,12931.8
3130,1,2025-06-14 00:00:00,20:36:50,11010443,Air-1-1,692,0,2.559,0,4,4,3,1,1,1,3.72775,0.0507288,10122.6,30.1271,1021.95,5249.86,55151.1,10443.9,0.278816,675.387,3421.44,15446.6,17282.9,17100,0.00420871,75254.2,25348.6,121.36,11.3598,227.802,2841.47,524.274,2262.9,3191.05,1231.37,1142.87
3131,1,2025-06-14 00:00:00,23:46:50,11010443,Air-1-1,693,0,2.505,0,4,4,3,1,1,1,3.59892,0.0508935,10100.8,26.9705,1009.4,4693.06,55075.8,10436.5,0.278748,679.829,3414.07,15285.8,17253.9,17029.8,0.00421965,75245,25346.4,103.785,11.3687,231.442,2820.16,522.079,2260.26,3190.69,1233.3,1130.54
3132,1,2025-06-15 00:00:00,02:56:50,12050443,Air-2-5,695,0,5.046,0,4,4,3,1,2,5,35.6402,0.556049,98960.7,284.86,9982.74,5439.74,585359,113715,3.07363,6422.32,37260,167441,187844,185675,0.0187392,806143,273776,231.919,127.434,2698.52,34123.2,5952.17,27244.8,38093.3,14733.2,12952.4
3133,1,2025-06-15 00:00:00,06:06:50,12050443,Air-2-5,697,0,4.91,0,4,4,3,1,2,5,36.7111,0.555496,99263.2,283.256,10042.9,6090.4,584948,113753,3.07181,6423.81,37264.3,168207,187962,185473,0.0187805,813510,274736,244.393,124.804,2720.44,34188.8,5958.06,27259,38046.9,14723.2,12910.6
3135,1,2025-06-15 00:00:00,12:26:50,12050443,Air-2-5,699,0,5,0,4,4,3,1,2,5,36.4738,0.555049,104004,294.387,10429.1,5416.39,584592,113615,3.07115,6290.53,36649,164584,184577,182310,0.0185244,796858,269337,257.659,122.978,2614.26,32938,5744.14,26280,36722.4,14224.9,12493.1
3136,1,2025-06-15 00:00:00,15:36:50,12050443,Air-2-5,701,0,4.959,0,4,4,3,1,2,5,36.0612,0.552793,106614,299.13,10744.1,6433.14,584091,113602,3.06679,6434.82,37222.1,167734,187807,185655,0.0187384,811524,274210,260.339,124.072,2716.99,34110.5,5950.1,27196.9,38016.5,14703,12933.8
3137,1,2025-06-15 00:00:00,18:46:49,12050443,Air-2-5,703,0,5.017,0,4,4,3,1,2,5,36.5739,0.555376,102430,293.005,10397.3,6561.33,583807,113558,3.06624,6396.46,37256.3,167349,187700,185613,0.0187272,809471,274020,243.035,128.023,2716.39,34187.1,5976.61,27276.1,37953.8,14743.8,12920.6
3138,1,2025-06-15 00:00:00,21:56:49,12050443,Air-2-5,705,0,5.055,0,4,4,3,1,2,5,36.5523,0.550369,109057,313.269,11017.5,6598.5,583108,113491,3.06271,6381.79,37235.5,167638,187337,185144,0.0187569,806206,273193,237.643,127.203,2692.54,34059.6,5948.28,27196.3,37948,14708.5,12911.6
3139,1,2025-06-16 00:00:00,01:06:49,12050443,Air-2-5,707,0,5.04,0,4,4,3,1,2,5,35.0454,0.550919,110474,305.171,11113,6617.17,582822,113271,3.06074,6387.38,37195.7,167532,187307,185181,0.0187498,810938,273831,239.491,124.826,2693.8,34067.2,5954.92,27127,37890,14672.3,12880.7
3143,1,2025-06-16 00:00:00,17:34:46,12050443,Air-2-5,709,0.003,5.066,0,4,4,3,1,2,5,34.778,0.547242,106734,304.605,10819.8,9158.52,583248,113590,3.06608,6394.79,37291.3,167915,187437,185366,0.0187885,807582,273247,255.179,127.16,2706.19,34023.3,5945.11,27208.6,37888.9,14688.7,12882
3144,1,2025-06-16 00:00:00,20:49:46,12050443,Air-2-5,711,0.002,5.035,0,4,4,3,1,2,5,34.2375,0.549801,105748,304.772,10720.1,7764.97,583154,113574,3.06629,6408.85,37187.2,167332,187311,185274,0.0187189,807582,273220,254.574,126.006,2696.26,34078.8,5936.41,27114.6,37829.5,14654.1,12859.9
3145,1,2025-06-17 00:00:00,00:04:46,12050443,Air-2-5,713,0.002,5.004,0,4,4,3,1,2,5,38.0019,0.549719,105121,306.352,10608.6,7416.14,582516,113368,3.06231,6353.96,37203.8,167857,187254,185021,0.0188046,806934,273319,258.561,127.111,2692.91,33989,5925.17,27123,37809.9,14633.8,12907.4
3146,1,2025-06-17 00:00:00,03:19:46,12050443,Air-2-5,715,0,4.914,0,4,4,3,1,2,5,34.8526,0.548676,106409,308.734,10799.4,7012.93,582187,113245,3.05948,6385.92,37145.9,167655,187119,184810,0.0187853,806682,273010,254.586,124.388,2688.21,33910.7,5934.63,27118.7,37812,14644.9,12879.9
3151,1,2025-06-17 00:00:00,21:07:33,12050443,Air-2-5,717,0.001,4.984,0,4,4,3,1,2,5,36.7047,0.545622,111789,320.171,11244.8,9019.72,582221,113343,3.0618,6379.38,37214.7,167932,187218,184865,0.0187868,807103,273277,264.075,127.575,2685.83,34040.4,5938.99,27171,37900,14625.4,12883.9
3152,1,2025-06-18 00:00:00,00:22:33,12050443,Air-2-5,719,0,4.93,0,4,4,3,1,2,5,37.0892,0.54654,110567,318.79,11164.5,7731.4,580983,113229,3.05729,6375.83,37106.4,167315,186898,184701,0.0187661,805023,272800,246.249,124.679,2688.28,33937.5,5919.89,27132.6,37796.9,14630.3,12893.3
3153,1,2025-06-18 00:00:00,03:37:33,12050443,Air-2-5,721,0,4.936,0,4,4,3,1,2,5,36.2818,0.548832,107152,316.451,10842.1,7230.51,580469,113153,3.05374,6389.57,37158.7,167550,186810,184472,0.0188019,809839,273416,251.624,125.131,2670.38,33878.5,5933.75,27016.3,37756.4,14620,12815.4
3155,1,2025-06-18 00:00:00,10:07:33,12050443,Air-2-5,723,0,4.95,0,4,4,3,1,2,5,37.4348,0.547553,108175,304.259,10958.9,6113.48,579015,112759,3.04725,6355.56,36709,165268,184558,182322,0.0185964,798892,269982,249.015,125.635,2629.22,33116.2,5801.32,26387,36921.7,14280.7,12604.8
3156,1,2025-06-18 00:00:00,13:22:33,12050443,Air-2-5,725,0,5.072,0,4,4,3,1,2,5,36.8301,0.54857,106568,301.686,10744.7,7323.94,578718,112812,3.04557,6343.94,36970.2,166190,186109,184039,0.0186264,798593,271531,249.465,124.374,2665.44,33783.5,5916.71,26981.5,37649.8,14561,12820.9
3157,1,2025-06-18 00:00:00,16:37:33,11050443,Air-1-5,726,0,2.488,0,4,4,3,1,1,5,16.9995,0.259533,53872.8,158.382,5428.93,6677.77,296577,56949.4,1.53319,3194.67,18263,82014,92231.5,91046.4,0.0105938,401452,135150,179.094,59.6154,1274.33,16021.5,2850.68,12788.1,17922.3,6915.88,6204.5
3158,1,2025-06-18 00:00:00,19:52:33,11050443,Air-1-5,727,0,2.511,0,4,4,3,1,1,5,19.1665,0.258682,53368.2,148.976,5381.04,6423.8,296288,56943.5,1.5322,3200.84,18238.4,81785.4,92029,90768.3,0.0105844,400658,134820,182.562,59.5982,1265.52,16018.7,2854.76,12752,17887.5,6922.68,6166.36
3159,1,2025-06-18 00:00:00,23:07:33,12050443,Air-2-5,729,0,4.963,0,4,4,3,1,2,5,35.6532,0.545568,108960,311.621,11088.3,6879.86,577706,112676,3.04137,6372.49,36902.4,166068,186015,183782,0.0186613,801900,271655,257.537,120.911,2676.29,33683.4,5906.4,26887.5,37551.1,14565.6,12795.4
3160,1,2025-06-19 00:00:00,02:22:33,12050443,Air-2-5,731,0,4.965,0,4,4,3,1,2,5,35.1411,0.547777,106374,305.366,10817,6870.21,577030,112461,3.03756,6359.74,36867,165560,185905,183664,0.0185923,802098,271554,262.418,125.311,2662.91,33618.8,5880.01,26868.4,37530.9,14526.5,12789
3161,1,2025-06-19 00:00:00,05:37:33,11010443,Air-1-1,732,0,2.47,0,4,4,3,1,1,1,3.38805,0.0497522,10759.3,32.8168,1087.96,6214.32,54214.2,10265.6,0.274908,673.966,3386.56,15170.7,17031,16813.5,0.00419313,74170.2,24985.9,125.386,10.2728,221.721,2787.1,515.379,2224.81,3154.43,1210.43,1119.76
3162,1,2025-06-19 00:00:00,08:52:33,11010443,Air-1-1,733,0,2.507,0,4,4,3,1,1,1,3.50238,0.0496834,10830.1,28.8153,1100.95,5720.57,54244.2,10293.9,0.275023,685.913,3359.64,15040.2,16993.9,16791.1,0.00418326,73999.4,24960.4,139.682,11.3162,220.917,2797.51,518.579,2218.64,3133.98,1211.82,1116.16
3163,1,2025-06-19 00:00:00,12:07:33,12050443,Air-2-5,735,0,4.959,0,4,4,3,1,2,5,36.1345,0.546155,111572,315.177,11295,6198.93,577304,112298,3.03895,6366.76,36936.8,165566,185856,183497,0.0186429,801454,271473,264.38,124.917,2661.47,33515.1,5879.23,26776.8,37528.5,14542.1,12770.2
3164,1,2025-06-19 00:00:00,15:22:33,12050443,Air-2-5,737,0,5.027,0,4,4,3,1,2,5,35.9756,0.547089,107613,301.406,10849.1,6734.3,576230,112301,3.03447,6332.32,36831.8,165525,185399,182954,0.0186021,800783,271026,258.51,127.836,2659.16,33555.3,5901.62,26818,37394,14523.1,12742.6
3166,1,2025-06-19 00:00:00,21:52:33,12050443,Air-2-5,739,0,5.004,0,4,4,3,1,2,5,35.1606,0.54531,104981,299.215,10674.8,5824.6,575514,112109,3.02993,6150.35,35859.7,161437,180367,178300,0.0182495,777443,263622,262.485,119.919,2540.88,32020.5,5627.74,25558.1,35711.9,13846.6,12242.4
3167,1,2025-06-20 00:00:00,01:07:33,12050443,Air-2-5,741,0,4.917,0,4,4,3,1,2,5,35.3646,0.543154,109377,310.547,11152.9,6870.52,575229,112155,3.02853,6326.9,36743.5,164451,185105,182715,0.0185006,796704,270157,251.649,124.767,2641.35,33493.3,5862.81,26763,37406.7,14500.3,12746.2
3168,1,2025-06-20 00:00:00,04:22:33,12050443,Air-2-5,743,0,5.025,0,4,4,3,1,2,5,35.3692,0.539694,110652,312.092,11161.6,6874.58,574850,112058,3.0266,6329.63,36670.6,164604,184509,182356,0.0185506,794762,269219,261.809,123.903,2642.15,33407.7,5858.91,26678.3,37273.3,14438.8,12679.9
3172,1,2025-06-20 00:00:00,17:51:31,12050443,Air-2-5,745,0.003,4.923,0,4,4,3,1,2,5,36.1332,0.536169,109709,313.407,11070.4,8277.84,574997,112205,3.02968,6328.31,36662.7,164367,184645,182390,0.0185467,790662,269231,286.755,125.481,2658.69,33387.6,5873.84,26633.7,37282.1,14457.9,12678.3
3173,1,2025-06-20 00:00:00,21:06:31,12050443,Air-2-5,747,0.001,4.926,0,4,4,3,1,2,5,35.565,0.536676,111609,320.401,11336.7,7675.1,574749,112091,3.02672,6304.11,36676.5,164239,184609,182701,0.0185078,790107,269114,281.289,122.794,2656.04,33412,5869.96,26690.1,37354.6,14420.2,12729.6
3175,1,2025-06-21 00:00:00,03:36:31,12050443,Air-2-5,749,0.001,4.906,0,4,4,3,1,2,5,35.3571,0.536713,110784,317.833,11184.2,6475.62,574151,112040,3.02394,6177.19,35972.6,161081,180927,178703,0.0182599,776195,264142,262.754,117.219,2567.71,32161.5,5636.17,25662.9,35965.9,13901.8,12245.4
3176,1,2025-06-21 00:00:00,06:51:31,12050443,Air-2-5,751,0.003,5.004,0,4,4,3,1,2,5,34.0925,0.536582,110193,313.234,11215.7,7427.9,574334,112023,3.0251,6334.79,36704.6,164945,184649,182532,0.0185671,793200,269308,290.87,123.774,2656.61,33388.2,5844.39,26658.4,37224,14411.1,12692.3
3177,1,2025-06-21 00:00:00,10:06:31,11010443,Air-1-1,752,0.003,2.456,0,4,4,3,1,1,1,3.27139,0.0489947,10955.4,30.5308,1119.88,6641.47,54129.6,10296.3,0.274815,703.841,3361.18,15095.2,17013.9,16791.5,0.0041687,73739.4,24938.2,157.839,10.6206,224.761,2774.46,522.876,2213.66,3137.19,1207.77,1118
3178,1,2025-06-21 00:00:00,13:21:31,11010443,Air-1-1,753,0.003,2.478,0,4,4,3,1,1,1,3.61775,0.0491935,10814.4,31.1723,1103.35,5886.99,53977.7,10258.3,0.273877,708.886,3359.24,14892.2,16873.9,16678.8,0.00416552,73300.6,24816.6,154.685,10.3107,216.607,2749.6,517.027,2206.47,3114.66,1197.82,1119.47
3179,1,2025-06-21 00:00:00,16:36:31,12050443,Air-2-5,755,0.002,4.904,0,4,4,3,1,2,5,36.4241,0.536808,110519,317.96,11192,6707.48,572249,111807,3.017,6292.78,36517.8,164185,183925,181823,0.0185259,791516,268719,276.418,125.824,2639.47,33236.4,5830.13,26498.7,37123.4,14370,12645.1
3180,1,2025-06-21 00:00:00,19:51:31,11050443,Air-1-5,756,0.001,2.443,0,4,4,3,1,1,5,17.4093,0.253422,55541.9,155.04,5613.07,6415.96,293024,56412.4,1.51838,3166.45,18060.9,80937.5,91018.8,89936.3,0.0105223,395018,133222,203.401,57.1682,1264,15792.4,2815.88,12634.8,17702.8,6837.13,6101.84
3181,1,2025-06-21 00:00:00,23:06:31,11050443,Air-1-5,757,0.002,2.483,0,4,4,3,1,1,5,17.301,0.253148,54430.6,153.361,5476.86,6252.72,293156,56390.1,1.51776,3177.13,18037.7,81050.4,91010.4,89843.2,0.0105407,394146,132950,191.841,59.5458,1261.48,15791.4,2814.17,12646.5,17696.5,6832.71,6115.75
3182,1,2025-06-22 00:00:00,02:21:31,12050443,Air-2-5,759,0.001,4.938,0,4,4,3,1,2,5,35.9737,0.532872,108459,311.119,10979.8,6643.12,571371,111523,3.01189,6264.64,36446.6,163761,183481,181383,0.018496,789132,267773,280.697,124.759,2652.31,33230.7,5827.95,26527.3,37086,14351.3,12627.7
3184,1,2025-06-22 00:00:00,08:51:31,12050443,Air-2-5,761,0,4.948,0,4,4,3,1,2,5,35.5291,0.536431,107144,304.486,10812.4,6214.58,571481,111544,3.01175,6277.27,36455.5,163333,183752,181313,0.0184524,790747,268238,279.983,124.299,2620.98,33186.8,5841.82,26447.3,37097.6,14352.2,12662.2
3185,1,2025-06-22 00:00:00,12:06:31,12050443,Air-2-5,763,0.002,4.945,0,4,4,3,1,2,5,35.8614,0.540624,101863,291.308,10335,6724.78,570308,111506,3.0074,6248.2,36498.3,164162,183509,181465,0.0184991,789964,267878,274.809,122.901,2626.94,33175.6,5828.84,26467.5,37021,14359.5,12619.7
3186,1,2025-06-22 00:00:00,15:21:31,11030443,Air-1-3,764,0,2.417,0,4,4,3,1,1,3,10.2957,0.149742,31823.8,89.6461,3181.67,6204.47,173794,33299.7,0.894177,1922.17,10689.2,47924.1,53952.4,53322.5,0.00734972,234651,79146,158.995,34.2066,723.56,9142.53,1645.16,7289.7,10234.8,3973.4,3558.68
3187,1,2025-06-22 00:00:00,18:36:31,11030443,Air-1-3,765,0,2.452,0,4,4,3,1,1,3,9.60656,0.148961,32521.7,91.0205,3290.43,5785.85,173471,33241.6,0.893891,1945.9,10692.1,48081.4,53885,53264.6,0.00736259,234238,79013.9,167.993,33.1337,725.707,9124.48,1644.19,7254.51,10219.9,3969.55,3566.48
3188,1,2025-06-22 00:00:00,21:51:31,12050443,Air-2-5,767,0.001,4.904,0,4,4,3,1,2,5,34.3776,0.537214,106603,306.924,10845.8,6184.75,570258,111317,3.00738,6254.1,36486.4,163225,183107,181065,0.018425,786197,267214,276.929,123.078,2633.6,33144.2,5805.96,26444.7,36999,14347.2,12569.9
3189,1,2025-06-23 00:00:00,01:06:31,12050443,Air-2-5,769,0,4.872,0,4,4,3,1,2,5,36.0642,0.535797,107329,311.403,10850.6,6602.06,569348,111280,3.00381,6233.08,36356.3,163193,182820,180611,0.0183793,785364,266909,270.81,123.674,2638.66,33090.2,5818.32,26380.7,36911.4,14295.8,12577
3193,1,2025-06-23 00:00:00,17:57:37,12050443,Air-2-5-200ccBulb *High CapMan Base*,771,0.675,2.437,0,4,4,3,1,2,5,16.0469,0.241676,50197.2,143.961,5102.13,9751.63,280192,53934,1.45119,3027.15,17198.2,77841.5,86953.7,85822.5,0.010148,379302,127120,200.67,57.482,1204.68,15079.5,2695.13,12001,16862.3,6513.03,5796.67
3194,1,2025-06-23 00:00:00,21:12:37,12050443,Air-2-5 *High CapMan Base*,773,0.644,2.423,0,4,4,3,1,2,5,17.2561,0.24201,50579.2,144.267,5089.67,7751.68,279672,53823.4,1.44857,3052.64,17174,77258.9,86581.8,85518.7,0.0101184,377616,126836,206.614,56.9599,1195.39,14990.4,2663.06,11970.2,16787,6479.73,5791.24
3195,1,2025-06-24 00:00:00,00:27:37,12050443,Air-2-5 *High CapMan Base*,775,0.656,2.436,0,4,4,3,1,2,5,16.957,0.242319,50617.7,141.655,5160.88,7016.91,279262,53772.1,1.44654,3030.14,17152.3,77261.4,86625.8,85407.6,0.0101261,377362,126676,189.822,55.0258,1194.56,14963.8,2674.4,11939.1,16751.1,6490.47,5796.02
3196,1,2025-06-24 00:00:00,03:42:37,12050443,Air-2-5 *High CapMan Base*,777,0.672,2.485,0,4,4,3,1,2,5,16.9578,0.24173,50957.8,152.101,5179.8,6702.03,278652,53672.4,1.44466,3033.76,17136.4,76992.5,86369.9,85252.2,0.0100933,375912,126641,197.492,55.3111,1192.63,14902.4,2665.51,11938.6,16748.7,6448.43,5790.46
3200,1,2025-06-24 00:00:00,19:14:03,12050443,Air-2-5 *Ion Counting Trip*,779,0.005,2.322,0,4,4,3,1,2,5,0,1.88813e-05,1530.31,4.44312,160.026,631.084,8235.21,1525.58,0.0429,292.473,798.25,3580.15,4108.82,4097.83,0.00309424,17893.7,6160.68,163.464,2.55287,60.5552,753.99,160.564,596.349,848.822,331.778,350.543
3201,1,2025-06-24 00:00:00,22:29:03,12050443,Air-2-5 *Ion Counting Trip*,781,0.001,2.279,0,4,4,3,1,2,5,0,7.6572e-06,1490.82,4.09269,153.692,561.35,8064.97,1502.69,0.0421015,281.404,796.194,3545.68,4091.7,4056.63,0.00308357,17815.8,6171.76,145.709,2.38871,59.1746,745.288,164.581,596.605,845.137,324.575,355.391
3202,1,2025-06-25 00:00:00,01:44:03,12050443,Air-2-5 *Ion Counting Trip*,783,0,2.308,0,4,4,3,1,2,5,0,-2.05235e-05,1517.68,3.89272,155.416,512.687,7977.47,1488.6,0.04181,299.261,794.204,3552.47,4066.24,4042.05,0.00308215,17643.8,6142.14,176.362,2.70809,59.7745,740.407,156.389,593.653,831.485,322.354,354.15
3205,1,2025-06-25 00:00:00,18:04:11,12050443,Air-2-5-30ccBulb,785,0.007,4.282,0,4,4,3,1,2,5,32.4621,0.465599,90754.5,259.918,9259.85,7103.77,505275,98447.1,2.65535,5499.49,31661.6,142248,159324,157578,0.0162336,686308,232155,307.152,108.41,2269.49,28545,5034.9,22746.3,32001.7,12386.2,10942.6
3206,1,2025-06-25 00:00:00,21:19:11,12050443,Air-2-5,787,0.006,4.193,0,4,4,3,1,2,5,31.7666,0.458358,89368.6,252.616,9146.41,7196.82,499055,97159.1,2.62236,5414.22,31212.6,140767,157418,155465,0.0161423,681766,229922,295.876,104.794,2258.92,28222.8,4984.33,22493.3,31498.8,12155.6,10771.5
3207,1,2025-06-26 00:00:00,00:34:11,12050443,Air-2-5,789,0,4.229,0,4,4,3,1,2,5,31.7804,0.456725,92297.7,267.76,9450.58,7482.25,498347,97038.7,2.61948,5427.78,31187.7,140389,157098,155283,0.0161271,677574,229160,300.204,106.218,2242,28185.4,4963.79,22460.3,31475.6,12183.2,10755.1
3208,1,2025-06-26 00:00:00,03:49:11,12050443,Air-2-5,791,0,4.242,0,4,4,3,1,2,5,30.3389,0.454987,91960.9,264.872,9428.37,7449.91,498317,97025.6,2.61919,5414.08,31209.6,140228,157322,155386,0.0161243,678659,229537,283.58,105.289,2239.04,28181.7,4997.19,22499.9,31451.5,12199.2,10791
3212,1,2025-06-26 00:00:00,18:49:28,12050443,Air-2-5,793,0.01,4.207,0,4,4,3,1,2,5,31.2037,0.460658,94147.5,264.92,9576.27,6640.47,503212,98007.6,2.64554,5443.33,31495.4,141633,158671,156853,0.0162591,683373,231722,274.688,105.337,2263.31,28485.3,5040.6,22722.6,31908.8,12357.9,10924.1
3213,1,2025-06-26 00:00:00,22:04:28,12050443,Air-2-5,795,0.006,4.315,0,4,4,3,1,2,5,31.0666,0.459184,96965.1,279.831,9887.38,7385.66,502286,97852.8,2.64152,5433.25,31497.9,141222,158764,156841,0.0162395,681885,231421,272.556,106.903,2257.6,28506.7,5033.53,22725.8,31808.3,12329.1,10899.4
3215,1,2025-06-27 00:00:00,04:34:28,12050443,Air-2-5,797,0,4.316,0,4,4,3,1,2,5,30.8293,0.459197,94042.1,263.822,9458.88,5669.92,502325,97817.9,2.64116,5344.78,30917.1,138546,155534,153963,0.0160429,670875,227350,257.68,102.298,2177.19,27393.6,4881.23,21794.5,30665.9,11850.7,10560.3
3216,1,2025-09-10 00:00:00,11:51:28,12050443,Air-2-5-BigBulb,801,0,0.713,0,4,4,3,1,2,5,5.12594,0.0743409,11234.9,32.0926,1175.19,2569.99,74344.1,13333.4,0.359035,824.466,4299.82,19273.2,21632.8,21296.5,0.00461439,93780.5,31719.1,63.2896,15.4807,304.048,3822.48,634.95,3039.2,4351.82,1663.73,1356.98
3217,1,2025-09-10 00:00:00,15:06:28,12050443,Air-2-5,803,0,0.705,0,4,4,3,1,2,5,4.81738,0.0727639,11998.6,33.2203,1220.04,2465.02,75744.6,13641.7,0.366236,862.991,4510.76,20194.2,22730.4,22450.1,0.00470951,98956.2,33318.6,74.2836,14.0357,336.963,4120.24,685.246,3282.33,4662.4,1808.34,1464.09
3218,1,2025-09-10 00:00:00,18:21:28,12050443,Air-2-5,805,0,0.716,0,4,4,3,1,2,5,4.59826,0.0738872,11430.5,30.644,1163.26,2345.32,76551.4,13792.1,0.370362,849.674,4484.06,20072.4,22554,22217.4,0.00469228,98094.6,33074.2,74.6915,15.0006,317.81,3983.48,664.538,3195.7,4511.37,1741.05,1432.5
3220,1,2025-09-11 00:00:00,00:51:28,12050443,Air-2-5,807,0,0.726,0,4,4,3,1,2,5,4.65042,0.0723049,12048.3,32.4419,1206.05,2114.36,78167.1,14060.2,0.378136,830.563,4412.94,19656.2,22020.3,21677.9,0.0046558,95486.6,32314.7,72.37,14.3298,307.944,3755.6,632.341,2995.91,4237.73,1622.62,1353.39
3221,1,2025-09-11 00:00:00,04:06:28,12050443,Air-2-5,809,0,0.714,0,4,4,3,1,2,5,5.37263,0.0717645,11801.6,31.8988,1187.72,2177.02,78268.4,14109.6,0.379032,879.384,4610.74,20620.7,23179.3,22827.8,0.0047513,100810,34013.1,73.9424,15.6572,335.967,4106.5,687.538,3255.08,4629.07,1789.57,1497.3
3225,1,2025-09-11 00:00:00,18:01:33,12050443,Air-2-5-NoBulb,811,0,4.729,0,4,4,3,1,2,5,33.0501,0.50139,75325.2,206.422,7423.54,2794.1,561848,104281,2.81355,5836.44,32342.3,145399,162848,160716,0.0169152,701034,237899,189.641,118.595,2522.41,31612.4,5177.5,25220.9,35523.5,13731.7,11157.6
3226,1,2025-09-11 00:00:00,21:16:33,12050443,Air-2-5,813,0,4.793,0,4,4,3,1,2,5,33.8317,0.498671,77445.1,206.618,7651.69,2777.3,563100,104502,2.82077,5808.81,32462.3,145948,163212,161138,0.0169418,704061,238776,197.326,118.686,2523.92,31679.1,5181.89,25250.5,35440.6,13715.2,11210.1
3227,1,2025-09-12 00:00:00,00:31:33,12050443,Air-2-5,815,0,4.699,0,4,4,3,1,2,5,33.3976,0.500155,76674,206.784,7561.06,2813.9,564274,104722,2.82816,5848.6,32444.9,146176,163301,161052,0.0169538,702122,238733,199.578,119.5,2529.63,31688.2,5164.26,25201,35441.7,13741.1,11200.3
3229,1,2025-09-12 00:00:00,07:01:33,12050443,Air-2-5,817,0,4.726,0,4,4,3,1,2,5,34.0413,0.498003,77193.8,205.887,7586.45,2526.23,567533,105467,2.84757,5884.32,32630.7,146478,164239,162207,0.0170013,710114,240598,217.009,115.315,2527.89,31686.6,5207.52,25295.4,35543.7,13761.6,11280.2
3230,1,2025-09-12 00:00:00,10:16:33,12050443,Air-2-5,819,0,4.822,0,4,4,3,1,2,5,34.9616,0.505528,78008.5,210.485,7660.33,2859.29,566539,105350,2.84202,5869.58,32623.8,146455,164132,161928,0.0169564,710326,240485,210.232,121.252,2513.39,31666.6,5189.78,25221.2,35455.8,13727.8,11286.1
3231,1,2025-09-12 00:00:00,13:31:33,11050443,Air-1-5,820,0,2.343,0,4,4,3,1,1,5,17.8162,0.247192,42190.7,114.789,4125.69,2769.13,286177,52429.5,1.41231,2940.74,16202.5,72627.7,81662,80437.2,0.00981044,355601,119911,127.102,56.7886,1191.34,14962.1,2505.79,11916.5,16779.2,6502.25,5382.42
3232,1,2025-09-12 00:00:00,16:46:32,11050443,Air-1-5,821,0,2.396,0,4,4,3,1,1,5,16.5205,0.248087,40428.2,106.808,3974.67,2643.94,286697,52486.1,1.4156,2940.63,16251.5,73025.3,81847.1,80724,0.0098567,356660,120192,126.782,55.4545,1191.08,14997.3,2499.32,11912.4,16802,6498.82,5427.71
3233,1,2025-09-12 00:00:00,20:01:32,12050443,Air-2-5,823,0,4.722,0,4,4,3,1,2,5,33.0508,0.502771,81793.2,219.835,8000.14,2777.69,567696,105605,2.85088,5884.88,32774,147157,164551,162453,0.0170501,712091,241295,202.66,117.049,2525.85,31629.6,5223.75,25205.1,35442.4,13671.8,11323.6
3234,1,2025-09-12 00:00:00,23:16:32,12040443,Air-2-4,825,0,4.693,0,4,4,3,1,2,4,27.3885,0.402889,74582.3,198.512,7220.38,2870.95,462026,85462.1,2.30572,4727.63,26337.9,118320,132573,130853,0.014241,574022,194340,170.67,93.2692,1990.14,24999.2,4137.44,19979.5,27987.5,10848,9007.54
3235,1,2025-09-13 00:00:00,02:31:32,12040443,Air-2-4,827,0,4.783,0,4,4,3,1,2,4,29.2918,0.402591,71464.4,192.973,6908.48,2776.17,462138,85525.9,2.30656,4748.51,26278,118350,132496,130678,0.0142413,572445,194059,172.896,91.0309,1977.62,24964.2,4164.37,19879,28003,10825.9,8987.86
3236,1,2025-09-13 00:00:00,05:46:32,12050443,Air-2-5,829,0,4.682,0,4,4,3,1,2,5,33.5682,0.505892,87921.7,237.188,8516.41,2819.36,567941,105642,2.85483,5900.19,32772.3,147711,164952,162924,0.0170974,710735,241621,205.019,120.51,2511.22,31597.9,5238.55,25194.3,35369.3,13711.5,11340.7
3238,1,2025-09-13 00:00:00,12:16:32,12050443,Air-2-5,831,0,4.708,0,4,4,3,1,2,5,34.2433,0.50569,88507.7,242.204,8589.51,2650.77,568261,105736,2.85718,5722.76,31789.5,142442,159809,157987,0.0166423,689179,234082,201.819,109.866,2384.93,29752.7,4970.61,23754.1,33387.6,12888.6,10782.3
3239,1,2025-09-13 00:00:00,15:31:32,12050444,Air-2-5,833,0,4.727,0,4,4,4,1,2,5,33.2307,0.505112,87945.7,236.67,8552.98,2968,568746,105828,2.85989,231.666,916.415,4084.98,4630.84,4567.21,0.0031338,20079.7,6843.19,73.461,2.37967,58.3479,719.079,139.904,584.552,823.658,316.591,293.404
3241,1,2025-09-13 00:00:00,22:01:32,11010443,Air-1-1,834,0,2.379,0,4,4,3,1,1,1,3.26306,0.0476306,9502.89,25.788,937.447,2112.11,52042.9,9420.43,0.252685,574.312,2834.17,12652.1,14221.7,14034.2,0.00398191,61896.3,21028,81.1061,8.17477,181.827,2222.87,403.394,1765.79,2535.6,995.463,884.524
3242,1,2025-09-14 00:00:00,01:16:32,11010443,Air-1-1,835,0,2.36,0,4,4,3,1,1,1,3.31708,0.0476365,9072.87,24.8338,888.798,2193.45,51905.9,9379.81,0.251947,595.341,2989.2,13353.8,14989.4,14847.1,0.00404287,65588.4,22209.8,77.0562,9.21542,198.065,2468.53,436.029,1966.34,2788.72,1081.18,960.976
3243,1,2025-09-14 00:00:00,04:31:32,12050443,Air-2-5,837,0,4.663,0,4,4,3,1,2,5,34.5197,0.505293,96646,258.338,9316.37,2488.46,568483,105819,2.86017,5842.06,32566.6,146578,163910,161722,0.0170001,710005,240562,197.508,118.061,2445.72,30727.3,5130.25,24457.8,34428.5,13277.7,11119.5
3244,1,2025-09-14 00:00:00,07:46:32,12050443,Air-2-5,839,0,4.686,0,4,4,3,1,2,5,36.2927,0.504896,91264.1,248.906,8795.45,2908.62,568943,105821,2.86271,5943.57,32967,148471,165995,163861,0.0171815,716603,243090,223.65,118.36,2498.65,31525.1,5255.11,25141.9,35277.1,13605.3,11414.9
3246,1,2025-09-14 00:00:00,14:16:32,11010443,Air-1-1,840,0,2.398,0,4,4,3,1,1,1,3.15282,0.047123,9289.91,23.5566,900.931,2250.6,52000.2,9385.9,0.252104,604.438,2974.14,13276.4,14935.5,14787.7,0.0040398,64772.2,22068.3,85.0104,9.04009,195.915,2451.1,438.058,1930.89,2773.11,1072,950.298
3247,1,2025-09-14 00:00:00,17:31:32,11010443,Air-1-1,841,0,2.389,0,4,4,3,1,1,1,3.39231,0.0471775,9381.39,26.726,909.01,2197.11,51870.4,9381.42,0.251936,613.462,3068.89,13783.9,15437.5,15262.2,0.00409783,67502.1,22831.6,75.5832,9.84923,206.113,2589.01,468.256,2061.35,2930.73,1123.41,1014.77
3248,1,2025-09-14 00:00:00,20:46:32,12050443,Air-2-5,843,0,4.707,0,4,4,3,1,2,5,34.1702,0.509428,94520.5,263.587,9147.49,2516.49,567956,105734,2.8605,5940.9,32950.2,147951,165658,163619,0.0171703,716051,243125,206.414,120.831,2506.89,31390,5239.74,25005.1,35177.4,13577.1,11398.4
3249,1,2025-09-15 00:00:00,00:01:32,12050443,Air-2-5,845,0,4.684,0,4,4,3,1,2,5,34.81,0.504964,93263.6,250.944,9029.79,2810.27,567538,105691,2.85833,5927.89,32953.9,148231,165942,163834,0.0171362,717249,243398,204.542,115.574,2492.36,31401.4,5246.48,25044.5,35167.2,13588.7,11462.1
3250,1,2025-09-15 00:00:00,03:16:32,11050443,Air-1-5,846,0,2.314,0,4,4,3,1,1,5,16.5175,0.243416,45737.2,124.912,4440.34,2747.83,286252,52595.7,1.4176,2964.74,16290.8,73534.3,82335,81244.5,0.00989123,358218,121092,136.146,56.532,1179.78,14817.7,2517.21,11825,16611.9,6414.3,5455.54
3254,1,2025-09-16 00:00:00,09:27:44,12050443,Air-2-5-BigBulb,4,0,0.986,0,4,4,3,1,2,5,7.31498,0.100756,20500.2,55.5793,2012.14,2844.1,116464,21185.8,0.570347,1292.98,6802.93,30460.2,34408.7,33918.8,0.00573413,148494,50581.2,104.408,22.2875,474.417,5930.98,1042.77,4707.19,6747.16,2591.35,2275.12
3256,1,2025-09-16 00:00:00,16:00:59,12050443,Air-2-5-BigBulb,6,0,0.978,0,4,4,3,1,2,5,6.62834,0.0989555,19113.4,50.462,1858.7,2166.68,114584,20832.9,0.560423,1268.29,6778.48,30378.3,34283,33758.8,0.00570623,149504,50577.2,89.966,21.069,483.906,6004.05,1051.48,4796.33,6750.44,2637.92,2292.32
3257,1,2025-09-16 00:00:00,19:15:59,12050443,Air-2-5,8,0,0.974,0,4,4,3,1,2,5,7.81152,0.0989211,19924.9,53.8071,1942.6,2038.18,114423,20819.6,0.560073,1255.92,6795.23,30317.5,34145.3,33721.9,0.00571181,148353,50395.1,87.238,22.2777,478.783,5986.26,1059.16,4781.28,6759.55,2608.94,2299.7
3258,1,2025-09-16 00:00:00,22:30:59,12050443,Air-2-5,10,0,0.984,0,4,4,3,1,2,5,6.89784,0.0980435,21002.3,55.4719,2042.2,2015.35,114400,20820.3,0.559638,1270.06,6760.33,30148.7,34120.6,33635.3,0.00569634,146689,50201.4,88.9045,22.7196,477.229,5979.07,1055.7,4773.19,6756.13,2607.44,2293.91
3259,1,2025-09-17 00:00:00,01:45:59,12050443,Air-2-5,12,0,0.982,0,4,4,3,1,2,5,7.52908,0.0986321,20722,54.2559,2011.78,2017.11,114362,20792.7,0.559527,1262.05,6767.58,30313,34155.3,33707.8,0.0057132,147539,50356.4,87.4531,23.3069,481.802,5985.05,1045.04,4770.56,6734.67,2604.74,2288
3260,1,2025-09-17 00:00:00,05:00:59,12050443,Air-2-5,14,0,0.979,0,4,4,3,1,2,5,6.89741,0.0982956,19091.6,51.1375,1845.73,2008.68,114306,20790.6,0.558891,1249.76,6793.1,30357.4,34133.6,33693.3,0.00570868,147624,50260.3,88.9561,22.2793,476.208,5967.19,1056.12,4772.77,6754.91,2610.54,2288.77
3264,1,2025-09-17 00:00:00,18:11:35,12050443,Air-2-5-NoBulb,16,0,6.401,0,4,4,3,1,2,5,46.5035,0.703062,131797,359.21,12834.8,2878.17,749749,141152,3.83054,8454.47,47359.5,211545,237954,234814,0.0234006,1014880,348336,264.792,171.755,3620.27,45475.8,7609.7,36337.8,51039.4,19728.5,16603.6
3265,1,2025-09-17 00:00:00,21:26:35,12050443,Air-2-5,18,0,6.604,0,4,4,3,1,2,5,45.3928,0.708425,139680,382.2,13575.5,3032.67,749825,141072,3.8304,8434,47534.4,213881,238674,235444,0.0235473,1020950,349070,268.67,173.973,3656.93,45947.6,7695.7,36637.8,51358.8,19901.6,16722.2
3266,1,2025-09-18 00:00:00,00:41:35,11050443,Air-1-5,19,0,3.291,0,4,4,3,1,1,5,22.8701,0.342355,67973.4,184.787,6591.2,2842.08,397650,73644.3,1.98602,4201.55,23362.1,104872,117894,116484,0.0129314,510602,173111,158.588,80.9475,1765.87,22143.3,3759.35,17648.4,24790.7,9598.28,8209.64
3267,1,2025-09-18 00:00:00,03:56:35,11050443,Air-1-5,20,0,3.246,0,4,4,3,1,1,5,23.2631,0.341238,67870.5,180.028,6597.72,2713.32,397246,73417.1,1.98485,4191.66,23373.9,104551,117745,116405,0.0129078,509317,172914,161.755,82.1733,1749.99,22129.3,3768.17,17634.3,24785.2,9576.69,8197.38
3268,1,2025-10-27 00:00:00,09:13:24,12050443,Air-2-5 *Medium Bulb - 200cc*,22,0.015,3.097,0,4,4,3,1,2,5,23.6408,0.321522,44105.5,119.342,4372.06,4406.78,336478,60896.6,1.64627,3483.2,18343.4,82439.6,92312.1,91023.4,0.0108216,400332,134959,274.498,64.4673,1378.4,17212.5,2736.04,13666,19432.8,7501.02,5882.67
3269,1,2025-10-27 00:00:00,12:28:24,12050443,Air-2-5,26,0.01,3.088,0,4,4,3,1,2,5,23.7795,0.324045,44222.9,121.28,4406.53,3667.99,346963,63081.2,1.70198,3768.34,20027,90322.7,100909,99599.1,0.0115279,436679,147372,264.273,76.5219,1578.98,19768.6,3142.19,15728.6,22234.8,8584.95,6799.75
3270,1,2025-10-27 00:00:00,15:51:28,12050443,Air-2-5,28,0.003,3.167,0,4,4,3,1,2,5,22.2558,0.324924,43795.7,121.381,4354.8,3058.75,354181,64492.1,1.74023,3834.91,20394.7,91335.7,102406,101151,0.0116164,442211,149719,252.078,76.0959,1590.35,19953,3199.38,15890.2,22386.6,8691.41,6911.54
3272,1,2025-10-27 00:00:00,22:21:28,12050443,Air-2-5,30,0,3.073,0,4,4,3,1,2,5,23.7819,0.327175,46614.5,129.826,4702.28,2485.96,363743,66394.7,1.79266,3727.03,19950.9,89609.7,100388,99021.5,0.0114975,434092,147136,232.407,68.2546,1481.99,18513.6,3007.75,14748.7,20863.3,8052.71,6515.34
3273,1,2025-10-28 00:00:00,01:36:28,11050443,Air-1-5,31,0,1.589,0,4,4,3,1,1,5,11.7576,0.162322,22842.4,62.3637,2318.71,2461.29,178631,32324.2,0.870124,1978.87,10200.4,45720.5,51311.5,50573.9,0.00720409,222060,75245.7,189.557,36.8731,757.351,9444.3,1555.48,7525.82,10622.8,4123.28,3363.67
3274,1,2025-10-28 00:00:00,04:51:28,12050443,Air-2-5,33,0,3.042,0,4,4,3,1,2,5,22.2365,0.32721,47790.7,126.437,4749.62,2504.67,368028,67360.9,1.81629,3897.12,20854.8,93432.7,104908,103511,0.0118432,452292,153843,235.774,73.8446,1605.75,20044.1,3278.2,15977.5,22549.8,8729.86,7081.38
3276,1,2025-10-28 00:00:00,11:26:17,12050443,Air-2-5,35,0,3.053,0,4,4,3,1,2,5,23.2397,0.326156,47996.4,130.438,4744.61,2469.72,370405,67812.6,1.82866,3936.78,20934.2,94158.8,105453,104031,0.0119196,457817,155001,245.719,74.5465,1591.44,20068.7,3287.93,15965.5,22563.2,8752.55,7142.1
3278,1,2025-10-28 00:00:00,19:48:12,12050443,Air-2-5,37,0.014,3.117,0,4,4,3,1,2,5,23.5569,0.327558,49548.4,133.018,4896.89,2155.24,373056,68335.3,1.84432,3935.51,21073.2,94660.5,105980,104739,0.0120124,457310,155622,239.492,77.0533,1597.91,20111.5,3307.28,15957.9,22574,8724.87,7197.12
3279,1,2025-10-28 00:00:00,22:58:12,12050443,Air-2-5,39,0.012,3.083,0,4,4,3,1,2,5,23.5741,0.327372,50186.1,133.018,4931.72,2251.85,373979,68532.6,1.84889,3941.68,21177.5,95314.3,106293,104903,0.0120699,460449,156410,237.774,75.0362,1588.19,20073.7,3299.96,15993.7,22601.2,8745.78,7211.28
3280,1,2025-10-29 00:00:00,02:08:12,12050443,Air-2-5,41,0.011,3.045,0,4,4,3,1,2,5,23.5432,0.325332,53286.3,144.811,5154.29,2330.6,374064,68673,1.85208,3951.2,21157.6,95063.4,106630,105185,0.0120234,462216,156724,249.183,79.794,1601.94,20127.6,3312.5,16018.3,22596.4,8722.99,7223.51
3284,1,2025-10-29 00:00:00,18:16:04,12050443,Air-2-5,43,0.006,3.036,0,4,4,3,1,2,5,22.9838,0.326558,51602.4,137.566,5054.04,2211.42,374455,68692,1.85564,3946.68,21179.3,94390.8,106717,105375,0.0119747,461143,156710,257.841,76.0676,1592.32,19975.7,3329.03,15917.4,22462,8667.66,7236.11
3285,1,2025-10-29 00:00:00,21:26:04,12050443,Air-2-5,45,0.002,3.038,0,4,4,3,1,2,5,22.5018,0.323694,56355.5,153.713,5464.92,2292.86,374710,68787.3,1.85655,3980.5,21203.8,95192.9,106785,105375,0.0120632,463524,157212,243.046,76.067,1588.88,19969.9,3317.45,15951.5,22441.5,8692.35,7221.13
3286,1,2025-10-30 00:00:00,00:36:04,12050443,Air-2-5,47,0.002,3.027,0,4,4,3,1,2,5,23.468,0.325159,51992.5,136.918,5073.3,2251.92,374807,68841.5,1.85792,4007.37,21206.2,95408.9,106894,105464,0.0120668,464363,157403,255.264,72.6504,1586.23,19960.9,3323.92,15932.4,22438.4,8668.82,7255.16
3287,1,2025-10-30 00:00:00,03:46:04,12050443,Air-2-5,49,0,2.989,0,4,4,3,1,2,5,22.9044,0.32806,48929.1,133.472,4848.01,2350.1,374731,68838,1.8588,3985.91,21263.8,95842.3,107044,105579,0.0121115,465919,157801,268.636,78.2423,1595.39,19956.4,3332.34,15941.2,22440.3,8688.84,7278.15
3290,1,2025-10-30 00:00:00,19:32:55,12050443,Air-2-5,51,0.01,3.045,0,4,4,3,1,2,5,22.1493,0.324293,55272,148.315,5357.92,2206.72,375727,69111.9,1.8645,4069.73,21244.8,96043,107219,105748,0.0119489,467090,157423,313.193,75.062,1573.91,19884,3344.31,15842.6,22381.2,8644.5,7290.59
3291,1,2025-10-30 00:00:00,22:42:55,12050443,Air-2-5,53,0.003,3.03,0,4,4,3,1,2,5,23.7858,0.323179,56767,150.622,5511.12,2318.21,375643,68979.3,1.86287,4032.87,21280.8,96215.1,107294,105896,0.0120127,466672,157602,292.967,71.9045,1572.41,19917.1,3344.39,15873.3,22338.2,8667.23,7271.65
3292,1,2025-10-31 00:00:00,01:52:55,11050443,Air-1-5,54,0,1.506,0,4,4,3,1,1,5,10.6352,0.155946,26813.1,69.5718,2585.45,2068.48,182694,33192.7,0.895677,2063.82,10404.2,46849.4,52417.7,51693.1,0.00727907,228954,77248.5,226.252,34.8353,742.895,9272.95,1581.02,7401.19,10465.9,4052.55,3469.59
3293,1,2025-10-31 00:00:00,05:02:55,12050443,Air-2-5,56,0,3.032,0,4,4,3,1,2,5,21.5596,0.326509,50416.4,134.974,4965.37,2126.89,375352,68910.5,1.8624,4034.6,21297.9,96295.4,107367,105921,0.0120661,468017,158010,284.575,72.8969,1578.42,19847.5,3343.22,15810.6,22317.2,8599.76,7289.54
3296,1,2025-10-31 00:00:00,18:56:31,12050443,Air-2-5,58,0.01,2.992,0,4,4,3,1,2,5,22.6141,0.325572,52684.7,140.554,5094.74,1739.83,375216,69035.3,1.86523,4016.48,21360.6,96384.2,107592,106108,0.0120867,468636,158374,263.461,73.1499,1575.21,19840.3,3376.86,15795.9,22281.8,8631.77,7315.56
3297,1,2025-10-31 00:00:00,22:06:31,12050443,Air-2-5,60,0.006,3.017,0,4,4,3,1,2,5,22.5498,0.327721,50547.7,133.956,4946.62,2002.67,375373,68994.7,1.86532,4046.46,21341.6,96049,107633,106327,0.0120493,466586,158301,277.614,76.1407,1588.27,19801,3363.56,15846.5,22295,8637.23,7341.37
3299,1,2025-11-01 00:00:00,04:26:31,12050443,Air-2-5,62,0.004,3.04,0,4,4,3,1,2,5,22.3662,0.330125,49812.3,131.469,4922.16,1836.2,375473,69057.9,1.86614,3993.76,21088.9,94927.1,106276,104967,0.0120025,462649,156706,274.847,69.7405,1522.79,19266,3265.54,15359.7,21705.1,8378.47,7139.28
3300,1,2025-11-01 00:00:00,07:36:31,11020443,Air-1-2,63,0.008,1.489,0,4,4,3,1,1,2,4.48203,0.0633782,9905.62,26.3643,981.514,1883.26,69216.3,12478.9,0.335833,937.283,4016.7,18065.9,20281.3,20003,0.00450875,88695.4,30023.4,227.333,12.5699,274.527,3418.03,603.168,2721.73,3890.26,1502.14,1334.71
3301,1,2025-11-01 00:00:00,10:46:31,11020443,Air-1-2,64,0.009,1.533,0,4,4,3,1,1,2,4.70458,0.063121,9991.06,25.5379,979.039,1879.37,68882.3,12429.9,0.334312,932.942,4025.5,17973.6,20252.9,19952.4,0.0044969,87953.4,29897.3,219.154,13.1448,272.755,3415.36,619.007,2721.54,3858.25,1503.27,1330.42
3302,1,2025-11-01 00:00:00,13:56:31,12050444,Air-2-5  *KrXe Split 4*,66,0.008,3.005,0,4,4,4,1,2,5,23.2579,0.328128,49530.6,134.995,4902.01,1965.92,374202,68834.9,1.86083,272.741,557.152,2447.75,2785.13,2725.93,0.002973,11918.6,4081.84,170.234,1.91408,32.0808,430.033,86.1932,347.87,499.226,192.125,184.409
3304,1,2025-11-01 00:00:00,20:16:31,11010443,Air-1-1,67,0.002,1.518,0,4,4,3,1,1,1,2.26526,0.0310186,5347.71,12.7792,516.384,1435.64,31714.3,5707.4,0.152718,471.723,1885.72,8407.58,9465.77,9328.04,0.00357878,41186.8,14065.3,133.016,5.18854,121.163,1524.99,290.741,1228.87,1752.95,674.746,622.154
3305,1,2025-11-03 00:00:00,06:31:47,12050443,Air-2-5,72,0,3.034,0,4,4,3,1,2,5,22.9444,0.332474,50418.6,137.874,4917.9,1284.67,377369,69491.6,1.88042,3985.94,21279.3,95519,107116,105709,0.0121325,464243,158137,236.456,69.4846,1518.31,18894.3,3267.11,15073.4,21376.7,8238.53,7116.07
3307,1,2025-11-03 00:00:00,16:37:20,12050443,Air-2-5,75,0.002,3.036,0,4,4,3,1,2,5,22.498,0.329742,50074.6,132.151,4880.29,1745.65,373983,68869.3,1.86282,4009.32,21533.1,96700.7,108386,107015,0.0121807,470299,159879,246.14,72.2007,1570.46,19728.4,3397.7,15707,22218.4,8623.28,7413.12
3308,1,2025-11-03 00:00:00,19:47:20,12050443,Air-2-5,77,0.001,3.026,0,4,4,3,1,2,5,21.6392,0.329573,49728.1,134.655,4915.61,1899.13,373868,68954.3,1.86266,4014.29,21559.2,96948.1,108562,107226,0.0122116,469833,159852,247.801,75.335,1560.61,19802.7,3402.6,15784,22256.7,8597.2,7393.27
3309,1,2025-11-03 00:00:00,22:57:20,12050443,Air-2-5,79,0,3.027,0,4,4,3,1,2,5,23.7068,0.328977,48338.5,131.772,4768.41,2010.27,373236,68730.6,1.85932,4012.07,21508.9,96820,108388,107028,0.0121905,470775,159729,249.059,72.2286,1562.41,19691.2,3397.3,15709.4,22191.5,8580.9,7410.35
3310,1,2025-11-04 00:00:00,02:07:20,12050443,Air-2-5,81,0,2.983,0,4,4,3,1,2,5,23.0793,0.329731,49725.1,136.519,4902.62,2165.12,373297,68774.5,1.8593,4008.41,21540.1,96916.2,108526,107092,0.0122024,472433,160036,259.615,74.8987,1565.06,19747.8,3384.18,15729.7,22234.4,8590.79,7400.04
3313,1,2025-11-04 00:00:00,14:21:59,12050443,Air-2-5,83,0.006,2.96,0,4,4,3,1,2,5,22.7318,0.325767,49219.1,130.181,4795.01,2054.58,372149,68604.9,1.85394,4053.84,21500.7,96681.7,108231,106841,0.0121736,471169,159469,279.788,71.9393,1559.45,19662.2,3390.69,15726,22169.5,8573.78,7378.52
3314,1,2025-11-04 00:00:00,17:31:59,12050443,Air-2-5,85,0,2.998,0,4,4,3,1,2,5,21.9223,0.325246,51030.3,135.449,4955.47,2142.6,371684,68387.6,1.85118,4042.56,21460.8,96841.2,108153,106715,0.0121873,469005,159513,267.856,73.9161,1564.96,19708.3,3385.87,15684.7,22180.8,8577.76,7357.53
3316,1,2025-11-04 00:00:00,23:51:59,11050443,Air-1-5,86,0,1.5,0,4,4,3,1,1,5,10.8522,0.158957,23898.3,63.9761,2322.26,1793.9,181228,33011.6,0.89222,2041.11,10461.2,46952,52821.9,52008.1,0.00734626,230188,78058.1,203.59,34.3026,729.809,9148.35,1608.3,7301.95,10346.8,4002.93,3511.71
3317,1,2025-11-05 00:00:00,03:01:59,12050443,Air-2-5,88,0,3.002,0,4,4,3,1,2,5,22.465,0.325661,50121.8,133.436,4851.78,2027.28,370908,68249.4,1.84845,4017.11,21445.9,96461.3,107983,106763,0.0121797,469829,159531,248.541,75.2236,1557.34,19628,3372.22,15608.4,22102.5,8584.65,7392.19
3320,1,2025-11-05 00:00:00,15:57:07,12050443,Air-2-5,90,0.04,3.111,0,4,4,3,1,2,5,22.1021,0.332444,47508.5,128.319,4696.47,1849.71,374556,68981.1,1.86673,4025.81,21713.6,97415.9,109221,107840,0.0122549,475181,161295,253.011,74.358,1575.05,19848.4,3419.76,15837.8,22371.4,8678.79,7459.11
3321,1,2025-11-05 00:00:00,19:07:07,12050443,Air-2-5,92,0.016,3.058,0,4,4,3,1,2,5,22.3268,0.330178,46159.3,123.972,4542.12,2024.32,373396,68827.9,1.8616,4040.47,21674.3,97312.8,108821,107482,0.0122525,470575,160414,250.143,73.863,1574.98,19844.6,3414.54,15806.1,22283.9,8617.51,7444.78
3322,1,2025-11-05 00:00:00,22:17:07,11050443,Air-1-5,93,0.01,1.499,0,4,4,3,1,1,5,11.3002,0.159368,23378,62.2659,2275.35,2018.64,181891,33199.4,0.895847,2075.45,10542,47476.6,53146.3,52529.5,0.00737664,230869,78493.1,213.063,32.2864,739.16,9243.99,1626.18,7381.42,10419.5,4043.42,3535.91
3323,1,2025-11-06 00:00:00,01:27:07,12050443,Air-2-5,95,0.01,2.996,0,4,4,3,1,2,5,23.4304,0.331144,45703.5,122.717,4507.44,2075.47,373138,68723.8,1.85995,4041.7,21565.9,96808.5,108892,107463,0.0122008,472595,160653,259.519,75.3639,1566.97,19746.9,3424.59,15754.4,22272.2,8603.3,7458.11
3324,1,2025-11-06 00:00:00,04:37:07,12050443,Air-2-5,97,0.01,3.053,0,4,4,3,1,2,5,22.3751,0.33019,44608.2,120.283,4379.71,2180.53,373166,68696.1,1.85991,4014.63,21605.1,97228.5,108957,107398,0.0122377,473483,160567,250.073,75.6565,1578.88,19759,3414.66,15765.1,22227.4,8596.51,7482.02
3327,1,2025-11-06 00:00:00,16:14:13,12050443,Air-2-5,99,0.13,3.009,0,4,4,3,1,2,5,22.3299,0.327344,47099.3,127.496,4604.69,2204.85,370911,68395.3,1.84869,3995,21570.9,96977.5,108639,107252,0.0122003,470930,160030,240.146,72.5736,1559.72,19735.8,3410.53,15762.6,22253.8,8590.45,7417.17
3328,1,2025-11-06 00:00:00,19:24:13,12050443,Air-2-5,101,0.043,2.982,0,4,4,3,1,2,5,22.306,0.326629,46980.3,128.986,4603.12,2591.95,369366,68119.5,1.84257,3994.36,21402.4,96228.6,107801,106356,0.01214,466852,158698,255.82,72.0765,1548.86,19610.4,3365.97,15594.2,22027.8,8505.31,7364.87
3329,1,2025-11-06 00:00:00,22:34:13,11050443,Air-1-5,102,0.021,1.504,0,4,4,3,1,1,5,11.1834,0.159836,21894.5,60.7814,2177.06,2313.03,180286,32919.4,0.888198,2044.81,10470.7,46771.1,52766.4,51970.7,0.00732607,229747,77933.4,211.442,34.7159,729.65,9155.11,1613.11,7313.31,10353.6,3984.95,3508.16
3330,1,2025-11-07 00:00:00,01:44:12,12050443,Air-2-5,104,0.013,2.968,0,4,4,3,1,2,5,22.4683,0.328221,41906,116.283,4218.19,2249.41,369211,68040.9,1.8411,4007.39,21401.6,96552.7,108019,106567,0.0121827,470612,159509,253.955,72.5882,1559.94,19578.8,3360.13,15650.2,22042.1,8546.95,7372.38
3331,1,2025-11-07 00:00:00,04:54:13,12050443,Air-2-5,106,0.01,2.979,0,4,4,3,1,2,5,22.7022,0.327248,43745.3,119.656,4319.99,2391.05,369087,68026.5,1.8398,3978.06,21359.8,96358.1,107709,106366,0.0121376,464699,158592,257.943,73.0013,1557.07,19582.8,3374.09,15620.7,22010.4,8515.28,7365.97
3334,1,2025-11-07 00:00:00,17:28:35,12050443,Air-2-5-30ccBulb,108,0.047,5.64,0,4,4,3,1,2,5,39.9721,0.620137,76550.7,208.544,7708.98,2381.22,659150,123167,3.34613,7304.9,39825.8,179758,200454,197866,0.0202832,861673,294689,365.643,140.653,2974.93,37673.5,6366.14,29944.3,42214.7,16329.4,13958.3
3335,1,2025-11-07 00:00:00,20:38:35,12050443,Air-2-5,110,0.044,5.597,0,4,4,3,1,2,5,41.3717,0.623399,73317.2,203.093,7460.08,2731.21,659938,123416,3.34873,7311.58,39846.8,178990,200027,197577,0.0201831,855470,294097,374.414,137.071,2988.92,37628.6,6388.8,30014.7,42238.4,16337,13938.5
3336,1,2025-11-07 00:00:00,23:48:35,11050443,Air-1-5,111,0.042,2.817,0,4,4,3,1,1,5,20.7143,0.30156,37306.4,99.0221,3743.15,2699.72,339397,62484.4,1.68869,3742.36,19649.9,88301.9,98931.1,97714.8,0.0113507,428409,145909,330.742,66.7173,1421.4,17916.4,3093.35,14274,20157.3,7793.63,6757.33
3337,1,2025-11-08 00:00:00,02:58:35,11050443,Air-1-5,112,0.042,2.843,0,4,4,3,1,1,5,20.8806,0.301659,37360.1,100.667,3746.86,2657.96,339427,62497,1.68913,3787.35,19670.1,88151.2,98966.9,97799.2,0.0113264,430544,146097,356.648,66.5154,1417.6,17895.3,3096.87,14266,20139,7781.58,6747.59
3338,1,2025-11-08 00:00:00,06:08:35,12050443,Air-2-5,114,0.042,5.623,0,4,4,3,1,2,5,40.974,0.621606,78986.6,219.892,7853.17,2859.42,658595,123106,3.34059,7383.34,39773.8,178967,199944,197251,0.0201886,862296,294151,461.557,142.005,2966.06,37445.9,6364.46,29808.4,41946.2,16269.5,13872.9
3339,1,2025-11-08 00:00:00,09:18:35,12040443,Air-2-4,116,0.044,5.678,0,4,4,3,1,2,4,32.1101,0.487875,62238.3,171.853,6285.13,3032.66,539306,100305,2.71564,5911.05,31756.1,142564,159563,157777,0.0166387,684453,234653,373.543,112.729,2355.36,29745.5,5084.54,23696.1,33391.7,12924.2,11142.8
3340,1,2025-11-08 00:00:00,12:28:35,12040443,Air-2-4,118,0.042,5.756,0,4,4,3,1,2,4,31.2925,0.490071,60569.2,166.164,6113.87,2980.71,539017,100149,2.71458,5912.28,31739.5,142895,159610,157803,0.0166895,687258,235014,393.881,111.151,2358.4,29715.1,5070.73,23694,33388.6,12928.9,11114
3341,1,2025-11-08 00:00:00,15:38:35,12050443,Air-2-5,120,0.042,5.609,0,4,4,3,1,2,5,40.7703,0.623194,75365,205.728,7549.77,3144.44,655680,122633,3.32723,7242.82,39587.1,178153,199122,196732,0.0201044,851230,292545,383.63,137.594,2969.56,37423.5,6361.86,29801.2,41898.4,16230.4,13873.6
3342,1,2025-11-08 00:00:00,18:48:35,12050443,Air-2-5,122,0.042,5.662,0,4,4,3,1,2,5,41.9258,0.61994,75714.2,206.284,7610.58,3066.52,655529,122604,3.32656,7217.15,39547.4,177905,198978,196454,0.0200909,856566,292835,345.637,139.351,2973.95,37427,6352.02,29834.5,42030.4,16240,13862.5
3343,1,2025-11-08 00:00:00,21:58:35,12050443,Air-2-5,124,0.04,5.642,0,4,4,3,1,2,5,40.9353,0.619266,77424.3,209.334,7774.75,3053.27,656225,122673,3.3297,7199.45,39717.6,178465,199558,196988,0.0201476,860660,293672,330.92,140.309,2982.28,37474.5,6361.54,29917.5,42047.6,16269.6,13910.3
3344,1,2025-11-09 00:00:00,01:08:35,11050443,Air-1-5,125,0.041,2.77,0,4,4,3,1,1,5,20.6113,0.299128,39439.5,103.082,3937.45,2729.73,337476,62108.7,1.67949,3643.94,19523.3,87745.6,98483.5,97422.6,0.011318,426058,145343,253.293,65.6054,1417.19,17810.9,3092.5,14181.7,20009.3,7744.67,6748.13
3345,1,2025-11-09 00:00:00,04:18:35,11050443,Air-1-5,126,0.04,2.814,0,4,4,3,1,1,5,20.805,0.298539,40698.3,112.602,4048.13,2654.76,337103,62058.3,1.67892,3648.89,19575.7,87992.1,98561.9,97261,0.0113623,429394,145578,252.183,65.5379,1421.37,17786.7,3078.85,14187.4,20026.1,7737.5,6713.06
3346,1,2025-11-09 00:00:00,07:28:35,12050443,Air-2-5,128,0.042,5.631,0,4,4,3,1,2,5,40.6044,0.621105,78971.8,210.557,7972.5,2970.64,655683,122562,3.32761,7293.04,39603.8,177955,199029,196848,0.0201019,850082,292297,440.1,139.661,2961.46,37355.9,6353.62,29753.2,41893.1,16217.2,13867.8
3347,1,2025-11-09 00:00:00,10:38:35,12040443,Air-2-4,130,0.042,5.559,0,4,4,3,1,2,4,30.1985,0.479352,63177.6,167.437,6311.04,3227.64,535669,99606,2.69899,5877.82,31599.2,142328,159259,157140,0.0166394,688267,234500,383.246,109.432,2345.07,29610.1,5085.86,23595.1,33198.1,12862.6,11105.3
3348,1,2025-11-09 00:00:00,13:48:35,12040443,Air-2-4,132,0.042,5.581,0,4,4,3,1,2,4,30.5116,0.480529,62237.6,168.255,6239.58,3127.42,535855,99611.3,2.69961,5853.42,31572.4,142186,159035,157103,0.0166155,689083,234490,368.866,112.258,2352.74,29590.8,5072.51,23579.2,33095.4,12869.5,11071.4
3349,1,2025-11-09 00:00:00,16:58:34,12050443,Air-2-5,134,0.042,5.555,0,4,4,3,1,2,5,41.5698,0.621137,77371.4,211.148,7759.91,3215.67,653369,122188,3.31576,7292.84,39561.3,178051,198718,196063,0.0201243,858324,292658,422.347,135.651,2945.78,37274.5,6315.69,29702.6,41780.7,16166.1,13863.2
3350,1,2025-11-09 00:00:00,20:08:34,12050443,Air-2-5,136,0.041,5.609,0,4,4,3,1,2,5,41.8823,0.623594,76781,213.241,7755.44,3401.28,653273,122300,3.31532,7313.92,39512.3,176852,198356,196167,0.0199862,848910,291308,466.335,137.38,2951.06,37208.5,6329.21,29699.1,41688.7,16130.6,13843.7
3351,1,2025-11-09 00:00:00,23:18:34,12050443,Air-2-5,138,0.042,5.53,0,4,4,3,1,2,5,40.3157,0.614414,77516.8,214.612,7762.52,3484.94,652339,121977,3.31036,7302.23,39419,176583,198214,195698,0.019969,851031,291360,486.612,138.2,2937.45,37119.6,6317.89,29669.1,41607,16152.4,13805.5
3357,1,2025-11-10 00:00:00,20:11:07,12050443,Air-2-5,140,0,5.451,0,4,4,3,1,2,5,40.9982,0.617316,76880.1,213.623,7761.91,2636.59,650162,121701,3.3023,7197.02,39284.6,176738,197523,195241,0.0199959,848850,290576,399.998,140.374,2935.09,37059.9,6331.05,29579.3,41655.6,16124.2,13795.4
3358,1,2025-11-10 00:00:00,23:21:07,12050443,Air-2-5,142,0,5.458,0,4,4,3,1,2,5,42.2833,0.616421,78410.6,218.927,7950.53,2784.66,650336,121741,3.30475,7195.13,39301,176440,197706,195224,0.0199606,849869,290799,393.116,140.061,2929.32,37127.8,6322.13,29591.9,41666.7,16108.9,13825.1
3359,1,2025-11-11 00:00:00,02:31:07,11050443,Air-1-5,143,0,2.719,0,4,4,3,1,1,5,19.9861,0.294681,40964.9,110.154,4084,2534.32,334265,61636.8,1.66609,3657.3,19403.2,87180.5,97822.8,96639,0.0112642,421553,144192,296.297,67.4869,1398.37,17636.4,3057,14086.4,19861.2,7674.99,6696.75
3360,1,2025-11-11 00:00:00,05:41:07,11050443,Air-1-5,144,0,2.72,0,4,4,3,1,1,5,20.2524,0.296675,39900.6,109.788,3995.24,2494.71,334027,61598.7,1.66555,3622.82,19429.9,87447.2,98106.5,96845.9,0.0113184,426701,144855,288.175,65.8171,1393.57,17683.5,3066.71,14045.7,19890.2,7664.8,6680.99
3361,1,2025-11-11 00:00:00,08:51:07,12050443,Air-2-5,146,0,5.412,0,4,4,3,1,2,5,40.0819,0.613974,77037.6,208.548,7841.18,2641.39,648799,121703,3.30017,7150.49,39349.4,176426,197309,194988,0.0199993,842842,290028,388.831,135.52,2926,37056.8,6335.84,29532.8,41589,16126.8,13784.2
3362,1,2025-11-11 00:00:00,12:01:07,12050443,Air-2-5,148,0.001,5.477,0,4,4,3,1,2,5,40.3636,0.615822,79526,218.075,8006.37,2737.35,648624,121539,3.29835,7185.2,39337.6,177065,197738,195322,0.0200417,849741,291005,388.234,135.807,2924.86,37094.7,6309.83,29579.1,41599.6,16080,13834.3
3363,1,2025-11-11 00:00:00,15:11:07,11050443,Air-1-5,149,0,2.679,0,4,4,3,1,1,5,19.3182,0.296212,38555.6,106.002,3896.16,2689.53,333002,61484.6,1.66237,3687.65,19419.1,87063.9,97887.2,96552.7,0.0112639,425407,144512,307.942,67.5432,1403.25,17607.2,3048.63,14010.9,19806.6,7662.4,6693.52
3364,1,2025-11-11 00:00:00,18:21:07,11050443,Air-1-5,150,0.001,2.705,0,4,4,3,1,1,5,19.3052,0.297523,38870.1,105.425,3953.54,2531.72,332972,61463.2,1.66426,3635.39,19380.9,86821.6,97659.8,96423,0.0112514,421773,143819,296.07,64.87,1396.47,17534.6,3039.58,14001.4,19753.4,7625.54,6661.33
3365,1,2025-11-11 00:00:00,21:31:07,12050443,Air-2-5,152,0,5.331,0,4,4,3,1,2,5,42.8234,0.613635,77355.2,211.8,7821.42,2834.6,647927,121509,3.29798,7150.38,39189.6,176293,197136,194763,0.019981,846606,290001,361.655,141.675,2927.74,37001.2,6296.28,29466,41420.6,16084.5,13784.3
3366,1,2025-11-12 00:00:00,00:41:07,12050443,Air-2-5,154,0,5.51,0,4,4,3,1,2,5,39.8715,0.615007,76702.4,211.409,7757.22,2918.53,646769,121352,3.29349,7097.97,39175.5,175849,196949,194329,0.0199352,844701,289704,347.608,139.011,2923.06,36908.4,6298.6,29396.6,41361.4,16026.9,13806.3
3367,1,2025-11-12 00:00:00,03:51:07,12050443,Air-2-5,156,0,5.469,0,4,4,3,1,2,5,40.6635,0.61417,76604.5,208.889,7810.47,2916.03,645406,121212,3.28807,7080.04,39174.7,175705,196815,194135,0.0199167,843979,289393,325.039,136.428,2912.64,36875.7,6321.34,29477.2,41396,16018.3,13765.9
3371,1,2025-11-12 00:00:00,20:39:08,12050443,Air-2-5,158,0,5.48,0,4,4,3,1,2,5,40.436,0.609941,80812.6,223.797,8166.69,2316.61,644672,120985,3.28657,7063.16,39123,175773,196477,194205,0.019944,839556,289102,308.69,138.916,2909.36,36782.7,6277.28,29313.6,41359.3,16030.1,13766.1
3372,1,2025-11-12 00:00:00,23:49:08,12050443,Air-2-5,160,0,5.324,0,4,4,3,1,2,5,40.1222,0.60787,82990.9,226.579,8266.4,2689.07,643354,120887,3.28363,7016.24,39119.6,175126,196593,194197,0.0198703,843835,289347,307.858,136.084,2903.93,36846.7,6282.72,29344.4,41332.1,16013,13773.9
3373,1,2025-11-13 00:00:00,02:59:08,12050443,Air-2-5,162,0,5.312,0,4,4,3,1,2,5,41.2112,0.61318,79854.1,225.667,8126.46,2678.87,642377,120750,3.28061,6991.21,39018.2,174997,196483,193961,0.0198563,844135,289281,292.506,135.009,2905.95,36782.9,6285.55,29313.9,41311.2,16012.7,13772.2
3378,1,2025-11-13 00:00:00,20:27:09,12050443,Air-2-5,164,0,5.399,0,4,4,3,1,2,5,40.6128,0.611843,80928,214.668,8144.84,2730.32,641696,120778,3.28095,7013.27,39091.3,175942,196691,194149,0.0199848,846440,289802,297.586,132.411,2898.31,36669.5,6287.72,29268.6,41239.4,15994.1,13792.1
3379,1,2025-11-13 00:00:00,23:37:09,12050443,Air-2-5,166,0,5.394,0,4,4,3,1,2,5,40.6438,0.613923,80096.3,224.109,8144.93,2955.25,641000,120608,3.27799,6999.03,39098.6,175578,196245,194386,0.0199292,838739,288745,297.797,136.829,2925.85,36671.8,6296.58,29249.1,41222.8,15981.6,13803.8
3380,1,2025-11-14 00:00:00,02:47:09,12050443,Air-2-5,168,0,5.326,0,4,4,3,1,2,5,40.8,0.615038,81106.1,223.77,8252.57,2997.58,640164,120474,3.2745,6991.81,39038.1,175258,196535,193961,0.0199029,847037,289606,297.68,131.423,2894.98,36656.8,6292.47,29257.1,41192.2,15940.3,13779.9
3385,1,2025-11-14 00:00:00,18:58:39,12050443,Air-2-5 *Leaky Sample*,170,0.826,5.559,0,4,4,3,1,2,5,69.4939,10.1514,83541.1,229.54,8442.8,2877.16,657686,123835,3.38121,7241.05,40311.6,181588,202441,200119,0.0203443,868218,297558,323.535,140.165,2990.69,37837.9,6488.8,30178.4,42503.8,16491.9,14215.5
3386,1,2025-11-14 00:00:00,22:08:39,12050443,Air-2-5 *Leaky Sample*,172,0.172,5.482,0,4,4,3,1,2,5,42.8425,1.3669,84880.9,236.075,8493.97,2798.59,640789,120753,3.28491,7023.38,39147.2,176274,196916,194579,0.0198116,843397,289310,314.122,135.083,2903.93,36775.5,6306.65,29329.3,41393.8,16010.6,13818.3
3387,1,2025-11-15 00:00:00,01:18:39,12050443,Air-2-5 *Leaky Sample*,174,0.062,5.379,0,4,4,3,1,2,5,38.5757,0.648159,83212.3,228.9,8347.92,2872.41,637047,120083,3.26447,6972.43,38952.3,175345,195884,193368,0.0197615,839572,288029,316.373,137.778,2894.78,36494.4,6296.11,29116.5,41099.8,15908.1,13748.6
3388,1,2025-11-15 00:00:00,04:28:39,11020443,Air-1-2,175,0.034,2.692,0,4,4,3,1,1,2,7.24508,0.11473,17036.5,46.0356,1693.37,2519.26,127100,23405.4,0.630872,1463.89,7458.78,33520.2,37728.3,37048.8,0.00601958,164305,55768,179.526,21.8907,508.701,6420.4,1150.72,5113.43,7273.09,2802.3,2507.51
3389,1,2025-11-15 00:00:00,07:38:39,11020443,Air-1-2,176,0.03,2.723,0,4,4,3,1,1,2,7.69649,0.113607,16979.4,46.5915,1682.33,2352.51,127331,23404.3,0.631246,1521.75,7482.07,33458.9,37653.2,37207.3,0.00602025,162533,55661.3,230.398,23.9457,513.251,6393.86,1150.96,5087.97,7257.34,2807.13,2533.01
3390,1,2025-11-15 00:00:00,10:48:39,12050444,Air-2-5,178,0.02,5.344,0,4,4,4,1,2,5,40.4036,0.607831,79781.2,222.346,8073.47,2701.24,633245,119540,3.2479,336.659,996.988,4346.28,4993.93,4933.83,0.00317802,21271.9,7349.69,162.23,2.7583,67.0545,798.395,151.243,642.595,926.915,353.779,331.213
3391,1,2025-11-15 00:00:00,13:58:39,11010443,Air-1-1,179,0.024,2.748,0,4,4,3,1,1,1,4.23751,0.0566754,8114.6,21.3844,816.433,2216.85,60132.8,10989.7,0.295398,795.871,3558.59,15869,17976.7,17760.4,0.00430961,78009.4,26690.3,180.317,10.7251,238.565,2991.34,556.108,2371.5,3408.78,1312.41,1207.46
3392,1,2025-11-15 00:00:00,17:08:39,11010443,Air-1-1,180,0.02,2.718,0,4,4,3,1,1,1,3.73896,0.056588,8254.7,21.9146,824.158,2153.34,60056.4,10968.6,0.295311,779.78,3558.86,15971.5,17919.9,17689,0.00431049,77668.8,26591.6,159.074,11.1467,235.809,2968.24,549.52,2367.42,3417.31,1315.32,1200.16
3393,1,2025-11-15 00:00:00,20:18:39,12050443,Air-2-5,182,0.02,5.475,0,4,4,3,1,2,5,39.0835,0.604638,77756.3,214.425,7942.92,2392.66,633257,119569,3.24863,6968.83,38872.5,174513,195200,192821,0.0198342,836216,287417,312.338,135.293,2886.53,36285.1,6263.04,28941.8,40912.9,15855.2,13706.2
3394,1,2025-11-15 00:00:00,23:28:39,12050443,Air-2-5,184,0.02,5.473,0,4,4,3,1,2,5,39.7565,0.607774,78695.1,222.319,7983.7,2635.41,631830,119210,3.24013,6955.97,38780.6,174427,194885,192651,0.0197793,840104,287223,313.852,129.851,2884.85,36269.8,6216.05,28890.1,40758.1,15796.4,13657.9
3395,1,2025-11-16 00:00:00,02:38:39,11050443,Air-1-5,185,0.02,2.699,0,4,4,3,1,1,5,19.5811,0.291383,39807.3,112.336,4017.22,2598.82,325577,60551.3,1.63874,3497.64,19132.9,86123.8,96613,95318.6,0.0111611,419605,142636,233.366,62.9289,1358.21,17198.4,3021.37,13703.7,19365.7,7483.57,6584.23
3396,1,2025-11-16 00:00:00,05:48:39,11050443,Air-1-5,186,0.02,2.719,0,4,4,3,1,1,5,20.3058,0.291931,40138.1,113.588,4071.94,2524.78,324914,60500.5,1.63652,3532.05,19176.4,86085.8,96529.9,95428.9,0.0111618,419025,142741,246.041,64.1979,1363.09,17172,3014.23,13715.2,19426.9,7504.62,6585.93
3397,1,2025-11-16 00:00:00,08:58:39,12050443,Air-2-5,188,0.02,5.502,0,4,4,3,1,2,5,38.5927,0.600448,80088.2,222.83,8096.65,2807.14,631730,119331,3.24252,6957.32,38680.3,173535,194795,192403,0.0197039,836773,286992,337.287,134.039,2868.89,36194.8,6220.02,28837.2,40693.3,15758.7,13638.9
3398,1,2025-11-16 00:00:00,12:08:39,12040443,Air-2-4,190,0.02,5.427,0,4,4,3,1,2,4,28.7063,0.469177,67678.8,189.489,6793.51,2891.87,516953,97036.3,2.6339,5640.24,31048.3,139195,156413,154404,0.0163343,675756,230806,315.939,110.215,2291.95,28701,4983.62,22928.6,32327.7,12521.6,10918.2
3399,1,2025-11-16 00:00:00,15:18:39,12040443,Air-2-4,192,0.02,5.391,0,4,4,3,1,2,4,29.7689,0.470363,65360.5,182.367,6611.09,2893.87,516646,97055.3,2.63375,5604.34,31033.7,139370,156296,154420,0.0163886,676591,230666,294.854,104.251,2274.95,28672.1,4982.94,22848.4,32301.9,12457.6,10872.4
3400,1,2025-11-16 00:00:00,18:28:39,12050443,Air-2-5,194,0.02,5.453,0,4,4,3,1,2,5,39.8625,0.607789,82343,229.145,8403.46,2936.69,630989,119240,3.24201,6967.21,38750.9,174254,195089,192591,0.019789,840221,287290,336.547,133.731,2875.6,36230.3,6239.06,28869.1,40754.9,15772.6,13651.8
3401,1,2025-11-16 00:00:00,21:38:39,12050443,Air-2-5,196,0.02,5.441,0,4,4,3,1,2,5,37.649,0.606573,79178,223.807,8042.66,3080.98,629895,119049,3.23604,6958.07,38659.9,173681,194704,192233,0.0197096,839098,287131,334.839,133.179,2864.93,36213.2,6228.94,28877.8,40684,15758.4,13660
3406,1,2025-11-17 00:00:00,17:24:34,12050443,Air-2-5-LLTbulb,198,0.02,0.522,0,4,4,3,1,2,5,3.45021,0.0506778,8157.88,21.4823,818.201,3863.14,54498.8,10003.8,0.268648,730.334,3271.89,14736.3,16478.5,16290.3,0.00420096,71983.6,24480.3,164.573,10.6586,217.61,2745.43,507.424,2174.59,3117.27,1201.32,1104.05
3407,1,2025-11-17 00:00:00,20:34:34,12050443,Air-2-5-LLTbulb,200,0.016,0.517,0,4,4,3,1,2,5,3.29291,0.0511447,8215.88,20.8475,809.21,2816.21,54663.3,10041.4,0.269573,722.278,3261.28,14602.4,16456.4,16247.4,0.00417722,70796.9,24374.8,162.569,10.7005,218.954,2729.63,499.32,2164.66,3098.56,1202.18,1111.99
3415,1,2025-11-19 00:00:00,20:40:26,12050443,Air-2-5-LLTbulb,206,0.003,0.508,0,4,4,3,1,2,5,3.61412,0.0506487,8094.83,21.3677,819.385,3875.16,54329.4,9977.72,0.268274,710.701,3235.22,14478.1,16361,16105.2,0.00416978,71103.8,24292.4,152.367,9.43983,219.583,2685.33,498.294,2140.32,3076.48,1180.48,1106.2
3416,1,2025-11-19 00:00:00,23:50:26,12050443,Air-2-5-LLTbulb,208,0.001,0.496,0,4,4,3,1,2,5,3.47067,0.0508701,8154.68,23.0228,806.396,3034,54463.7,9991.23,0.269042,690.193,3232.95,14339.1,16264.5,16057.7,0.00417928,69898.3,24121.8,142.815,10.9462,215.685,2665.89,493.666,2127.11,3058.98,1170.31,1084.04
3417,1,2025-11-20 00:00:00,03:00:26,12050443,Air-2-5-LLTbulb,210,0.001,0.5,0,4,4,3,1,2,5,3.10486,0.0508927,8318.91,20.764,827.336,2754.82,54506.8,9982.49,0.269068,699.901,3247.62,14422,16276.4,16078.5,0.00417721,70168.4,24124.1,133.844,10.3175,216.254,2657,498.482,2123.47,3035.9,1186.15,1096.92
3422,1,2025-11-20 00:00:00,20:05:52,12050443,Air-2-5,212,0.01,0.509,0,4,4,3,1,2,5,3.97118,0.0517748,8126.62,23.8234,810.921,3178.31,54487.8,9990.37,0.269131,733.462,3236.16,14390.8,16318.1,16073.4,0.00415392,70198.6,24223.1,173.06,9.52639,214.162,2672.87,491.258,2135.63,3063.21,1185.68,1084.77
3423,1,2025-11-20 00:00:00,23:15:52,12050443,Air-2-5,214,0.01,0.51,0,4,4,3,1,2,5,3.50866,0.0520629,8116.14,21.8076,811.086,2778.62,54477.5,10017.7,0.269166,715.791,3231.64,14362.2,16256.3,16037.3,0.00416905,69939.8,24112.8,153.06,10.261,210.318,2642.01,491.825,2126.08,3059.17,1175.62,1081.19
3424,1,2025-11-21 00:00:00,02:25:52,12050443,Air-2-5,216,0.01,0.507,0,4,4,3,1,2,5,3.39919,0.0520549,8201.51,21.9961,821.055,2515.65,54487.9,10006.6,0.269315,693.671,3223.12,14289.1,16178.7,16019.5,0.00415307,69509.5,24015.6,143.142,10.2844,208.986,2652.38,494.015,2106.6,3028.03,1178.09,1077.89
3429,1,2025-11-21 00:00:00,19:11:01,12050443,Air-2-5,218,0.018,5.241,0,4,4,3,1,2,5,35.4679,0.582648,93771.6,258.996,9315.92,3403.96,624879,118217,3.21922,6627.42,37167.7,166180,186808,185062,0.0191471,796812,275107,291.991,124.269,2672.42,33468.5,5867.06,26684.2,37941.9,14720.3,12848.2
3430,1,2025-11-21 00:00:00,22:21:01,12050443,Air-2-5,220,0.017,5.346,0,4,4,3,1,2,5,36.4807,0.58826,86170.4,236.338,8671.35,3471.91,623571,118172,3.21596,6627.77,37098.5,166384,186872,185118,0.0191053,805229,275943,279.781,125.918,2649.59,33633.6,5870.21,26784.4,37973.5,14719,12836.7
3431,1,2025-11-22 00:00:00,01:31:02,12050443,Air-2-5,222,0.014,5.427,0,4,4,3,1,2,5,38.6856,0.595656,82972.8,229.318,8431.19,3399.52,622946,118226,3.21355,6631.61,37175.8,166332,186707,185054,0.0190975,800780,275189,284.672,125.155,2654.17,33587,5850.18,26729.8,37954.9,14670.5,12812.3
3432,1,2025-11-22 00:00:00,04:41:01,11020443,Air-1-2,223,0.014,2.678,0,4,4,3,1,1,2,7.5126,0.111519,17111.6,44.7887,1717.36,3020.06,123803,22886.2,0.618176,1341.34,7059.52,31490.4,35561.2,35276,0.00585885,153329,52739.3,141.774,22.145,469.261,5857.2,1064.7,4699.59,6696.65,2594.6,2347.23
3433,1,2025-11-22 00:00:00,07:51:01,11020443,Air-1-2,224,0.013,2.716,0,4,4,3,1,1,2,7.43728,0.112256,16886.1,45.1852,1698.25,2702.71,123562,22874.7,0.617653,1368.67,7088.33,31483.9,35685.3,35194.8,0.00588304,154428,52823.5,159.476,23.4536,462.568,5875.44,1072.53,4689.1,6679.36,2596.93,2354.8
3434,1,2025-11-22 00:00:00,11:01:01,12050444,Air-2-5,226,0.011,5.309,0,4,4,4,1,2,5,40.279,0.601665,82218.6,228.622,8311.68,2979.37,621900,117949,3.20868,295.582,929.384,4090.93,4702,4653.39,0.00315998,19904,6931.06,131.558,2.79162,62.314,717.302,135.993,577.177,839.608,318.41,305.499
3435,1,2025-11-22 00:00:00,14:11:01,11010443,Air-1-1,227,0.012,2.694,0,4,4,3,1,1,1,3.48323,0.0557453,8678.92,23.7917,873.245,2440.82,58397.9,10733.8,0.289013,711.38,3397.54,15068.6,17085.5,16880.4,0.00425699,73394.6,25269.2,125.853,9.73128,221.775,2758.11,508.491,2176.65,3127.1,1216.58,1124.76
3436,1,2025-11-22 00:00:00,17:21:01,11010443,Air-1-1,228,0.011,2.652,0,4,4,3,1,1,1,3.88902,0.0544773,8868.84,24.0373,870.264,2359.36,58351.5,10728.3,0.288824,713.418,3384.5,15047,17037.2,16807.9,0.00423947,73419.7,25266.3,129.576,10.1413,222.827,2745.75,508.608,2196.28,3134.85,1206.68,1118.87
3437,1,2025-11-22 00:00:00,20:31:02,12050443,Air-2-5,230,0.012,5.25,0,4,4,3,1,2,5,38.2223,0.600023,83453.8,232.259,8441.19,2705.2,619888,117581,3.20138,6626.43,37004.3,165151,186500,184596,0.0190565,800058,275211,281.537,126.377,2667.66,33420.7,5840.6,26551.6,37847.4,14643.2,12840.2
3438,1,2025-11-22 00:00:00,23:41:01,12050443,Air-2-5,232,0.01,5.309,0,4,4,3,1,2,5,38.0197,0.589387,84922.5,236.724,8583.66,3135.05,620159,117656,3.20086,6622.51,37128.4,166824,186680,184995,0.0192011,803067,275487,270.988,124.837,2671.64,33452.8,5877.88,26710,37969,14669.4,12861.5
3439,1,2025-11-23 00:00:00,02:51:01,11050443,Air-1-5,233,0.011,2.6,0,4,4,3,1,1,5,19.5231,0.285565,42247.8,114.7,4221.95,2929.6,316979,59341.4,1.60726,3287.65,18293.5,81773.4,92226,91340.3,0.0108177,399806,136437,179.395,59.3361,1245.21,15723.7,2810.58,12534.7,17856.9,6872.84,6141.63
3440,1,2025-11-23 00:00:00,06:01:01,11050443,Air-1-5,234,0.013,2.669,0,4,4,3,1,1,5,18.7263,0.283373,42015.2,114.959,4184.61,2882.94,317147,59320.5,1.60742,3314.49,18257.5,81235.9,92205.6,91139.7,0.0107556,398573,136474,207.328,59.4945,1252.58,15767.8,2803.47,12566.8,17833.9,6884.42,6123.54
3441,1,2025-11-23 00:00:00,09:11:01,12050443,Air-2-5,236,0.013,5.334,0,4,4,3,1,2,5,37.9998,0.583084,85283.9,235.85,8552.59,3189.19,617610,117297,3.19129,6639.37,37060.1,166091,186021,184506,0.0190877,797520,274482,293.349,122.899,2662.01,33422.4,5836.49,26613.4,37721.7,14593.5,12802.9
3442,1,2025-11-23 00:00:00,12:21:01,12040443,Air-2-4,238,0.011,5.27,0,4,4,3,1,2,4,30.6174,0.466827,68237.4,184.516,6836.78,3326.47,504704,95356.4,2.59081,5321.63,29692,133272,149339,148009,0.0158687,644469,220650,252.428,97.4405,2097.93,26441,4626.19,21041.2,29879.5,11558.5,10178.8
3443,1,2025-11-23 00:00:00,15:31:01,12040443,Air-2-4,240,0.011,5.234,0,4,4,3,1,2,4,30.1255,0.464943,67603.2,187.31,6826.14,3275.9,504514,95338.7,2.59024,5307.28,29739.9,132820,149469,148203,0.0158195,644405,220733,247.56,99.4531,2099.97,26423.7,4654.71,21121.4,29835,11535.6,10221.3
3444,1,2025-11-23 00:00:00,18:41:02,12050443,Air-2-5,242,0.011,5.242,0,4,4,3,1,2,5,35.8429,0.585725,85849.4,235.738,8649.74,3436.27,616793,117286,3.18983,6537.91,36990.4,165264,185826,184275,0.019026,799792,274386,264.778,121.542,2634.8,33391.2,5817.74,26545.3,37638.4,14565.2,12782.2
3445,1,2025-11-23 00:00:00,21:51:02,12050443,Air-2-5,244,0.01,5.287,0,4,4,3,1,2,5,37.0299,0.576394,85903.3,237.728,8595.76,3429.3,616233,117227,3.18883,6554.81,37006.4,165955,185987,184222,0.0190873,799206,274846,275.086,125.46,2643.98,33493.7,5815.1,26674.3,37721.2,14563.6,12796.2
3446,1,2025-11-24 00:00:00,01:01:01,12050443,Air-2-5,246,0.01,5.28,0,4,4,3,1,2,5,36.6846,0.584431,83608.3,232.535,8452.21,3578.1,615219,116976,3.18517,6517.31,37012.2,165602,185768,184190,0.0190328,797296,274045,273.591,126.726,2656.31,33346.7,5808.79,26513.3,37617.1,14571.7,12801.5
3451,1,2025-11-24 00:00:00,17:10:28,12050443,Air-2-5,248,0.01,0.501,0,4,4,3,1,2,5,3.13131,0.0496984,8195.68,21.4469,796.251,4500.75,52937.6,9798.68,0.263401,673.637,3210.89,14273.2,16162.6,15954.7,0.00414299,69939.8,24012.7,134.67,9.84583,213.256,2647.56,489.618,2113.73,3049.63,1174.47,1089.37
3452,1,2025-11-24 00:00:00,20:20:28,12050443,Air-2-5,250,0.01,0.504,0,4,4,3,1,2,5,3.66778,0.0511807,8041.81,22.4609,801.678,3416.66,52840.9,9769.9,0.263087,692.419,3182.61,14270.7,16076,15889.7,0.00416516,69546.4,23950,140.382,9.06622,213.216,2635.39,494.531,2109.01,3035.01,1164.72,1083.26
3453,1,2025-11-24 00:00:00,23:30:28,12050443,Air-2-5,252,0.01,0.492,0,4,4,3,1,2,5,3.4018,0.0513878,7941.54,23.8821,794.47,2926.81,52842.6,9774.27,0.262987,662.075,3184.26,14204.4,16097.8,15832.3,0.00415392,69261.6,23889.2,130.487,10.0187,212.279,2644.79,488.253,2111.44,3023.14,1160.59,1082.49
3454,1,2025-11-25 00:00:00,02:40:28,12050443,Air-2-5,254,0.01,0.492,0,4,4,3,1,2,5,3.12243,0.0511812,7958.9,21.2351,792.53,2677.39,52755.9,9738.89,0.262428,665.376,3188.7,14181.4,16115.8,15859.8,0.00415278,69664.6,23956.9,118.998,10.5292,211.797,2645.78,497.556,2084.08,3018.3,1164.84,1083.86
3459,1,2025-11-25 00:00:00,20:27:24,12050443,Air-2-5,256,0.01,0.498,0,4,4,3,1,2,5,3.64866,0.0509599,8110.68,21.7789,814.323,4175.14,52656.6,9700.28,0.262004,696.429,3195.31,14238.3,16047.7,15812,0.00415308,69111,23891.3,142.92,10.0337,210.926,2632.39,493.418,2089.37,3006.64,1167.61,1073.94
3460,1,2025-11-25 00:00:00,23:37:24,12050443,Air-2-5,258,0.01,0.494,0,4,4,3,1,2,5,3.3773,0.0517799,8072.79,22.8342,815.711,3156.55,52702.4,9729.4,0.262264,687.255,3157.92,14148.8,15982.3,15806.8,0.0041448,68718.9,23763.6,137.891,10.3475,213.343,2625.63,483.113,2084.81,2995.18,1165.95,1081.31
3461,1,2025-11-26 00:00:00,02:47:24,12050443,Air-2-5,260,0.01,0.503,0,4,4,3,1,2,5,3.40615,0.0517454,8020.06,21.8581,816.6,2883.16,52555.9,9715.47,0.261721,704.54,3174.77,14104.4,15953.2,15735.5,0.00413467,68323.7,23728.6,150.563,9.18657,212.056,2607.26,484.137,2077.59,2993.84,1155.62,1061.98
3465,1,2025-11-26 00:00:00,17:04:55,12050443,Air-2-5,262,0.01,5.149,0,4,4,3,1,2,5,37.0808,0.576475,82931.5,224.082,8371.55,3686.51,610276,116209,3.16306,6740.17,37544.6,167039,189074,187182,0.0192764,799719,278819,334.685,126.647,2713.75,34466.9,6028.06,27508.7,39007.9,15136,13253.5
3466,1,2025-11-26 00:00:00,20:14:55,12050443,Air-2-5,264,0.01,5.292,0,4,4,3,1,2,5,36.27,0.580792,82901.3,226.429,8331.15,3754.41,609566,116116,3.16165,6730.67,37634.3,168138,189347,186986,0.019342,813955,279937,315.654,128.944,2727.44,34539.2,6047.65,27525.2,38977.5,15063.2,13227.7
3467,1,2025-11-26 00:00:00,23:24:55,12050443,Air-2-5,266,0.01,5.302,0,4,4,3,1,2,5,35.6245,0.578822,82562.7,231.037,8361.53,3740.08,609602,116160,3.16042,6735.15,37635.1,168664,189318,187099,0.019378,815954,280013,336.667,126.528,2724.92,34568.6,6025.11,27495.9,39011.4,15080.6,13271.4
3468,1,2025-11-27 00:00:00,02:34:55,12050443,Air-2-5,268,0.01,5.289,0,4,4,3,1,2,5,37.871,0.585916,79818,221.877,8118.8,3658.64,608470,116084,3.15492,6709.59,37521.1,167886,188864,186844,0.0192736,807137,278927,315.939,128.319,2750.65,34499.2,6019.37,27539.3,38964.5,15104.6,13254.9
3473,1,2025-12-01 00:00:00,17:41:50,12050443,Air-2-5,270,0.01,5.255,0,4,4,3,1,2,5,36.81,0.579247,97238.8,265.763,9690.52,3084.74,610550,116362,3.16877,6704.45,37686.7,168069,189798,187410,0.0193718,815212,280946,291.93,127.689,2754.43,34465.4,6031.05,27457.3,39006.4,15071.8,13243
3474,1,2025-12-01 00:00:00,20:51:51,12050443,Air-2-5,272,0.01,5.218,0,4,4,3,1,2,5,38.2078,0.57771,97081.5,267.153,9671.8,3114.79,609645,116204,3.16508,6695.42,37731,170018,189865,187533,0.0195506,819358,281286,273.709,129.405,2740.13,34506.3,6041.56,27434,38953.7,15080.5,13260.6
3475,1,2025-12-02 00:00:00,00:01:51,12050443,Air-2-5,274,0.01,5.142,0,4,4,3,1,2,5,39.12,0.580074,99061,274.235,9849.66,3172.12,609323,116277,3.16533,6687.88,37760,168186,189603,187643,0.0193301,809426,280266,266.72,128.094,2740.38,34497.7,6028.49,27458.3,39027.9,15090.9,13321.3
3476,1,2025-12-02 00:00:00,03:11:50,12050443,Air-2-5,276,0.01,5.219,0,4,4,3,1,2,5,37.1996,0.578177,98775.2,265.789,9825.92,3194.81,608299,116118,3.16156,6677.03,37723.7,168634,189647,187626,0.0193707,810361,280465,270.373,127.447,2726.83,34522.6,6042.95,27487.6,38956,15128.9,13263.1
3480,1,2025-12-02 00:00:00,17:08:04,12050443,Air-2-5,278,0,5.03,0,4,4,3,1,2,5,37.2861,0.573836,91504.3,256.96,9141.31,4347.61,605987,115541,3.14914,6676.78,37643.7,168257,189144,187036,0.0193526,805303,279124,304.553,124.786,2734.56,34336.8,5990.53,27300.3,38727.9,14986.6,13260.1
3481,1,2025-12-02 00:00:00,20:18:04,11010443,Air-1-1,279,0,2.566,0,4,4,3,1,1,1,3.39628,0.0534946,9453.76,26.5228,938.111,3393.87,56903.8,10567.7,0.284464,748.947,3416.71,15283.7,17300.4,17093.6,0.00425975,74283.6,25717.7,164.454,10.8846,224.417,2801.73,523.828,2236.2,3201.22,1230.83,1159.54
3482,1,2025-12-02 00:00:00,23:28:04,11010443,Air-1-1,280,0,2.567,0,4,4,3,1,1,1,3.24096,0.0534447,9333.45,26.3114,922.859,2936.75,56812.7,10537.6,0.284168,745.216,3428.64,15326.1,17273,17056.7,0.00427628,74470.1,25724,160.399,10.5319,222.091,2787.56,527.376,2234.68,3195.55,1237.03,1166.01
3483,1,2025-12-03 00:00:00,02:38:04,12050443,Air-2-5,282,0,5.113,0,4,4,3,1,2,5,37.456,0.578217,101276,280.231,10041.8,3266.61,604583,115288,3.14276,6688.85,37589.9,167880,189038,186764,0.0193393,810049,279532,318.593,128.719,2727.2,34167.3,6022.04,27279.9,38773.8,14995.2,13201.6
3487,1,2025-12-03 00:00:00,17:15:32,12050443,Air-2-5,284,0,5.08,0,4,4,3,1,2,5,37.2676,0.576851,108951,303.01,10862.5,3193.67,604495,115373,3.14471,6689.52,37579.6,168517,189087,186543,0.0193483,815362,279944,295.884,130.429,2716.22,34240.1,6023.98,27276,38754,15000.2,13232.6
3488,1,2025-12-03 00:00:00,20:25:32,11050443,Air-1-5,285,0,2.545,0,4,4,3,1,1,5,17.6051,0.274823,51320.4,139.833,5053.33,2995.64,308600,58230.5,1.57835,3370.2,18592.4,83463.6,93557.8,92532.9,0.0109764,404342,138670,197.101,60.5098,1286.33,16134.5,2883.95,12888.9,18295.2,7089.77,6333.83
3489,1,2025-12-03 00:00:00,23:35:32,11050443,Air-1-5,286,0,2.568,0,4,4,3,1,1,5,17.7864,0.273957,50739.2,139.394,5020.03,3012.8,308536,58068.5,1.57744,3344.15,18511.5,82822.1,93467.4,92318.3,0.0109198,401040,138437,199.488,61.1544,1287.19,16149.6,2888.74,12872.3,18329.6,7062.31,6336.39
3490,1,2025-12-04 00:00:00,02:45:31,12050443,Air-2-5,288,0,5.108,0,4,4,3,1,2,5,37.436,0.575002,102687,288.323,10190.7,3262.54,603470,115281,3.14296,6609.86,37557.7,167303,188630,186822,0.0192386,801382,278767,283.811,123.597,2711.29,34236.9,6011.78,27293.3,38733.1,15006.4,13244.2
3494,1,2025-12-04 00:00:00,19:04:58,12050443,Air-2-5,290,0.004,5.111,0,4,4,3,1,2,5,39.0089,0.580826,101767,282.008,10155.3,4411.77,602627,115226,3.13968,6645.73,37604.8,168671,188990,186726,0.0193622,813767,279668,279.307,128.364,2711.34,34197.5,6008.58,27233.9,38650,14974.3,13235.5
3495,1,2025-12-04 00:00:00,22:14:58,12050443,Air-2-5,292,0,5.069,0,4,4,3,1,2,5,39.3752,0.575154,107166,297.483,10690.7,3936.62,601986,115298,3.13877,6642.91,37541.4,168134,188865,186705,0.0193073,812906,279446,274.736,126.84,2706.21,34273,5997.97,27321.5,38705.6,14967,13275
3496,1,2025-12-05 00:00:00,01:24:58,12050443,Air-2-5,294,0,5.079,0,4,4,3,1,2,5,36.0945,0.574126,93668.7,262.959,9330.98,3720.85,601469,115163,3.13594,6617.46,37500,167966,188725,186594,0.0192794,805705,278896,284.257,128.749,2709.63,34245.6,6023.69,27305,38608.6,14977.1,13240.6
3497,1,2025-12-05 00:00:00,04:34:58,12050443,Air-2-5,296,0,5.115,0,4,4,3,1,2,5,36.3695,0.573261,93442,258.656,9339.31,3806.16,600507,114984,3.13353,6619.33,37443.8,168502,188637,186495,0.0193432,806932,278924,276.847,125.324,2704.02,34161.9,6012.71,27263.6,38653.7,14962,13228
3501,1,2025-12-05 00:00:00,18:34:31,12050443,Air-2-5-BigBulb,298,0.01,0.818,0,4,4,3,1,2,5,5.40701,0.0839835,14469.6,39.6014,1417.12,3469.74,92345.1,17213.3,0.465497,1078.18,5544.12,24795.3,27977.5,27626.7,0.00519774,121842,41667.6,145.241,17.4176,371.985,4642.55,861.823,3698.85,5280.5,2045.84,1871.7
3502,1,2025-12-05 00:00:00,21:44:31,12050443,Air-2-5,300,0.01,0.842,0,4,4,3,1,2,5,5.98999,0.0835579,14315.5,39.3887,1414.39,2993.46,92173.7,17225.5,0.465372,1074.5,5562.86,24804.3,27998.9,27566.7,0.00518265,121828,41735.8,132.235,17.6795,371.943,4615.77,856.061,3675.54,5292.04,2052.34,1897.11
3503,1,2025-12-06 00:00:00,00:54:31,12050443,Air-2-5,302,0.01,0.822,0,4,4,3,1,2,5,6.36927,0.0836295,14803.8,38.7149,1458.83,2833.76,92164.9,17222.5,0.464921,1077.76,5526.06,24613.1,27938.4,27545,0.00516917,121157,41606.1,131.966,16.5605,368.908,4613.18,863.139,3646.3,5298.6,2042.48,1873.17
3504,1,2025-12-06 00:00:00,04:04:31,11020443,Air-1-2,303,0.01,0.419,0,4,4,3,1,1,2,1.03728,0.0166766,3069.23,7.67382,292.946,2760.68,14643,2694.98,0.0717813,290.426,1006.63,4430.21,5044.93,4976.02,0.0031759,21730,7501.67,114.915,2.36699,65.8631,799.351,154.646,642.362,940.071,353.817,338.673
3505,1,2025-12-06 00:00:00,07:14:31,11020443,Air-1-2,304,0.01,0.414,0,4,4,3,1,1,2,1.10023,0.0167252,2954.81,7.71142,292.059,2498.48,14678.8,2701.92,0.0718154,290.355,991.45,4444.79,5022.89,4976.78,0.00318161,21674.8,7493.07,124.569,3.16654,66.5601,795.48,157.188,640.233,927.835,362.405,338.064
3506,1,2025-12-06 00:00:00,10:24:31,12050444,Air-2-5,306,0.01,0.829,0,4,4,4,1,2,5,5.73915,0.0833399,14532.3,38.5976,1426.8,2531.89,92000.9,17173.9,0.46475,146.296,129.496,565.61,663.81,663.346,0.00279102,2818.62,983.347,129.596,0.560842,9.03408,108.307,20.3738,86.6912,125.162,47.9373,42.7404
3507,1,2025-12-06 00:00:00,13:34:31,11010443,Air-1-1,307,0.01,0.411,0,4,4,3,1,1,1,0.459283,0.00822045,1617.22,4.44291,156.818,2244.68,6378.37,1158.65,0.0308436,207.41,472.141,2081,2373.35,2352.56,0.00294903,10184,3552.36,123.746,1.6921,29.9016,369.302,73.287,297.17,423.425,166.858,162.339
3508,1,2025-12-06 00:00:00,16:44:31,11010443,Air-1-1,308,0.01,0.415,0,4,4,3,1,1,1,0.68798,0.00868704,1418.43,3.4188,142.223,2282.54,6355.5,1156.03,0.0307703,197.813,468.667,2093.92,2358.2,2358.75,0.00293464,10184.8,3551.06,113.38,1.57305,31.7862,372.636,71.9778,297.317,428.147,167.435,163.466
3509,1,2025-12-06 00:00:00,19:54:31,12050443,Air-2-5,310,0.01,0.819,0,4,4,3,1,2,5,6.28781,0.0868351,13547.2,38.2752,1376.1,2346.05,91687.8,17107.8,0.462611,1071.22,5509.81,24368.9,27753.4,27400.5,0.00517438,118652,41220.7,137.981,16.1391,364.683,4567.38,846.375,3629.1,5240.85,2028.89,1863.26
3510,1,2025-12-06 00:00:00,23:04:31,12050443,Air-2-5,312,0.01,0.815,0,4,4,3,1,2,5,5.60787,0.0867665,13938.7,39.6082,1414.43,2486.18,91705.7,17114.4,0.462749,1072.12,5527.57,24595,27808.5,27394.8,0.00518906,120628,41460.7,130.754,18.4982,367.51,4571.54,845.056,3640.54,5244.8,2033.05,1866.93
3511,1,2025-12-07 00:00:00,02:14:31,11050443,Air-1-5,313,0.01,0.418,0,4,4,3,1,1,5,3.0795,0.0438383,6681.82,18.5812,674.021,2387.47,42659.5,7929.34,0.213591,580.767,2632.59,11713.4,13236.3,13006.9,0.00389414,57228.5,19730.2,127.913,7.93999,171.709,2142.42,404.757,1697.9,2457.15,941.569,893.383
3512,1,2025-12-07 00:00:00,05:24:31,11050443,Air-1-5,314,0.01,0.412,0,4,4,3,1,1,5,2.99932,0.0436467,6389.28,17.5523,643.151,2352.37,42700.1,7932.22,0.214129,585.881,2638.2,11642.8,13287.6,13099.9,0.00390739,57393.5,19785.5,135.095,7.78186,174.006,2135.53,403.736,1714.72,2453.54,947.522,901.878
3513,1,2025-12-07 00:00:00,08:34:31,12050443,Air-2-5,316,0.01,0.815,0,4,4,3,1,2,5,6.4339,0.0865636,12659.8,36.758,1288.96,2494.11,91706.6,17065.2,0.462979,1095.98,5517.05,24514.7,27803.8,27438.5,0.0051836,120483,41362.1,153.375,17.2637,365.494,4559.77,845.636,3636.83,5214.61,2016.65,1857.55
3514,1,2025-12-07 00:00:00,11:44:31,12050443,Air-2-5,318,0.01,0.826,0,4,4,3,1,2,5,5.79659,0.0856648,12540.9,33.3546,1256.96,2509.31,91367,17077.2,0.461003,1093.62,5490.21,24500.7,27750.6,27334.2,0.0051801,120346,41236.6,152.619,17.2974,362.393,4567.15,854.167,3636.12,5217.11,2034.66,1856.85
3515,1,2025-12-07 00:00:00,14:54:30,12040443,Air-2-4,320,0.01,0.819,0,4,4,3,1,2,4,4.29657,0.0691471,10185.9,28.7818,1022.74,2525.2,71950.5,13407.5,0.362641,881.403,4334.97,19317.2,21904.3,21600,0.0046664,94259,32567.4,145.259,13.4054,290.562,3575.76,660.922,2853.27,4127.23,1591.32,1464.88
3516,1,2025-12-07 00:00:00,18:04:30,12040443,Air-2-4,322,0.01,0.816,0,4,4,3,1,2,4,4.61309,0.0688312,10199.6,26.7716,1020.24,2436.58,72015.5,13474.2,0.362976,895.703,4351.58,19353.3,21932.8,21651.9,0.00467222,94314.4,32581.2,143.664,13.6556,286.316,3570.88,674.468,2843.74,4111.48,1577.72,1469.19
3517,1,2025-12-07 00:00:00,21:14:30,12050443,Air-2-5,324,0.01,0.808,0,4,4,3,1,2,5,5.61104,0.085869,12603.9,34.6385,1285.31,2367.75,91279.5,17031.2,0.460978,1082.52,5485.43,24470.4,27755.6,27286.7,0.00518011,119378,41224.6,142.54,16.8008,365.933,4560.24,841.995,3638.45,5241.64,2013.78,1860.95
3518,1,2025-12-08 00:00:00,00:24:30,12050443,Air-2-5,326,0.01,0.837,0,4,4,3,1,2,5,5.98855,0.0861526,13004.8,34.6479,1296.3,2375.1,91287.2,17025.8,0.460665,1084.89,5481.9,24340.1,27600.3,27318.9,0.00516938,118948,41145.1,145.194,17.2778,364.738,4569.76,851.032,3631.2,5238.37,2022.47,1860.86
3523,1,2025-12-08 00:00:00,18:04:23,12050443,Air-2-5,328,0.435,5.03,0,4,4,3,1,2,5,38.4798,0.587136,77771.6,221.499,8064.56,4038.98,596068,114295,3.11282,6600.9,37228.6,167364,187642,185550,0.0191929,805094,277621,296.265,122.308,2679.79,33863.7,5971.38,26950.8,38385.6,14858.4,13167.5
3524,1,2025-12-08 00:00:00,21:14:23,12050443,Air-2-5,330,0.419,5.136,0,4,4,3,1,2,5,36.7068,0.580061,79412.2,217.227,8103.88,3909.54,595698,114102,3.11094,6614.77,37328.1,167252,187746,185495,0.019188,808524,277980,283.287,124.526,2685.8,33871.8,5964.37,26963.6,38359.6,14856.8,13194.6
3525,1,2025-12-09 00:00:00,00:24:23,12050443,Air-2-5,332,0.412,5.047,0,4,4,3,1,2,5,38.7314,0.58892,80446.8,234.829,8328.81,3934.63,594650,113953,3.10844,6578.56,37226,167265,187574,185271,0.0192046,810225,278136,266.041,125.85,2684.7,33892.6,5996.3,26960.2,38305.8,14834.2,13163.3
3526,1,2025-12-09 00:00:00,03:34:23,12050443,Air-2-5,334,0.416,5.132,0,4,4,3,1,2,5,37.8376,0.587378,80109.1,224.471,8235.74,3800.27,594171,113991,3.10588,6571.99,37335.7,167969,187985,185560,0.0192991,811751,278449,265.091,123.181,2683.47,33946.4,5973.61,27028.3,38324.1,14867.1,13144.2
3530,1,2025-12-09 00:00:00,17:58:05,12050443,Air-2-5,336,0,5.058,0,4,4,3,1,2,5,36.6388,0.584592,81556.2,229.376,8507.1,4561.43,589519,113124,3.08293,6541.77,36975.5,165706,186154,183773,0.0190677,802796,275815,258.851,127.324,2665.13,33548,5895.53,26735.9,37924.8,14694.4,13038.6
3531,1,2025-12-09 00:00:00,21:08:05,12050443,Air-2-5,338,0,5.018,0,4,4,3,1,2,5,37.7567,0.586376,80651.3,234.205,8411.91,4130.76,589412,113163,3.08341,6526.66,36938.9,165625,186056,183584,0.0190475,802651,275672,266.362,125.626,2644.33,33543.3,5904.19,26708.3,37967.2,14687.4,13025.9
3532,1,2025-12-10 00:00:00,00:18:05,12050443,Air-2-5,340,0,5.05,0,4,4,3,1,2,5,36.482,0.586378,80692.3,231.086,8434.08,3963.86,588148,112808,3.07764,6498.7,36849.1,165025,185711,183181,0.019011,800095,275081,257.594,122.971,2650.08,33463.1,5918.47,26656.3,37842.8,14666,12990.9
3533,1,2025-12-10 00:00:00,03:28:05,12050443,Air-2-5,342,0,5.059,0,4,4,3,1,2,5,35.6897,0.582989,81357.1,231.975,8468.69,3930.63,587623,112853,3.0757,6506.56,36845.7,165138,185223,182956,0.0190363,796101,274355,266.049,124.095,2653.97,33364,5899.37,26614.8,37770.5,14637,13002.9
3537,1,2025-12-10 00:00:00,17:17:26,12050443,Air-2-5,344,0,4.951,0,4,4,3,1,2,5,35.1478,0.564986,79181.3,218.18,8103.71,5258.09,587999,113065,3.08026,6494.55,36837.5,165866,185531,183194,0.019063,801998,275144,280.379,126.709,2649.61,33448.3,5926.06,26712.8,37829.7,14642.1,12990.7
3538,1,2025-12-10 00:00:00,20:27:26,11050443,Air-1-5,345,0,2.492,0,4,4,3,1,1,5,18.8723,0.276045,40012,114.48,4088.01,4175.44,299193,56711.4,1.53961,3292.82,18161.8,81410,91632.7,90427.4,0.0107836,398568,136309,196.91,59.4034,1262.57,15709.6,2820.98,12504.9,17854.6,6878,6219.39
3539,1,2025-12-10 00:00:00,23:37:26,11050443,Air-1-5,346,0,2.523,0,4,4,3,1,1,5,19.2606,0.276685,39958.1,112.007,4101.77,3754.68,299084,56676.3,1.53958,3269.95,18146.8,81328.9,91597.9,90396.7,0.0107884,398403,136076,185.099,59.0999,1252.75,15646.5,2825.93,12505.3,17818.1,6885.6,6203.44
3540,1,2025-12-11 00:00:00,02:47:26,12050443,Air-2-5,348,0,4.974,0,4,4,3,1,2,5,36.0672,0.568469,78714.1,222.962,8053.28,3834.89,586349,112638,3.07164,6489.8,36780.4,164483,185093,182725,0.0189851,797671,274514,272.767,124.476,2638.57,33332,5864.67,26532.6,37751.4,14575.2,13000.7
3544,1,2025-12-11 00:00:00,19:22:16,12050443,Air-2-5,350,0,5.039,0,4,4,3,1,2,5,34.46,0.565406,78311.3,223.036,8062.11,4702.8,585213,112561,3.06715,6487.45,36704,165059,185150,182966,0.0190342,795367,274123,275.684,124.745,2645.89,33308.4,5871.86,26554.4,37695.7,14565.7,12947.5
3545,1,2025-12-11 00:00:00,22:32:16,12050443,Air-2-5,352,0,4.985,0,4,4,3,1,2,5,35.5077,0.568305,78478.1,220.955,8061.34,4229.61,585085,112508,3.06748,6517.91,36766.1,164688,185215,183021,0.0190116,796864,274439,279.201,123.454,2662.68,33338.4,5872.5,26575.2,37731.3,14628.5,12960.3
3546,1,2025-12-12 00:00:00,01:42:16,12050443,Air-2-5,354,0,5.091,0,4,4,3,1,2,5,36.2321,0.568192,78621.6,217.689,8036.16,4179.72,584170,112480,3.06539,6492,36713.1,164624,184856,182645,0.0189849,790376,273444,277.61,123.836,2653.1,33235.4,5883.45,26531.6,37622.8,14561,12955.9
3547,1,2025-12-12 00:00:00,04:52:16,12050443,Air-2-5,356,0,5.025,0,4,4,3,1,2,5,37.5074,0.568835,78403.2,217.742,8089.22,4142.94,583338,112355,3.06071,6478.69,36796.4,164629,184855,182828,0.0189977,793150,273739,275.732,124.965,2646.41,33322,5881.85,26526.6,37705.2,14624.7,12958
3548,1,2025-12-12 00:00:00,08:02:16,11050443,Air-1-5,357,0,2.517,0,4,4,3,1,1,5,19.4698,0.275245,39169.3,107.77,3985.49,3870.37,297655,56585,1.53479,3280.43,18137.1,80818.5,91537.4,90444,0.0107487,396000,135899,205.327,61.6363,1249.76,15696.4,2828.64,12474.1,17773,6877.34,6210
3549,1,2025-12-12 00:00:00,11:12:16,11050443,Air-1-5,358,0.001,2.458,0,4,4,3,1,1,5,18.3521,0.275176,38701.1,108.197,3958.26,3729.6,296909,56347.5,1.53084,3247.08,18117.6,80927.3,91163.2,90106.4,0.0107672,392824,135309,203.766,60.03,1246.16,15575.1,2797.34,12449.3,17719,6860.18,6188.08
3550,1,2025-12-12 00:00:00,14:22:16,12050443,Air-2-5,360,0,4.948,0,4,4,3,1,2,5,37.3525,0.574794,76870.3,222.734,7960.17,3870.45,581725,112055,3.05347,6463.16,36605.6,163908,184365,182117,0.0189521,793133,273329,279.241,123.405,2629.84,33135.5,5858.73,26429.3,37570.2,14536.6,12925
3551,1,2025-12-12 00:00:00,17:32:16,12040443,Air-2-4,362,0,4.978,0,4,4,3,1,2,4,30.3316,0.448978,62730.7,172.379,6388.66,3800.79,473851,90784.8,2.47104,5196.03,29412.3,131571,147976,146054,0.0157763,639751,219701,252.42,97.118,2081.28,26226.6,4670.15,20842.4,29717.4,11491.3,10274.1
3552,1,2025-12-12 00:00:00,20:42:16,12040443,Air-2-4,364,0,4.898,0,4,4,3,1,2,4,30.1438,0.448846,62778.9,176.635,6427.94,3894.99,473878,90825.6,2.47122,5192.51,29340.7,130352,147826,145909,0.0156506,637262,219284,236.517,96.6393,2094.37,26195.7,4652.64,20885.3,29729.6,11494.1,10282.3
3553,1,2025-12-12 00:00:00,23:52:16,12050443,Air-2-5,366,0,5.038,0,4,4,3,1,2,5,36.8625,0.55796,84151.7,241.775,8563.55,4104.4,580759,111807,3.04868,6403.6,36610.5,163837,184154,181908,0.018965,790883,272912,265.668,122.483,2640.65,33163.6,5880.37,26398.4,37489.3,14509.7,12926
3554,1,2025-12-13 00:00:00,03:02:16,12050443,Air-2-5,368,0,5.017,0,4,4,3,1,2,5,37.3268,0.567748,78071.9,224.283,8083.59,4048.13,580278,111813,3.04808,6416.64,36561.7,163284,184140,181889,0.0188819,786867,272521,265.182,125.503,2632.21,33158.9,5865.93,26389.8,37486.6,14496,12915.9
3555,1,2025-12-13 00:00:00,06:12:16,11020443,Air-1-2,369,0,2.463,0,4,4,3,1,1,2,6.54582,0.104366,16400.1,44.9277,1662.24,3496.64,114190,21512.2,0.58242,1301.36,6915.04,30969.5,34919,34477,0.00582408,150752,52007.2,136.372,21.5006,461.359,5774.39,1064.74,4609.18,6604.57,2563.37,2360.15
3556,1,2025-12-13 00:00:00,09:22:16,11020443,Air-1-2,370,0,2.471,0,4,4,3,1,1,2,7.61336,0.105396,16026.4,46.1375,1628.29,3232.47,114184,21485.5,0.582068,1300.05,6935.81,30801.1,34853.2,34387.1,0.00581843,150132,51897.9,125.862,21.4162,459.344,5786.61,1060.58,4596.5,6613.07,2547.36,2361.8
3557,1,2025-12-13 00:00:00,12:32:16,12050444,Air-2-5,372,0,5.001,0,4,4,4,1,2,5,35.6331,0.56907,77641.3,219.235,7977.05,3503.96,577905,111428,3.03791,268.729,900.565,3942.37,4593.2,4507.25,0.00312764,19459.5,6763.58,112.037,2.8955,58.1949,713.706,138.184,569.695,821.002,317.982,304.653
3558,1,2025-12-13 00:00:00,15:42:16,11010443,Air-1-1,373,0,2.499,0,4,4,3,1,1,1,3.39166,0.0527283,8174.25,22.8518,824.013,2956.01,53940.7,10069.7,0.272849,675.568,3310.22,14731.1,16692.7,16471.7,0.00421183,72138.8,24955.9,114.182,11.0341,216.391,2704.63,505.873,2145.3,3105.77,1191.43,1126.74
3559,1,2025-12-13 00:00:00,18:52:16,11010443,Air-1-1,374,0,2.403,0,4,4,3,1,1,1,3.06847,0.0532932,8082.54,22.9708,837.647,2903.08,53894.7,10075.5,0.27262,671.622,3302.91,14606.2,16647.8,16396.7,0.00420804,71757.2,24852.1,124.154,9.77622,210.733,2699.83,500.749,2152.18,3091.16,1198.09,1133
3560,1,2025-12-13 00:00:00,22:02:16,12050443,Air-2-5,376,0,4.854,0,4,4,3,1,2,5,36.2971,0.574873,76885.8,217.022,8021.12,3287.93,577844,111425,3.03807,6430.58,36405.6,161710,183013,180745,0.0188176,783037,271400,273.176,125.842,2627.1,32814.7,5845.73,26126.2,37316.1,14443.3,12864.4
3561,1,2025-12-14 00:00:00,01:12:16,12050443,Air-2-5,378,0,4.976,0,4,4,3,1,2,5,35.2479,0.568614,76562,218.055,7935.02,3597.3,577481,111357,3.03645,6380.55,36370,162208,183124,180855,0.0188067,781520,271182,260.836,123.425,2613.41,32942.8,5815.96,26227,37274.8,14417.5,12890.7
3562,1,2025-12-14 00:00:00,04:22:16,11050443,Air-1-5,379,0,2.398,0,4,4,3,1,1,5,18.6311,0.272892,38978.9,109.185,3964.32,3358.18,293500,55803.2,1.51692,3204.72,17912.5,79715.3,90227.7,89187.4,0.0106691,388301,133928,167.724,57.0291,1221.93,15427.5,2766.41,12305.2,17533.7,6790.91,6108.87
3563,1,2025-12-14 00:00:00,07:32:16,11050443,Air-1-5,380,0,2.49,0,4,4,3,1,1,5,17.9135,0.27143,39053.9,107.386,3972.63,3395.91,293566,55816.5,1.51739,3201.77,17905.3,79946.9,90292.3,89333,0.0106922,388191,134052,183.285,56.5057,1230.39,15445.3,2770.41,12324.4,17556.9,6789.25,6097.88
3564,1,2025-12-14 00:00:00,10:42:16,12050443,Air-2-5,382,0,4.992,0,4,4,3,1,2,5,35.4141,0.56117,77261.9,217.148,7985.56,3593.46,575683,111061,3.02927,6397.18,36321.5,162505,183076,180770,0.0188492,788509,271697,266.506,123.623,2612.1,32830.5,5811.51,26195.1,37189.3,14402.3,12848.8
3565,1,2025-12-14 00:00:00,13:52:16,12040443,Air-2-4,384,0,4.95,0,4,4,3,1,2,4,29.2678,0.44518,63268.1,175.968,6503.27,3700.49,468962,90047.8,2.45046,5131.1,29004.8,129358,146536,144465,0.0155686,631375,217313,232.162,96.4768,2050.18,25907.3,4625.43,20648.4,29355.8,11385.5,10157.6
3566,1,2025-12-14 00:00:00,17:02:16,12040443,Air-2-4,386,0,4.859,0,4,4,3,1,2,4,28.1288,0.445686,62370.1,177.607,6438.45,3652.64,468946,90018.3,2.45089,5110.16,29080.8,129187,146011,144554,0.0155358,621777,216530,227.354,98.0201,2070.07,25897.4,4606.54,20618,29337.9,11408.5,10154.5
3567,1,2025-12-14 00:00:00,20:12:16,12050443,Air-2-5,388,0,5.017,0,4,4,3,1,2,5,34.8289,0.556327,79297.8,217.912,8122.59,3781.28,574805,111036,3.02558,6363.34,36252,162387,182694,180543,0.0188323,787198,271034,261.507,121.537,2605.94,32776.5,5810.53,26114.6,37093.4,14336,12779.1
3568,1,2025-12-14 00:00:00,23:22:16,12050443,Air-2-5,390,0,4.874,0,4,4,3,1,2,5,34.8552,0.554137,83324.4,235.978,8455.58,3896.31,574513,110890,3.02427,6375.43,36258.2,162444,182765,180258,0.0188397,787616,271136,267.748,124.918,2599,32722.3,5806.49,26068.1,37119.6,14392,12812.4
3573,1,2025-12-15 00:00:00,19:30:33,12050443,Air-2-5  No Bulb,392,0.01,5.78,0,4,4,3,1,2,5,41.9739,0.658398,88683,256.357,9297.83,3434.29,649216,125721,3.43519,7008.19,39923.5,177415,200760,198335,0.0204562,856051,297452,284.808,131.968,2785.55,34913.9,6207.7,27845.1,39759.9,15387.8,13681.5
3574,1,2025-12-15 00:00:00,22:40:33,12050443,Air-2-5  No Bulb,394,0.01,5.619,0,4,4,3,1,2,5,45.3375,0.663942,88390.5,248.536,9238.95,4098.25,648503,125679,3.43128,7315.81,41661.6,186372,209693,207123,0.0212379,900545,310899,280.791,144.253,3011.53,37929.4,6710.82,30154.8,42901.2,16621.7,14789.6
3575,1,2025-12-16 00:00:00,01:50:33,12050443,Air-2-5  No Bulb,396,0.01,5.728,0,4,4,3,1,2,5,42.9347,0.659518,89085.1,252.066,9263.45,3972.02,648215,125660,3.43084,7311.29,41688.7,185719,209758,207318,0.0211456,900548,311253,280.129,143.613,3003.29,37968.4,6701.42,30223.2,43039.1,16673.6,14778.2
3576,1,2025-12-16 00:00:00,05:00:33,12050443,Air-2-5  No Bulb,398,0.01,5.815,0,4,4,3,1,2,5,44.7094,0.663686,89051,249.806,9328.69,4102.04,647563,125582,3.42709,7273.32,41606,186243,209542,206913,0.0212114,900682,310710,277.643,141.754,3012.41,37874.1,6693.28,30238.4,42875.1,16618.7,14714.8
3580,1,2025-12-16 00:00:00,19:38:38,11050443,Air-1-5,399,0.01,2.841,0,4,4,3,1,1,5,20.5522,0.314958,46344.2,130.135,4804.88,3932.25,333713,63667.2,1.73328,3645.46,20560.4,91298.6,103499,102147,0.011866,444677,153635,185.115,65.6761,1412.68,17775.1,3208.35,14143.6,20335.2,7838.6,7055.18
3581,1,2025-12-16 00:00:00,22:48:38,11050443,Air-1-5,400,0.01,2.891,0,4,4,3,1,1,5,20.2468,0.315317,45815.2,129.131,4728.48,3593.29,333673,63721.2,1.73235,3664.12,20517.9,91669,103494,102253,0.0118794,446241,153861,190.706,67.4862,1421.14,17780.9,3207.01,14197.2,20261.3,7863.53,7034.6
3582,1,2025-12-17 00:00:00,01:58:38,11050443,Air-1-5,401,0.01,2.825,0,4,4,3,1,1,5,20.2393,0.314607,45404,130.455,4696.33,3598.48,333890,63750.2,1.73305,3665.74,20529.3,91471.9,103443,102279,0.0118349,445235,153790,193.163,67.673,1411.68,17805.9,3225.71,14239.7,20259.8,7847.02,7047.69
3583,1,2025-12-17 00:00:00,05:08:38,11050443,Air-1-5,402,0.01,2.809,0,4,4,3,1,1,5,20.3892,0.313262,43873.5,124.955,4505.72,3516.77,333078,63612.6,1.72941,3650.59,20529.4,91845.9,103437,102107,0.0118863,445322,153675,198.983,66.5465,1411.42,17768.2,3190.21,14158.2,20236.2,7818.76,7040.45
3586,1,2025-12-17 00:00:00,14:43:17,12050443,Air-2-5,404,0.01,4.965,0,4,4,3,1,2,5,35.0731,0.558373,76065.2,216.436,7832.3,4015.13,568350,109743,2.99588,6334.75,35997.1,159701,180919,178792,0.0186538,771792,268225,264.966,125.563,2592.11,32346.4,5748.09,25791.4,36807,14242.8,12697.3
3587,1,2025-12-17 00:00:00,17:53:17,12050443,Air-2-5,406,0.01,4.832,0,4,4,3,1,2,5,35.8651,0.559716,76200.5,220.027,7958.6,4077.24,568760,110015,2.99761,6318.22,35958.6,160726,181117,178955,0.0187376,773750,268365,273.333,123.542,2566.83,32374.3,5761.21,25793.9,36792.8,14245.8,12693.6
3588,1,2025-12-17 00:00:00,21:03:17,11050443,Air-1-5,407,0.01,2.435,0,4,4,3,1,1,5,18.1918,0.269076,38106.7,107.073,3914.13,3767.37,288693,55121.6,1.49542,3165.77,17728.5,78950.7,89441.6,88344.9,0.0106203,385540,132950,201.137,59.2965,1213.79,15238,2750.04,12125.7,17373.3,6710.37,6068.66
3589,1,2025-12-18 00:00:00,00:13:17,11050443,Air-1-5,408,0.01,2.474,0,4,4,3,1,1,5,18.5281,0.26937,39001.5,110.318,3997.51,3654.57,288668,55021.8,1.49551,3182.13,17708.9,79269.3,89352.2,88406.9,0.0106391,388067,133117,202.907,57.9293,1210.13,15235.4,2753.51,12090.6,17325.6,6714.29,6038.49
3590,1,2025-12-18 00:00:00,03:23:17,11050443,Air-1-5,409,0.01,2.543,0,4,4,3,1,1,5,17.3881,0.269809,38200.8,110.432,3924.35,3613.63,288668,54973,1.49412,3160.9,17725.1,79403.3,89401.8,88314.8,0.0106731,387924,133204,189.57,56.3628,1213.73,15197.9,2747.78,12126.3,17352.1,6686.73,6056.47
3593,1,2025-12-18 00:00:00,14:18:41,12050443,Air-2-5,411,0,4.801,0,4,4,3,1,2,5,34.6536,0.55384,75513.2,212.559,7861.63,4721.23,567409,109645,2.99099,6309.52,35970,161057,180790,178716,0.0187217,776500,268239,277.055,121.213,2560.66,32337.7,5747.5,25743.4,36750.7,14191.3,12658
3594,1,2025-12-18 00:00:00,17:28:41,12050443,Air-2-5,413,0,4.855,0,4,4,3,1,2,5,34.0555,0.552698,77926.8,220.938,8064.91,4266.35,568002,109711,2.99409,6331.65,35926.5,160782,180780,178596,0.0186969,775251,268131,269.25,118.848,2563.9,32381.3,5754.79,25763.8,36677.7,14202.2,12688.7
3595,1,2025-12-18 00:00:00,20:38:41,12050443,Air-2-5,415,0,4.895,0,4,4,3,1,2,5,34.0069,0.55647,75880.9,219.828,7942.59,4303.56,566615,109549,2.98863,6301.91,35856.4,160303,180626,178459,0.0186589,773189,267645,272.243,120.089,2572.1,32311.2,5754.22,25716.5,36705.9,14203.2,12613.4
3596,1,2025-12-18 00:00:00,23:48:41,11050443,Air-1-5,416,0,2.436,0,4,4,3,1,1,5,16.6825,0.266446,37828.4,105.886,3845.43,3825.91,287691,54942.8,1.49212,3179.66,17723.1,79079.4,89256,87994.3,0.0105923,386657,132658,192.113,57.4945,1213.92,15188.4,2749.02,12092,17236.4,6675.2,6046.39
3597,1,2025-12-19 00:00:00,02:58:41,11050443,Air-1-5,417,0,2.464,0,4,4,3,1,1,5,18.0079,0.268444,38348.4,108.443,3937.76,3628.88,287366,54868.9,1.49014,3172.49,17624,78436.7,89119.9,87905.6,0.0105509,385230,132460,197.738,57.1679,1213.13,15144,2745.97,12080,17245.9,6663.35,6045.85
3598,1,2025-12-19 00:00:00,06:08:41,11050443,Air-1-5,418,0,2.371,0,4,4,3,1,1,5,17.3484,0.265856,39023.1,109.839,3975.31,3694.38,287346,54879.3,1.48931,3167.58,17628.2,78580.2,88991,87784.5,0.0105595,382333,132107,204.208,53.5884,1203.99,15098.7,2756.1,12052.9,17249.8,6661.72,6014.99
3601,1,2025-12-19 00:00:00,15:59:53,12050443,Air-2-5,422,0.01,4.916,0,4,4,3,1,2,5,33.4069,0.545653,77959.3,221.117,8139.16,5787.67,563875,109087,2.9731,6302.87,35635.7,160087,179692,177357,0.0186197,773561,266488,306.402,117.122,2549.6,32106.2,5693.01,25562.6,36382,14098.9,12555.3
3602,1,2025-12-19 00:00:00,19:09:53,12050443,Air-2-5,424,0.01,4.934,0,4,4,3,1,2,5,35.8198,0.546816,77095,218.816,7963.63,4741.39,565207,109345,2.98213,6309.91,35787.2,159427,179950,177861,0.0185813,766772,266496,313.321,123.059,2552.28,32228,5727.06,25631.7,36607.1,14117.2,12649
3603,1,2025-12-19 00:00:00,22:19:53,12050443,Air-2-5,426,0.01,4.955,0,4,4,3,1,2,5,34.0297,0.549533,76964.9,220.897,8001.27,4661.31,565174,109349,2.98131,6307.53,35759.3,159776,179794,177790,0.0186003,767941,266329,316.303,120.474,2561.52,32180.2,5729.12,25595.7,36484.3,14118,12616
3604,1,2025-12-20 00:00:00,01:29:53,11020443,Air-1-2,427,0.01,2.447,0,4,4,3,1,1,2,7.4023,0.103873,15276.6,44.1652,1570,3906.12,110757,20960.4,0.567703,1329.77,6769.66,30010.4,34166.6,33721.7,0.00574091,147374,50842.4,179.514,21.2915,449.152,5615.95,1043.24,4474.68,6441.26,2481.95,2283.91
3605,1,2025-12-20 00:00:00,04:39:53,11020443,Air-1-2,428,0.01,2.487,0,4,4,3,1,1,2,6.75075,0.104177,16216.2,44.8941,1641.44,3619.06,110871,20920,0.567555,1311.08,6729.72,30125.7,34136.4,33683.6,0.0057548,147852,50956.5,171.021,22.4326,446.959,5585.77,1044.01,4477.79,6403.68,2487.24,2292.17
3606,1,2025-12-20 00:00:00,07:49:53,12050443,Air-2-5,430,0.01,4.973,0,4,4,3,1,2,5,34.7063,0.555833,75851,217.9,7930.97,4097.61,565314,109408,2.98346,6334.54,35743,159434,179714,177726,0.0186012,766203,266260,351.282,119.329,2561.42,32042.2,5725.96,25547.9,36482,14099.2,12607.5
3607,1,2025-12-20 00:00:00,10:59:53,11010443,Air-1-1,431,0.01,2.382,0,4,4,3,1,1,1,3.06141,0.0518857,7814.86,19.835,780.159,3710.92,52206.6,9855.26,0.265736,722.972,3236.05,14357.6,16300.5,16061.9,0.00418922,70525,24381.3,175.684,9.99299,210.643,2627.38,501.489,2089.74,3028.16,1154.7,1100.82
3608,1,2025-12-20 00:00:00,14:09:53,11010443,Air-1-1,432,0.01,2.446,0,4,4,3,1,1,1,3.6249,0.0524286,8213.51,24.3,849.23,3296.64,52151.7,9804.3,0.264941,695.708,3231.61,14271.5,16279,16018,0.00418004,70276.4,24325.7,162.019,10.1864,211.502,2607.93,502.18,2090.16,3014.56,1161.4,1113.35
3609,1,2025-12-20 00:00:00,17:19:53,12050443,Air-2-5,434,0.01,4.96,0,4,4,3,1,2,5,35.1344,0.554704,75400,208.779,7832.22,3785.48,562253,108852,2.9698,6264.07,35558.9,158444,179365,177001,0.0185369,769167,266187,285.851,120.717,2547.8,31913.4,5681.42,25441.7,36370.2,14101.5,12545.6
3610,1,2025-12-20 00:00:00,20:29:53,12050443,Air-2-5,436,0.01,4.921,0,4,4,3,1,2,5,35.1632,0.550879,74752.8,210.315,7786.74,3965.08,562160,108949,2.96926,6276.63,35604.7,158458,179430,177276,0.018502,770507,266219,283.692,118.965,2548.45,32024.7,5708.49,25499.7,36350.3,14112.6,12580.9
3611,1,2025-12-20 00:00:00,23:39:53,11050443,Air-1-5,437,0.01,2.457,0,4,4,3,1,1,5,18.0302,0.265312,38112.3,108.408,3925.75,3717.96,285397,54526.1,1.48079,3151.6,17546.8,78477.3,88549.4,87547.1,0.0105616,381798,131826,198.206,56.3428,1215.61,15089,2730.55,11977.5,17177.8,6629.35,6002.22
3612,1,2025-12-21 00:00:00,02:49:53,11050443,Air-1-5,438,0.01,2.442,0,4,4,3,1,1,5,19.2083,0.26632,38986.9,110.345,3993.68,3586.98,285007,54499.6,1.48044,3156.14,17538.9,78138.9,88505.8,87439.3,0.0105511,380646,131557,205.949,55.1064,1197.77,15011.1,2730.77,11990.4,17140.6,6604.51,5990.84
3613,1,2025-12-21 00:00:00,05:59:53,12050443,Air-2-5,440,0.01,4.926,0,4,4,3,1,2,5,33.6635,0.543439,78114.4,218.219,7984.51,3931.01,561233,108757,2.96485,6282.89,35535.6,158496,178956,176764,0.0185186,761591,265199,299.164,117.171,2544.45,31936.2,5707.87,25467.4,36341.9,14040.9,12567.5
3614,1,2025-12-21 00:00:00,09:09:53,12040443,Air-2-4,442,0.01,4.859,0,4,4,3,1,2,4,28.3359,0.435379,62427.1,177.708,6393.91,3974.87,457024,88054.1,2.39791,5034.94,28463.2,126727,143250,141525,0.0153386,610610,212503,264.22,92.5406,2019.13,25261.2,4519.61,20067.4,28671.4,11107.5,9962.55
3615,1,2025-12-21 00:00:00,12:19:53,12040443,Air-2-4,444,0.01,4.947,0,4,4,3,1,2,4,29.0059,0.436166,60753.1,171.89,6232.28,3929.74,455068,87628,2.38773,5035.22,28364.3,126805,143199,141455,0.0153518,614223,212461,258.356,94.3382,1994.94,25193.9,4514.67,20067.1,28631.1,11068,9940.02
3616,1,2025-12-21 00:00:00,15:29:53,12050443,Air-2-5,446,0.01,4.906,0,4,4,3,1,2,5,34.4884,0.541866,76114.3,214.065,7784.69,4144.75,560299,108456,2.95888,6264.29,35478.8,158278,178492,176400,0.0184849,763502,264852,295.413,121.357,2534.9,31889.7,5693.07,25444.9,36192,14022.9,12519.7
3617,1,2025-12-21 00:00:00,18:39:53,12050443,Air-2-5,448,0.01,4.846,0,4,4,3,1,2,5,34.1772,0.543312,75533.6,212.906,7814.63,4261.7,559891,108488,2.95865,6246.56,35439.4,158308,178481,176283,0.0184653,763591,264713,297.272,121.593,2545.37,31854,5680.39,25404.4,36258.3,14022.3,12478.5
3618,1,2025-12-21 00:00:00,21:49:53,12050443,Air-2-5,450,0.01,4.855,0,4,4,3,1,2,5,36.0591,0.54294,76026.9,208.801,7864.14,4280.25,559640,108298,2.9552,6243.14,35382.2,157719,178091,176056,0.0184107,764593,264544,282.124,120.226,2539.97,31840,5652.56,25376.6,36176.3,13960.5,12476.5
3623,1,2025-12-22 00:00:00,18:53:01,12050443,Air-2-5,452,0,4.886,0,4,4,3,1,2,5,34.8342,0.55505,78256.2,225.16,8222.91,4907.36,558924,108384,2.95613,6207.77,35327.4,157814,178161,175777,0.0184775,766225,264618,262.046,120.546,2527.26,31729.2,5633.71,25323.1,36145.7,13998.5,12525.5
3624,1,2025-12-22 00:00:00,22:03:01,12050443,Air-2-5,454,0,4.794,0,4,4,3,1,2,5,35.5326,0.552628,75454.6,216.653,7932.8,4728.25,558901,108356,2.95553,6183.76,35342,157211,177886,175822,0.0184076,760080,263939,266.145,121.11,2526.28,31816.9,5670.87,25344.5,36122.8,13971.5,12471.1
3625,1,2025-12-23 00:00:00,01:13:01,12050443,Air-2-5,456,0,4.711,0,4,4,3,1,2,5,35.5169,0.551633,76739.3,219.74,8048.32,4464.03,557872,108243,2.95129,6167.38,35298.8,158247,178002,175875,0.0184811,761109,263886,267.123,119.037,2526.32,31735.4,5654.66,25328.3,36047.8,13970.2,12491.1
3626,1,2025-12-23 00:00:00,04:23:01,12050443,Air-2-5,458,0,4.808,0,4,4,3,1,2,5,35.6599,0.549026,75680.6,216.529,7911.7,4552.55,557165,108011,2.94849,6225.57,35284.2,156800,177725,175546,0.0183655,761281,263723,277.122,120.18,2529.5,31707.5,5646.33,25229.4,36071,13952.5,12469.1
3630,1,2025-12-23 00:00:00,17:40:31,11050443,Air-1-5,459,0,2.385,0,4,4,3,1,1,5,17.4936,0.265315,39605.7,112.868,4127.23,5111.13,282859,54218.3,1.47155,3120.47,17484.7,77681.7,87853.3,86832.5,0.0104838,380904,130981,190.618,57.5612,1190.58,14924.7,2703.23,11894.6,17070.2,6585.96,5965.05
3631,1,2025-12-23 00:00:00,20:50:31,11050443,Air-1-5,460,0,2.376,0,4,4,3,1,1,5,17.8261,0.263919,38071.6,108.389,3935.28,4389.69,282847,54121.5,1.47114,3134.7,17412.2,77446.6,87807,86689.8,0.0104625,379853,130634,199.159,55.166,1184.41,14873.3,2685.99,11880.6,17007.9,6564.36,5929.32
3632,1,2025-12-24 00:00:00,00:00:31,11050443,Air-1-5,461,0,2.361,0,4,4,3,1,1,5,17.7622,0.260993,37900.5,110.132,3861.19,4087.53,282454,54050.2,1.46861,3118.07,17338.7,77231.7,87571.5,86475.9,0.0104502,378032,130288,198.315,56.2724,1189.05,14863,2686.47,11856,16940.9,6563.29,5948.81
3633,1,2025-12-24 00:00:00,03:10:31,11050443,Air-1-5,462,0,2.367,0,4,4,3,1,1,5,17.9924,0.262591,37799.3,108.268,3861.2,3919.45,282351,54089.2,1.46919,3109.06,17345.5,77423.9,87613.2,86619.2,0.0104679,377251,130287,206.913,56.7461,1193.47,14823.5,2698.26,11812.6,16939.8,6556.35,5952.72
3636,1,2025-12-24 00:00:00,13:47:27,12050443,Air-2-5,464,0.02,4.824,0,4,4,3,1,2,5,34.9103,0.540408,76076.8,214.211,7863.41,4692.61,554959,107663,2.93757,6180.98,35213.9,156561,177369,175281,0.0183044,759081,262850,267.025,120.858,2516.88,31511,5619.46,25086.5,35899.6,13871.6,12430.6
3637,1,2025-12-24 00:00:00,16:57:27,12050443,Air-2-5,466,0.02,4.802,0,4,4,3,1,2,5,35.5519,0.540316,84748.9,237.328,8645.29,4474.83,555166,107711,2.93839,6165.68,35182.7,156899,177127,175001,0.0183422,759887,262920,261.274,117.305,2515.3,31558,5635.1,25151.6,35851,13885.6,12389.2
3638,1,2025-12-24 00:00:00,20:07:27,12050443,Air-2-5,468,0.018,4.809,0,4,4,3,1,2,5,35.7611,0.538678,86690.1,239.938,8803.22,4651.06,554259,107564,2.93485,6200.1,35159.2,156542,177130,174868,0.0182884,760516,262816,272.489,119.658,2505.99,31481.4,5607.94,25091.6,35832.5,13843.8,12403.1
3639,1,2025-12-24 00:00:00,23:17:27,12050443,Air-2-5,470,0.018,4.789,0,4,4,3,1,2,5,36.3052,0.539502,79280.5,228.56,8045.57,4475.58,554019,107530,2.93376,6155.71,35166.7,156910,177273,174941,0.0183304,762227,263083,263.189,117.195,2512.74,31535.6,5631.37,25179.8,35872.3,13903,12404.1
3641,1,2025-12-25 00:00:00,05:37:27,11050443,Air-1-5,471,0.015,2.407,0,4,4,3,1,1,5,17.8031,0.26646,38574.5,113.593,3997.61,3380.98,280454,53711.7,1.46086,3046.82,17247.4,76776.6,87044.4,85921.4,0.0104215,375988,129596,174.244,56.6821,1172.67,14653,2654.16,11670,16775.1,6466.23,5880.77
3642,1,2025-12-25 00:00:00,08:47:27,11050443,Air-1-5,472,0.014,2.4,0,4,4,3,1,1,5,18.7633,0.266842,39743.6,113.898,4115.15,3661.59,280370,53672.3,1.45981,3055.01,17252.7,77112.7,87133.4,86008.9,0.0104263,376090,129682,185.567,54.7202,1158.05,14747.5,2668.51,11745,16855.8,6495.93,5894.66
3643,1,2025-12-25 00:00:00,11:57:27,11050443,Air-1-5,473,0.015,2.426,0,4,4,3,1,1,5,18.6183,0.266737,38763.7,109.967,4030.17,3639.39,280334,53665.4,1.46009,3075.81,17293.6,76681.8,87180.2,86144.9,0.0103947,376268,129754,177.667,53.8623,1182.09,14763.2,2672.6,11776.9,16881.7,6522.01,5899.42
3644,1,2025-12-25 00:00:00,15:07:27,11050443,Air-1-5,474,0.015,2.403,0,4,4,3,1,1,5,17.4412,0.264485,38111.5,105.485,3935,3589.29,280174,53593.4,1.45867,3092.81,17296.8,77196.4,87161.5,85893.2,0.0104414,376651,129808,185.054,55.9022,1177.5,14723.6,2681.68,11782.2,16813.6,6497.12,5907.36
3646,1,2025-12-25 00:00:00,21:27:27,12050443,Air-2-5,478,0.015,4.782,0,4,4,3,1,2,5,33.8518,0.539046,77678.8,216.425,7867.39,3345.1,552739,107286,2.92919,6010.16,34428.1,153254,173136,171281,0.0180796,738806,257146,262.999,109.834,2409.03,30170.4,5416.9,23988,34376.6,13331.4,11979.4
3647,1,2025-12-26 00:00:00,00:37:27,12050443,Air-2-5,478,0.015,4.782,0,4,4,3,1,2,5,35.2373,0.541501,76516.2,215.041,7944.15,4122.79,551990,107107,2.92373,6123.49,35053.3,156066,176671,174560,0.0182917,757300,262412,254.669,117.481,2500.93,31390.7,5607.66,25023.5,35742.4,13889,12366.2
3648,1,2025-12-26 00:00:00,03:47:27,12050443,Air-2-5,480,0.015,4.758,0,4,4,3,1,2,5,35.4499,0.538548,76623.2,218.7,7840.44,4203.15,551633,107067,2.92296,6124.05,35043.5,156906,176360,174407,0.0183847,758357,262186,259.424,116.608,2490.71,31361.2,5621.26,24942.7,35735.7,13831.6,12342.5
3650,1,2025-12-26 00:00:00,10:36:46,12050443,Air-2-5,482,0,4.724,0,4,4,3,1,2,5,34.6517,0.534159,74104.6,210.788,7594.67,5885.67,550322,106995,2.91633,6127.01,35082.5,156542,176069,174309,0.018259,749784,260870,280.445,116.683,2498.5,31375.6,5575.65,25042.5,35749.8,13802.1,12357.3
3651,1,2025-12-26 00:00:00,13:46:46,12050443,Air-2-5,484,0,4.645,0,4,4,3,1,2,5,33.8601,0.534743,71666.5,198.564,7355.31,4813.94,550155,106881,2.91571,6124.76,35000.3,156367,176205,174200,0.0182803,753924,261268,262.881,118.484,2486.09,31383.8,5581.66,24987.3,35721.4,13843.7,12367.9
3652,1,2025-12-26 00:00:00,16:56:46,12050443,Air-2-5,486,0,4.658,0,4,4,3,1,2,5,34.947,0.533781,76532.3,222.266,7884.16,4636.92,549783,106787,2.91422,6088.48,34942,156523,175913,173931,0.0183284,750757,261049,248.763,117.752,2494.49,31318.4,5578.02,24969.8,35623.6,13816.8,12338.6
3653,1,2025-12-26 00:00:00,20:06:46,11020443,Air-1-2,487,0,2.327,0,4,4,3,1,1,2,6.44334,0.100274,15374.3,43.9034,1585.99,4025.86,107585,20494.5,0.553843,1249.33,6583.83,29234.1,33229.7,32757.7,0.00567641,142671,49569.8,139.703,20.9728,447.343,5456.89,1023.95,4366.86,6288.76,2436.4,2241.74
3654,1,2025-12-26 00:00:00,23:16:46,11020443,Air-1-2,488,0,2.321,0,4,4,3,1,1,2,6.48119,0.09935,16045.5,44.8405,1621.2,3674.89,107482,20405.1,0.553557,1247.42,6596.17,29301.2,33209.5,32805,0.00569135,142274,49461.4,139.714,20.7001,440.006,5467.95,1017.28,4359.72,6285.22,2424.38,2225.12
3655,1,2025-12-27 00:00:00,02:26:46,12050443,Air-2-5,490,0,4.613,0,4,4,3,1,2,5,33.4646,0.534553,82148,235.94,8438.65,3936.07,548107,106514,2.90798,6080.64,34772.6,154479,175225,173377,0.0181788,745517,260192,257.19,116.403,2486.11,31109.3,5558.19,24837.5,35493.2,13765.7,12334.2
3656,1,2025-12-27 00:00:00,05:36:46,11010443,Air-1-1,491,0,2.334,0,4,4,3,1,1,1,3.57999,0.04991,8234.65,22.8069,823.992,3581.18,50597.2,9548.08,0.258479,645.81,3157.23,13985.2,15870.3,15717.3,0.00414824,68012.2,23681.5,118.125,9.37093,206.471,2573.14,489.385,2052.45,2953.56,1148.5,1086.93
3657,1,2025-12-27 00:00:00,08:46:46,11010443,Air-1-1,492,0,2.331,0,4,4,3,1,1,1,3.22743,0.0493675,8520.43,23.6631,852.642,3348.44,50572.2,9564.13,0.258463,652.035,3143.37,13952.3,15886.7,15606.2,0.00415255,68581.7,23772.7,120.424,9.82722,205.056,2564.15,493.419,2038.09,2960.28,1144.11,1079.62
3658,1,2025-12-27 00:00:00,11:56:46,12050443,Air-2-5,494,0,4.68,0,4,4,3,1,2,5,35.8894,0.53273,78841.4,220.335,8042.52,3819.47,547697,106345,2.90381,6069.76,34743.6,154419,175120,173216,0.0182089,740870,259307,247.506,117.123,2469.08,31018,5552.22,24681.9,35387.5,13701.6,12266.3
3659,1,2025-12-27 00:00:00,15:06:45,12050443,Air-2-5,496,0,4.671,0,4,4,3,1,2,5,35.0249,0.533962,80860.8,226.637,8240.48,4082.5,547081,106240,2.90179,6075.48,34770.8,155339,175290,173109,0.0182586,753191,260595,254.957,114.942,2478.95,31112.8,5580.75,24770.1,35454.2,13711.5,12280.1
3660,1,2025-12-27 00:00:00,18:16:45,11050443,Air-1-5,497,0,2.315,0,4,4,3,1,1,5,15.9866,0.255432,38593.8,106.499,3885.91,3960.7,277299,53187.1,1.44701,3054.65,17102.8,76210,86478.1,85248.8,0.0103874,373572,128867,166.628,52.9857,1160.91,14589.6,2649.98,11588.5,16701.1,6448.74,5830.7
3661,1,2025-12-27 00:00:00,21:26:45,11050443,Air-1-5,498,0,2.346,0,4,4,3,1,1,5,16.5464,0.253359,36566.8,101.625,3673.14,3811.96,277058,53131.1,1.44623,3045.82,17140.9,76034.7,86201.3,85379.4,0.0103652,368244,128349,190.399,53.987,1162.59,14582.2,2644.11,11626.7,16682.9,6456.82,5856.6
3662,1,2025-12-28 00:00:00,00:36:45,12050443,Air-2-5,500,0,4.618,0,4,4,3,1,2,5,34.5813,0.5356,72830.9,205.333,7577.26,4024.21,546422,106152,2.89952,6055.11,34767.7,154976,174928,172803,0.0182356,751550,260265,244.576,116.88,2475.73,31008.1,5547.26,24745.3,35394.3,13688,12288.9
3663,1,2025-12-28 00:00:00,03:46:45,12040443,Air-2-4,502,0,4.647,0,4,4,3,1,2,4,28.8958,0.42772,59141.1,168.537,6188.34,4175.13,443899,85769.6,2.33869,4901.16,27828.3,123971,140130,138426,0.0151307,603012,208597,218.815,92.4543,1947.56,24480.5,4394.34,19464.6,27896.5,10761.7,9709.55
3664,1,2025-12-28 00:00:00,06:56:45,12040443,Air-2-4,504,0,4.61,0,4,4,3,1,2,4,29.0313,0.42942,60771.1,172.27,6345.01,4224.72,442756,85633.1,2.33447,4879.53,27778.4,123495,139836,138332,0.0150864,593061,207481,237.358,89.4924,1943.5,24411.7,4404.86,19476.8,27901.7,10815.1,9716.34
3665,1,2025-12-28 00:00:00,10:06:45,12050443,Air-2-5,506,0,4.65,0,4,4,3,1,2,5,31.7089,0.530831,73057.3,205.844,7597.26,4545.81,544436,106001,2.8897,6030.38,34737.6,154784,174624,172533,0.0182117,746942,259394,247.695,114.555,2460.17,30955.9,5533.56,24683.8,35243.6,13670.7,12258.6
3666,1,2025-12-28 00:00:00,13:16:45,12050443,Air-2-5,508,0,4.61,0,4,4,3,1,2,5,33.7541,0.530492,72712.4,208.411,7603.16,4594.99,544073,105825,2.88775,6027.18,34602.2,154110,174243,172373,0.018128,745896,258912,245.57,115.221,2459.69,30899.7,5543.49,24621.3,35197.5,13613.6,12233.9
3667,1,2025-12-28 00:00:00,16:26:45,11050443,Air-1-5,509,0,2.318,0,4,4,3,1,1,5,16.758,0.252212,38003.2,105.659,3846.09,4268.99,275384,52864.5,1.43758,3045.62,17029,76103,85936.6,84935,0.0103708,370254,128050,168.801,54.4652,1152.28,14499.9,2644.15,11536.9,16598,6428.24,5839.65
3668,1,2025-12-28 00:00:00,19:36:45,11050443,Air-1-5,510,0,2.315,0,4,4,3,1,1,5,16.5134,0.255444,37704.2,106.448,3854.45,3922.47,275368,52861.6,1.43639,3021.82,16969.1,75189.2,85671.5,84784.1,0.010297,367550,127713,172.915,55.0173,1158.38,14453.3,2637.78,11485.4,16560.6,6397.89,5820.99
3669,1,2025-12-28 00:00:00,22:46:45,12050443,Air-2-5,512,0,4.67,0,4,4,3,1,2,5,34.0964,0.529866,79907.3,223.964,8122.17,4267.24,543411,105571,2.88258,6010.27,34464.8,154312,173849,171739,0.0181731,741439,258117,252.576,116.135,2465.3,30768.3,5542.37,24552.3,35159.5,13592.4,12228.9
3670,1,2025-12-29 00:00:00,08:53:11,12050443,Air-2-5,514,0.006,4.678,0,4,4,3,1,2,5,34.0885,0.530854,72989.7,206.259,7587.18,4014.59,546450,106232,2.9041,6082.56,34634,153253,174580,172195,0.0180817,745701,259117,294.832,117.016,2449.84,30784.7,5508.72,24541.1,35221.1,13600.3,12247.6
3673,1,2025-12-29 00:00:00,19:11:42,12050443,Air-2-5,516,0,4.598,0,4,4,3,1,2,5,32.7431,0.52883,79886.1,224.88,8171.76,3878.51,542140,105342,2.8778,5978.28,34330.1,152419,172741,170756,0.0180043,731598,256637,259.275,113.845,2443.91,30564.7,5493.85,24345.5,34985.3,13497.6,12155.1
3674,1,2025-12-29 00:00:00,22:21:42,12050443,Air-2-5,518,0,4.666,0,4,4,3,1,2,5,34.6186,0.526705,82519.3,233.997,8365.62,3880.09,541609,105333,2.8746,6039.79,34394.5,153278,172848,170975,0.0180709,739431,257181,276.031,116.452,2436.26,30607.1,5482.7,24388.6,34936.5,13513.9,12154.1
3675,1,2025-12-30 00:00:00,01:31:42,12050443,Air-2-5,520,0,4.72,0,4,4,3,1,2,5,34.7986,0.527057,81681.8,229.352,8343.12,4054.53,541013,105175,2.87144,6032.42,34280.7,152372,172793,170623,0.0179705,738517,256779,275.721,111.519,2437.01,30628.5,5491.22,24390.9,34931.2,13521.2,12096.4
3676,1,2025-12-30 00:00:00,04:41:42,12050443,Air-2-5,522,0,4.575,0,4,4,3,1,2,5,34.4364,0.526206,80266.9,221.677,8146.65,4145.95,540462,105045,2.86845,5989.07,34371,153114,173160,170930,0.0180385,741338,257208,273.344,113.593,2445.18,30601.6,5488.93,24402,34835.6,13468.4,12110.1
3681,1,2025-12-30 00:00:00,20:47:15,12050443,Air-2-5,524,0.007,4.594,0,4,4,3,1,2,5,33.4508,0.521111,84192.2,232.283,8592.11,5236.44,539135,104826,2.86258,5977.69,34244.2,153111,172560,170265,0.0179913,742131,256772,254.345,115.287,2431,30513.8,5457.21,24340.9,34754.5,13442.5,12076.1
3682,1,2025-12-30 00:00:00,23:57:15,12050443,Air-2-5,526,0.001,4.651,0,4,4,3,1,2,5,34.2902,0.521906,88856.2,247.768,9008.34,4908.14,538486,104709,2.85898,5964.97,34179.6,152339,171818,170230,0.0179077,730265,255259,252.76,113.588,2417.18,30422.6,5452.39,24288.5,34757,13447.8,12060.5
3683,1,2025-12-31 00:00:00,03:07:15,12050443,Air-2-5,528,0.005,4.578,0,4,4,3,1,2,5,33.3302,0.523841,83854.5,235.878,8591.88,4675.61,536897,104349,2.85076,5949.54,34124.1,152901,172231,170095,0.0180055,741208,256362,233.849,118.453,2411.38,30397.9,5447.61,24240.8,34727.4,13463.3,12056.9
3687,1,2025-12-31 00:00:00,17:05:03,12050443,Air-2-5,530,0,4.68,0,4,4,3,1,2,5,34.2674,0.518136,86600.6,244.617,8783.15,5870.48,538128,104754,2.85965,5946.84,34187.9,153475,172578,170406,0.0180361,743309,256774,241.878,116.001,2431.82,30537.6,5460.49,24285.1,34817.1,13470,12121.6
3688,1,2025-12-31 00:00:00,20:15:03,12050443,Air-2-5,532,0.001,4.562,0,4,4,3,1,2,5,33.7203,0.52451,70145.7,196.848,7156.6,4892.72,537532,104547,2.85667,5943.12,34158.4,152483,171827,170166,0.0179733,731916,255492,238.669,110.62,2440.68,30414,5447.63,24280.6,34706.3,13466.3,12063.3
3689,1,2025-12-31 00:00:00,23:25:03,12050443,Air-2-5,534,0.003,4.587,0,4,4,3,1,2,5,34.4018,0.526569,72618.6,211.365,7512.67,4762.98,536375,104372,2.85105,5942.71,34105.3,152164,171698,169995,0.017932,729184,255150,229.002,111.997,2430,30436.7,5452.65,24273.6,34708.9,13448.9,12080.7
3690,1,2026-01-01 00:00:00,02:35:03,12050443,Air-2-5,536,0.002,4.601,0,4,4,3,1,2,5,34.2993,0.528289,74958.4,216.645,7901.87,4545.32,536565,104414,2.85092,5927.77,34134.9,152049,171964,169693,0.017933,738270,255792,225.64,112.001,2419.42,30381.3,5447.7,24222.7,34576.9,13419.5,12061.7
3691,1,2026-01-01 00:00:00,05:45:03,11010443,Air-1-1,537,0.002,2.292,0,4,4,3,1,1,1,3.44233,0.0504614,8014.11,20.6051,828.892,3988.71,49551.9,9389.17,0.253862,622.861,3069.96,13598.3,15564.3,15330.3,0.00411215,66851.3,23308.2,101.297,9.2323,205.649,2489.11,476.504,1998.3,2877.05,1119.2,1053.36
3692,1,2026-01-01 00:00:00,08:55:03,11010443,Air-1-1,538,0,2.304,0,4,4,3,1,1,1,3.06847,0.0507125,8064.58,23.9481,838.911,3482.04,49527.5,9366.59,0.253793,628.047,3088.79,13664.2,15572.3,15354.8,0.00412499,66815.6,23312.3,107.145,9.78671,201.327,2499.94,480.521,1986.64,2887.11,1121.38,1058.78
3693,1,2026-01-01 00:00:00,12:05:03,11050443,Air-1-5,539,0,2.268,0,4,4,3,1,1,5,17.3858,0.258306,38446.9,109.782,4028.7,3513.89,272113,52252.6,1.42264,2975.71,16713.6,73945.5,84516.7,83396.2,0.0101844,363133,126144,156.157,53.4991,1132.45,14164.1,2586.18,11265.5,16284,6261.45,5739.76
3694,1,2026-01-01 00:00:00,15:15:03,11050443,Air-1-5,540,0,2.268,0,4,4,3,1,1,5,17.1003,0.257313,37804.6,109.624,3910.84,3498.01,271697,52196.8,1.42163,2965.4,16717.5,74609.1,84435.6,83351.3,0.0102323,363288,125986,147.522,53.479,1141.37,14148.3,2578.02,11295.3,16213.9,6283.32,5697.74
3695,1,2026-01-01 00:00:00,18:25:03,11050443,Air-1-5,541,0.001,2.292,0,4,4,3,1,1,5,16.439,0.258184,39761.4,112.518,4122.11,3531.97,271342,52119.8,1.41895,2940.98,16715.5,74151.9,84143.5,83129.1,0.0101979,361556,125582,147.327,53.1816,1135.19,14137,2592.77,11235,16202.1,6248.59,5690.18
3696,1,2026-01-01 00:00:00,21:35:03,11050443,Air-1-5,542,0,2.266,0,4,4,3,1,1,5,16.7823,0.255819,36664.7,101.573,3787.94,3538.37,271701,52143,1.42086,2938.26,16742,74250.6,84466.7,83287.9,0.0101911,362675,125971,148.606,52.4196,1129.63,14135.2,2583.51,11252.7,16234.4,6298.44,5696.8
3697,1,2026-01-02 00:00:00,00:45:03,12050443,Air-2-5,544,0.001,4.617,0,4,4,3,1,2,5,32.984,0.532922,75227.2,216.604,7851.18,3789.35,534777,104047,2.84494,5902.56,34001.7,151448,171643,169600,0.0179181,733131,255308,223.37,116.597,2410.9,30278.5,5420.28,24099.1,34590.6,13370.7,12016.6
3702,1,2026-01-02 00:00:00,17:22:41,12050443,Air-2-5,546,0,4.68,0,4,4,3,1,2,5,34.8017,0.522927,79238.8,226.13,8170.04,4500.56,534158,103956,2.84122,5882.62,34016.9,151977,171256,169133,0.0179656,729902,254621,218.306,113.785,2413.73,30174.6,5404.75,23982.2,34522,13346.5,12017.9
3703,1,2026-01-02 00:00:00,20:32:41,12050443,Air-2-5,548,0.001,4.576,0,4,4,3,1,2,5,33.77,0.52372,72232.4,211.319,7502.68,4399.67,534058,103914,2.84167,5901.59,34088.7,151788,171578,169787,0.017915,732017,255074,219.977,110.056,2418.21,30390.4,5464.04,24147.5,34639.2,13410.4,12034.7
3704,1,2026-01-02 00:00:00,23:42:41,12050443,Air-2-5,550,0.001,4.593,0,4,4,3,1,2,5,34.4525,0.524917,72840.6,212.977,7644.48,4367.59,533436,103847,2.83659,5900.18,34013.3,151296,171122,169232,0.0178854,729884,254660,216.609,114.519,2403.29,30231,5423.61,24031.3,34478.8,13353.5,12015.6
3705,1,2026-01-03 00:00:00,02:52:41,11020443,Air-1-2,551,0.001,2.329,0,4,4,3,1,1,2,6.23998,0.0986337,15094.7,43.9644,1561.65,3894.74,104757,19925.9,0.541533,1168.01,6385.25,28015.4,32199.6,31806.3,0.00556876,137740,48058.8,106.868,19.3952,430.547,5309.48,996.398,4213.83,6101.46,2352.28,2202.42
3706,1,2026-01-03 00:00:00,06:02:41,11020443,Air-1-2,552,0.001,2.343,0,4,4,3,1,1,2,6.52339,0.0986423,15239.1,43.3354,1585.87,3585.79,104726,19934,0.541275,1193.43,6389.72,28266.7,32142.5,31747.8,0.00560002,137850,48023.2,112.985,19.1925,426.522,5267.08,994.917,4183.42,6106.69,2350.43,2176.96
3707,1,2026-01-03 00:00:00,09:12:42,12050443,Air-2-5,554,0.003,4.648,0,4,4,3,1,2,5,31.6172,0.525488,71583.2,205.324,7506.26,4122.39,533492,103819,2.83783,5943.51,33963.2,151342,170983,168970,0.0179303,733216,254872,245.634,114.717,2395.06,30075,5404.3,23983.5,34419.4,13295.8,11983.6
3708,1,2026-01-03 00:00:00,12:22:41,11010443,Air-1-1,555,0.001,2.281,0,4,4,3,1,1,1,3.30257,0.0490689,7342.46,20.3985,743.341,3766.19,49189.8,9348.16,0.252534,610.014,3052.08,13498.8,15455.7,15220.2,0.00410833,65877.3,23067,93.0793,9.91679,202.918,2469.08,469.698,1974.11,2878.83,1097.32,1059.2
3709,1,2026-01-03 00:00:00,15:32:41,11010443,Air-1-1,556,0.001,2.271,0,4,4,3,1,1,1,3.60906,0.0495981,7761.52,21.86,799.843,3538.66,49285.5,9320.29,0.252621,606.112,3047.11,13479.4,15382.6,15201.7,0.00410526,65696.6,23065.1,94.3581,9.0186,199.716,2465.83,475.402,1959.61,2867.76,1116.72,1055.05
3710,1,2026-01-03 00:00:00,18:42:41,11010443,Air-1-1,557,0,2.312,0,4,4,3,1,1,1,3.08584,0.0498742,7397.15,20.3584,754.571,3238.79,49253.4,9304.33,0.252698,596.75,3044.22,13414.1,15381.5,15197.6,0.00408565,65313,23026.5,96.69,8.57881,198.6,2475.27,476.81,1961.45,2856.5,1119.11,1058.04
3711,1,2026-01-03 00:00:00,21:52:41,12050443,Air-2-5,559,0.004,4.512,0,4,4,3,1,2,5,34.7543,0.526815,73025.3,205.508,7616.69,3634.24,531575,103566,2.83042,5898.76,33800.6,150603,170581,168442,0.0179017,732099,254400,227.231,113.474,2386.96,29945.5,5390.31,23768.3,34263,13270.1,11946
3712,1,2026-01-04 00:00:00,01:02:41,12050443,Air-2-5,561,0,4.585,0,4,4,3,1,2,5,33.5074,0.522561,71842.8,207.328,7437.3,3940.1,531842,103528,2.82936,5857.45,33779.2,149967,169980,168351,0.0177785,721366,253038,219.695,109.843,2378.66,29959.4,5383.02,23873,34256.3,13217.4,11934.1
3713,1,2026-01-04 00:00:00,04:12:41,11050443,Air-1-5,562,0.007,2.29,0,4,4,3,1,1,5,17.1483,0.254469,36584.3,102.501,3818.56,3740.01,268961,51717.7,1.40929,2925.18,16587.8,73938.4,83939.5,82797.2,0.0101755,362531,125497,145.495,53.6347,1123.4,14006.7,2581.52,11169,16093.7,6225.31,5689.9
3714,1,2026-01-04 00:00:00,07:22:41,11050443,Air-1-5,563,0.002,2.267,0,4,4,3,1,1,5,17.2908,0.254798,36336,105.202,3795.91,3552.24,269125,51708.1,1.40923,2931.21,16627.2,73564.5,83813.2,82623.3,0.0101514,361031,125141,150.634,53.5167,1128.74,14017.5,2551.55,11154,16086.5,6212.97,5692.7
3715,1,2026-01-04 00:00:00,10:32:41,12050443,Air-2-5,565,0.001,4.59,0,4,4,3,1,2,5,32.9478,0.525403,72542.1,206.285,7581.26,3925.47,530705,103304,2.82459,5872.86,33851.4,150490,170237,168145,0.0178543,729001,253511,227.386,109.808,2399.82,29876.1,5384.86,23902.1,34156.1,13220.7,11902.6
3716,1,2026-01-04 00:00:00,13:42:41,12040443,Air-2-4,567,0.002,4.58,0,4,4,3,1,2,4,27.6434,0.41892,58481,168.267,6115.31,4040.25,431089,83574.9,2.27895,4733.84,27030.4,119833,136350,134734,0.0147922,586196,203252,201.945,86.2326,1883.97,23600.5,4275.93,18803.1,27038,10466.1,9444.1
3717,1,2026-01-04 00:00:00,16:52:40,12040443,Air-2-4,569,0.001,4.611,0,4,4,3,1,2,4,27.3404,0.418163,57223.9,165.182,5950.77,4161.07,430324,83408.1,2.27514,4691.95,26997.4,119885,136100,134309,0.0147975,585301,202848,197.797,90.6047,1873.38,23506.4,4250.94,18687.1,26914.8,10446.8,9399.63
3718,1,2026-01-04 00:00:00,20:02:40,12050443,Air-2-5,571,0,4.558,0,4,4,3,1,2,5,34.0224,0.519856,71997.7,203.103,7437.4,4204.79,529819,103232,2.81954,5846.43,33702.3,150180,169935,167900,0.0178306,728142,253514,218.01,110.472,2374.47,29885.1,5370.03,23759.7,34217.1,13221,11906.9
3719,1,2026-01-04 00:00:00,23:12:40,12050443,Air-2-5,573,0.001,4.557,0,4,4,3,1,2,5,32.8011,0.520021,71240.2,202.544,7327.02,4223.82,529338,103026,2.81655,5862.09,33754,149843,169939,167748,0.0177637,725878,252989,222.221,110.341,2377.21,29913.3,5377.19,23850.2,34196.9,13247.5,11890.1
3723,1,2026-01-05 00:00:00,13:37:40,12050443,Air-2-5,575,0.012,4.508,0,4,4,3,1,2,5,32.5225,0.520927,72062,208.678,7612.97,4180.89,527221,102665,2.80678,5851.04,33595.4,149309,169202,167474,0.0177243,722465,251904,233.16,113.206,2372.98,29808.3,5359.87,23706.1,34066.8,13179.2,11868.6
3724,1,2026-01-05 00:00:00,16:47:40,12050443,Air-2-5,577,0.01,4.5,0,4,4,3,1,2,5,35.0191,0.524253,73080.1,208.344,7716.21,4483.7,526900,102647,2.80397,5842.04,33588.1,149785,169346,167374,0.0177491,723677,252066,228.866,110.315,2384.88,29763,5371.4,23791.2,34082.3,13205.2,11884.7
3725,1,2026-01-05 00:00:00,19:57:40,12050443,Air-2-5,579,0.007,4.506,0,4,4,3,1,2,5,31.8766,0.527005,74260,213.009,7898.53,4473.55,526419,102488,2.80232,5835.58,33603.3,150038,169366,167302,0.0177897,725317,252343,222.5,112.762,2389.37,29798.5,5328.68,23766.8,34075.8,13202,11900.5
3726,1,2026-01-05 00:00:00,23:07:40,12050443,Air-2-5,581,0.006,4.525,0,4,4,3,1,2,5,33.6374,0.524457,74970.9,217.559,7904.37,4500.7,525728,102471,2.79779,5830.37,33580.1,149061,168905,166855,0.0177113,721921,251458,231.144,109.878,2368.51,29746.2,5336.18,23692.8,34057.4,13167,11821.7
3727,1,2026-01-06 00:00:00,02:17:40,12050443,Air-2-5,583,0.004,4.541,0,4,4,3,1,2,5,35.0019,0.52219,73171,207.981,7695.42,4386.33,524916,102160,2.79444,5810.88,33470.1,149122,168690,166597,0.017696,725500,251478,231.148,112.691,2373.46,29655.4,5339.81,23657.4,33927.6,13120.6,11783.6
3731,1,2026-01-06 00:00:00,18:38:41,12050443,Air-2-5,585,0,4.442,0,4,4,3,1,2,5,33.7108,0.513829,71899.9,206.119,7391.14,4764.52,523243,101938,2.7842,5808.98,33325.8,148043,168041,166049,0.017621,717282,250221,245.671,110.938,2365.13,29449.8,5293.28,23477.1,33733.1,13075.1,11741.1
3732,1,2026-01-06 00:00:00,21:48:41,11010443,Air-1-1,586,0,2.216,0,4,4,3,1,1,1,2.8876,0.0488114,7392.34,20.0306,757.126,3953.22,48174.8,9132.82,0.247323,618.839,3033.75,13418.8,15242.2,15002.9,0.00410225,65260.7,22777.9,102.45,10.0304,199.673,2437.53,465.801,1943.45,2832.21,1097.29,1043.67
3733,1,2026-01-07 00:00:00,00:58:41,11010443,Air-1-1,587,0,2.234,0,4,4,3,1,1,1,3.4524,0.0486846,7295.26,20.9923,735.452,3465.78,47962.8,9115.72,0.246545,600.981,3007.04,13215.5,15191.3,14944.8,0.00408258,64846.1,22727.5,100.024,9.33122,196.67,2431.47,467.213,1930.16,2829.65,1096.42,1038.34
3734,1,2026-01-07 00:00:00,04:08:41,12050443,Air-2-5,589,0,4.438,0,4,4,3,1,2,5,32.963,0.515831,70924.9,204.238,7423.13,3690.82,522449,101705,2.78053,5784.84,33310.7,147465,167756,165779,0.0175735,714067,249607,230.911,111.184,2344.47,29403.6,5308.02,23371.7,33704.3,13056.6,11755.2
3739,1,2026-01-07 00:00:00,20:22:18,12050443,Air-2-5,591,0,4.502,0,4,4,3,1,2,5,34.3256,0.514247,71754.5,205.286,7442.3,4549.73,523501,101914,2.78601,5799.97,33306,146984,167538,166008,0.0174712,704184,248637,241.113,110.591,2341.38,29414.5,5288.7,23425.3,33701,13033.4,11762.1
3740,1,2026-01-07 00:00:00,23:32:19,12050443,Air-2-5,593,0,4.53,0,4,4,3,1,2,5,33.8208,0.514879,70697.4,198.817,7400.14,4462.01,522818,101842,2.78353,5783.86,33321.9,148509,167961,165796,0.0176229,719106,249933,239.523,109.247,2344.3,29388.7,5300.59,23444.3,33622.2,13027.3,11743.4
3741,1,2026-01-08 00:00:00,02:42:18,12050443,Air-2-5,595,0,4.465,0,4,4,3,1,2,5,32.7003,0.515065,71610.8,206.59,7413.45,4470.27,523277,101772,2.78287,5772.33,33265.1,147890,167585,165617,0.0175566,718666,249621,234.833,108.195,2347.47,29317.8,5291.5,23385.4,33549.9,12973.5,11722.7
3746,1,2026-01-08 00:00:00,20:03:42,12050443,Air-2-5,597,0,4.502,0,4,4,3,1,2,5,33.0926,0.512333,70035.4,200.992,7240.83,5550.57,523691,101958,2.78579,5774.92,33222.2,147733,167199,165658,0.0175731,709392,248616,245.112,108.899,2338.27,29318.8,5310.5,23370.9,33639.5,12998.2,11709.1
3747,1,2026-01-08 00:00:00,23:13:42,12050443,Air-2-5,599,0,4.557,0,4,4,3,1,2,5,33.6227,0.512833,71097.2,202.814,7407.21,5218.23,522437,101820,2.77996,5758.95,33183.8,147906,167094,165439,0.0175725,709917,248437,240.39,109.966,2349.69,29364.7,5283.3,23364.2,33567,12996.1,11705.2
3748,1,2026-01-09 00:00:00,02:23:42,12050443,Air-2-5,601,0,4.51,0,4,4,3,1,2,5,32.2135,0.5125,69854.3,201.433,7246.91,5181.88,521754,101616,2.77618,5793.85,33214.4,148378,167635,165589,0.0176432,720298,249936,247.871,110.41,2346.96,29366.2,5288.48,23450.2,33644.4,13037.7,11703
3749,1,2026-01-09 00:00:00,05:33:42,12050443,Air-2-5,603,0,4.52,0,4,4,3,1,2,5,33.4154,0.512707,71277.5,206.663,7452.1,5044.12,521298,101609,2.77474,5775.1,33124.2,147132,166946,165252,0.0175029,706245,248160,255.04,109.253,2340.14,29288.7,5304.92,23394.9,33566.2,12971.5,11702.3
3753,1,2026-01-09 00:00:00,19:48:01,12050443,Air-2-5,605,0.004,4.536,0,4,4,3,1,2,5,31.9447,0.512588,69434.2,204.688,7371.13,6513.36,522327,101673,2.77815,5855,33285.1,148367,167394,165631,0.0176518,713234,249334,271.996,113.637,2350.15,29479.4,5299.02,23463.9,33695,13026.9,11749.1
3754,1,2026-01-09 00:00:00,22:58:01,12050443,Air-2-5,607,0,4.428,0,4,4,3,1,2,5,33.62,0.512122,68610.3,193.349,7148.62,5464.72,521507,101532,2.7736,5794.19,33135.8,146774,167050,165166,0.0175092,708717,248466,263.57,111.828,2339.6,29404.3,5294.16,23424.5,33605.3,12970.8,11727.5
3755,1,2026-01-10 00:00:00,02:08:01,12050443,Air-2-5,609,0,4.496,0,4,4,3,1,2,5,33.392,0.51303,67048,194.915,7068.68,5202.03,520549,101400,2.76967,5810.88,33122.1,146670,167227,165133,0.0174567,714736,249126,257.645,112.608,2356.58,29322.3,5288.91,23347.5,33631.1,12950.1,11694.5
3756,1,2026-01-10 00:00:00,05:18:01,11020443,Air-1-2,610,0,2.272,0,4,4,3,1,1,2,6.28314,0.0967638,14622.7,40.6094,1528.84,4470.77,101846,19428,0.526315,1190.34,6199.05,27376.6,31468.2,31002.1,0.00551082,134433,47011.2,147.382,19.6141,413.076,5121.94,971.937,4097.11,5932.83,2308.02,2142.02
3757,1,2026-01-10 00:00:00,08:28:01,11020443,Air-1-2,611,0,2.212,0,4,4,3,1,1,2,6.04842,0.0952341,13903.2,41.0571,1394.92,4075.79,102007,19398.4,0.526612,1216.88,6233.97,27350.4,31403.1,31076.8,0.00550939,134181,47031.6,169.313,19.3673,413.444,5116.99,962.042,4064.12,5940.07,2296.35,2121.76
3758,1,2026-01-10 00:00:00,11:38:01,12050443,Air-2-5,613,0,4.555,0,4,4,3,1,2,5,32.0483,0.512373,68678.5,196.044,7181.63,4295.42,519586,101214,2.7657,5815.92,33095.2,146899,166839,164716,0.017548,712248,248496,289.194,108.484,2342.02,29193.3,5261.22,23251,33496.1,12990.3,11687.1
3759,1,2026-01-10 00:00:00,14:48:01,11010443,Air-1-1,614,0,2.208,0,4,4,3,1,1,1,3.33156,0.0486987,7196.44,19.3983,741.263,4039.55,47816.8,9076.52,0.24501,660.272,2968.46,13217,15034.3,14847.1,0.00407715,64691.9,22537.4,162.315,9.80385,191.271,2393.74,467.361,1914.58,2774.98,1085.22,1038.08
3760,1,2026-01-10 00:00:00,17:58:01,11010443,Air-1-1,615,0,2.234,0,4,4,3,1,1,1,3.13646,0.0486357,7192.84,19.0422,743.742,3795.29,47713.9,9048.32,0.245144,661.903,2998.14,13115.4,15018.2,14858.2,0.00406431,64520.4,22531.2,161.929,9.62586,199.041,2387.07,465.867,1897.56,2792.98,1070.72,1025.46
3761,1,2026-01-10 00:00:00,21:08:01,12050443,Air-2-5,617,0.001,4.455,0,4,4,3,1,2,5,33.0091,0.51082,74178.7,206.963,7616.88,4051.59,519754,101207,2.76526,5870.84,33074.3,146681,166668,164683,0.0175387,712987,248348,322.041,107.68,2335.69,29114.4,5265.73,23190.8,33430.7,12924.8,11679.8
3762,1,2026-01-11 00:00:00,00:18:01,12050443,Air-2-5,619,0,4.453,0,4,4,3,1,2,5,32.9185,0.507305,72188.3,206.576,7382.48,4578.67,519006,101150,2.76226,5830.29,33054.8,146582,166572,164383,0.0174893,713541,248283,317.443,108.158,2336.16,29119.2,5263.95,23269.6,33459.8,12911.7,11661.7
3763,1,2026-01-11 00:00:00,03:28:01,11050443,Air-1-5,620,0.001,2.193,0,4,4,3,1,1,5,15.3283,0.238633,37129.6,105.019,3737.79,4401.93,262743,50538.9,1.37591,2971.45,16276.9,71982.3,81933.2,80884.5,0.0100088,349736,122183,239.104,51.1864,1102.53,13690.8,2499,10900.8,15713.8,6112.61,5553.16
3764,1,2026-01-11 00:00:00,06:38:01,11050443,Air-1-5,621,0.002,2.24,0,4,4,3,1,1,5,15.8235,0.240066,37964,107.011,3847.28,4354.05,262372,50500.3,1.37394,2969.6,16211.7,71606.2,81829.8,80875.5,0.00997169,349583,121985,250.181,51.847,1092.17,13682,2513.14,10879.9,15675.5,6077.71,5539.21
3765,1,2026-01-11 00:00:00,09:48:01,12050443,Air-2-5,623,0,4.454,0,4,4,3,1,2,5,33.3336,0.508016,81462.6,222.911,8340.57,4376.83,518225,100932,2.75732,5810,33069.8,146142,166243,164471,0.0174632,707738,247399,311.012,110.398,2318.68,29073.2,5263.18,23183.6,33308,12897.5,11626.4
3766,1,2026-01-11 00:00:00,12:58:01,12040443,Air-2-4,625,0,4.526,0,4,4,3,1,2,4,27.2546,0.401618,58224,165.106,5964.96,4456.77,420879,81502.4,2.22409,4707.42,26458.5,117102,133108,131467,0.0145398,568941,198188,280.587,88.1446,1837.76,22926.1,4165.68,18240.6,26252.4,10151.5,9179.32
3767,1,2026-01-11 00:00:00,16:08:01,12040443,Air-2-4,627,0,4.58,0,4,4,3,1,2,4,26.673,0.40528,59140.6,170.604,6071.42,4576.79,420320,81510.4,2.22246,4723.29,26350.1,116573,132864,131336,0.014487,568898,198071,294.107,85.0808,1839.3,22895.1,4161.9,18275.1,26309.4,10183.3,9217.36
3768,1,2026-01-11 00:00:00,19:18:01,12050443,Air-2-5,629,0.001,4.469,0,4,4,3,1,2,5,33.2704,0.508398,74524.9,209.582,7645.94,4618.37,516967,100751,2.7523,5824.92,32917.8,146614,166303,164010,0.0175014,712127,247759,328.885,108.404,2331.06,29080,5270.26,23163.5,33387.9,12876.6,11613.1
3769,1,2026-01-11 00:00:00,22:28:01,12050443,Air-2-5,631,0,4.568,0,4,4,3,1,2,5,33.0282,0.509703,76021.1,212.488,7800.5,4600.82,517244,100762,2.75167,5803.65,32946.1,146576,165748,163926,0.0174944,705011,246433,316.702,111.371,2319.06,29062.6,5258.22,23115.3,33236.1,12855.2,11603.8
3775,1,2026-01-12 00:00:00,20:19:55,12050443,Air-2-5,633,0,4.401,0,4,4,3,1,2,5,33.6802,0.503646,75649.2,214.907,7716.39,4851.91,515978,100504,2.7479,5753.62,32732.8,144761,165024,163131,0.0173352,701752,245822,310.497,109.093,2319.2,28786.6,5224.58,23007.3,33132.3,12840.5,11569.3
3776,1,2026-01-12 00:00:00,23:29:55,12050443,Air-2-5,635,0,4.484,0,4,4,3,1,2,5,33.4769,0.500103,80039.4,228.034,8219.89,4771.02,515528,100519,2.74372,5778.22,32792.4,145058,165041,163118,0.0173574,702827,245571,319.34,110.482,2312.7,28874.2,5228.12,22973.3,33199,12834.4,11596.2
3777,1,2026-01-13 00:00:00,02:39:55,12050443,Air-2-5,637,0,4.432,0,4,4,3,1,2,5,32.0294,0.508396,70809.3,201.634,7375.41,4719.14,515373,100315,2.7419,5735.06,32767.7,144879,164924,163196,0.017338,702148,245602,300.067,108.629,2302.66,28862.9,5224.92,23018.4,33143.8,12825.7,11588.7
3782,1,2026-01-13 00:00:00,20:02:26,11050443,Air-1-5,638,0.02,2.227,0,4,4,3,1,1,5,17.172,0.241458,35264.6,100.76,3632.43,6158.75,261591,50392.6,1.37055,2947.39,16161.3,71570.8,81526.5,80440.1,0.00997115,349410,121598,231.826,51.8805,1090.58,13625.7,2502.59,10821.5,15664.3,6070.43,5545.99
3783,1,2026-01-13 00:00:00,23:12:26,11050443,Air-1-5,639,0.01,2.22,0,4,4,3,1,1,5,16.4042,0.239519,39040.3,109.158,3978.01,4926.2,261301,50288.7,1.36837,2945.81,16111.4,71331.8,81322.5,80213.6,0.00995557,346431,121178,247.661,52.1329,1084.49,13564.2,2487.66,10780,15643.3,6050.6,5499.07
3784,1,2026-01-14 00:00:00,02:22:26,11050443,Air-1-5,640,0.006,2.208,0,4,4,3,1,1,5,16.1322,0.238055,38670.8,112.746,3942.57,4520.56,261172,50231.8,1.36795,2927.72,16116.4,71103.9,81314.2,80308.1,0.00993016,346934,121297,245.378,50.8894,1091.19,13558.6,2489.22,10827.6,15679.4,6051.18,5503.98
3785,1,2026-01-14 00:00:00,05:32:26,11050443,Air-1-5,641,0.001,2.244,0,4,4,3,1,1,5,16.5307,0.236418,40929.4,116.156,4136.07,4309.39,260944,50191.3,1.36707,2903.99,16100.2,71291.2,81296.1,80269.5,0.00996031,346321,121139,231.518,50.5835,1093.85,13564.2,2490.5,10753.9,15588.2,6034.21,5501.71
3786,1,2026-01-14 00:00:00,17:51:28,12050443,Air-2-5-CryojacketsPumpedOut,643,0,4.517,0,4,4,3,1,2,5,32.2476,0.508345,67847.1,192.315,7014.42,4674.54,512883,99801.4,2.73103,5620.41,31907.6,141023,160757,158737,0.017018,683400,239378,279.753,103.048,2195,27308.9,4940.13,21753.2,31429.7,12181.4,10975.1
3787,1,2026-01-14 00:00:00,21:01:28,12050443,Air-2-5,645,0,4.503,0,4,4,3,1,2,5,31.2939,0.507876,67194.2,190.679,7088.69,4002.59,515107,100281,2.74238,5782.07,32774.7,145094,164810,163303,0.0173802,696423,245223,330.584,108.496,2326.22,28933.9,5232.28,23059.5,33216.9,12840.5,11575.4
3788,1,2026-01-15 00:00:00,00:11:28,12050443,Air-2-5,647,0,4.503,0,4,4,3,1,2,5,31.3657,0.509328,68468.9,198.266,7307.44,4167.11,513296,99989.3,2.73261,5775.56,32767.9,144595,164899,163138,0.0173248,704875,245752,312.406,108.818,2321.45,28884.5,5194.25,23002.5,33191.7,12817,11573.3
3789,1,2026-01-15 00:00:00,03:21:28,12050443,Air-2-5,649,0,4.485,0,4,4,3,1,2,5,31.4743,0.505261,67971.3,195.182,7150.41,4393.72,513246,100029,2.73216,5758.69,32693.2,144679,164796,162892,0.0173281,701360,245148,319.145,107.503,2300.26,28899.4,5203.87,23033.7,33055.5,12800.7,11547.5
3791,1,2026-01-15 00:00:00,12:40:03,12050443,Air-2-5-*NEW AIR STANDARD*-(Manual tank valve still closed),3,0.01,0.013,0,4,4,3,1,2,5,0.128042,0.00223197,308.79,1.81272,22.6458,3424.68,82.5138,15.3646,0.000420054,221.789,8.33273,31.6284,33.2215,41.4403,0.00273032,149.17,58.5427,227.041,0,1.17657,9.83465,2.39782,6.71288,13.1974,4.61209,4.34589
3792,1,2026-01-15 00:00:00,15:50:02,12050443,Air-2-5,5,0.01,5.613,0,4,4,3,1,2,5,41.5945,0.673234,85420.6,240.77,9006.67,3753.43,640461,125602,3.44089,7011.58,39788.2,176131,199575,197586,0.0205614,844453,296708,372.283,127.655,2701.7,33726.6,6088,26898.8,38945.3,15052.7,13548.7
3793,1,2026-01-15 00:00:00,19:00:03,12050443,Air-2-5,7,0.01,5.613,0,4,4,3,1,2,5,41.722,0.6732,83842.3,241.664,8918.74,4753.68,637879,125093,3.42497,7334.61,41674,184286,210119,207457,0.0212998,892475,312090,366.978,140.907,2983.76,37312.5,6680.52,29707.2,42796,16559.7,14808.4
3794,1,2026-01-15 00:00:00,22:10:02,12050443,Air-2-5,9,0.01,5.738,0,4,4,3,1,2,5,44.6614,0.672105,85387.2,246.716,9026.82,4810.75,637910,125237,3.42261,7357.96,41744.3,185364,210062,207540,0.0214319,896424,312674,369.478,140.643,2983.42,37303,6702.11,29754.9,42758.5,16606.2,14834.8
3795,1,2026-01-16 00:00:00,01:20:02,12050443,Air-2-5,11,0.01,5.691,0,4,4,3,1,2,5,42.8215,0.670715,83402.8,240.873,8852.64,4992.91,636892,124983,3.41946,7312.51,41683.8,183926,209649,207391,0.0212925,887105,311298,362.772,140.206,2994.98,37294.8,6728.08,29731.7,42771.3,16532.6,14818.2
3796,1,2026-01-16 00:00:00,04:30:02,12050443,Air-2-5,13,0.006,5.657,0,4,4,3,1,2,5,41.7306,0.667529,83495.7,244.332,8862.37,4918.7,637267,125105,3.42055,7332.57,41609.6,184741,209553,207022,0.0213472,889533,311260,373.501,141.819,2975.4,37239.6,6685.73,29699.1,42647.5,16494.3,14794.6
3800,1,2026-01-16 00:00:00,19:11:41,12050443,Air-2-5  CharcMin 10.6,15,0,5.608,0,4,4,3,1,2,5,41.4441,0.655371,89007.7,261.534,9277.44,4288.18,635686,124627,3.41407,7242.11,41599.5,183992,209078,206852,0.0213251,879431,310586,324.932,140.099,2988.05,37219.2,6691.18,29685.3,42651.3,16481,14790.3
3801,1,2026-01-16 00:00:00,22:21:41,12050443,Air-2-5,17,0,5.592,0,4,4,3,1,2,5,42.1825,0.657619,86684,244.83,9083.3,4709.5,634973,124610,3.40956,7240.57,41540.8,183803,209025,206907,0.0212789,883634,310966,338.048,139.965,2972.26,37242,6693.54,29627.8,42656.3,16552.6,14783.2
3802,1,2026-01-17 00:00:00,01:31:42,12050443,Air-2-5,19,0,5.755,0,4,4,3,1,2,5,41.1009,0.664116,83338.4,240.944,8828.9,4858.97,633756,124404,3.40387,7249.38,41458.1,184005,208600,206026,0.0213222,888644,310581,324.438,139.071,2963.35,37134.4,6659.17,29541,42537.8,16483.6,14754.1
3803,1,2026-01-17 00:00:00,04:41:41,11020443,Air-1-2,20,0,2.841,0,4,4,3,1,1,2,8.09671,0.12209,17389.8,49.0078,1811.73,4270.63,128933,24626.1,0.668872,1513.25,7903.91,34824.4,39939.8,39454.6,0.00627723,169925,59727.6,169.048,23.3277,526.088,6496.74,1228.64,5194.86,7552.36,2913.82,2694.25
3804,1,2026-01-17 00:00:00,07:51:41,11020443,Air-1-2,21,0,2.822,0,4,4,3,1,1,2,7.61326,0.122727,17895.5,53.5787,1866.31,3885.04,128784,24609.9,0.668509,1496.96,7906.14,34862.4,39863.3,39372.4,0.00630035,169159,59576.5,177.265,26.3882,517.351,6475.99,1225.05,5163.6,7490.68,2910.66,2689.93
3805,1,2026-01-17 00:00:00,11:01:42,12050443,Air-2-5,23,0,5.596,0,4,4,3,1,2,5,41.8917,0.663504,85826.4,245.745,9020.73,4318.55,633607,124239,3.40359,7221,41419,183348,208487,206054,0.0212649,886215,310517,327.401,140.391,2937.18,36951.9,6643.87,29435.9,42526.1,16430.3,14703.4
3806,1,2026-01-17 00:00:00,14:11:41,11010443,Air-1-1,24,0,2.786,0,4,4,3,1,1,1,4.02172,0.0606061,8892.67,25.938,923.726,3933.76,61264,11659.6,0.315382,808.746,3780.8,16641.6,19074.8,18848.8,0.00443323,81373,28565.8,174.417,10.796,250.056,3044.77,590.36,2427.28,3545.62,1376.46,1297.35
3807,1,2026-01-17 00:00:00,17:21:41,11010443,Air-1-1,25,0,2.809,0,4,4,3,1,1,1,3.51236,0.0602295,9430.6,26.1749,962.861,3636.55,61152.4,11613.8,0.31472,803.789,3778.77,16554.3,19011.8,18738.9,0.00442819,81391,28510.7,165.334,12.2881,243.615,3034.45,589.399,2419.47,3537.65,1353.55,1295.52
3808,1,2026-01-17 00:00:00,20:31:41,12050443,Air-2-5,27,0,5.641,0,4,4,3,1,2,5,41.8376,0.653752,87705.2,250.343,9143.55,4106.67,632060,123992,3.39585,7224.99,41315.6,181834,207860,205347,0.0211547,880771,309451,317.977,138.469,2961.07,36793.8,6637.12,29373.6,42385.3,16382.9,14702.4
3809,1,2026-01-17 00:00:00,23:41:41,12050443,Air-2-5,29,0,5.566,0,4,4,3,1,2,5,41.0511,0.650314,90040.5,258.74,9415.91,4702.7,632591,124057,3.39762,7206.39,41352.3,182864,207896,205868,0.0212067,876713,309404,333.077,138.571,2944.36,37031.1,6648.69,29443.6,42399.1,16434.3,14791.5
3810,1,2026-01-18 00:00:00,02:51:42,11050443,Air-1-5,30,0,2.788,0,4,4,3,1,1,5,21.5141,0.312068,44769.8,126.397,4599.2,4322.75,327517,63166.3,1.7243,3625.02,20406.7,89868.4,102888,101813,0.0118378,435751,153359,226.171,64.5663,1394,17439.5,3179.9,13890.1,20092.3,7752.97,7063.81
3811,1,2026-01-18 00:00:00,06:01:41,11050443,Air-1-5,31,0,2.735,0,4,4,3,1,1,5,21.3119,0.313328,44488.6,126.141,4644.55,4158.96,326926,63185.2,1.7235,3630.82,20452.1,90799.5,103173,101662,0.0119551,443785,154067,207.327,64.5625,1402.42,17369.8,3151.96,13845.9,20084.9,7735.25,7037.83
3812,1,2026-01-18 00:00:00,09:11:42,12050443,Air-2-5,33,0,5.578,0,4,4,3,1,2,5,41.3241,0.663409,84022.3,244.425,8918.59,4498.63,631078,123894,3.39191,7210.96,41209.2,182431,207475,205087,0.0211549,879274,308878,315.202,136.537,2945.35,36845.7,6641.03,29307.4,42281.4,16373.6,14690.8
3813,1,2026-01-18 00:00:00,12:21:41,12040443,Air-2-4,35,0,5.616,0,4,4,3,1,2,4,33.456,0.512334,74439.2,213.297,7760.63,4645.15,518021,101060,2.76168,5790.86,33099.6,145899,166500,164587,0.0174801,703388,247842,288.302,110.485,2331.43,29141.6,5260.13,23242.6,33450,12964.1,11704.2
3814,1,2026-01-18 00:00:00,15:31:41,12040443,Air-2-4,37,0,5.554,0,4,4,3,1,2,4,33.2747,0.511362,75336.6,213.363,7744.81,4603.83,517200,100870,2.75666,5779.16,33042.9,146426,166586,164631,0.0175384,712807,248702,286.025,109.926,2321.64,29105,5254.98,23167.3,33421.3,12929.9,11647.1
3815,1,2026-01-18 00:00:00,18:41:42,12050443,Air-2-5,39,0,5.555,0,4,4,3,1,2,5,38.2537,0.637456,96430.9,277.335,9979.12,4720.82,629675,123570,3.38364,7200.11,41219.7,182647,207257,204716,0.0211937,884562,309079,322.031,137.624,2950.32,36795,6608.88,29301.7,42231,16316.4,14669.8
3816,1,2026-01-18 00:00:00,21:51:41,12050443,Air-2-5,41,0,5.592,0,4,4,3,1,2,5,40.0186,0.637515,103402,296.406,10656.7,4753.08,629794,123504,3.38449,7208.59,41165.3,182725,207419,204960,0.0211863,881625,308766,336.113,137.379,2937.17,36843.8,6626.37,29370.4,42307,16415.1,14646.3
3817,1,2026-01-19 00:00:00,01:01:41,11020443,Air-1-2,42,0,2.811,0,4,4,3,1,1,2,7.74218,0.11755,20072.5,55.5915,2039.2,4367.11,127660,24402.3,0.662088,1471.64,7835.03,34435.8,39552.3,38988.4,0.00625449,169208,59122.2,165.422,24.6848,514.78,6415.33,1207.87,5109.41,7431.15,2899.46,2682.25
3818,1,2026-01-19 00:00:00,04:11:41,11020443,Air-1-2,43,0,2.779,0,4,4,3,1,1,2,7.98505,0.118445,18661.6,50.8806,1896.28,3936.81,127551,24395.8,0.662037,1504.41,7798.38,34359.7,39507.2,38941.4,0.00623984,169244,59203,193.384,23.9061,513.181,6402.68,1202.25,5085.17,7432.72,2873.67,2660.27
3819,1,2026-01-19 00:00:00,07:21:41,12050443,Air-2-5,45,0,5.561,0,4,4,3,1,2,5,40.8592,0.635738,97398.1,277.532,10067,4341.48,628522,123372,3.37944,7214.24,41083,181670,206632,204174,0.0211172,879740,307977,338.243,139.843,2936.2,36592,6594.27,29123.6,42130.5,16298.8,14596.2
3820,1,2026-01-19 00:00:00,10:31:41,11010443,Air-1-1,46,0,2.768,0,4,4,3,1,1,1,3.66112,0.0593132,9210.81,24.5708,942.452,3992.37,60588.3,11508.2,0.312152,808.105,3722.59,16523.1,18922.2,18658.7,0.00441659,81137.5,28389.4,182.714,11.4031,243.082,3006.96,584.715,2395.09,3501.24,1354.68,1298.88
3821,1,2026-01-19 00:00:00,13:41:41,11010443,Air-1-1,47,0,2.808,0,4,4,3,1,1,1,4.07736,0.0594924,9739.48,25.9882,975.212,3759.65,60648.6,11539.7,0.31201,809.541,3726.04,16397.2,18838.2,18581.4,0.00441215,79765.6,28194.2,176.042,11.432,244.532,2979.5,586.433,2378.65,3507.79,1354.8,1281.89
3822,1,2026-01-19 00:00:00,16:51:41,12050443,Air-2-5,49,0,5.55,0,4,4,3,1,2,5,41.8752,0.635909,94386.2,266.427,9743.13,4429.15,626827,122875,3.368,7157.53,40895.4,180314,205876,203551,0.0210317,873621,306858,315.297,136.817,2927.26,36495.8,6573.76,29058.2,41966.9,16259.4,14569.7
3823,1,2026-01-19 00:00:00,20:01:41,12050443,Air-2-5,51,0,5.569,0,4,4,3,1,2,5,40.7319,0.634776,96521,276.445,9963.27,4848.01,627344,123085,3.37081,7140.1,41017.3,181595,206454,204213,0.0211027,879347,307671,311.629,141.052,2919.31,36586.8,6596.65,29158.6,42037,16288.7,14631.1
3824,1,2026-01-19 00:00:00,23:11:41,12050443,Air-2-5,53,0,5.495,0,4,4,3,1,2,5,39.1795,0.634264,93519.4,268.807,9710.64,4954.42,627074,123080,3.36968,7160.51,40962,181337,206117,203650,0.0210876,875665,306987,318.029,137.089,2917.46,36606,6553.44,29153.2,41961.7,16271.3,14587.4
3829,1,2026-01-20 00:00:00,20:13:50,12050443,Air-2-5,55,0.01,5.552,0,4,4,3,1,2,5,40.7127,0.63448,99676.9,279.178,10237.2,4393.67,624296,122364,3.35589,7097.76,40705.7,180685,204768,202527,0.0210035,865709,304936,300.492,140.12,2907.2,36344.5,6529.6,28864,41780.3,16178.9,14515.6
3830,1,2026-01-20 00:00:00,23:23:50,12050443,Air-2-5,57,0.01,5.401,0,4,4,3,1,2,5,39.6514,0.631661,95297.3,268.026,9852.55,4844.24,624128,122414,3.35539,7108.59,40697.1,179825,204700,202468,0.0209249,869433,305369,307.867,135.111,2913.54,36372.1,6541.01,28934.4,41841.2,16158.8,14494.8
3831,1,2026-01-21 00:00:00,02:33:50,12050443,Air-2-5,59,0.006,5.552,0,4,4,3,1,2,5,40.536,0.629501,95832.2,272.396,9885.96,5009.78,623328,122239,3.351,7067.36,40587.1,177888,204227,202028,0.0207476,860086,304050,308.59,137.578,2887.23,36346.2,6519.95,28933.4,41716.7,16195.9,14474.1
3835,1,2026-01-21 00:00:00,19:13:58,12050443,Air-2-5-MediumBulb,61,0.124,2.985,0,4,4,3,1,2,5,22.7832,0.339879,47659.4,135.611,4964.67,4356.09,351328,67969.5,1.85536,3888.14,21916,97272.7,110650,109375,0.0125834,474152,165386,234.211,70.8913,1506.5,18767.2,3413.19,14947.1,21651.2,8357.1,7589.6
3836,1,2026-01-21 00:00:00,22:23:58,12050443,Air-2-5-MediumBulb,63,0.122,2.95,0,4,4,3,1,2,5,22.646,0.340852,46296.1,131.938,4857.09,4261.68,351182,67940.6,1.85383,3881.07,21935.5,97357.5,110695,109327,0.0126183,474282,165393,242.478,69.4259,1500.28,18727.8,3429.85,14943.6,21649.9,8338.36,7551.57
3837,1,2026-01-22 00:00:00,01:33:58,12050443,Air-2-5-MediumBulb,65,0.121,3.02,0,4,4,3,1,2,5,23.2694,0.340889,46059.2,132.587,4830.77,4105.5,350674,67859.4,1.85196,3927.59,21918,96602.9,110510,109055,0.0125304,472860,165139,260.352,69.6565,1498.69,18735.3,3424.35,14897.3,21586.3,8328.85,7591.13
3838,1,2026-01-22 00:00:00,04:43:58,12050443,Air-2-5-MediumBulb,67,0.113,3.038,0,4,4,3,1,2,5,23.3269,0.341195,45554.7,127.262,4807.36,4239.86,350178,67767.7,1.84991,3910.02,21854.8,96837.7,110526,109009,0.0125674,471941,164864,235.809,69.0559,1512.99,18680.3,3407.28,14908.1,21572.6,8331.12,7574.87
3841,1,2026-01-22 00:00:00,15:23:46,12050443,Air-2-5,69,0,5.584,0,4,4,3,1,2,5,38.2106,0.628779,89723.7,260.913,9285.03,3968.44,617989,121100,3.32044,6993.3,40212.6,177888,202094,199961,0.0208011,855192,301303,314.764,133.419,2866.14,35785.6,6441.47,28490.5,41207.1,15955.4,14369.1
3842,1,2026-01-22 00:00:00,18:33:46,12050443,Air-2-5,71,0,5.428,0,4,4,3,1,2,5,39.2571,0.633452,86188.6,246.304,9063.37,4664.81,617090,120990,3.31713,7048.21,40158.5,178165,202549,200151,0.0207815,860661,301804,327.353,132.345,2875.8,35785.3,6452.89,28529.2,41151.3,15952.4,14317.8
3843,1,2026-01-22 00:00:00,21:43:46,12050443,Air-2-5,73,0,5.466,0,4,4,3,1,2,5,40.3941,0.626717,94011,269.116,9806.32,4759.11,617074,121128,3.31621,6995.97,40129.4,176782,202131,199815,0.0206464,855037,300923,326.188,136.338,2871.41,35764.5,6428.27,28478.1,41188.4,15945.1,14308.9
3844,1,2026-01-23 00:00:00,00:53:46,12050443,Air-2-5  CharcMin 10.6,75,0,5.457,0,4,4,3,1,2,5,38.0972,0.625783,89852.4,254.544,9399.33,4909.84,616937,121149,3.31435,7025.97,40248.5,178871,202254,199978,0.0208512,860201,301554,316.337,135.746,2854.64,35811.7,6467.17,28479.1,41169.2,15946.7,14295.2
3846,1,2026-03-24 00:00:00,09:23:05,12050443,Air-2-5  CharcMin 11.5,77,0.022,5.568,0,4,4,3,1,2,5,42.8744,0.629399,90472,246.681,8962.31,2680.67,620174,114033,3.11146,6810.81,36349.6,162318,182405,179999,0.0190701,776811,271681,336.081,142.724,2948.81,36813.4,5846.89,29366.8,42440.7,16421.2,12988.1
3847,1,2026-03-24 00:00:00,12:33:05,12050443,Air-2-5  CharcMin 13.0,79,0.01,5.599,0,4,4,3,1,2,5,39.399,0.596957,94775,265.661,9377.93,2470.63,635938,117117,3.19163,6874.11,36818.2,165484,184718,182350,0.0193131,794954,275964,319.278,139.02,2976.25,37268.2,5954,29695.8,42743.6,16500.8,13190.6
3848,1,2026-03-24 00:00:00,15:48:33,12050443,Air-2-5  CharcMin 12.9,81,0.01,5.693,0,4,4,3,1,2,5,39.7669,0.604819,98142.8,272.694,9889.7,2611.9,641216,118326,3.22082,6963.53,37043.2,166350,185952,183496,0.0193905,794591,277538,345.894,141.827,2986.02,37470.9,5981.43,29816.6,42876.7,16560.5,13309.8
3849,1,2026-03-24 00:00:00,18:58:33,12050443,Air-2-5  CharcMin 12.7,83,0.01,5.45,0,4,4,3,1,2,5,40.0827,0.602006,92858.5,255.852,9381.22,2764.91,644323,118997,3.23839,6966.2,37285.4,167599,187275,184563,0.0195542,809070,280343,340.609,141.855,2988.98,37588.2,6020.81,29948.1,42957.6,16627.2,13391.3
3850,1,2026-03-24 00:00:00,22:08:33,12050443,Air-2-5  CharcMin 12.7,85,0.01,5.574,0,4,4,3,1,2,5,39.9518,0.606629,99347.8,270.544,10013.2,2855.56,647434,119680,3.2549,6973.33,37271.8,167214,187757,185247,0.0195102,807767,280704,329.5,141.903,2996.21,37622.5,6048.69,30003.1,43001.7,16631.6,13410.7
3851,1,2026-03-25 00:00:00,01:18:33,12050443,Air-2-5  CharcMin 12.5,87,0.01,5.681,0,4,4,3,1,2,5,39.9993,0.614567,100947,274.747,10116.4,2863.44,649019,120110,3.26629,7008.51,37406.7,168180,188001,185408,0.019617,811881,281393,328.164,142.597,2979.79,37590.4,6047.45,29940.2,42939.5,16672.8,13485.4
3852,1,2026-03-25 00:00:00,04:28:33,12050443,Air-2-5  CharcMin 12.6,89,0.01,5.595,0,4,4,3,1,2,5,40.5474,0.612006,97976.3,269.99,9859.26,2852.63,650763,120486,3.27649,7031.67,37518.9,168564,188232,185894,0.0196659,806194,281366,331.493,140.013,2990,37646.7,6062.13,29984.6,42940.6,16651.6,13497.7
3854,1,2026-03-26 00:00:00,08:48:08,12050443,Air-2-5  CharcMin 8.0,91,0.018,5.607,0,4,4,3,1,2,5,43.6382,0.881481,98990.5,267.087,9889.19,2875.95,661778,122523,3.34232,7139.26,37798.4,168799,189864,187268,0.0198162,814158,284750,369.636,139.308,2973.72,37365.1,6083.27,29732.3,42871,16566.2,13580.3
3855,1,2026-03-26 00:00:00,11:59:48,12050443,Air-2-5,93,0.02,5.509,0,4,4,3,1,2,5,44.8811,0.870106,119092,319.197,11534.2,2974.12,659207,122359,3.32759,7133.77,37740.7,169868,189841,187101,0.0198272,820568,284901,369.356,138.314,2960.61,37349.6,6072.38,29766.4,42691.2,16522.1,13573.2
3857,1,2026-03-26 00:00:00,18:28:10,12050443,Air-2-5,95,0.02,5.448,0,4,4,3,1,2,5,41.4732,0.614763,110427,304.724,10796.4,3228.19,658016,122189,3.32278,7147.5,37719.2,169044,189611,187056,0.0197985,809733,284325,386.654,138.326,2951.87,37166.3,6101.3,29569.7,42544.4,16462.8,13620.6
3858,1,2026-03-26 00:00:00,21:38:10,12050443,Air-2-5,97,0.02,5.451,0,4,4,3,1,2,5,41.7681,0.608573,111584,303.091,10874.9,3405.7,658561,122284,3.32622,7146.93,37755.6,169880,189931,187322,0.0198516,817460,285047,396.456,142.297,2946.36,37240.4,6097.95,29689.1,42546.8,16465.9,13610.3
3859,1,2026-03-27 00:00:00,00:48:10,12050443,Air-2-5,99,0.016,5.542,0,4,4,3,1,2,5,41.9327,0.620537,104590,280.263,10370,3517.4,658673,122305,3.32621,7199.58,37862.8,170105,190542,187822,0.0198604,821534,285800,409.612,138.406,2950.92,37239.3,6100.6,29714.7,42591.4,16499,13667.3
3864,1,2026-03-27 00:00:00,18:37:02,12050443,Air-2-5,101,0.024,5.409,0,4,4,3,1,2,5,41.072,0.611514,118674,323.288,11845.7,3930,656509,122064,3.32289,7175.98,37784.9,169480,189733,187335,0.0198119,807213,284466,424.707,137.698,2948.92,36927.3,6130.24,29468.4,42385.5,16355.4,13633
3865,1,2026-03-27 00:00:00,21:47:02,12050443,Air-2-5,103,0.02,5.49,0,4,4,3,1,2,5,40.2535,0.611589,114696,314.278,11419.2,3850.45,656263,122039,3.32013,7171.47,37864.4,169901,190345,187643,0.0198375,815036,285435,410.401,140.424,2938.5,37037.2,6130.8,29469.7,42421.6,16418.1,13627.1
3866,1,2026-03-28 00:00:00,00:57:02,12050443,Air-2-5,105,0.017,5.574,0,4,4,3,1,2,5,41.16,0.612354,116019,318.343,11582.8,3759.83,655581,121973,3.31765,7185.95,37933.8,170754,190596,188163,0.0199232,818778,286007,390.683,139.802,2959.14,37162.7,6143.56,29593.8,42470.8,16430.7,13690.7
3867,1,2026-03-28 00:00:00,04:07:02,11020443,Air-1-2,106,0.013,2.764,0,4,4,3,1,1,2,7.40869,0.116569,23459.3,63.2962,2346.55,3261.35,131045,23761,0.640569,1560.5,7312.26,32886.7,36851.8,36265.6,0.00608491,159306,55535.4,250.597,24.7699,518.958,6476.73,1121.62,5167.75,7461.44,2883.2,2495.37
3868,1,2026-03-28 00:00:00,07:17:02,11020443,Air-1-2,107,0.01,2.746,0,4,4,3,1,1,2,8.13751,0.117025,26205.5,69.6215,2597.04,3014.01,131026,23689.3,0.640808,0,0,0,0,0,0,0,0,0,0,0,0,0,0,0,0,0
3869,1,2026-03-29 00:00:00,13:04:53,12050443,Air-2-5,111,0.01,5.44,0,4,4,3,1,2,5,40.9213,0.622693,118252,318.116,11760.9,4274.93,662370,123349,3.36185,7126.79,38000.6,169638,191192,188539,0.0199644,820985,287674,348.674,139.061,2900.23,36636,6127.65,29186.2,42121.4,16315,13704.5
3870,1,2026-03-29 00:00:00,16:14:52,11010443,Air-1-1,112,0.01,2.676,0,4,4,3,1,1,1,3.9138,0.0590435,12929.1,35.1897,1267.59,2696.47,62186.1,11200.5,0.302138,823.523,3494.8,15550.5,17542.6,17334.7,0.00433868,75463.4,26600.2,194.597,11.7112,236.409,2954.93,533.727,2376.5,3471,1332.82,1179.53
3871,1,2026-03-29 00:00:00,19:24:52,11010443,Air-1-1,113,0.01,2.729,0,4,4,3,1,1,1,3.57886,0.0592609,11252.1,30.2116,1106.28,2457.21,62087.7,11203.9,0.301888,820.791,3484.8,15526.6,17561.6,17310.2,0.00433597,75893.4,26641.8,186.528,12.1281,240.133,2963.27,534.523,2361.76,3453.31,1330.85,1194.98
3872,1,2026-03-29 00:00:00,22:34:52,12050443,Air-2-5,115,0.01,5.41,0,4,4,3,1,2,5,40.8168,0.604141,118184,316.204,11588.7,3226.51,654987,121938,3.32445,7052.73,37541.3,168067,188691,186278,0.019756,804430,283756,340.529,137.184,2890.21,36177.8,6058.56,28801.8,41531.4,16024.1,13501.2
3873,1,2026-03-30 00:00:00,01:44:52,12050443,Air-2-5,117,0.01,5.44,0,4,4,3,1,2,5,39.9449,0.608774,127394,345.725,12495.1,3189.49,654144,121749,3.31824,7051.24,37559.3,168625,188827,186218,0.0197623,812467,284230,344.9,134.429,2861.54,36215.2,6022.77,28861.1,41483.2,16070.5,13525.1
3878,1,2026-03-30 00:00:00,18:05:09,12050443,Air-2-5,119,0.026,5.408,0,4,4,3,1,2,5,39.1139,0.602817,129130,350.248,12798.9,2974.27,652129,121482,3.31053,7070.76,37522.1,167288,188528,186341,0.0196929,805295,283841,344.702,130.806,2868.46,35942.7,6043.96,28671.3,41279.1,15970.5,13509.5
3879,1,2026-03-30 00:00:00,21:15:09,12050443,Air-2-5,121,0.02,5.451,0,4,4,3,1,2,5,41.4694,0.607578,123420,341.859,12179.6,3141.89,651511,121376,3.30567,7045.94,37509.2,167997,188480,185967,0.019699,804538,283468,358.759,135.007,2850.57,36056.6,6032.32,28750.5,41281.1,16022.4,13515
3880,1,2026-03-31 00:00:00,00:25:09,12050443,Air-2-5,123,0.02,5.419,0,4,4,3,1,2,5,40.9391,0.604969,120829,335.314,11915.2,3237.54,651254,121272,3.30301,7042.61,37525.8,168678,188859,186592,0.0197453,816526,284190,366.146,134.344,2862.97,36066,6058.9,28713.6,41296.9,15979.4,13540.3
3881,1,2026-03-31 00:00:00,03:35:09,12050443,Air-2-5,125,0.016,5.324,0,4,4,3,1,2,5,39.7701,0.601683,131517,364.312,13025.1,3419.34,650121,121129,3.2978,7060.17,37454.2,168619,188519,186007,0.0197309,813589,283739,349.994,134.315,2848.66,35963.1,6025.17,28675,41219.2,15912.1,13488.1
3885,1,2026-03-31 00:00:00,18:21:42,12050443,Air-2-5,127,0.032,5.417,0,4,4,3,1,2,5,39.9309,0.605944,132380,361.277,13055.8,2831.11,649337,120821,3.29532,6682.76,35514.1,158992,178544,176192,0.0188921,770696,269460,331.971,120.206,2553.93,32225,5428.81,25630.8,37044.6,14384.1,12122.9
3886,1,2026-03-31 00:00:00,21:31:42,11050443,Air-1-5,128,0.02,2.684,0,4,4,3,1,1,5,19.7094,0.297557,70054.1,190.194,6945.21,3048.76,331480,60864.4,1.65045,3450.06,17813.7,79846.8,89609.7,88396.8,0.0108332,389914,135636,264.255,59.8666,1238.83,15611,2662.61,12445.3,18030.1,6978.52,5938.73
3887,1,2026-04-01 00:00:00,00:41:42,11050443,Air-1-5,129,0.02,2.703,0,4,4,3,1,1,5,19.8532,0.299591,71573.3,191.862,7064.68,3049.53,331333,60802.5,1.64966,3454.4,17737.2,79714.3,89613.9,88292,0.0107946,389448,135325,294.714,56.3976,1240.87,15606.3,2674.49,12465.9,18058.9,6947.95,5938
3888,1,2026-04-01 00:00:00,03:51:42,12050443,Air-2-5,131,0.014,5.363,0,4,4,3,1,2,5,39.3193,0.6035,130442,357.813,12972.9,3265.88,646347,120310,3.28058,6780.06,35925.4,161463,180596,177889,0.0190502,780144,272403,343.221,120.428,2625.7,33118.2,5583.55,26351.1,37996.2,14701.6,12440.4
3890,1,2026-04-01 00:00:00,15:36:28,12050443,Air-2-5,135,0.01,5.489,0,4,4,3,1,2,5,39.7197,0.612189,143984,390.812,14201,3338.67,653568,121878,3.31949,7219.64,38444.3,174097,193512,190938,0.0202529,841848,292322,389.653,138.705,2928.47,37266,6264.69,29706,42630.4,16501.6,14043.6
3891,1,2026-04-01 00:00:00,18:46:27,12050443,Air-2-5,137,0.01,5.475,0,4,4,3,1,2,5,39.3789,0.611824,139275,384.201,13825.3,3425.98,651884,121551,3.31095,7212.65,38433.3,174007,193505,190876,0.0202099,842998,292318,366.255,136.945,2939.62,37267.2,6242.29,29712.2,42680.3,16508.1,14028.3
3892,1,2026-04-01 00:00:00,21:56:27,11050443,Air-1-5,138,0.01,2.743,0,4,4,3,1,1,5,20.023,0.298967,73845.5,199.906,7301.18,3308.16,334532,61385.3,1.66548,3664.1,19024.1,86018.1,95992.7,94499.8,0.0114008,421605,145386,276.422,64.5404,1393.17,17593.7,2997.23,14062.2,20194.7,7797.24,6736.8
3893,1,2026-04-02 00:00:00,01:06:27,11050443,Air-1-5,139,0.01,2.758,0,4,4,3,1,1,5,20.8467,0.300658,75891,208.726,7453.94,3043.55,334094,61389.3,1.66472,3682.69,19001.8,85863.5,95733.6,94283.8,0.0114041,419844,145090,285.121,62.7612,1386.27,17594.4,2994.86,13996.6,20182,7817.52,6727.93
3894,1,2026-04-02 00:00:00,04:16:27,12050443,Air-2-5,141,0.01,5.535,0,4,4,3,1,2,5,40.3405,0.610851,140723,384.635,13960.7,3175.23,650521,121312,3.30548,7219.34,38348.3,173959,193005,190304,0.0202299,842883,291946,362.467,139.397,2933.49,37116.4,6238.94,29628.6,42528.8,16451.2,13997.9
3895,1,2026-04-02 00:00:00,07:26:27,12050443,Air-2-5,143,0.01,5.407,0,4,4,3,1,2,5,39.8338,0.611053,145982,398.389,14366.1,3404.96,650186,121262,3.30398,7205.58,38326.5,173316,193017,190325,0.0201587,839283,291397,372.702,138.37,2927.92,37175.8,6255.97,29618.3,42555.2,16501.2,14008.5
3896,1,2026-04-02 00:00:00,10:36:27,11010443,Air-1-1,144,0.01,2.702,0,4,4,3,1,1,1,3.64294,0.0572667,15798.3,41.6599,1545.29,2983.14,61771.8,11148.1,0.300318,861.427,3551.21,15943.2,17883,17605,0.00436619,78729.9,27247.3,237.374,11.0342,238.606,3042.47,546.919,2418.98,3516.52,1355.57,1217.57
3897,1,2026-04-02 00:00:00,13:46:27,11010443,Air-1-1,145,0.01,2.728,0,4,4,3,1,1,1,3.83778,0.058109,15533.3,40.6575,1525.28,2670.99,61736.9,11117.8,0.300652,868.945,3526.81,15962.1,17878.3,17609.6,0.00437714,78294,27251.6,238.391,12.107,241.466,3042.04,547.656,2410.83,3515.93,1365.98,1231.01
3898,1,2026-04-02 00:00:00,16:56:27,12050443,Air-2-5,147,0.01,5.403,0,4,4,3,1,2,5,40.4569,0.610443,145424,396.886,14348.4,3040.52,648404,120966,3.297,7199.29,38344,172941,192850,190246,0.0201591,838673,291415,370.791,138.61,2918.75,37008.4,6215.74,29519.4,42412,16446.7,13976.8
3899,1,2026-04-02 00:00:00,20:06:27,12050443,Air-2-5,149,0.01,5.463,0,4,4,3,1,2,5,39.804,0.608186,135490,369.125,13464.8,3340.96,647544,120878,3.29207,7200.1,38318,173780,192865,190166,0.020205,839926,291423,367.28,137.163,2926.93,37055.2,6253.87,29546.8,42336.9,16387.4,14014.3
3900,1,2026-04-02 00:00:00,23:16:27,12050443,Air-2-5,151,0.01,5.373,0,4,4,3,1,2,5,39.0362,0.608196,140352,379.272,13957.2,3357.33,647847,120695,3.29144,7170.91,38365.5,173400,192685,189880,0.0201924,838554,291151,359.788,138.852,2922.12,37072.6,6237.34,29532.1,42333.4,16439.9,14001.9
3901,1,2026-04-03 00:00:00,02:26:27,12050443,Air-2-5,153,0.01,5.399,0,4,4,3,1,2,5,38.2746,0.610181,139339,378.183,13800,3366.52,646933,120668,3.28681,7144.23,38316.8,173474,192686,189969,0.020178,842099,291437,358.614,138.664,2935.12,36981.8,6235.05,29518.7,42356.8,16399.7,13988.7
3905,1,2026-04-03 00:00:00,17:51:58,12050443,Air-2-5,155,0.022,5.321,0,4,4,3,1,2,5,39.1557,0.611751,137706,371.986,13517.8,3095.66,645858,120295,3.28408,7161.34,38165.8,172647,192233,189754,0.0201214,835368,290820,367.115,134.449,2899.53,36817.6,6214.61,29371.4,42245.5,16365.1,13980.1
3906,1,2026-04-03 00:00:00,21:01:58,12050443,Air-2-5,157,0.02,5.441,0,4,4,3,1,2,5,39.44,0.607287,146165,400.164,14454.3,3388.01,645081,120330,3.27886,7187.27,38219.5,172985,192210,189611,0.0201246,837818,290885,362.527,139.859,2893.64,36868.5,6244.59,29370.2,42193.8,16321.7,13935.5
3907,1,2026-04-04 00:00:00,00:11:58,12050443,Air-2-5,159,0.016,5.486,0,4,4,3,1,2,5,38.8905,0.607389,143518,395.795,14206,3438.07,644698,120207,3.27665,7141.33,38126.6,173141,192122,189671,0.0201295,837582,290547,364.873,139.142,2907.56,36923.1,6203.51,29366.4,42169.5,16339.5,13951.9
3908,1,2026-04-04 00:00:00,03:21:58,11020443,Air-1-2,160,0.01,2.718,0,4,4,3,1,1,2,7.65258,0.114119,31656.8,87.2114,3111.39,3027.35,128960,23410.9,0.633404,1534.11,7327.52,32972.7,36933.6,36385.6,0.00607992,162390,56201.6,221.362,23.245,509.424,6398.25,1125.3,5101.52,7426.1,2861.64,2544.3
3909,1,2026-04-04 00:00:00,06:31:58,11020443,Air-1-2,161,0.01,2.684,0,4,4,3,1,1,2,8.30455,0.115322,31933.8,84.7485,3129.83,2788.17,128950,23404,0.633675,1561.14,7315.45,33065.4,36905.7,36359.7,0.00610023,162160,56202.3,245.881,26.0089,511.926,6406.14,1139.51,5120.04,7372.79,2863.41,2551.4
3910,1,2026-04-04 00:00:00,09:41:58,12050443,Air-2-5,163,0.01,5.306,0,4,4,3,1,2,5,39.0163,0.608945,138463,384.643,13786.9,3170.93,643094,119803,3.26829,7204.43,38125.8,172311,191968,189199,0.0200747,836854,290378,412.368,135.209,2917.91,36708.4,6205.2,29269,42029.4,16235.3,13874.9
3911,1,2026-04-04 00:00:00,12:51:58,11010443,Air-1-1,164,0.01,2.711,0,4,4,3,1,1,1,3.78993,0.0572863,15979.8,42.2114,1578.35,2798.15,61110.9,11044,0.297473,865.76,3494.79,15863.2,17739.6,17456.7,0.00434915,78094.3,27060.8,229.925,10.1496,237.738,3002.13,540.751,2380.79,3469.79,1348,1224.88
3912,1,2026-04-08 00:00:00,08:15:23,12050443,Air-2-5,185,0.01,5.352,0,4,4,3,1,2,5,39.5693,0.607374,139173,378.35,13853.1,9437.56,641512,119520,3.26547,7024.8,37669,169529,189785,187221,0.0199694,822579,287641,344.662,137.466,2850.88,35959.5,6129.74,28558.3,41428.2,16034.9,13748.2
3915,1,2026-04-08 00:00:00,17:52:08,12050443,Air-2-5,187,0.027,5.301,0,4,4,3,1,2,5,39.4259,0.59834,147852,402.992,14711,4723.21,635710,118597,3.23374,7023.58,37542.8,170479,189367,186760,0.019942,824336,286911,341.594,130.894,2833.6,35896.5,6085.79,28651.1,41272.1,15982.4,13740.4
3916,1,2026-04-08 00:00:00,21:02:09,12050443,Air-2-5,189,0.024,5.321,0,4,4,3,1,2,5,39.5053,0.595846,147077,394.069,14443.7,4861.74,636431,118714,3.23707,7041.2,37660.1,170297,189754,187089,0.0198989,828962,288015,344.986,133.667,2837.85,36046,6124.07,28693.6,41348.1,15995,13783.3
3917,1,2026-04-09 00:00:00,00:12:08,12050443,Air-2-5,191,0.025,5.23,0,4,4,3,1,2,5,39.9446,0.59753,148246,401.852,14717,5019.77,636068,118785,3.23574,7030.41,37714.6,170772,189981,187207,0.0199517,830157,287941,333.4,130.15,2845.77,36053.4,6114.21,28790.1,41327.7,16004.8,13777.5
3918,1,2026-04-09 00:00:00,03:22:08,12050443,Air-2-5,193,0.025,5.261,0,4,4,3,1,2,5,39.2814,0.596955,160934,438.18,15790.7,5043.04,634845,118470,3.23043,7010.43,37665.4,170465,189416,187013,0.0199106,825802,287215,331.902,132.525,2849.88,35926.1,6110.75,28681.5,41285.9,15965.5,13767.9
3922,1,2026-04-09 00:00:00,18:55:56,12050443,Air-2-5,195,0.02,5.273,0,4,4,3,1,2,5,38.2035,0.598436,161494,442.007,15871.4,4985.42,633999,118374,3.22631,6995.63,37625.6,170597,189673,186963,0.0199022,829204,288072,331.295,134.559,2836.55,36032.2,6121.27,28720.6,41264.9,15951.4,13746.1
3923,1,2026-04-09 00:00:00,22:05:56,11010443,Air-1-1,196,0.017,2.636,0,4,4,3,1,1,1,3.57042,0.0568539,16544.4,42.734,1610.87,3998.4,62065.1,11223.3,0.302656,806.77,3439.28,15481.2,17322.2,17046.7,0.0043137,76237.5,26516.4,190.266,11.5781,225.367,2896.12,539.349,2304.63,3364.47,1301.05,1192.8
3924,1,2026-04-10 00:00:00,01:15:56,11010443,Air-1-1,197,0.014,2.629,0,4,4,3,1,1,1,3.84169,0.056735,17492.1,50.0132,1706.03,3693.28,62071.9,11240.4,0.302603,802.248,3423.3,15409.1,17282.7,17014.8,0.00430953,76086.6,26509.6,179.698,10.7967,235.197,2893.41,530.126,2311.05,3382.24,1303.53,1204.24
3925,1,2026-04-10 00:00:00,04:25:56,12050443,Air-2-5,199,0.011,5.184,0,4,4,3,1,2,5,38.7699,0.599459,175308,484.801,17192.4,4348.6,631763,117932,3.21679,7021.27,37492.5,169658,189149,186094,0.0198728,824989,286833,340.509,134.986,2832.39,35782.4,6081.88,28490.3,41101.1,15904.5,13767.2
3929,1,2026-04-10 00:00:00,18:56:43,12050443,Air-2-5,201,0.019,5.225,0,4,4,3,1,2,5,38.7074,0.600763,178349,492.717,17517.3,4100.84,631527,117896,3.21491,7035.44,37474.5,170120,189124,186651,0.0198755,824082,286931,380.266,130.594,2808.78,35873.5,6091.78,28563.5,41075.4,15904.2,13742.2
3930,1,2026-04-10 00:00:00,22:06:43,12050443,Air-2-5,203,0.014,5.303,0,4,4,3,1,2,5,40.3778,0.601734,173626,474.6,16975.8,4358.31,629950,117524,3.20598,7050.66,37555.3,170595,189117,186453,0.0198956,828561,287514,355.85,132.611,2815.11,35837.9,6097.75,28517.7,41129.1,15891.3,13795.8
3931,1,2026-04-11 00:00:00,01:16:43,12050443,Air-2-5,205,0.011,5.295,0,4,4,3,1,2,5,41.1002,0.601267,177046,484.348,17316.8,4466.25,629159,117384,3.20209,7063.33,37518.4,170401,189027,186393,0.019899,828193,287287,390.733,135.6,2814.09,35787.6,6079.79,28582.4,41003.3,15872.7,13766.5
3932,1,2026-04-11 00:00:00,04:26:43,11020443,Air-1-2,206,0.012,2.606,0,4,4,3,1,1,2,7.92059,0.113189,35701.7,94.6078,3476.11,3920.07,127630,23208,0.627043,1521.16,7155.53,32281.4,36117.8,35556.5,0.00601244,159217,55175.5,248.07,22.5302,488.585,6204.81,1100.57,4958.64,7191.9,2744.56,2488.88
3933,1,2026-04-11 00:00:00,07:36:43,11020443,Air-1-2,207,0.012,2.606,0,4,4,3,1,1,2,8.14051,0.113607,33444.2,89.9401,3295.77,3659.65,127628,23193.2,0.627052,1537.86,7161.22,32290.4,36152.7,35553.7,0.00602101,158943,55192.2,258.786,23.1082,491.565,6183.1,1103.14,4916.35,7175.97,2760.62,2488.11
3934,1,2026-04-11 00:00:00,10:46:43,12050443,Air-2-5,209,0.012,5.243,0,4,4,3,1,2,5,38.3915,0.602741,172186,467.11,16947.5,4323.31,626867,117152,3.1911,7073.29,37434.8,169824,188592,186020,0.0198594,821787,286302,404.671,132.318,2806.42,35622,6086.71,28376.2,40892.1,15838.9,13713.9
3935,1,2026-04-11 00:00:00,13:56:43,11010443,Air-1-1,210,0.013,2.639,0,4,4,3,1,1,1,3.98078,0.0567962,17363.7,48.3316,1701.17,3642.92,61002.3,11030.3,0.297418,870.534,3430.13,15390.6,17228.2,16985,0.00431396,75915.6,26413.2,265.456,10.0624,227.818,2871.74,532.824,2292.87,3358.62,1285.91,1200.38
3936,1,2026-04-11 00:00:00,17:06:42,11010443,Air-1-1,211,0.01,2.602,0,4,4,3,1,1,1,4.11802,0.0563905,17427.5,46.6896,1682.03,3377.5,60826.7,11018,0.296744,840.54,3407.72,15369.5,17180.4,16952.5,0.00431798,75567.8,26362.6,228.604,10.1405,229.93,2853.41,529.19,2294.51,3338.78,1306.66,1187.35
3937,1,2026-04-11 00:00:00,20:16:42,12050443,Air-2-5,213,0.013,5.221,0,4,4,3,1,2,5,39.5077,0.603719,177126,481.427,17354.3,3969.13,625471,116607,3.18491,7033.11,37446,169698,188546,185842,0.019886,823371,286620,372.93,132.164,2819.39,35619.8,6078.85,28340,40895.2,15823.3,13713.6
3938,1,2026-04-11 00:00:00,23:26:42,12050443,Air-2-5,215,0.012,5.17,0,4,4,3,1,2,5,40.1555,0.602212,178285,482.507,17479.6,4293.14,625349,116761,3.18493,7039.87,37404.8,169753,188575,186042,0.0198438,824993,286643,367.89,131.676,2800.86,35639.2,6103.23,28405.1,40843.5,15841.5,13768.2
3939,1,2026-04-12 00:00:00,02:36:42,11050443,Air-1-5,216,0.01,2.611,0,4,4,3,1,1,5,19.6723,0.286539,86890.9,240.058,8487.82,4100.34,322598,59337.5,1.61124,3568.95,18455.9,83842.2,93134.8,91656.9,0.0112062,410483,141944,296.154,61.9253,1324.25,16769.3,2907.2,13384.1,19286.4,7454.64,6542.14
3940,1,2026-04-12 00:00:00,05:46:42,11050443,Air-1-5,217,0.01,2.596,0,4,4,3,1,1,5,19.232,0.286256,87266.3,235.439,8572.95,4046,321741,59248.2,1.60784,3571.59,18414.9,83380.2,92966.7,91592.7,0.0111722,409477,141696,299.858,58.8161,1325.34,16684.8,2898.93,13321.1,19228.6,7440.87,6535.39
3941,1,2026-04-12 00:00:00,08:56:42,12050443,Air-2-5,219,0.01,5.298,0,4,4,3,1,2,5,40.7567,0.60368,173691,479.478,17015.1,4380.54,623676,116427,3.17609,7002.94,37321.2,169078,188607,185601,0.0197817,824073,286432,379.037,131.097,2808.94,35585.2,6099.51,28371.5,40785.7,15784.9,13686.1
3942,1,2026-04-12 00:00:00,12:06:42,12040443,Air-2-4,221,0.01,5.267,0,4,4,3,1,2,4,33.4617,0.476828,137467,375.675,13502.4,4403.69,510857,94781.4,2.58261,5666.88,30047.8,136246,151327,149084,0.0164685,664352,230049,338.649,105.985,2218.92,28090.5,4839.09,22389,32253.6,12449.2,10888.2
3943,1,2026-04-12 00:00:00,15:16:42,12040443,Air-2-4,223,0.011,5.356,0,4,4,3,1,2,4,33.3413,0.477928,141313,381.976,13804.1,4379,509753,94675.2,2.5773,5670.65,29909,135772,151116,148879,0.0164104,664103,229997,329.516,102.348,2213.54,28016,4822.82,22369.1,32162.4,12453,10880.4
3944,1,2026-04-12 00:00:00,18:26:42,12050443,Air-2-5,225,0.01,5.242,0,4,4,3,1,2,5,39.7799,0.599507,177661,484.416,17429,4351.22,622380,116267,3.17077,6970.44,37366.7,169816,188103,185509,0.0198605,823837,285993,353.755,131.009,2792.54,35561.6,6082.81,28348.7,40704,15765.2,13679.4
3945,1,2026-04-12 00:00:00,21:36:42,12050443,Air-2-5,227,0.01,5.245,0,4,4,3,1,2,5,40.8056,0.599543,178200,478.755,17506.9,4414.44,621693,116153,3.167,6966.28,37231.5,168475,187738,185371,0.0197206,822193,285729,366.43,131.499,2786.02,35495.5,6069.07,28265.1,40660.7,15742.3,13694.5
3950,1,2026-04-13 00:00:00,18:58:49,12050443,Air-2-5,229,0.01,5.194,0,4,4,3,1,2,5,38.4536,0.599508,179126,486.491,17598.1,3557.74,621729,116167,3.16993,6995.8,37280.8,169546,187869,185259,0.0197956,822594,285741,385.473,129.554,2782.13,35475.8,6071.72,28275.2,40664.9,15777.9,13725.9
3951,1,2026-04-13 00:00:00,22:08:49,12050443,Air-2-5,231,0.008,5.253,0,4,4,3,1,2,5,40.8529,0.600659,177526,489.968,17463.6,3847.09,621341,116114,3.16715,6984.94,37296.8,168878,188071,185400,0.0197415,823150,285905,375.555,130.337,2781.02,35462.3,6069.35,28235.3,40611.4,15738.7,13692.5
3952,1,2026-04-14 00:00:00,01:18:49,12050443,Air-2-5,233,0.008,5.263,0,4,4,3,1,2,5,41.029,0.601213,176981,488.346,17410.7,3968.06,620903,116126,3.16476,6974.96,37240.8,168723,187671,185195,0.0197199,820535,285019,395.455,132.115,2780.82,35357.7,6060.86,28170.7,40507.5,15702,13678.6
3953,1,2026-04-14 00:00:00,04:28:49,12050443,Air-2-5,235,0.007,5.161,0,4,4,3,1,2,5,38.6498,0.59958,177404,495.586,17452.9,4028.68,620142,115880,3.16308,6993.51,37209.3,169155,187429,184982,0.0197671,819259,284709,405.665,130.861,2780.58,35369,6041.62,28122,40508.8,15682,13624.2
3957,1,2026-04-14 00:00:00,18:58:30,12050443,Air-2-5 *H2O Trap Open*,237,0.008,3.831,0,4,4,3,1,2,5,28.2923,0.437095,130114,353.61,12813.9,3433.95,468609,86920.9,2.36585,5243.4,27347.7,123739,137799,135999,0.0152206,604900,210015,400.145,93.8358,2003.92,25326.2,4381.61,20119.2,29063.6,11266.4,9898.48
3958,1,2026-04-14 00:00:00,22:08:30,12050443,Air-2-5 *H2O Trap Open*,239,0.004,3.796,0,4,4,3,1,2,5,29.412,0.43885,128751,346.909,12692.7,3713.46,469216,86982.9,2.36983,5230.18,27397.9,124275,138481,136458,0.0152777,606777,210669,384.43,93.8884,2013.51,25394.9,4406.97,20257.8,29193.8,11289.4,9935.84
3959,1,2026-04-15 00:00:00,01:18:30,12050443,Air-2-5 *H2O Trap Open*,241,0.002,3.927,0,4,4,3,1,2,5,27.9011,0.438642,131684,364.47,12910.9,3768.45,468610,86993.7,2.36815,5225.66,27339.8,123964,137914,135921,0.0152555,603967,209714,360.248,92.5784,1998.57,25285.1,4363.24,20099.2,29050.6,11226.9,9914.09
3960,1,2026-04-15 00:00:00,04:28:30,12050443,Air-2-5 *H2O Trap Open*,243,0.002,3.854,0,4,4,3,1,2,5,29.647,0.435755,130781,356.221,12799.4,3808.52,469571,87175.1,2.37226,5171.84,27258.9,123715,137361,135326,0.0152338,604262,209344,383.525,93.2748,1987.74,25154.9,4365.02,20074,28910.1,11169.4,9840.56
3964,1,2026-04-15 00:00:00,18:52:32,12050443,Air-2-5,245,0.009,5.214,0,4,4,3,1,2,5,40.0037,0.600316,174864,475.057,17225.8,3465.58,614137,114818,3.13167,6986.51,36887.9,166761,185868,183317,0.0195464,812941,282720,453.767,127.636,2753.67,34887.8,6007.8,27808,40078.4,15537.7,13536.3
3965,1,2026-04-15 00:00:00,22:02:32,12050443,Air-2-5,247,0.004,5.188,0,4,4,3,1,2,5,39.6693,0.598341,175120,478.768,17237,3738.76,613877,114849,3.13127,6979.86,36856.2,167246,185615,183205,0.0195884,811393,282395,436.078,127.496,2752.86,34783.1,5973.75,27813,40028.8,15518.7,13505.8
3966,1,2026-04-16 00:00:00,01:12:33,12050443,Air-2-5,249,0.001,5.111,0,4,4,3,1,2,5,40.5302,0.601162,170812,471.679,16912.9,3798.62,614098,114838,3.13286,6908.5,36767,166686,185251,182508,0.0195505,808173,281307,425.599,129.861,2748.27,34763.2,5969.91,27707.2,39974,15463.6,13466.7
3967,1,2026-04-16 00:00:00,04:22:33,12050443,Air-2-5,251,0.001,5.204,0,4,4,3,1,2,5,38.9415,0.59667,171492,473.049,16878.3,3881.95,611714,114429,3.12193,6915.55,36604.3,165283,184853,182360,0.0194049,805329,280580,438.846,128.221,2730.72,34683.1,5977.03,27684.8,39812.4,15373.2,13448.4
3971,1,2026-04-16 00:00:00,19:02:51,12050443,Air-2-5,253,0.009,5.185,0,4,4,3,1,2,5,38.6779,0.593079,172579,469.102,17035.5,5155.76,611558,114484,3.12146,6975.37,36750.5,166313,185062,182637,0.0195121,808786,281203,466.368,130.777,2738.69,34743.3,5996.04,27724.5,39829.2,15462.8,13502.1
3972,1,2026-04-16 00:00:00,22:12:50,12050443,Air-2-5,255,0.003,5.127,0,4,4,3,1,2,5,40.4063,0.596479,172504,471.916,17084.2,4625.64,610100,114178,3.11429,6910.77,36571.7,165246,184518,182176,0.0194146,806955,280485,459.825,127.597,2721.1,34607.6,5973.94,27596.2,39766.9,15370.2,13415.5
3973,1,2026-04-17 00:00:00,01:22:50,12050443,Air-2-5,257,0.001,5.137,0,4,4,3,1,2,5,40.6818,0.595091,173825,480.3,17089.8,4398.52,609123,113995,3.1092,6906.11,36557.4,165229,184299,181807,0.0194102,802605,279950,453.852,130.234,2729.73,34612.5,5956.17,27612.9,39760.3,15390.7,13449.8
3977,1,2026-04-17 00:00:00,18:53:03,12050443,Air-2-5,259,0.002,5.035,0,4,4,3,1,2,5,39.8825,0.596043,176237,487.93,17342.4,3424.57,608313,113828,3.10559,6958.64,36718,166801,185073,182676,0.0195955,807963,281356,469.16,126.597,2738.69,34647.6,5965.18,27669.3,39810.7,15462.3,13439.1
3978,1,2026-04-17 00:00:00,22:03:03,12050443,Air-2-5,261,0,5.155,0,4,4,3,1,2,5,38.6223,0.594623,174987,478.438,17244.4,3629.91,609102,114103,3.11079,6952.49,36747.5,166709,185222,182768,0.0195956,810898,282263,435.755,128.887,2737.71,34734.3,5992.37,27660.7,39948.9,15410.8,13492.5
3979,1,2026-04-18 00:00:00,01:13:03,12050443,Air-2-5,263,0,5.167,0,4,4,3,1,2,5,38.2317,0.595732,176017,487.277,17326.1,3765.53,608492,113933,3.10899,6930.98,36802.2,166556,185286,182737,0.0195597,809872,281950,449.69,131.558,2739.1,34725.3,5945.01,27711.4,39922.1,15434.6,13516.2
3980,1,2026-04-18 00:00:00,04:23:04,11020443,Air-1-2,264,0,2.612,0,4,4,3,1,1,2,7.85019,0.1118,34391.8,96.4124,3384.55,3242.71,123618,22542.9,0.610117,1513.05,6979.1,31403.7,35317.9,34693,0.00593976,155078,53963.7,277.192,21.6508,475.39,6006.77,1085,4788.38,6996.83,2684.68,2447.49
3981,1,2026-04-18 00:00:00,07:33:03,11020443,Air-1-2,265,0,2.509,0,4,4,3,1,1,2,7.98948,0.109494,34611.2,94.5184,3414.86,3026.83,123299,22530.7,0.609471,1512.44,6965.7,31328.3,35121.3,34619,0.0059361,154066,53771.9,286.966,21.8494,480.247,5988.56,1086.1,4805.05,6981.18,2695.19,2435.24
3982,1,2026-04-18 00:00:00,10:43:03,12050443,Air-2-5,267,0,5.171,0,4,4,3,1,2,5,38.9542,0.597312,173201,482.401,17136.5,3299.36,606621,113613,3.10161,6895.02,36682.8,166135,184813,182436,0.0195631,808684,281782,412.409,130.59,2729.33,34598.9,5976.25,27617,39833.1,15391.2,13475.3
3983,1,2026-04-18 00:00:00,13:53:03,11010443,Air-1-1,268,0,2.564,0,4,4,3,1,1,1,4.02475,0.0547448,17118.4,44.9104,1674.84,3017.96,58694.3,10688.4,0.287795,882.12,3324.67,14998.7,16798.6,16547,0.00427478,73839.8,25707.7,276.093,10.1327,226.021,2786.35,514.1,2219.99,3252.97,1259.12,1173.7
3984,1,2026-04-18 00:00:00,17:03:03,11010443,Air-1-1,269,0,2.577,0,4,4,3,1,1,1,3.63794,0.0555431,17204.9,46.73,1686.12,2764.55,58586.5,10667.5,0.287606,838.449,3333.85,14944,16783.1,16517.2,0.00427384,73477.9,25732.7,244.834,10.1327,219.618,2756.94,516.241,2217.17,3255.86,1244.16,1162.28
3985,1,2026-04-18 00:00:00,20:13:03,12050443,Air-2-5,271,0,5.135,0,4,4,3,1,2,5,39.8914,0.596958,174180,488.944,17288.5,3283.87,605274,113456,3.09578,6879.35,36633.9,165028,184705,182236,0.0194661,805990,281015,405.277,127.105,2721.67,34530,5951.94,27479.3,39710,15378.4,13448.1
3986,1,2026-04-18 00:00:00,23:23:03,12050443,Air-2-5,273,0,5.171,0,4,4,3,1,2,5,37.7423,0.595303,171825,477.675,16999.3,3622.83,604666,113447,3.09345,6893.18,36665.8,166297,184782,182297,0.0195728,807977,281345,391.698,124.869,2724.07,34612.7,5963.29,27563.5,39796.7,15409.2,13499.4
3987,1,2026-04-19 00:00:00,02:33:03,11050443,Air-1-5,274,0,2.578,0,4,4,3,1,1,5,19.8235,0.283539,84372.2,227.782,8329.23,3349.02,312773,57793.4,1.56993,3517.93,18011.6,81224.1,91069.2,89693.4,0.0109815,400694,139074,325.229,59.7707,1272.74,16253.5,2834.43,12939.6,18729.3,7244.87,6397.72
3988,1,2026-04-19 00:00:00,05:43:03,11050443,Air-1-5,275,0,2.536,0,4,4,3,1,1,5,18.5703,0.284483,81700.9,226.276,8101.63,3317.59,312690,57679.9,1.56943,3527.43,18028.7,81456.3,90977.2,89651.5,0.0110335,400415,138926,331.56,62.0469,1279.7,16176.4,2835.17,12896,18677,7218.5,6410.74
3989,1,2026-04-19 00:00:00,08:53:03,12050443,Air-2-5,277,0,5.191,0,4,4,3,1,2,5,38.9406,0.595628,170640,465.29,16911.2,3721.64,602945,113022,3.0845,6915.47,36549.9,165723,184194,181518,0.0195277,804399,280353,459.494,125.807,2715.46,34386.2,5951.45,27429.3,39574.9,15332.4,13449.8
3990,1,2026-04-19 00:00:00,12:03:03,12040443,Air-2-4,279,0,5.093,0,4,4,3,1,2,4,31.0926,0.472015,137778,370.029,13631.1,3744.93,494099,92192,2.51027,5610.58,29330,132530,147840,145787,0.0161518,647800,225210,410.762,100.41,2130.21,27136.5,4712.91,21597.5,31238.4,12078.9,10647.1
3991,1,2026-04-19 00:00:00,15:13:04,12040443,Air-2-4,281,0,5.199,0,4,4,3,1,2,4,32.9531,0.471459,139738,384.518,13837,3720.58,493988,92127.3,2.51019,5559.59,29322.8,132436,147792,145740,0.0161462,648415,225414,384.544,102.281,2140.38,27087.4,4709.34,21583.7,31208.5,12072.2,10657.5
3992,1,2026-04-19 00:00:00,18:23:04,12050443,Air-2-5,283,0,5.093,0,4,4,3,1,2,5,38.7984,0.59338,171582,482.503,17035.9,3909.12,601314,112870,3.07769,6835.03,36540.2,165531,184145,181575,0.0194669,805284,280310,418.041,127.492,2723.67,34423.9,5944.81,27392.8,39536.6,15305.3,13424.1
3993,1,2026-04-19 00:00:00,21:33:03,12050443,Air-2-5,285,0,5.157,0,4,4,3,1,2,5,37.3573,0.592695,168717,455.551,16722.9,4038.03,599894,112664,3.06995,6822.56,36426.9,165036,183520,181059,0.0194267,800245,279180,404.206,129.911,2713.88,34310.4,5918.22,27325.9,39432.6,15252.1,13398.5
3994,1,2026-04-20 00:00:00,00:43:03,12050443,Air-2-5,287,0,5.163,0,4,4,3,1,2,5,38.831,0.591421,171765,472.038,17053.6,4078.84,599279,112447,3.06826,6799.59,36396.8,164416,183550,181019,0.019366,800689,279281,389.207,127.235,2693.74,34321.1,5948.69,27366.2,39436.8,15260.8,13355.7
3998,1,2026-04-20 00:00:00,14:58:04,12050443,Air-2-5,289,0,5.003,0,4,4,3,1,2,5,38.4665,0.591987,168993,461.901,16762.8,3343.63,599212,112429,3.06923,6805.96,36361.8,164731,183557,181159,0.0194238,801679,279412,394.993,126.698,2700.63,34221.3,5937.43,27262.7,39412.2,15263,13382.1
3999,1,2026-04-20 00:00:00,18:08:04,11010443,Air-1-1,290,0,2.604,0,4,4,3,1,1,1,3.47665,0.053612,16786.9,45.0869,1657.72,3037.92,57552.4,10509.7,0.283067,834.794,3322.59,14803.9,16692.8,16395.8,0.00425254,73062.5,25614.3,248.485,11.1849,219.376,2757.81,519.328,2195.32,3229.52,1247.06,1161.82
4000,1,2026-04-20 00:00:00,21:18:04,11010443,Air-1-1,291,0,2.516,0,4,4,3,1,1,1,4.1792,0.0548675,16857.2,45.4237,1652.76,2837.34,57513.9,10469.4,0.283001,829.821,3263.46,14772.9,16607.8,16337,0.00426308,72885.2,25570.1,241.176,10.0045,222.544,2746.37,511.864,2188.69,3226.61,1237.24,1152.26
4001,1,2026-04-21 00:00:00,00:28:04,12050443,Air-2-5,293,0,5.029,0,4,4,3,1,2,5,38.277,0.595707,161785,444.311,16077.8,3268.72,597649,112124,3.06198,6780.09,36272.9,164030,182990,180288,0.0193941,799030,278781,388.536,125.831,2695.23,34070.2,5901.55,27154.9,39311.9,15201.8,13337.2
4002,1,2026-04-21 00:00:00,03:38:04,12050443,Air-2-5,295,0,5.072,0,4,4,3,1,2,5,40.1551,0.592864,164609,451.19,16315.9,3639.71,596997,112093,3.05902,6785.54,36351,164065,183007,180496,0.0193538,796391,278627,390.947,126.196,2696.31,34189.8,5901.92,27210,39276.6,15227.9,13355.5
4006,1,2026-04-21 00:00:00,18:50:18,12050443,Air-2-5,297,0.012,5.112,0,4,4,3,1,2,5,39.6083,0.590472,170094,477.465,16855.1,3572.87,594612,111667,3.04803,6776.15,36230,163212,182666,180026,0.0192877,793255,277777,378.164,122.452,2676.39,34053,5911.86,27141.8,39246.1,15186.5,13325.8
4007,1,2026-04-21 00:00:00,22:00:18,11010443,Air-1-1,298,0.01,2.544,0,4,4,3,1,1,1,3.62959,0.054731,15436.5,43.368,1525.99,3164.34,57248.3,10449.8,0.28127,815.208,3270.57,14706,16535.5,16272.4,0.00425058,72459.5,25398.5,231.428,10.2876,218.18,2746.19,514.108,2182.19,3216.27,1243.78,1154.14
4008,1,2026-04-22 00:00:00,01:10:18,11010443,Air-1-1,299,0.01,2.567,0,4,4,3,1,1,1,3.81539,0.0534951,16761,45.0395,1652.37,2852.16,57045.3,10451.2,0.280906,821.592,3273.69,14682.8,16528.6,16259.6,0.00425366,72246.1,25355,248.81,9.28775,219.99,2718.43,509.574,2168.28,3200.25,1235.9,1157.74
4009,1,2026-04-22 00:00:00,04:20:18,12050443,Air-2-5,301,0.01,5.161,0,4,4,3,1,2,5,38.9283,0.589063,172886,470.977,17138.3,3315.26,592294,111209,3.03788,6738.28,36174.1,163333,182181,179555,0.0193304,794566,277690,375.111,123.587,2663.37,33877,5869.66,27041.4,39145.5,15139.9,13302
4012,1,2026-04-22 00:00:00,15:25:40,12050443,Air-2-5,303,0.016,5.044,0,4,4,3,1,2,5,39.7535,0.590148,171125,463.516,16997.7,3326.78,592632,111345,3.03875,6747.98,36153,163576,182015,179577,0.0192896,792970,277345,384.395,125.923,2682.24,33923.3,5884.73,27050.1,39101.1,15164.1,13297.8
4013,1,2026-04-22 00:00:00,18:35:40,12050443,Air-2-5,305,0.01,5.046,0,4,4,3,1,2,5,38.3607,0.590791,163060,454.484,16214.5,3711.77,592454,111324,3.0362,6770.84,36123.9,163164,182239,179838,0.0192526,794823,277387,404.679,125.83,2679.83,33974.9,5872.77,27059.4,39029.8,15144.2,13286.2
4014,1,2026-04-22 00:00:00,21:45:40,11050443,Air-1-5,306,0.008,2.546,0,4,4,3,1,1,5,18.5287,0.281659,84109.2,226.506,8307.61,3507.15,306223,56754.3,1.54145,3431.26,17776.9,80427,89656.1,88412.5,0.0109053,393691,136885,311.469,60.9136,1252.71,15852.9,2792.47,12669.6,18368,7105.58,6333.41
4015,1,2026-04-23 00:00:00,00:55:40,11050443,Air-1-5,307,0.003,2.475,0,4,4,3,1,1,5,19.5878,0.280598,85480.4,241.143,8457.53,3322.01,305657,56673,1.53886,3460.55,17753.9,79955.7,89595.5,88279.9,0.0108914,392130,136718,318.515,59.829,1258.5,15845.6,2793.99,12611.7,18371.8,7102.59,6316.51
4016,1,2026-04-23 00:00:00,04:05:40,12050443,Air-2-5,309,0.001,5.056,0,4,4,3,1,2,5,38.1225,0.590246,170365,474.845,16903.2,3660.79,590818,111081,3.02933,6782.26,36070,163074,181814,179393,0.0192812,791516,276752,419.406,123.936,2673.96,33818.4,5873.47,26918.4,38958.2,15101.1,13266.1
4020,1,2026-04-23 00:00:00,18:37:10,12050443,Air-2-5,311,0.01,5.058,0,4,4,3,1,2,5,37.4285,0.589438,168992,462.69,16790,3330.97,590515,110997,3.02915,6765.5,36095.4,163291,181834,179518,0.0192896,793286,277038,408.514,130.291,2674.56,33763.6,5871.68,26913.5,38939.2,15062.2,13239.4
4021,1,2026-04-23 00:00:00,21:47:10,12050443,Air-2-5,313,0.007,5.037,0,4,4,3,1,2,5,38.7938,0.588965,156763,439.112,15594.5,3559.98,589717,110807,3.02508,6755.03,36070.4,163519,181923,179370,0.0193243,792743,276784,415.135,125.482,2658.68,33810.8,5832.95,26924.3,38922,15068.8,13237.9
4022,1,2026-04-24 00:00:00,00:57:10,12050443,Air-2-5,315,0.002,5.035,0,4,4,3,1,2,5,37.8186,0.585145,170886,481.674,17033,3836.25,588437,110758,3.02056,6740.81,36110.1,163281,181904,179545,0.0192872,792852,276805,400.946,121.25,2653.83,33802.7,5866.25,26916.2,38937.7,15098.7,13221.6
4023,1,2026-04-24 00:00:00,04:07:10,12050443,Air-2-5,317,0,5.077,0,4,4,3,1,2,5,39.2225,0.586409,170642,464.421,17004.5,3870.55,587702,110627,3.01806,6743.87,36039.4,163196,181593,179068,0.0192574,791866,276349,385.757,124.324,2676.75,33775,5852.53,26909.2,38922.1,15019.3,13212.7
4026,1,2026-04-24 00:00:00,15:30:56,12050443,Air-2-5,319,0.01,4.956,0,4,4,3,1,2,5,38.5307,0.587316,170770,465.978,16912.5,3409.64,586501,110336,3.01089,6698.15,35972,162675,181550,178799,0.0192435,792070,276342,402.662,128.047,2661.31,33713.6,5817.65,26827.9,38826.8,15053.3,13270
4027,1,2026-04-24 00:00:00,18:40:56,12050443,Air-2-5,321,0.005,5.063,0,4,4,3,1,2,5,38.1605,0.585994,152026,419.377,15135.9,3645.03,586390,110327,3.0117,6732.92,36060.2,162895,181616,179083,0.0192653,793852,277071,376.795,125.202,2649.08,33733.1,5838.92,26861.3,38840.1,15043.2,13240.3
4028,1,2026-04-24 00:00:00,21:50:56,12050443,Air-2-5,323,0.005,5.107,0,4,4,3,1,2,5,38.8083,0.585494,166910,466.189,16588.7,3920.98,584793,110047,3.00279,6696.54,36028.4,162493,181396,178922,0.0191998,789061,276138,371.948,121.675,2657.84,33662.3,5833.13,26826.9,38769.3,15015.9,13251.8
4029,1,2026-04-25 00:00:00,01:00:56,11020443,Air-1-2,324,0.001,2.51,0,4,4,3,1,1,2,7.52702,0.106896,33031.6,88.4559,3280.87,3314.82,118652,21835.5,0.589462,1462.39,6816.4,30622.7,34370.4,33789.4,0.00587533,150991,52745,252.532,20.6167,466.674,5827.53,1050.01,4617.82,6778.29,2603.58,2386.09
4030,1,2026-04-25 00:00:00,04:10:56,11020443,Air-1-2,325,0.001,2.476,0,4,4,3,1,1,2,8.48032,0.107729,33099.5,90.9749,3287.61,3002.62,118636,21744,0.589373,1465.31,6776.56,30533.7,34301.6,33799.6,0.00587998,150751,52589.7,267.337,21.0155,461.974,5801.82,1051.53,4628.78,6789.36,2612.82,2386.84
4031,1,2026-04-25 00:00:00,07:20:56,12050443,Air-2-5,327,0.002,4.985,0,4,4,3,1,2,5,38.4455,0.587016,158981,435.409,15833.7,3428.97,582067,109509,2.99063,6696.22,35772,161515,180433,178122,0.0191571,784452,274750,411.525,126.106,2653.3,33405.5,5813.6,26609.4,38559.7,14947.1,13168.5
4032,1,2026-04-25 00:00:00,10:30:56,12050443,Air-2-5,329,0.003,4.881,0,4,4,3,1,2,5,38.9109,0.585212,169918,474.046,16929.6,3891.07,582700,109738,2.99348,6696.66,35918.7,162745,180997,178317,0.019247,790958,275934,404.126,124.912,2658.61,33505.9,5852.87,26748.4,38664.3,14946.8,13178.6
4033,1,2026-04-25 00:00:00,13:40:56,11010443,Air-1-1,330,0,2.491,0,4,4,3,1,1,1,3.59517,0.0533762,16833.1,45.5371,1663.2,3242.96,56061.4,10255.8,0.276765,822.321,3238.44,14582.2,16360.7,16114,0.00423478,71894.6,25137.1,245.061,9.78736,213.402,2695.78,507.265,2135.99,3158.14,1223.66,1144.21
4034,1,2026-04-25 00:00:00,16:50:56,11010443,Air-1-1,331,0.001,2.479,0,4,4,3,1,1,1,3.87747,0.0542212,15152.5,40.8321,1494.02,2877.37,55971.4,10239,0.276421,810.361,3230,14510,16322.4,16043,0.00422935,71520.8,25128.7,236.164,9.95937,215.578,2687.04,504.173,2152.31,3148.39,1216.67,1143.2
4035,1,2026-04-25 00:00:00,20:00:56,12050443,Air-2-5,333,0,5.064,0,4,4,3,1,2,5,37.9821,0.586256,159519,437.391,15894,3379.55,582597,109636,2.99343,6685.1,35903.9,161759,180565,178227,0.0192155,785101,275468,375.746,125.678,2651.86,33398.9,5821.69,26663.8,38664.6,14957.3,13196.7
4036,1,2026-04-25 00:00:00,23:10:56,12050443,Air-2-5,335,0,5.036,0,4,4,3,1,2,5,37.3498,0.587465,159262,432.97,15836.2,3822.81,582009,109495,2.99035,6700.12,35763.9,162517,180535,178075,0.0192462,789531,275540,381.486,123.038,2628.18,33454.7,5812.72,26652.8,38581.4,14918.1,13150.9
4037,1,2026-04-26 00:00:00,02:20:56,11050443,Air-1-5,336,0.001,2.487,0,4,4,3,1,1,5,18.3134,0.276257,80305.8,220.682,8009.81,3537.42,301190,55895.3,1.52058,3382.56,17593.9,79379.2,88840.4,87541.2,0.010834,389008,135682,292.252,59.4717,1243.35,15639.4,2779.99,12472.4,18154.4,7010.83,6240.33
4038,1,2026-04-26 00:00:00,05:30:56,11050443,Air-1-5,337,0,2.536,0,4,4,3,1,1,5,17.7493,0.277852,80115.3,224.917,8042.52,3407.07,301226,55989.8,1.52053,3361.47,17572.2,79317.9,88697.4,87461.6,0.0108123,388550,135724,260.58,56.2621,1246.76,15629.9,2758.24,12448.8,18132.9,6997.36,6250.39
4039,1,2026-04-26 00:00:00,08:40:56,12050443,Air-2-5,339,0,4.97,0,4,4,3,1,2,5,37.7989,0.583436,158918,444.887,15860.8,3858.2,581515,109510,2.98859,6669.84,35776.8,161653,180098,177531,0.0191673,787355,274956,379.627,123.925,2644.19,33316.7,5794.07,26584.9,38448.5,14882.9,13146.9
4040,1,2026-04-26 00:00:00,11:50:56,12040443,Air-2-4,341,0.001,4.961,0,4,4,3,1,2,4,29.9993,0.46408,126488,352.629,12637.3,3879.87,476910,89317.2,2.43452,5401.46,28719.4,129795,144657,142941,0.0159282,634826,221337,352.357,99.323,2075.98,26231.3,4612.02,20939.5,30399.8,11764.6,10408.3
4041,1,2026-04-26 00:00:00,15:00:56,12040443,Air-2-4,343,0,4.955,0,4,4,3,1,2,4,29.6006,0.464415,128749,358.782,12787.5,3924.3,476407,89346.4,2.43235,5396.75,28666.9,129729,144527,142623,0.0159382,633429,220735,349.874,98.1569,2091.57,26199.3,4604.22,20867.4,30300.2,11712.5,10395.8
4042,1,2026-04-26 00:00:00,18:10:56,12050443,Air-2-5,345,0,4.975,0,4,4,3,1,2,5,37.8293,0.579902,162971,451.663,16230.9,4043.91,579986,109236,2.98352,6673.55,35621.6,160867,179741,177329,0.0190854,785137,274265,387.037,122.134,2621.06,33242.3,5790.17,26508.4,38283.8,14844.2,13083.5
4043,1,2026-04-26 00:00:00,21:20:56,12050443,Air-2-5,347,0,4.957,0,4,4,3,1,2,5,36.7996,0.579201,166830,457.471,16711.7,4163.65,580670,109380,2.98578,6635.15,35696.5,161824,180030,177714,0.0191705,786808,274623,359.202,123.086,2617.53,33280.8,5800.69,26582.3,38384.5,14872.1,13145.9
4048,1,2026-04-27 00:00:00,18:50:16,12050443,Air-2-5,349,0.016,4.877,0,4,4,3,1,2,5,37.3761,0.579203,165837,464.307,16520.5,3161.01,577323,108907,2.97033,6662.22,35841.4,162190,180322,178082,0.0192437,787223,275445,383.021,123.203,2627.93,33357.1,5797.63,26535.9,38507.3,14943.1,13141.8
4049,1,2026-04-27 00:00:00,22:00:16,12050443,Air-2-5,351,0.012,4.921,0,4,4,3,1,2,5,37.9878,0.577447,165010,464.952,16480.3,3601.93,577346,108861,2.97044,6667.88,35779.5,161834,180359,177827,0.019193,787743,275287,369.547,122.966,2642.57,33295.8,5801.45,26529.5,38428,14864.3,13146.8
4050,1,2026-04-28 00:00:00,01:10:16,12050443,Air-2-5,353,0.011,5.008,0,4,4,3,1,2,5,38.1144,0.576659,164021,451.661,16449.4,3749.71,576255,108762,2.96554,6638.38,35730.6,161604,180027,177679,0.019172,786689,274806,372.601,117.878,2625.63,33168.5,5793.36,26507.2,38338.4,14855.3,13118.4
4054,1,2026-04-28 00:00:00,17:43:55,12050443,Air-2-5,355,0.01,4.923,0,4,4,3,1,2,5,36.8311,0.576574,165438,460.536,16527.8,3652.87,574047,108106,2.95143,6639.25,35583.2,160910,179264,176775,0.0191505,782296,273825,388.988,120.093,2612.46,33074.8,5779.63,26360.2,38287.5,14842.2,13035.4
4055,1,2026-04-28 00:00:00,20:53:55,12050443,Air-2-5,357,0.008,4.997,0,4,4,3,1,2,5,37.6473,0.57492,164901,463.189,16476.7,3713.69,574202,108250,2.95489,6666.18,35461,160003,178988,176740,0.0190417,780688,273158,408.084,121.563,2601.28,33042.8,5755.37,26275,38130.5,14780.1,13037.1
4056,1,2026-04-29 00:00:00,00:03:55,12050443,Air-2-5,359,0.007,4.929,0,4,4,3,1,2,5,37.629,0.57614,163620,461.085,16344.8,3752.48,574526,108330,2.95532,6611.67,35511.5,159888,178987,176682,0.0190123,778144,272878,394.649,123.146,2622.98,33008.7,5765.25,26378.1,38174.9,14770.9,13018.2
4061,1,2026-04-29 00:00:00,17:22:54,12050443,Air-2-5,361,0.02,4.979,0,4,4,3,1,2,5,38.4997,0.611755,168381,467.833,16775.7,4136.5,571800,107784,2.94119,6603.83,35156.1,158008,177261,174928,0.0188858,771363,270975,407.941,116.821,2557.84,32382,5689.01,25869.9,37631.8,14584.7,12885.6
4062,1,2026-04-29 00:00:00,20:32:54,11010443,Air-1-1,362,0.02,2.463,0,4,4,3,1,1,1,3.46531,0.0559526,16475.6,46.6033,1643.97,3486.88,54118.2,9928.28,0.267851,842.78,3191.75,14338.9,16051.9,15843.8,0.00423207,70324.4,24775.3,279.248,9.81364,208.998,2634.62,492.6,2088.58,3109.82,1204.65,1125.91
4063,1,2026-04-29 00:00:00,23:42:54,11010443,Air-1-1,363,0.02,2.459,0,4,4,3,1,1,1,3.93789,0.0574293,16377.7,44.0749,1633.9,2988.38,54183.5,9957.8,0.268193,857.535,3177.58,14198.9,16033.2,15820.7,0.00420772,69937.5,24687.1,289.026,9.58388,214.5,2647.47,495.681,2094.84,3109.08,1203.93,1118.24
4064,1,2026-04-30 00:00:00,02:52:54,12050443,Air-2-5,365,0.02,4.938,0,4,4,3,1,2,5,39.2348,0.61059,167879,466.781,16693.7,3459.97,570468,107505,2.93488,6615.66,35250.3,159339,177756,175506,0.0190009,773458,271349,413.102,122.03,2590.12,32667.4,5700.67,26076,37901.8,14646,12956.7
4068,1,2026-04-30 00:00:00,18:05:51,12050443,Air-2-5,367,0.02,5.003,0,4,4,3,1,2,5,36.3659,0.568233,169332,468.317,16903.2,4847.93,573203,108053,2.95073,6650.16,35492.7,160554,178833,176378,0.0191361,777819,272992,434.79,123.244,2601.43,32843.6,5757.47,26174.6,38064.5,14716.8,13047.4
4069,1,2026-04-30 00:00:00,21:15:51,12050443,Air-2-5,369,0.02,4.961,0,4,4,3,1,2,5,36.703,0.569229,169062,475.255,16826.4,4513.23,571893,107905,2.9452,6689.89,35459.7,160026,179002,176439,0.019023,780165,273089,428.075,122.081,2612.59,32943,5770.67,26251.9,38087.8,14759.6,13030
4070,1,2026-05-01 00:00:00,00:25:51,12050443,Air-2-5,371,0.02,5.077,0,4,4,3,1,2,5,35.9552,0.568318,169073,464.156,16865.3,4435.96,572316,107967,2.94609,6676.64,35487,160149,178966,176488,0.0190351,780424,273115,428.441,124.286,2593.26,32915.8,5782.69,26243,38111.7,14712.3,13036.4
4074,1,2026-05-02 00:00:00,10:50:26,12050443,Air-2-5  *Restart after pumping on Cryojackets*,373,0.009,4.957,0,4,4,3,1,2,5,37.4507,0.583511,144454,396.631,14400.6,5401.4,568857,107178,2.92799,6600.75,35024.7,157167,176512,174029,0.0188375,765861,269266,467.985,121.186,2565.05,32341.3,5656.77,25755.7,37601.9,14567.6,12833.9
4075,1,2026-05-02 00:00:00,14:00:26,12050443,Air-2-5,375,0.008,4.929,0,4,4,3,1,2,5,36.0939,0.570106,165759,456.884,16509.9,3661.92,566985,106869,2.91674,6588.69,34979.8,157872,176092,173852,0.0188079,768180,268948,454.171,119.908,2558.02,32358.3,5667.01,25786.3,37443.1,14539.5,12804.9
4076,1,2026-05-02 00:00:00,17:10:26,12050443,Air-2-5,377,0.008,4.81,0,4,4,3,1,2,5,37.2947,0.56281,165978,464.951,16664.1,3851.24,569218,107350,2.92832,6579.74,34915.5,157345,176285,173834,0.0187555,766459,268767,470.58,121.869,2560.87,32395.5,5675.9,25810.4,37471.7,14488.5,12859.8
4077,1,2026-05-02 00:00:00,20:20:27,11020443,Air-1-2,378,0.008,2.438,0,4,4,3,1,1,2,6.77882,0.103739,31655.4,85.5063,3138.01,3370.76,114912,21155.1,0.572247,1486.49,6613.15,29572.8,33363.8,32841.7,0.0057862,146135,51170.7,307.76,19.9996,447.713,5555.07,1030.05,4433.67,6520.88,2538.04,2328.35
4078,1,2026-05-02 00:00:00,23:30:26,11020443,Air-1-2,379,0.01,2.407,0,4,4,3,1,1,2,6.70541,0.101969,31509.1,89.5325,3156.56,3518.16,115010,21169.6,0.573278,1698.99,6629.2,29841.6,33548.4,33024.1,0.00581134,147032,51477,518.134,20.2893,448.707,5589.76,1032.54,4416.37,6523.09,2508.17,2321.3
4079,1,2026-05-03 00:00:00,02:40:27,12050443,Air-2-5,381,0.01,4.942,0,4,4,3,1,2,5,37.6716,0.571311,153742,428.337,15445.1,4314.79,568764,107208,2.92487,6770.44,34919.4,157000,175887,173465,0.0187497,764546,268146,691.308,121.923,2556.23,32201.3,5673.5,25699.2,37395.8,14460.2,12813.9
4080,1,2026-05-03 00:00:00,05:50:26,11010443,Air-1-1,382,0.011,2.469,0,4,4,3,1,1,1,3.47547,0.0498227,15797.3,41.5422,1575.83,3955.26,54228.5,9960.49,0.268309,1126.02,3190.04,14117.6,16029.6,15778.3,0.00419339,70036.4,24609.2,535.614,10.4014,210.933,2581.04,480.334,2058.56,3032.21,1172.24,1107.83
4081,1,2026-05-03 00:00:00,09:00:26,11010443,Air-1-1,383,0.015,2.451,0,4,4,3,1,1,1,3.46367,0.0508204,15952.7,44.0978,1608.67,3726.16,54047.5,9931.91,0.267376,1165.47,3186.33,14135.1,16031.1,15815.9,0.00420023,69486.1,24575.1,615.551,9.32541,209.704,2560.88,490.037,2041.62,3008.78,1184.29,1114.76
4082,1,2026-05-03 00:00:00,12:10:27,12050443,Air-2-5,385,0.013,4.922,0,4,4,3,1,2,5,36.327,0.56783,157011,439.597,15835.9,4328.52,567187,107018,2.917,6824.24,34733.1,156011,175201,172914,0.0186469,759252,266917,719.455,116.732,2560.48,32107.3,5646.81,25630.3,37284.7,14429.8,12772.4
4083,1,2026-05-03 00:00:00,15:20:26,12050443,Air-2-5,387,0.011,4.886,0,4,4,3,1,2,5,36.6026,0.565594,158897,445.937,15904.8,4834.47,567108,106958,2.91401,6843.47,34769.4,156640,175292,172872,0.0186668,763362,267067,741.885,120.806,2544.84,32197.9,5610.69,25687.6,37257.8,14435.6,12744.6
4084,1,2026-05-03 00:00:00,18:30:27,12050443,Air-2-5,389,0.01,4.774,0,4,4,3,1,2,5,35.6819,0.564759,157187,440.295,15859.9,4951.98,566929,106966,2.91354,6772.89,34799.6,156695,175407,173044,0.0186731,762375,267210,699.916,120.862,2563.74,32276.4,5669.44,25721.9,37341.5,14456.8,12787.1
4085,1,2026-05-03 00:00:00,21:40:27,12050443,Air-2-5,391,0.011,4.924,0,4,4,3,1,2,5,36.2371,0.564784,159054,441.689,15977,4986.91,567167,107044,2.91644,6818.7,34768.3,156255,175246,172967,0.0186314,763714,267236,697.746,119.582,2549.72,32260.4,5646.5,25678.6,37309.2,14470.4,12721.1
4086,1,2026-05-04 00:00:00,00:50:26,12050443,Air-2-5,393,0.01,5.007,0,4,4,3,1,2,5,36.4632,0.563227,161467,452.676,16123.9,5093.2,566747,106850,2.91264,6832.37,34719.7,156336,175110,172610,0.0186477,763030,266900,718.728,116.166,2550.96,32237.3,5622.3,25649.7,37260.8,14431.3,12734.1
4091,1,2026-05-04 00:00:00,17:37:58,12050443,Air-2-5,395,0.019,4.946,0,4,4,3,1,2,5,36.2588,0.564396,155614,429.045,15609.8,4337.38,565844,106742,2.91308,6554.51,34872.1,157833,175995,173674,0.0188192,768139,269223,412.45,117.516,2551.21,32270.4,5638.1,25694.8,37393.5,14488.1,12826.4
4092,1,2026-05-04 00:00:00,20:47:58,11050443,Air-1-5,396,0.02,2.458,0,4,4,3,1,1,5,17.6126,0.266383,79613.2,218.465,7948.3,3833.85,290122,53974.4,1.46801,3328.88,17057,76625.6,86077.5,84927.8,0.0105759,376996,131905,322.268,54.2097,1194.79,15100.7,2684.02,12059.8,17560.6,6798.39,6078.28
4093,1,2026-05-04 00:00:00,23:57:58,11050443,Air-1-5,397,0.019,2.434,0,4,4,3,1,1,5,18.0708,0.265259,79637.2,218.557,7945.7,3620.15,289730,54073,1.46623,3338.02,17080.5,76933,86262.3,85088.6,0.0106117,378650,132224,337.561,56.3879,1205.91,15097.8,2677.49,12064.2,17608.9,6789.57,6065.8
4094,1,2026-05-05 00:00:00,03:07:58,12050443,Air-2-5,399,0.018,4.919,0,4,4,3,1,2,5,36.4305,0.564691,156292,436.8,15646.5,3919.34,565116,106555,2.90998,6552.19,34803.6,157792,175507,173385,0.0188359,765761,268244,409.873,119.234,2545.99,32172.7,5631.33,25612,37233.8,14401.6,12744
4097,1,2026-05-05 00:00:00,14:08:41,12050443,Air-2-5-NewAirStandard,4,0.02,5.752,0,4,4,3,1,2,5,42.1202,0.652607,176341,503.609,17698.7,4286.76,638684,120866,3.30317,7570.91,39924.4,180367,201425,198823,0.0210125,874946,307227,547.622,139.921,2963.51,37217.7,6498.48,29699.2,43162.5,16662.8,14694.5
4098,1,2026-05-05 00:00:00,17:18:40,12050443,Air-2-5,6,0.02,5.561,0,4,4,3,1,2,5,40.2344,0.648407,176110,487.124,17703.8,4603.74,633037,120028,3.27623,7489.03,39831.4,179972,200914,198286,0.0209747,873289,306565,514.26,136.547,2952.29,37296.8,6519.73,29721.6,43026.6,16677.8,14719
4099,1,2026-05-05 00:00:00,20:28:40,12050443,Air-2-5,8,0.02,5.655,0,4,4,3,1,2,5,41.7693,0.648268,176694,490.508,17780.3,4624.55,633504,120129,3.27922,7562.14,39860.7,179857,200786,198339,0.0209966,873709,306239,553.855,137.853,2947.11,37342.7,6508.09,29762.4,43091.8,16695.7,14714.7
4100,1,2026-05-05 00:00:00,23:38:40,12050443,Air-2-5,10,0.02,5.636,0,4,4,3,1,2,5,42.7367,0.646556,177062,485.574,17782.9,4662.96,632828,119933,3.27545,7568.58,39902,180944,200951,198463,0.0211217,876347,306830,540.906,137.832,2946.76,37317.9,6511.51,29708.9,43067.3,16671.5,14739.1
4101,1,2026-05-06 00:00:00,02:48:40,12050443,Air-2-5,12,0.02,5.634,0,4,4,3,1,2,5,41.4406,0.645682,175951,493.14,17702.5,4703.32,632265,119957,3.27293,7519.76,39781.4,180078,200766,198072,0.0210324,874906,306277,527.348,136.649,2926.16,37182.5,6503.9,29695,42983,16667.2,14738.9
4105,1,2026-05-06 00:00:00,17:04:00,12050443,Air-2-5,14,0.02,5.664,0,4,4,3,1,2,5,41.647,0.640652,183789,508.994,18487.5,4053.13,627965,119010,3.24968,7454.03,39494,178212,199063,196710,0.0209059,864951,304109,503.098,137.498,2911.68,36852.4,6436.59,29342.4,42652.4,16501.7,14597.5
4106,1,2026-05-06 00:00:00,20:14:00,12050443,Air-2-5,16,0.018,5.49,0,4,4,3,1,2,5,41.2901,0.636703,178031,493.992,17856.5,4319.67,627210,118966,3.24658,7399.28,39502.4,178510,199000,196376,0.0208919,865091,303771,485.751,136.029,2903.83,36889.7,6452.97,29330.5,42597.4,16485.8,14569.5
4107,1,2026-05-06 00:00:00,23:24:00,12050443,Air-2-5,18,0.018,5.684,0,4,4,3,1,2,5,40.9408,0.63723,176186,493.734,17714.6,4277.66,627439,118902,3.24697,7408.47,39447.7,177865,198748,196374,0.0208589,863699,303414,482.662,139.488,2905.63,36906,6434.97,29321.5,42640.4,16510.5,14565.7
4108,1,2026-05-07 00:00:00,02:34:00,12050443,Air-2-5,20,0.017,5.624,0,4,4,3,1,2,5,40.588,0.635066,182477,510.971,18329.6,4503.07,626675,118754,3.24457,7399.67,39481.1,178566,198759,196158,0.0209082,866755,303709,504.392,135.541,2912.97,36821.5,6408.93,29361.1,42558.3,16494,14575.2
4110,1,2026-05-07 00:00:00,11:30:06,12050443,Air-2-5,22,0.02,5.705,0,4,4,3,1,2,5,40.3415,0.641236,171797,495.577,17660.5,4081.62,624904,118344,3.23313,7647.7,39371,176732,198615,195995,0.0207092,862561,302731,766.709,138.483,2902.72,36648.7,6410.17,29198.3,42469.9,16422,14518.9
4112,1,2026-05-07 00:00:00,18:10:22,12050443,Air-2-5,24,0.02,5.693,0,4,4,3,1,2,5,41.1082,0.640088,171144,479.974,17266.3,5538.21,624178,118363,3.22896,7585.78,39301.7,176800,198185,195455,0.0207228,860466,302157,699.381,138.275,2891.79,36520.7,6423.53,29097.2,42331.9,16373,14504.4
4113,1,2026-05-07 00:00:00,21:20:22,11050443,Air-1-5,25,0.02,2.846,0,4,4,3,1,1,5,19.9247,0.304657,89272.2,246.016,8941.94,4724.95,329200,61528.5,1.67028,4031.97,19432.3,87356.4,98041.4,96543.7,0.0116507,428696,149863,563.85,63.3308,1368.64,17179.5,3065.63,13681.5,19958,7723.04,6924.13
4114,1,2026-05-08 00:00:00,00:30:22,11050443,Air-1-5,26,0.019,2.856,0,4,4,3,1,1,5,19.9628,0.306008,88154.7,242.231,8902.19,4421.34,328779,61396.6,1.66826,3923.97,19409.7,87109.7,97927.3,96530.5,0.011639,428969,149896,513.72,64.1903,1365.71,17134.8,3064.37,13661.6,19965.2,7688.82,6924.03
4115,1,2026-05-08 00:00:00,03:40:22,12050443,Air-2-5,28,0.018,5.577,0,4,4,3,1,2,5,40.7985,0.640906,171974,487.963,17367.5,4520.16,621140,117858,3.21674,7469.58,39304.1,177040,198206,195585,0.0207762,861672,302378,573.013,138.032,2891.65,36576.9,6377.72,29120.1,42314.3,16370.3,14498.1
4119,1,2026-05-08 00:00:00,17:04:36,12050443,Air-2-5,30,0.02,5.667,0,4,4,3,1,2,5,41.3306,0.638617,171361,483.951,17343.8,6817.54,617729,117314,3.19971,7495.93,39318.4,177276,198041,195698,0.0207687,862611,302355,619.956,134.217,2892.36,36619.2,6382.46,29165.5,42354.2,16404.2,14500.2
4120,1,2026-05-08 00:00:00,20:14:36,12050443,Air-2-5,32,0.02,5.591,0,4,4,3,1,2,5,40.4969,0.638476,172381,475.74,17464.3,5787.23,621140,117869,3.21741,7522.67,39359.9,177285,198695,195983,0.0207755,864084,302812,648.362,138.618,2896.62,36645.1,6412.02,29245.1,42394.5,16420,14520.9
4121,1,2026-05-08 00:00:00,23:24:36,12050443,Air-2-5,34,0.02,5.561,0,4,4,3,1,2,5,41.1816,0.639391,170971,480.775,17299.5,5448.69,618857,117469,3.20634,7524.06,39379.9,177647,198481,195628,0.0208114,862844,302770,645.83,137.467,2916.71,36643.4,6425.81,29228.5,42442.8,16437.3,14517.3
4122,1,2026-05-09 00:00:00,02:34:36,11020443,Air-1-2,35,0.02,2.791,0,4,4,3,1,1,2,7.65588,0.116297,35878.1,100.847,3589,4621.39,129889,23992.9,0.64904,1771.98,7511.5,33695,37887.9,37302.4,0.00619663,165692,58119,446.272,23.4396,504.844,6332.94,1177.08,5034.8,7417.56,2846.55,2628.36
4123,1,2026-05-09 00:00:00,05:44:36,11020443,Air-1-2,36,0.02,2.802,0,4,4,3,1,1,2,8.28356,0.115674,35647.7,99.7301,3598.92,4160.09,129737,24008.8,0.649195,1799.19,7468.61,33451.6,37769,37254.2,0.0061905,164974,57946.5,469.544,23.6444,501.886,6280.35,1154.88,5012.7,7369.89,2857.11,2632.4
4124,1,2026-05-09 00:00:00,08:54:36,12050443,Air-2-5,38,0.02,5.613,0,4,4,3,1,2,5,40.9744,0.640979,170667,489.895,17248.3,4750.35,619156,117425,3.20826,7530.33,39223,176620,197608,194939,0.0207542,856974,301272,662.183,137.672,2908.33,36411.2,6382.93,29023.3,42257.3,16350.6,14455.4
4125,1,2026-05-09 00:00:00,12:04:36,11010443,Air-1-1,39,0.02,2.801,0,4,4,3,1,1,1,3.958,0.0573636,17474,50.0707,1762.59,4215.99,61543.1,11361.1,0.305594,1137.25,3578.97,15940.1,17938.2,17690.2,0.00437387,78428.8,27662.7,495.49,11.3431,230.965,2928.01,556.267,2340.25,3453.04,1340.55,1261.94
4126,1,2026-05-09 00:00:00,15:14:36,11010443,Air-1-1,40,0.02,2.83,0,4,4,3,1,1,1,3.8521,0.0592004,17536.8,49.0933,1771.04,3715.46,61391.9,11313.5,0.304981,1128.97,3551.02,15834.8,17878.3,17597.3,0.00437605,77904.6,27487.8,490.091,10.2151,234.736,2900.09,557.112,2315.68,3430.63,1325.47,1244.05
4127,1,2026-05-09 00:00:00,18:24:36,12050443,Air-2-5,42,0.02,5.595,0,4,4,3,1,2,5,41.0675,0.640515,170750,478.659,17277.2,4348.79,618488,117365,3.20645,7480.28,39207.8,176479,197652,195164,0.0207412,856638,301423,618.927,136.182,2908.43,36365.6,6412.16,29066.4,42233.1,16318.6,14473.2
4128,1,2026-05-09 00:00:00,21:34:36,12050443,Air-2-5,44,0.02,5.654,0,4,4,3,1,2,5,39.8779,0.635805,167711,466.004,16983.5,4805.76,617971,117389,3.20326,7484.25,39177.6,176113,197547,195138,0.0206897,856646,301097,639.045,138.154,2905.79,36424.5,6381.95,29038.7,42223.3,16294.5,14443.4
4129,1,2026-05-10 00:00:00,00:44:36,11050443,Air-1-5,45,0.02,2.854,0,4,4,3,1,1,5,20.5491,0.303671,88596.6,241.812,8967.51,4530.9,325669,60946.8,1.65517,3946.16,19366.8,87176.3,97689.4,96293.7,0.0116493,427704,149463,553.075,64.1818,1349.68,17082,3048.11,13633.2,19854.5,7694.67,6886.35
4130,1,2026-05-10 00:00:00,03:54:36,11050443,Air-1-5,46,0.02,2.766,0,4,4,3,1,1,5,20.5215,0.304158,88096.6,243.341,8877.15,4408.06,325863,61029.8,1.65567,3923.15,19296.2,86844.6,97393.6,96048.6,0.0116302,426641,149311,549.676,65.5005,1356.9,17050.6,3041.01,13581.4,19832,7678.16,6851.14
4131,1,2026-05-10 00:00:00,07:04:36,12050443,Air-2-5,48,0.02,5.599,0,4,4,3,1,2,5,41.2152,0.63624,168677,473.433,17076.2,4743.98,616929,117213,3.19779,7521.63,39094.9,176236,197287,194445,0.0206947,856973,300736,661.116,137.871,2861.54,36344.7,6363.15,28971.5,42116.1,16275.6,14423
4132,1,2026-05-10 00:00:00,10:14:36,12040443,Air-2-4,50,0.02,5.493,0,4,4,3,1,2,4,33.8183,0.510148,137796,386.601,13888.8,5104.4,510770,96454.5,2.62686,6202.65,31473.8,141895,158616,156374,0.0172116,692396,242219,700.134,105.811,2263.83,28682.7,5053.69,22836.9,33211.5,12810.4,11482.6
4133,1,2026-05-10 00:00:00,13:24:36,12040443,Air-2-4,52,0.02,5.606,0,4,4,3,1,2,4,32.2177,0.504822,138668,390.835,13978.8,5071.35,510377,96368.4,2.62398,6183.25,31410.5,141398,158138,156247,0.0171505,687775,241399,659.265,106.926,2277.44,28585.2,5041.35,22775,33120.3,12850.7,11469
4134,1,2026-05-10 00:00:00,16:34:37,12050443,Air-2-5,54,0.02,5.616,0,4,4,3,1,2,5,39.8606,0.633853,167735,472.142,17027.4,5115.92,615182,116877,3.18861,7515.88,39057.1,175574,196479,193877,0.0206411,851465,299561,690.083,134.101,2897.47,36187.5,6337.6,28892.9,41949,16220.2,14387.9
4135,1,2026-05-10 00:00:00,19:44:36,12050443,Air-2-5,56,0.02,5.487,0,4,4,3,1,2,5,38.8023,0.62877,167427,476.303,16972.4,5155.94,615267,116826,3.18899,7476.67,39020,175957,196652,194121,0.0206836,855428,300145,648.966,133.055,2869.25,36197.8,6353.95,28881.3,41991.1,16245,14359.4
4136,1,2026-05-10 00:00:00,22:54:37,12050443,Air-2-5,58,0.02,5.4,0,4,4,3,1,2,5,41.4181,0.632149,168243,471.102,17046.6,5029.6,612578,116387,3.17677,7449.58,38940.1,175174,196458,193802,0.020598,853781,299485,667.039,133.632,2872.56,36239.9,6336.37,28816.4,41929.3,16236.9,14331.1
4142,1,2026-05-11 00:00:00,20:08:29,12050443,Air-2-5,60,0.006,5.441,0,4,4,3,1,2,5,40.3806,0.628195,167041,471.647,16946.5,5838.34,613690,116505,3.18409,7281.38,38953.2,175974,196416,194070,0.0207159,855128,300373,473.106,135.596,2864.85,36084.2,6350.09,28801.4,41935.4,16211.6,14406.3
4143,1,2026-05-11 00:00:00,23:18:29,12050443,Air-2-5,62,0.006,5.478,0,4,4,3,1,2,5,39.4528,0.630299,167527,456.866,17060.4,5187.16,613205,116567,3.18098,7305.29,38996.6,175131,196434,193771,0.0206139,854329,300158,464.516,134.251,2869.68,36204.4,6355.91,28809.8,41845.8,16221.3,14407.9
4144,1,2026-05-12 00:00:00,02:28:29,12050443,Air-2-5,64,0.007,5.436,0,4,4,3,1,2,5,41.2358,0.633247,167553,469.617,17012.2,5239.32,612537,116413,3.17919,7278.09,38860.5,175063,196193,193696,0.0206013,852956,299644,467.772,131.161,2850.19,36099.6,6334.02,28716.3,41785,16184.2,14349.3
4148,1,2026-05-12 00:00:00,17:17:39,12050443,Air-2-5,66,0.02,5.632,0,4,4,3,1,2,5,40.1729,0.630186,166887,470.33,16917.9,4966.36,612679,116249,3.17816,7235.08,38780.5,174516,195189,192695,0.0205909,845507,298321,449.858,134.059,2845.69,35865.1,6324.02,28580.9,41725,16117,14335.5
4149,1,2026-05-12 00:00:00,20:27:39,12050443,Air-2-5,68,0.02,5.516,0,4,4,3,1,2,5,39.3796,0.630791,167379,468.839,16959.6,4946.92,612688,116488,3.18121,7217.1,38747.6,174482,195117,192843,0.0205648,845770,298268,430.002,131.627,2826.69,35878.6,6331.53,28594.7,41643.2,16123.6,14346.4
4150,1,2026-05-12 00:00:00,23:37:39,12050443,Air-2-5,70,0.02,5.523,0,4,4,3,1,2,5,39.348,0.627852,166500,463.052,16931.5,4967.79,612130,116313,3.17641,7191.03,38656.8,174401,195143,192729,0.0205674,845571,298036,434.328,135.492,2849.47,35834.1,6320.41,28556.4,41597,16130.8,14351.2
4151,1,2026-05-13 00:00:00,02:47:39,12050443,Air-2-5,72,0.02,5.543,0,4,4,3,1,2,5,38.2238,0.626468,166480,467.707,16865.3,5064.91,611150,116155,3.17239,7187.96,38655.4,174513,195017,192343,0.0205721,849053,298421,426.331,135.529,2831.87,35863.3,6298.44,28508.1,41554.7,16064.1,14286
4155,1,2026-05-13 00:00:00,17:49:50,12050443,Air-2-5,74,0.01,5.423,0,4,4,3,1,2,5,39.0474,0.624506,165562,471.431,16781.7,4543.91,610073,116056,3.16695,7218.82,38732.1,174647,195127,192528,0.0206046,848759,298546,441.699,137.228,2833.91,35840.3,6310.32,28543.5,41551.1,16077.3,14306.2
4156,1,2026-05-13 00:00:00,20:59:50,11050443,Air-1-5,75,0.01,2.724,0,4,4,3,1,1,5,20.1892,0.296085,85877,244.295,8696.93,4306.15,319835,59980.7,1.62765,3739.98,19039.4,85499.6,96169.7,94711,0.0115241,420988,147537,376.125,61.3604,1338.02,16768.4,2989.32,13301,19465.9,7552.56,6793.75
4157,1,2026-05-14 00:00:00,00:09:50,11050443,Air-1-5,76,0.01,2.735,0,4,4,3,1,1,5,19.0706,0.296582,85782.2,236.725,8686.18,4105.99,319431,59841.1,1.62645,3745.39,19018.4,85411.5,96014.1,94691,0.0114984,420113,147256,408.72,63.0819,1336.39,16710.5,2975.04,13292.7,19466.9,7521.95,6782
4158,1,2026-05-14 00:00:00,03:19:50,12050443,Air-2-5,78,0.01,5.482,0,4,4,3,1,2,5,39.6253,0.619886,166942,469.534,16879.5,4371.83,606298,115234,3.14684,7292.73,38660.7,173750,194887,192108,0.020512,846710,297954,527.335,131.952,2840.4,35758.3,6281.84,28521.9,41513.2,16063,14258.7
4162,1,2026-05-14 00:00:00,16:26:12,12050443,Air-2-5,80,0.15,5.406,0,4,4,3,1,2,5,39.2008,0.623584,164480,460.759,16752.1,7302.04,608337,115564,3.15704,7435.02,38925.3,175226,196343,193778,0.0206069,852444,299625,662.038,135.116,2856.21,36063.2,6347.81,28795.4,41800,16198.7,14362
4163,1,2026-05-14 00:00:00,19:36:12,12050443,Air-2-5,82,0.102,5.521,0,4,4,3,1,2,5,39.3404,0.624342,164840,475.831,16731.5,6171.31,608650,115757,3.15818,7443.18,38922.4,175049,196232,193951,0.0206095,852192,299422,637.751,133.539,2856.82,36096.1,6356.15,28759.4,41826.1,16194,14365.3
4164,1,2026-05-14 00:00:00,22:46:12,12050443,Air-2-5,84,0.066,5.568,0,4,4,3,1,2,5,39.6091,0.622954,163357,461.92,16694.5,5614.29,608031,115642,3.15555,7423.7,38821.3,174338,195703,193132,0.0205393,849086,298789,646.275,129.524,2843.51,35953,6333.93,28632.3,41733.7,16107.9,14345.3
4165,1,2026-05-15 00:00:00,01:56:12,12050443,Air-2-5,86,0.106,5.462,0,4,4,3,1,2,5,40.4108,0.614652,164346,456.934,16711.8,5531.69,607589,115597,3.15392,7349.66,38731.1,174251,195363,192862,0.0205333,848349,298218,619.561,134.79,2822.46,35863.3,6328.58,28585,41578.2,16086.9,14317
4169,1,2026-05-15 00:00:00,18:53:21,12050443,Air-2-5  *No 30cc Bulb*,88,0.01,6.386,0,4,4,3,1,2,5,44.2397,0.701156,186800,524.773,19002.6,5379.34,673392,128648,3.51697,8312.28,44219.1,198518,223030,219992,0.0230777,962923,340067,601.981,153.696,3261.83,41205.1,7239.32,32825.9,47818.2,18551.8,16349.8
4170,1,2026-05-15 00:00:00,22:03:21,12050443,Air-2-5,90,0.01,6.246,0,4,4,3,1,2,5,42.938,0.707871,183836,526.331,18641.8,5434.93,674400,128863,3.52329,8246.98,44291.6,199102,222976,220240,0.0231179,963472,340039,556.834,155.983,3278.54,41225.5,7232.46,32855.7,47882.9,18498.5,16377.1
4171,1,2026-05-16 00:00:00,01:13:21,12050443,Air-2-5,92,0.01,6.161,0,4,4,3,1,2,5,44.3267,0.706552,183645,525.59,18718.2,5368.91,673268,128677,3.51886,8257.47,44286.8,199050,222527,219787,0.0231048,961386,339298,535.064,154.301,3257.19,41270.8,7224.16,32852.8,47777.1,18527.3,16371.8
4172,1,2026-05-16 00:00:00,04:23:21,11020443,Air-1-2,93,0.01,3.18,0,4,4,3,1,1,2,8.40682,0.128118,39768,112.306,4006.26,4748.14,145395,27035.4,0.730542,1900.54,8449.65,37834.1,42693.1,42109.4,0.00663356,185764,65554.4,416.244,26.2744,575.565,7134.47,1304.66,5695.44,8396.12,3231.68,2984.05
4173,1,2026-05-16 00:00:00,07:33:21,11020443,Air-1-2,94,0.01,3.1,0,4,4,3,1,1,2,7.95289,0.129324,39679.2,106.121,3997.72,4405.09,145542,26953.7,0.730785,1915.51,8424.1,37587.7,42589.6,41941.5,0.00662088,185033,65358.8,446.728,27.6949,573.842,7108.74,1302.4,5672.11,8353.39,3243.31,2982.83
4174,1,2026-05-16 00:00:00,10:43:21,12050443,Air-2-5,96,0.01,6.325,0,4,4,3,1,2,5,42.8816,0.702406,180496,517.094,18510.1,4989.78,671800,128421,3.50967,8278.76,44052.5,198318,222129,219205,0.0230529,957508,338645,610.887,152.116,3270.03,41083.9,7214.2,32740.1,47698.5,18446.2,16316.8
4175,1,2026-05-16 00:00:00,13:53:21,11010443,Air-1-1,97,0.01,3.055,0,4,4,3,1,1,1,4.09246,0.06267,19780.2,56.2155,2004.47,4214.96,69123.1,12793.5,0.344725,1103.77,4040.84,17964.5,20405.7,20097.3,0.00461629,88879.4,31365.6,409.64,13.0763,271.68,3340.06,623.828,2659.21,3922,1517.16,1422.31
4176,1,2026-05-16 00:00:00,17:03:21,11010443,Air-1-1,98,0.01,3.133,0,4,4,3,1,1,1,3.98125,0.0601441,19614.9,53.7789,2016.36,3712.75,69005,12761.1,0.344403,1101.9,4012.47,17856.6,20280.3,19985,0.00459063,88272.1,31238.7,373.799,13.8308,266.181,3330.01,624.543,2643.49,3938.09,1512.36,1429.03
4177,1,2026-05-16 00:00:00,20:13:21,12050443,Air-2-5,100,0.01,6.173,0,4,4,3,1,2,5,43.3041,0.706106,182708,516.15,18718.4,4417.9,671862,128422,3.51038,8228.71,43926.5,197010,221301,218402,0.0229436,956461,337823,588.835,152.755,3239.88,40905.3,7174.71,32537,47470.6,18366.2,16306.3
4178,1,2026-05-16 00:00:00,23:23:21,12050443,Air-2-5,102,0.01,6.321,0,4,4,3,1,2,5,44.2902,0.704112,180828,518.107,18481,4928.26,669080,127956,3.49516,8255.01,44068.2,197994,221964,219062,0.0230072,961108,338652,564.698,150.714,3250.98,40994.9,7228.51,32661.7,47646.6,18423.8,16309.4
4179,1,2026-05-17 00:00:00,02:33:21,11050443,Air-1-5,103,0.01,3.096,0,4,4,3,1,1,5,23.3257,0.340065,96877.4,272.966,9849.77,4741.68,362075,68104.6,1.85008,4260.37,21717.5,97598.3,109839,108260,0.0127528,479498,168173,472.791,70.679,1533,19169.8,3438.41,15284.2,22328.9,8639.79,7766.65
4180,1,2026-05-17 00:00:00,05:43:21,11050443,Air-1-5,104,0.01,3.144,0,4,4,3,1,1,5,21.3948,0.34074,96839.8,275.24,9783.77,4404.45,362196,68099.4,1.85072,4252.82,21666.4,97370,109649,108053,0.0127415,478510,167989,454.368,70.2692,1522.19,19097.1,3440.49,15215.3,22317.9,8609.82,7781.25
4181,1,2026-05-17 00:00:00,08:53:21,12050443,Air-2-5,106,0.01,6.167,0,4,4,3,1,2,5,43.3664,0.704733,175857,499.506,18030,5063.07,667120,127593,3.48335,8279.75,43880.9,197754,221233,218396,0.0230043,958161,337968,607.1,154.059,3244.56,40830.5,7177.77,32582.2,47455.3,18305.5,16289.3
4182,1,2026-05-17 00:00:00,12:03:21,12040443,Air-2-4,108,0.01,6.233,0,4,4,3,1,2,4,35.5234,0.562872,149002,426.983,15278.5,5267.62,559994,106262,2.89759,6722.62,35322.6,158529,178004,175510,0.0189599,772421,271921,585.165,122.861,2573.81,32246.2,5689,25747,37512.3,14511.3,12933
4183,1,2026-05-17 00:00:00,15:13:21,12040443,Air-2-4,110,0.01,6.318,0,4,4,3,1,2,4,36.9057,0.564166,147661,413.982,15104,5172.77,559735,106261,2.89572,6724.04,35210.3,158656,177512,175345,0.0189789,770746,271314,572.346,122.465,2567.66,32248.1,5712.47,25629.8,37392.6,14486.9,12893
4184,1,2026-05-17 00:00:00,18:23:21,12050443,Air-2-5,112,0.01,6.4,0,4,4,3,1,2,5,44.4527,0.700392,178455,508.133,18243.9,5212.27,667074,127508,3.48184,8231.92,43785.5,197035,220313,217522,0.0229151,952980,336317,593.022,149.583,3243.17,40684.2,7157.69,32442.6,47198.1,18290.1,16184
4185,1,2026-05-17 00:00:00,21:33:21,12050443,Air-2-5,114,0.01,6.209,0,4,4,3,1,2,5,44.4666,0.704156,176563,500.452,18054.1,5426.7,668363,127788,3.48893,8176.93,43650.7,196302,219960,217261,0.0228307,950553,335598,557.42,152.243,3221.37,40672.3,7140.02,32392.5,47218.9,18216.5,16211
4191,1,2026-05-18 00:00:00,20:15:07,12050443,Air-2-5,116,0.014,6.231,0,4,4,3,1,2,5,41.5099,0.677973,179778,506.342,18447,4312.35,666314,127299,3.47974,8253.46,43661.9,195833,219972,216890,0.0228654,950770,336310,608.677,153.647,3224.29,40490.1,7125.82,32260.5,47204.9,18257.5,16141.9
4192,1,2026-05-18 00:00:00,23:25:07,12050443,Air-2-5,118,0.012,6.339,0,4,4,3,1,2,5,40.9597,0.695519,175948,497.79,18050.5,4844.26,665985,127182,3.4763,8261.76,43699.7,196516,220219,217008,0.0228742,953056,336558,592.927,150.315,3230.11,40658.2,7139.45,32327.7,47242,18259.8,16171.5
4193,1,2026-05-19 00:00:00,02:35:07,12050443,Air-2-5,120,0.012,6.353,0,4,4,3,1,2,5,42.3827,0.692116,180189,516.111,18439,5073.13,664525,127019,3.46927,8223.14,43649.2,196313,219763,216884,0.0228707,952064,335680,572.772,153.066,3230.66,40514.5,7138.8,32305.1,47124.1,18220.4,16171.9
4197,1,2026-05-19 00:00:00,18:34:00,12050443,Air-2-5,122,0.018,6.255,0,4,4,3,1,2,5,41.9163,0.684447,179075,516.299,18344.4,5063.15,663507,126611,3.46102,8363.47,43528.9,195076,219064,216219,0.0227784,944435,334500,759.582,152.263,3221.67,40304.6,7077.6,32143.4,46946.2,18192.8,16067.8
4198,1,2026-05-19 00:00:00,21:44:00,12050443,Air-2-5,124,0.017,6.286,0,4,4,3,1,2,5,41.5204,0.69248,177420,494.371,18147.7,5543.1,663752,126679,3.45994,8301.35,43575.5,195509,219058,216315,0.0227851,946754,334581,728.294,154.408,3217.86,40383.4,7080.35,32171,46961.5,18191.4,16078.4
4199,1,2026-05-20 00:00:00,00:54:00,12050443,Air-2-5,126,0.018,6.24,0,4,4,3,1,2,5,43.8215,0.700985,178803,513.83,18346.8,5554.63,662492,126380,3.45403,8274.34,43442.8,195429,218915,216004,0.0227562,945840,333876,702.87,152.573,3208.73,40350.9,7080.24,32216.8,46924.4,18189.4,16124.3
4200,1,2026-05-20 00:00:00,04:04:01,12050443,Air-2-5,128,0.017,6.304,0,4,4,3,1,2,5,43.7285,0.70416,174794,495.082,18010.9,5615.06,659439,125886,3.43975,8331.89,43365.7,195507,218253,215540,0.0227485,944887,333418,737.829,152.344,3198.74,40240,7060.88,32093.1,46801.4,18131.7,16032.1
4205,1,2026-05-20 00:00:00,20:00:57,12050443,Air-2-5,130,0.019,6.31,0,4,4,3,1,2,5,42.7491,0.692171,169887,485.52,17533.3,5904.73,662273,126333,3.45169,8309.14,43270.6,194182,217898,215031,0.0226596,939021,332581,745.549,149.43,3207.84,40135.5,7065.09,32000.4,46745.9,18095.6,16004.1
4206,1,2026-05-20 00:00:00,23:10:57,12050443,Air-2-5,132,0.015,6.256,0,4,4,3,1,2,5,42.6958,0.687825,174027,487.882,17862.6,5761.32,659616,126043,3.44006,8227.17,43315,194315,218082,215506,0.0226143,940703,332870,667.154,151.032,3195.39,40263.1,7047.31,32069.7,46808.2,18097.4,16012.3
4207,1,2026-05-21 00:00:00,02:20:57,12050443,Air-2-5,134,0.016,6.26,0,4,4,3,1,2,5,42.567,0.693062,172980,493.567,17804.1,6052.62,659410,125991,3.43722,8227,43331.7,194460,218131,215271,0.0226724,941615,332852,672.646,146.971,3199.18,40211.9,7059.96,32069.4,46850.9,18053.8,16033.2
4212,1,2026-05-21 00:00:00,20:26:06,12050443,Air-2-5,136,0.01,6.119,0,4,4,3,1,2,5,41.0826,0.687677,168166,483.978,17482.8,5552.97,659488,125886,3.44067,8189.79,43207.6,193488,217304,214653,0.0226037,938609,332054,626.302,150.824,3182.97,39952.5,7043.81,31901.6,46590.6,18044.6,15968
4213,1,2026-05-21 00:00:00,23:36:06,12050443,Air-2-5,138,0.01,6.178,0,4,4,3,1,2,5,42.4184,0.697093,174970,500.356,18064.7,5684.26,658896,125882,3.43884,8148.36,43198.4,194422,217257,214416,0.0226922,939434,332220,632.791,148.23,3177.48,40074.2,7052.8,31961.1,46580.4,18049,15987.8
4214,1,2026-05-22 00:00:00,02:46:06,12050443,Air-2-5,140,0.01,6.246,0,4,4,3,1,2,5,43.0511,0.689002,172800,491.861,17781.1,5784.36,657531,125645,3.42996,8148.53,43133,194151,217427,214682,0.0226771,938991,332241,620.369,147.355,3185.86,40062.3,7025.77,31869.5,46683.7,18045.1,15964.9
4219,1,2026-05-22 00:00:00,19:59:24,12050443,Air-2-5,142,0.01,6.326,0,4,4,3,1,2,5,42.7855,0.685426,175781,506.233,18117.4,4846.83,658030,125531,3.4329,8019.46,42974.5,192178,216762,213909,0.0225485,932656,331755,455.605,148.009,3171.36,39777.2,7002.16,31644.9,46492.3,18017.1,15955
4220,1,2026-05-22 00:00:00,23:09:24,12050443,Air-2-5,144,0.01,6.264,0,4,4,3,1,2,5,41.8562,0.679712,174167,493.555,17884.2,5144.08,657135,125464,3.42827,8000.03,43059.8,193023,217130,214436,0.0225724,939500,332377,486.621,146.161,3173.97,39918.6,7011.97,31767.9,46495.7,18000.9,15954.4
4221,1,2026-05-23 00:00:00,02:19:24,12050443,Air-2-5,146,0.01,6.161,0,4,4,3,1,2,5,42.2117,0.686542,174311,500.48,18015.2,5287.38,657891,125609,3.4327,7973.28,43003.4,193559,216694,213963,0.022611,936782,331930,458.841,152.278,3174.42,39914.3,6992.33,31711.2,46491.8,18018,15948.1
4222,1,2026-05-23 00:00:00,05:29:24,11020443,Air-1-2,147,0.01,3.066,0,4,4,3,1,1,2,8.62274,0.127257,38110.8,108.877,3876.5,4362.97,142281,26404.7,0.715614,1742.58,8145.93,36512.7,41049.3,40546.9,0.00651349,179532,63430.3,299.836,26.6381,553.273,6907.56,1270.12,5509.22,8165.28,3149.47,2884.07
4223,1,2026-05-23 00:00:00,08:39:24,11020443,Air-1-2,148,0.01,3.126,0,4,4,3,1,1,2,8.36678,0.125771,38147.6,110.753,3886.77,4103.04,142334,26424.9,0.715963,1737.22,8102.91,36209.8,41016.6,40431.4,0.00651146,178797,63291.2,321.673,26.9649,551.626,6867.05,1259.23,5475.33,8114.07,3142.19,2875.99
4224,1,2026-05-23 00:00:00,11:49:24,12050443,Air-2-5,150,0.01,6.09,0,4,4,3,1,2,5,43.2837,0.683608,176877,494.518,18198.7,4789.86,657142,125331,3.43029,7969.15,42926,193006,216435,213703,0.0226217,936533,331693,483.33,149.335,3178.08,39706,6987.21,31621.1,46415.9,17985.9,15870.1
4225,1,2026-08-10 00:00:00,13:15:48,12050443,Air-2-5,162,0.015,6.205,0,4,4,3,1,2,5,32.2398,0.711326,167088,313.295,16189.1,4157.44,674073,97467.3,3.46992,8669.15,24653.9,194550,124274,122943,0.0224464,928145,326417,936.191,90.0332,1901.41,43011.1,3939.21,34266.2,49662.8,19199.7,15831.5
4226,1,2026-08-10 00:00:00,16:28:01,12050443,Air-2-5,164,0.013,6.232,0,4,4,3,1,2,5,31.8516,0.708132,163623,303.15,16055.2,3633.51,669863,96803.9,3.44723,8592.03,24540.5,193238,123346,122350,0.0223341,910900,324762,848.674,89.9562,1912.77,42968.4,3928.23,34321.1,49659.3,19182.9,15864.3
4227,1,2026-08-10 00:00:00,19:38:01,12050443,Air-2-5,166,0.012,6.165,0,4,4,3,1,2,5,31.0536,0.706726,160530,291.246,15849.7,3562.23,668298,96489,3.43799,8594.31,24558.5,193412,123164,122696,0.0223961,896841,324713,836.657,90.4798,1903.99,42993.2,3952.19,34258.4,49755.2,19210.8,15910.8
4228,1,2026-08-10 00:00:00,22:48:01,12050443,Air-2-5,168,0.01,6.253,0,4,4,3,1,2,5,32.6202,0.706952,161706,291.689,15843.7,3417.54,664876,95921.1,3.42059,8556.36,24533.3,192610,123254,122325,0.0223425,905978,325748,822.368,89.0616,1901.46,43037.8,3934.58,34273,49640.9,19239.1,15931.3
4230,1,2026-08-11 00:00:00,08:11:14,12050443,Air-2-5-IC2HV-Adjust,170,0.012,6.22,0,4,4,3,1,2,5,47.0769,0.710259,161915,440.362,15774.9,2685.24,666469,124964,3.42997,8618.33,43701.7,191843,217978,216564,0.022354,891329,323096,911.626,165.958,3453.68,42370.4,7142.17,33768.3,49017.3,19005.4,15742.6
4233,1,2026-08-11 00:00:00,17:48:03,12050443,Air-2-5,172,0.01,6.125,0,4,4,3,1,2,5,46.6379,0.710995,162091,447.182,15903.5,3129.5,664543,124490,3.4212,8594.5,44072.3,193763,220438,218553,0.0225338,909359,327339,839.335,163.945,3495.83,43020.3,7258.87,34210.3,49677.2,19236.6,16001.2
4234,1,2026-08-11 00:00:00,20:58:03,12050443,Air-2-5,174,0.01,6.106,0,4,4,3,1,2,5,46.4841,0.711017,161179,441.185,15743.8,3434.88,660287,123898,3.3999,8642.72,44089.1,193888,220355,218544,0.0225228,910402,327718,820.092,163.908,3479.3,42935.1,7260.88,34198,49685.2,19243,16034.4
4235,1,2026-08-12 00:00:00,00:08:03,12050443,Air-2-5,176,0.01,6.251,0,4,4,3,1,2,5,46.0288,0.710312,161500,441.313,15793.1,3445.33,660790,123915,3.40282,8607.63,44013.7,193764,220379,218333,0.0225245,909770,327747,823.898,163.16,3483.79,42975.9,7277.46,34211.8,49606.4,19183.8,15991.4
4236,1,2026-08-12 00:00:00,03:18:03,12050443,Air-2-5,178,0.01,6.216,0,4,4,3,1,2,5,46.1581,0.710367,162297,451.07,15832.6,3489.16,658908,123596,3.39309,8650.35,44068.6,194343,220390,218537,0.0225758,909202,327670,828.053,162.872,3487.23,42853.1,7248.09,34219.7,49637.7,19201.4,15981.1
4240,1,2026-08-12 00:00:00,17:42:49,12050443,Air-2-5,180,0.01,6.004,0,4,4,3,1,2,5,44.5228,0.708571,164301,450.399,16076.4,3330.93,655645,122896,3.37524,8596.66,43914.8,192431,218882,217813,0.022444,886304,326261,802.566,163.189,3460.02,42654.5,7255.12,33976.8,49353.6,19117.5,15997.7
4241,1,2026-08-12 00:00:00,20:52:49,11050443,Air-1-5,181,0.01,3.072,0,4,4,3,1,1,5,24.7816,0.345363,88220.4,238.828,8608.96,3210.45,360624,66585.2,1.81892,4546.23,21697.9,95545.1,109130,107827,0.0125228,459915,163169,698.733,74.8658,1634.28,20145.6,3483.99,16044.3,23400.6,9061.44,7738.8
4242,1,2026-08-13 00:00:00,00:02:49,11050443,Air-1-5,182,0.01,2.996,0,4,4,3,1,1,5,25.0631,0.346284,88883.6,238.187,8614.99,3120.93,359301,66368.2,1.81307,4581.41,21669.4,95158.5,108881,107592,0.012503,457526,162743,744.078,78.7571,1633.87,20095.9,3467.52,16019.8,23341.5,9035.24,7694.62
4243,1,2026-08-13 00:00:00,03:12:49,12050443,Air-2-5,184,0.01,6.095,0,4,4,3,1,2,5,46.6738,0.708888,164389,445.636,16087.6,3326.33,655624,123041,3.37553,8575.91,43813.7,192730,219714,217289,0.0224735,914791,327591,800.199,160.68,3438.41,42466.8,7220.92,33862.1,49145.5,19010.9,15978.9
4246,1,2026-08-13 00:00:00,15:44:11,12050443,Air-2-5,186,0.01,6.122,0,4,4,3,1,2,5,47.6537,0.714372,121626,330.651,12062.6,2542.59,171.829,27.0179,0.000743345,862.807,1534.63,6620.09,7780.83,7663.62,0.00343042,32095.3,11516.4,578.82,5.23755,116.196,1350.81,254.288,1085.63,1632.13,631.754,567.007
4247,1,2026-08-13 00:00:00,18:54:11,12050443,Air-2-5,188,0.01,6.097,0,4,4,3,1,2,5,48.6182,0.713745,164147,444.802,16025.2,2457.57,656923,123130,3.38403,8568.01,44147.5,194277,221337,218880,0.0226908,922928,330620,758.295,163.496,3459.77,42652.2,7293.42,33973.5,49439.1,19138.2,16111.9
4248,1,2026-08-13 00:00:00,22:04:11,12050443,Air-2-5,190,0.01,6.166,0,4,4,3,1,2,5,46.2472,0.708781,164387,435.727,16058.2,3095.37,659503,123684,3.39645,8596.58,44052.4,193656,220117,218452,0.022564,902983,328623,772.412,158.618,3442.67,42580.5,7259.81,33960.5,49245.3,19089.8,16059.5
4249,1,2026-08-14 00:00:00,01:14:11,11020443,Air-1-2,191,0.01,3.06,0,4,4,3,1,1,2,9.57898,0.134895,36287.8,93.9474,3522.45,2829.19,143700,26275.6,0.71511,2054.58,8445.32,37015.2,42421.6,42081.8,0.00654922,174977,63624.2,553.64,28.777,619.087,7578.81,1324.32,6016.56,8843.78,3423.93,2944.65
4250,1,2026-08-14 00:00:00,04:24:11,11020443,Air-1-2,192,0.009,3.068,0,4,4,3,1,1,2,9.12131,0.134798,34945.5,95.1105,3370.74,2636.35,143068,26180.1,0.711943,2083.45,8483.77,37028.2,42393.7,42011.9,0.00655535,175699,63644.9,589.475,29.0734,615.735,7546.12,1331.66,5992.47,8828.88,3408.68,2955.41
4251,1,2026-08-14 00:00:00,07:34:11,12050443,Air-2-5,194,0.01,6.041,0,4,4,3,1,2,5,46.9041,0.709511,165499,447.863,16153.2,3007.49,655093,122798,3.37413,8614.96,44127.3,194357,220534,218935,0.0226458,907816,329384,805.247,161.06,3448.35,42553.1,7252.03,33967.1,49344.3,19107.3,16095
4252,1,2026-08-14 00:00:00,10:44:11,11010443,Air-1-1,195,0.01,3.039,0,4,4,3,1,1,1,4.66045,0.0662654,18039.5,48.3774,1749.01,2918.3,68425.9,12470.8,0.337182,1338.92,4068.08,17814.7,20492.9,20308.8,0.0045738,85120,30748.5,623.739,13.7153,299.384,3606.8,651.251,2866.61,4238.17,1622.42,1439.11
4253,1,2026-08-14 00:00:00,13:54:11,11010443,Air-1-1,196,0.01,3.098,0,4,4,3,1,1,1,4.64554,0.0662272,17649.7,47.0276,1720.29,2708.55,68314.4,12413.6,0.336823,1318.2,4087.92,17817.6,20509.7,20278.9,0.00457472,85289,30765.5,599.497,14.2872,295.189,3596.64,655.039,2862.84,4233.01,1628.29,1426.06
4254,1,2026-08-14 00:00:00,17:04:11,12050443,Air-2-5,198,0.01,6.089,0,4,4,3,1,2,5,45.6086,0.709894,165666,453.891,16239.8,2930.66,653573,122624,3.36843,8612.17,44239.3,194990,221455,219328,0.022736,923119,331234,733.706,162.631,3442.26,42519.5,7260.34,33920.2,49364.7,19119.1,16129.1
4255,1,2026-08-14 00:00:00,20:14:11,12050443,Air-2-5,200,0.009,6.024,0,4,4,3,1,2,5,46.3685,0.708327,167233,453.062,16356.9,3412.12,654411,122804,3.37026,8537.52,44284.8,195293,221672,219458,0.0227346,922900,331189,706.014,163.594,3433.62,42566,7318.96,33943.6,49326.1,19136.8,16163.5
4256,1,2026-08-14 00:00:00,23:24:11,11050443,Air-1-5,201,0.01,3.01,0,4,4,3,1,1,5,24.8026,0.344001,88778.9,241.574,8569.05,3358.76,351407,64928.1,1.7752,4479.08,21741,95780.7,109213,108185,0.012575,456888,163887,613.091,77.5487,1636.32,20190,3493.87,16046.8,23431,9085.88,7753.96
4257,1,2026-08-15 00:00:00,02:34:11,11050443,Air-1-5,202,0.01,3.004,0,4,4,3,1,1,5,24.4792,0.343569,89025.8,244.048,8643.66,3162.71,352654,65156.2,1.78157,4461.09,21743.7,95382.6,108872,107716,0.0125433,455262,163232,599.894,75.3835,1622.76,20067.7,3486.69,16006.2,23362.3,8996.04,7731.59
4258,1,2026-08-15 00:00:00,05:44:11,12050443,Air-2-5,204,0.01,6.084,0,4,4,3,1,2,5,46.4985,0.708375,167178,460.851,16267.8,3363.55,650432,121925,3.34879,8560.24,44328.2,195023,221997,219698,0.0227255,919683,331652,717.238,162.13,3446.12,42608.9,7267.9,33950,49337.1,19129.3,16145.7
4259,1,2026-08-15 00:00:00,08:54:11,12040443,Air-2-4,206,0.01,6.162,0,4,4,3,1,2,4,38.8756,0.570913,134336,367.88,13007.7,3535.2,542923,101193,2.77401,7049.62,35517.8,156377,178087,176480,0.0187431,740892,266457,743.059,128.357,2723.99,33768.2,5787.97,26916.6,39188.1,15130.7,12870.2
4260,1,2026-08-15 00:00:00,12:04:11,12040443,Air-2-4,208,0.01,5.979,0,4,4,3,1,2,4,39.4735,0.57027,130015,349.443,12643,3637.01,544300,101547,2.78094,6981.08,35400.9,155592,177115,175665,0.0186748,736951,265096,700.993,126.679,2719.09,33525.9,5751.44,26725.3,38882.1,15054.4,12793.1
4261,1,2026-08-15 00:00:00,15:14:11,12050443,Air-2-5,210,0.01,6.186,0,4,4,3,1,2,5,47.1445,0.710631,153738,412.145,14927.3,3745.78,644466,120942,3.3215,8575.66,44166.8,194409,220846,219074,0.0226606,918018,330156,736.275,162.361,3419.41,42404.2,7228.52,33818.7,49122.7,19012.1,16097.7
4262,1,2026-08-15 00:00:00,18:24:11,12050443,Air-2-5,212,0.009,6.096,0,4,4,3,1,2,5,47.487,0.710254,156937,423.399,15254.3,3847.88,649051,121841,3.34364,8571.5,44196.5,195367,221283,219148,0.0227465,923706,331170,760.869,162.578,3417.84,42497.1,7269.23,33818.8,49195.2,19027.3,16117
4263,1,2026-08-15 00:00:00,21:34:11,11020443,Air-1-2,213,0.01,3.045,0,4,4,3,1,1,2,9.80161,0.132832,30959,82.6064,2990.85,3391.56,140564,25760.6,0.700719,2096.35,8440.26,37060.1,42436.9,41961,0.0065624,177883,63868.4,597.183,29.9161,617.335,7537.63,1331.49,6008.32,8831.85,3409.26,2967.95
4264,1,2026-08-16 00:00:00,00:44:11,11020443,Air-1-2,214,0.01,3.033,0,4,4,3,1,1,2,9.03596,0.132719,29239.3,81.6339,2805.19,3134.05,140531,25776.9,0.700354,2062.64,8427.35,36905.3,42366.9,41911.8,0.00655968,176849,63701.8,564.188,29.3436,617.184,7538.73,1329.74,5989.22,8816.74,3411.63,2959.48
4265,1,2026-08-16 00:00:00,03:54:11,12050443,Air-2-5,216,0.009,5.913,0,4,4,3,1,2,5,48.5459,0.708873,133677,360.511,12965,3375.5,644270,120811,3.3191,8589.99,44280.2,195253,221711,219594,0.022779,920826,331756,738.108,159.763,3440.16,42410.4,7269.04,33830.1,49213.6,19050,16166.1
4266,1,2026-08-16 00:00:00,07:04:11,11010443,Air-1-1,217,0.01,2.973,0,4,4,3,1,1,1,4.53662,0.0649166,14843.2,40.2693,1438.69,3189.64,65951.9,12024.5,0.325491,1350.86,4101.95,17955.7,20553.3,20342.8,0.00459155,85582.9,30906.7,612.392,13.7578,293.902,3605.56,651.301,2884.06,4251.74,1642.3,1440.81
4267,1,2026-08-16 00:00:00,10:14:11,11010443,Air-1-1,218,0.01,2.938,0,4,4,3,1,1,1,4.67084,0.0655193,16496,44.4961,1601.41,2993.03,66829.1,12163.9,0.329779,1399.31,4066.39,17675,20408.1,20232.3,0.00456339,85472.7,30795.6,678.107,13.6291,287.952,3577.51,638.067,2865.2,4224.44,1619.97,1437.53
4268,1,2026-08-16 00:00:00,13:24:11,12050443,Air-2-5,220,0.01,5.981,0,4,4,3,1,2,5,46.3198,0.708772,150961,411.904,14676.5,3238.32,637030,119566,3.28685,8559.42,44049,193952,220798,218523,0.022663,922876,330533,769.455,160.88,3412.68,42174.8,7256.21,33623.9,48858.2,18905.6,16053.6
4269,1,2026-08-16 00:00:00,16:34:11,12050443,Air-2-5,222,0.01,5.958,0,4,4,3,1,2,5,47.0779,0.709526,160953,435.756,15655.2,3731.33,646650,121217,3.33112,8597.97,44070.8,193535,219416,218659,0.0225835,893436,328787,784.208,160.138,3415.68,42249.9,7256.05,33668.6,48960.4,18973.4,16129.1
4270,1,2026-08-16 00:00:00,19:44:11,11050443,Air-1-5,223,0.008,2.981,0,4,4,3,1,1,5,23.6207,0.340322,85565.9,235.126,8354.77,3667.64,346150,64113.1,1.75072,4488.95,21742.9,95349.3,108425,107914,0.0125309,442383,162987,658.912,76.6035,1631.28,20134,3487.02,16055.3,23402.9,9060.22,7773.95
4271,1,2026-08-16 00:00:00,22:54:11,11050443,Air-1-5,224,0.01,3.012,0,4,4,3,1,1,5,23.9457,0.340093,86459.8,238.082,8392.81,3504.15,345583,63901.5,1.74758,4533.82,21714,95507.5,108883,107722,0.0125481,456047,163416,669.18,74.4421,1629.54,20116.8,3481.13,16045.1,23402,9036.28,7752.62
4272,1,2026-08-17 00:00:00,02:04:11,12050443,Air-2-5,226,0.01,6.002,0,4,4,3,1,2,5,48.0787,0.707986,164126,444.992,16017.8,3679.67,639723,120144,3.29653,8626.93,44140.5,194082,221173,219059,0.0226381,921454,331347,778.197,159.089,3414.31,42222.1,7229.2,33730.6,48977.5,18966.4,16125
4277,1,2026-08-17 00:00:00,18:40:59,12050443,Air-2-5,228,0.012,6.047,0,4,4,3,1,2,5,45.3782,0.703938,162486,441.468,15934.5,3652.74,630903,118442,3.25474,8670.66,44093,193995,220773,218975,0.0226533,913860,330795,855.913,157.159,3408.26,42116.6,7236.98,33591.8,48950.6,18930.4,16107.2
4278,1,2026-08-17 00:00:00,21:50:59,12050443,Air-2-5,230,0.012,5.943,0,4,4,3,1,2,5,45.4941,0.702304,164737,444.518,16136.8,4066.63,631168,118620,3.2562,8670.8,44131.1,194510,220882,219087,0.0226678,916986,330989,862.427,157.628,3417.89,42177.3,7234.31,33675.6,48907.4,18900.4,16101
4279,1,2026-08-18 00:00:00,01:00:59,12050443,Air-2-5,232,0.012,6.063,0,4,4,3,1,2,5,46.9794,0.702854,164674,446.611,16181.3,4257.6,629498,118136,3.24677,8660.64,44170.4,195273,221361,219124,0.0227253,920869,331437,814.75,159.539,3426.57,42278.3,7239.34,33702.2,48983.4,18964.9,16125
4280,1,2026-08-18 00:00:00,04:10:59,12050443,Air-2-5,234,0.011,6.068,0,4,4,3,1,2,5,46.3998,0.703931,167344,460.805,16369.2,4315.83,630227,118215,3.24918,8672.61,44173.9,194355,221397,219236,0.0226335,921898,331428,852.988,159.531,3409.97,42244.4,7266.72,33664.2,48904.7,18925.1,16119.6
4285,1,2026-08-18 00:00:00,20:12:07,12050443,Air-2-5,236,0.04,5.897,0,4,4,3,1,2,5,46.3102,0.698479,166333,454.079,16203.2,5341.95,621574,116569,3.20693,8605.31,43705.7,192307,218530,216972,0.0224334,899944,327344,841.431,156.685,3358.15,41642.8,7178.26,33182.1,48406.9,18743.5,15974.7
4286,1,2026-08-18 00:00:00,23:22:07,12050443,Air-2-5,238,0.053,5.923,0,4,4,3,1,2,5,49.4718,0.697672,163443,447.063,16034.9,4912.05,620812,116477,3.2014,8621.52,43761.6,193277,219185,216966,0.0225141,920455,328642,885.28,158.054,3356.04,41664.5,7177.3,33200.9,48297.8,18731.6,15952.7
4287,1,2026-08-19 00:00:00,02:32:07,12050443,Air-2-5,240,0.05,5.976,0,4,4,3,1,2,5,46.5366,0.699246,162690,446.119,15946.4,4691.69,626912,117644,3.23257,8584.17,43699.4,193125,219138,216678,0.0224913,919340,328272,878.14,159.576,3360.85,41626.4,7172.46,33216.1,48233.3,18667.1,15939.3
4291,1,2026-08-19 00:00:00,17:21:30,12050443,Air-2-5,242,0.013,5.909,0,4,4,3,1,2,5,47.3644,0.70455,164726,450.958,16181.2,4651.52,625789,117427,3.23025,8766.88,44166.7,193393,220281,218937,0.0225949,902003,330281,947.56,157.985,3398.62,41994.7,7246.96,33443.6,48771.8,18868.6,16107.3
4292,1,2026-08-19 00:00:00,20:31:30,11050443,Air-1-5,243,0.015,3.022,0,4,4,3,1,1,5,24.1554,0.337358,89030.6,248.971,8660.57,4426.45,340763,63065.5,1.72499,4658.49,21583.1,94954.7,108166,107232,0.0124851,450425,162491,845.655,75.2592,1623.13,19923.6,3483.8,15888.1,23259.1,8985.58,7724.58
4293,1,2026-08-19 00:00:00,23:41:30,11050443,Air-1-5,244,0.014,2.969,0,4,4,3,1,1,5,23.9352,0.337732,83287.6,226.149,8115.87,4279.77,341282,63169.9,1.72742,4701.55,21632.1,95242.8,108433,107468,0.0125054,452816,162858,867.061,75.8553,1615.83,19978.2,3475.85,15930.1,23264.2,9004.58,7756.92
4294,1,2026-08-20 00:00:00,02:51:30,12050443,Air-2-5,246,0.012,6.016,0,4,4,3,1,2,5,45.7103,0.703954,165156,454.179,16223.8,4213.19,623597,117042,3.21874,8679.44,44196,194534,221184,219283,0.0226729,920723,331456,877.825,156.842,3391.56,42042.2,7257.77,33524.5,48791.6,18886,16136.9
4299,1,2026-08-20 00:00:00,20:16:43,12050443,Air-2-5,248,0.01,6.154,0,4,4,3,1,2,5,47.7341,0.701673,167956,461.445,16421.1,6483.25,622983,116990,3.21532,8671.68,44173.5,193308,220117,219059,0.022517,899277,330254,827.368,159.596,3408.32,41935.2,7239.47,33462.2,48681.2,18869.2,16113.6
4300,1,2026-08-20 00:00:00,23:26:43,12050443,Air-2-5,250,0.01,6.004,0,4,4,3,1,2,5,45.105,0.702783,166846,457.46,16360.2,5438.27,624687,117249,3.22479,8600.76,44232.4,195005,219615,219230,0.0226913,890768,329877,789.197,160.728,3390.39,41935,7214.45,33455.4,48720.8,18865.9,16128.5
4301,1,2026-08-21 00:00:00,02:36:43,12050443,Air-2-5,252,0.01,6.019,0,4,4,3,1,2,5,45.6523,0.702761,166351,455.102,16305,5219.07,623224,117013,3.21607,8594.37,44196.5,194782,221025,219094,0.0226741,920869,331742,778.055,159.267,3393.14,41900.8,7258.12,33428,48643.3,18827,16130.4
4302,1,2026-08-21 00:00:00,05:46:43,12050443,Air-2-5,254,0.01,6.015,0,4,4,3,1,2,5,46.1068,0.701816,167791,457.954,16470.6,4992.54,622240,116755,3.21018,8564.76,44129.8,193964,220739,218673,0.0226199,916774,331365,744.442,160.494,3362.1,41873.2,7203.69,33383.3,48583.8,18826.5,16121.3
4306,1,2026-08-21 00:00:00,18:47:10,12050443,Air-2-5,256,0.016,5.953,0,4,4,3,1,2,5,46.9296,0.690977,165613,450.554,16229.4,5759.78,614377,115333,3.17078,8415.65,43458,191707,218004,215833,0.0224354,912712,327437,731.825,155.495,3326.2,41105.7,7107.82,32763.1,47842.1,18517.9,15880.6
4307,1,2026-08-21 00:00:00,21:57:10,12050443,Air-2-5,258,0.01,5.911,0,4,4,3,1,2,5,47.6355,0.693766,162720,450.65,15944.4,5066.56,1334.44,238.217,0.00618662,7911.05,40850.6,179890,203136,203178,0.0211714,824293,306497,686.45,146.242,3106.93,38692.5,6678.04,30774.4,44979.3,17413.2,14921.6
4308,1,2026-08-22 00:00:00,01:07:10,12050443,Air-2-5,260,0.016,5.953,0,4,4,3,1,2,5,45.7816,0.693141,1431,3.32943,48.3434,3676.93,1497.76,267.754,0.00689563,8316.49,43290.1,191918,216583,214716,0.022372,906234,325763,677.846,155.311,3297.14,41028.5,7088.62,32735.9,47703.7,18466.2,15827.2
4309,1,2026-08-22 00:00:00,04:17:10,12050443,Air-2-5,262,0.016,5.953,0,4,4,3,1,2,5,46.2734,0.69465,165761,459.165,16154.4,4307.47,1499.73,259.59,0.00684989,7939.75,40890.3,181526,204284,202436,0.0212955,859372,307888,663.752,144.045,3096.79,38543.3,6662.12,30745.2,44841.7,17339.2,14931.3
4311,1,2026-08-31 00:00:00,09:04:55,12050443,Air-2-5,264,0.01,5.988,0,4,4,3,1,2,5,46.5202,0.69031,151088,398.315,14682.3,12477.4,621738,116691,3.22093,8273.32,43067.8,190099,215114,213612,0.0225401,889555,325433,640.376,148.696,3188.29,39244.7,6887.97,31268.2,46301.6,17944.7,15439.7
4314,1,2026-08-31 00:00:00,19:05:13,12050443,Air-2-5,266,0.01,5.934,0,4,4,3,1,2,5,46.515,0.689325,157062,418.193,15394.9,4660.89,616032,115795,3.18979,8441.8,44045.3,193421,220092,218468,0.0227579,912883,332772,585.066,153.6,3321.55,40971.1,7171.89,32669.8,48099.9,18585.4,16088.4
4315,1,2026-08-31 00:00:00,22:20:13,12050443,Air-2-5,268,0.01,5.915,0,4,4,3,1,2,5,46.145,0.68984,157157,423.604,15524.3,4251.33,615511,115661,3.18565,8420.85,44125,194391,219557,219101,0.0227979,897494,332159,593.708,155.096,3311.41,41194.2,7158.03,32804.1,48155.1,18632,16105
4316,1,2026-09-01 00:00:00,01:35:13,12050443,Air-2-5,270,0.01,5.832,0,4,4,3,1,2,5,45.4021,0.69039,157869,436.361,15591.6,4298.87,614105,115536,3.1777,8403.21,44181.3,193891,220236,219268,0.0227991,904823,332907,583.074,152.71,3319.66,41206.5,7161.24,32840.4,48164.3,18633.3,16145.9
4320,1,2026-09-01 00:00:00,18:29:48,12050443,Air-2-5,272,0.01,5.843,0,4,4,3,1,2,5,44.6673,0.687384,150656,403.543,14776.3,4350.35,611305,114941,3.16503,8411.17,44113.7,193422,220316,218775,0.0227221,913288,333152,574.574,153.736,3312.67,41087,7169.74,32678.6,48070.4,18613.7,16124.7
4321,1,2026-09-01 00:00:00,21:44:48,11050443,Air-1-5,273,0.01,2.99,0,4,4,3,1,1,5,22.0909,0.327942,77065.1,206.7,7501.99,4097.03,331944,61537.7,1.68338,4284.46,21482.4,94327.1,107639,106865,0.0124795,450087,163245,472.691,75.937,1597.61,19738,3430.99,15726.5,23196.8,8982.26,7747.86
4322,1,2026-09-02 00:00:00,00:59:48,11050443,Air-1-5,274,0.01,2.956,0,4,4,3,1,1,5,21.339,0.327912,71783.1,200.874,6997.73,3691.45,331153,61363.1,1.67983,4267.82,21462.3,94131.5,107480,106681,0.0125024,449715,163089,444.324,76.1112,1592.52,19691.9,3444.56,15708.1,23115.2,8963.39,7728.87
4323,1,2026-09-02 00:00:00,04:14:48,12050443,Air-2-5,276,0.01,5.936,0,4,4,3,1,2,5,47.0272,0.686005,143383,396.549,14057,3679.66,611064,114925,3.16257,8347.82,44017.5,194293,219642,218251,0.0227986,910906,332647,536.302,154.838,3301.42,40979.7,7137.09,32671.4,47908.4,18566.5,16076.5
4328,1,2026-09-02 00:00:00,20:37:34,12050443,Air-2-5,278,0.01,6.021,0,4,4,3,1,2,5,44.7525,0.684337,157834,434.349,15505.1,4735.78,607969,114237,3.14602,8366.4,44058.8,194340,219023,218939,0.0227356,889945,331574,538.758,158.721,3309.23,41059.6,7164.74,32690.9,48024.2,18595.1,16113
4329,1,2026-09-02 00:00:00,23:52:34,12050443,Air-2-5,280,0.01,5.98,0,4,4,3,1,2,5,44.0031,0.682758,156644,426.342,15493.5,4401.32,607596,114225,3.14503,8353.34,44084.6,194740,220420,218635,0.0227636,921591,333550,523.824,154.811,3320.15,41060.5,7157.76,32748.9,47981.5,18578.3,16064.7
4330,1,2026-09-03 00:00:00,03:07:34,12050443,Air-2-5,282,0.01,5.867,0,4,4,3,1,2,5,44.41,0.683366,156802,425.107,15449.4,4458.09,606981,114155,3.14165,8350.47,44088.9,195007,220170,218658,0.0228112,915336,333063,529.079,158.666,3294.86,41091.6,7149.48,32783.6,47949.8,18557.6,16077.5
4332,1,2026-09-03 00:00:00,13:44:02,12050443,Air-2-5 *Low Neon*,284,0.016,5.938,0,4,4,3,1,2,5,44.8249,0.694101,115286,314.146,11245.5,3555.44,605660,113874,3.13447,8555.64,44125.1,194392,220755,218750,0.0227786,921387,333721,731.093,153.215,3301.63,41087,7178.15,32768.4,48090.5,18613.7,16095.6
4333,1,2026-09-03 00:00:00,16:54:02,12050443,Air-2-5,286,0.01,5.8,0,4,4,3,1,2,5,45.1334,0.6782,154537,429.329,15320.8,3600.02,605143,113806,3.12995,8377.18,44042.5,194226,220760,218744,0.0227497,924372,333856,541.543,155.695,3309.11,41062.2,7151.81,32650.4,47989.4,18568.2,16038.4
4334,1,2026-09-03 00:00:00,20:04:02,12050443,Air-2-5,288,0.01,5.842,0,4,4,3,1,2,5,45.7967,0.679843,159101,439.414,15677.1,3664.26,605165,113810,3.12937,8334.7,44068.5,195121,220596,218680,0.0228441,922568,333728,525.975,155.364,3300.59,41060.6,7131.5,32727.5,47914.4,18551.6,16060.3
4335,1,2026-09-03 00:00:00,23:14:02,12050443,Air-2-5,290,0.01,5.929,0,4,4,3,1,2,5,45.5469,0.679725,157000,433.795,15489.3,3752.3,603064,113439,3.11981,8292.39,43962.7,194551,219965,218487,0.0228125,918750,333230,499.212,157.954,3291.85,40918.5,7121.57,32588.3,47802.7,18459.7,16024.9
4336,1,2026-09-04 00:00:00,02:24:02,12050443,Air-2-5,292,0.01,5.919,0,4,4,3,1,2,5,47.2596,0.679686,156686,429.092,15456.8,3668.37,601641,113039,3.11135,8316.2,43992.3,194773,220178,218113,0.0228414,921137,333392,512.323,155.779,3287.66,40894.6,7117.6,32612.2,47810.9,18451.3,16032.8
4340,1,2026-09-04 00:00:00,17:42:31,12050443,Air-2-5,294,0.02,5.907,0,4,4,3,1,2,5,44.0666,0.667726,155192,421.207,15286.7,5106.49,597543,112255,3.08737,8520.36,43482.9,190821,216338,215839,0.0224136,877023,327055,845.473,155.061,3256.29,40364,7074.51,32165.3,47304.2,18280,15835.8
4341,1,2026-09-04 00:00:00,20:52:31,12050443,Air-2-5,296,0.018,5.834,0,4,4,3,1,2,5,45.0142,0.669399,153037,423.939,15225,4659.85,596347,112299,3.08208,8474.04,43579.2,191853,217395,216200,0.0224727,900012,328586,787.112,152.81,3265.15,40466.5,7053.39,32235,47236.1,18264.2,15848
4342,1,2026-09-05 00:00:00,00:02:30,12050443,Air-2-5,298,0.016,5.709,0,4,4,3,1,2,5,45.3956,0.668951,153696,424.604,15220.7,4526.6,595143,111913,3.07378,8475.65,43584.4,192911,217946,216457,0.0225737,910097,329231,763.88,152.614,3256.93,40476.4,7062.09,32244,47212,18279,15857.1
4343,1,2026-09-05 00:00:00,03:12:30,11020443,Air-1-2,299,0.016,2.971,0,4,4,3,1,1,2,8.27417,0.124154,33524.3,88.7183,3286.82,4067.72,127327,23310.8,0.635211,2136.17,8277.82,36147.7,41196.2,41406.9,0.00648247,165707,62688.8,649.412,28.83,608.174,7396.22,1308.76,5921.36,8755.54,3375.28,2953.52
4344,1,2026-09-05 00:00:00,06:22:30,11020443,Air-1-2,300,0.015,2.94,0,4,4,3,1,1,2,7.94779,0.123946,33055.1,89.0855,3247.87,3774.31,127385,23386.2,0.635113,2199.95,8296.68,36278.9,41369.7,41310.4,0.00650918,168277,62832.4,718.82,27.8214,600.823,7350.44,1316.09,5871.66,8711.32,3361.85,2924.93
4345,1,2026-09-05 00:00:00,09:32:30,12050443,Air-2-5,302,0.014,5.803,0,4,4,3,1,2,5,44.3817,0.669225,152833,425.669,15188.3,4156.16,592915,111455,3.06227,8638.16,43549.8,192372,217198,216325,0.0225727,888896,327942,909.611,154.238,3254.96,40327.3,7063.51,32152.4,47196.2,18259.9,15799.3
4346,1,2026-09-05 00:00:00,12:42:30,11010443,Air-1-1,303,0.015,2.921,0,4,4,3,1,1,1,4.11096,0.0607221,15558.1,43.9944,1548.43,3771.23,60499.6,11046.7,0.299622,1440.56,4033.27,17713.6,20212.5,20054.1,0.00457589,83415.5,30652.2,714.123,14.3607,287.893,3502.34,643.846,2793.36,4169.09,1606.98,1454.13
4347,1,2026-09-05 00:00:00,15:52:30,11010443,Air-1-1,304,0.016,2.954,0,4,4,3,1,1,1,4.00668,0.0607215,15669,41.1975,1541.19,3449.02,60380.1,11012.1,0.298585,1344.47,4019.93,17541,20204.4,20078.6,0.00457006,84091.2,30695,644.526,13.5208,293.756,3503.26,640.366,2774.52,4164.28,1606.13,1433.72
4348,1,2026-09-05 00:00:00,19:02:30,12050443,Air-2-5,306,0.014,5.894,0,4,4,3,1,2,5,45.2999,0.667285,145962,402.84,14383.4,3780.57,593078,111418,3.06392,8555.84,43464.5,191648,217794,215881,0.0225473,907256,328799,869.675,151.977,3242.44,40212.2,7037.82,32005.8,47119.2,18241.9,15842.9
4349,1,2026-09-05 00:00:00,22:12:30,12050443,Air-2-5,308,0.014,5.785,0,4,4,3,1,2,5,45.2511,0.665341,139183,384.562,13658.1,4217.36,592003,111270,3.05827,8498.97,43454.8,192008,217559,215733,0.0225441,908848,328541,845.23,152.548,3246.38,40233.6,7028.54,32037.6,47031.6,18190.3,15798.5
4350,1,2026-09-06 00:00:00,01:22:30,11050443,Air-1-5,309,0.014,2.926,0,4,4,3,1,1,5,22.0707,0.317642,76923,207.814,7620.57,4216.02,319156,59202.8,1.61613,4434.25,21086.3,92924,105958,104903,0.012358,443623,160390,701.238,73.6019,1560.79,19324.4,3349.58,15379.7,22674.5,8774.64,7580.66
4351,1,2026-09-06 00:00:00,04:32:30,11050443,Air-1-5,310,0.014,2.913,0,4,4,3,1,1,5,21.0206,0.317785,80839.3,221.735,7964.52,4003.79,318513,59010.5,1.61401,4423.03,21095.3,92819.9,105762,104783,0.0123438,443193,160304,699.662,72.8182,1557.69,19234.7,3356.71,15355.6,22626.9,8727.35,7572.88
4352,1,2026-09-06 00:00:00,07:42:30,12050443,Air-2-5,312,0.013,5.764,0,4,4,3,1,2,5,45.8673,0.667073,153521,421.241,15217.4,4132.07,589280,110691,3.04398,8499.79,43228.4,189767,214982,215019,0.0223346,869444,325423,862.334,152.041,3233.16,40016.2,7002.68,31873.4,46773.9,18087.5,15769.8
4353,1,2026-09-06 00:00:00,10:52:30,12040443,Air-2-4,314,0.013,5.757,0,4,4,3,1,2,4,35.6858,0.526602,127512,350.641,12609.4,4366.78,493752,92290.2,2.53001,6942,34658.7,153551,173897,172067,0.0185694,731824,262873,787.071,116.826,2548.02,31701.8,5569.3,25250.5,37122.1,14336.8,12513.6
4354,1,2026-09-06 00:00:00,14:02:30,12040443,Air-2-4,316,0.013,5.79,0,4,4,3,1,2,4,35.41,0.525271,126481,342.442,12533.5,4271.69,492079,91961.1,2.52304,6855.74,34586,151874,172329,171933,0.0184205,701161,260811,771.686,117.674,2547.05,31639.8,5557.29,25230.2,36993.8,14350.5,12492.5
4355,1,2026-09-06 00:00:00,17:12:30,12050443,Air-2-5,318,0.013,5.742,0,4,4,3,1,2,5,44.0729,0.663731,154070,424.766,15245.3,4274.02,585591,110127,3.02587,8444.34,43276.1,190769,216890,214829,0.0224093,909362,327789,774.122,149.929,3223.31,39993.9,7017.49,31883.7,46731.6,18097.9,15721.6
4356,1,2026-09-06 00:00:00,20:22:30,12050443,Air-2-5,320,0.012,5.817,0,4,4,3,1,2,5,44.9915,0.662427,153251,428.42,15287.7,4410.75,586478,110257,3.03019,8437.03,43324.1,191276,217136,214689,0.0224512,910667,328116,775.514,151.193,3212.56,40153.7,6998.95,31985.6,46788.3,18066.4,15738.3
4357,1,2026-09-06 00:00:00,23:32:30,11020443,Air-1-2,321,0.012,2.894,0,4,4,3,1,1,2,8.40624,0.122784,33421.1,89.6465,3272.45,4094.3,125434,23060.2,0.626245,2130.2,8258.86,36245,41540.5,41083.4,0.00651155,175081,63092.4,660.803,27.3011,595.442,7307.19,1303.28,5833.53,8657.5,3341.88,2927.18
4358,1,2026-09-07 00:00:00,02:42:30,11020443,Air-1-2,322,0.012,2.856,0,4,4,3,1,1,2,8.07125,0.122973,32807.5,89.3656,3250.27,3717.05,125738,23115.8,0.627465,2079.92,8208.59,35972.7,41354.2,40921.9,0.00648895,173758,62788.4,628.541,26.9954,596.781,7273.22,1277.64,5821.98,8597.32,3335.15,2927.33
4359,1,2026-09-07 00:00:00,05:52:31,12050443,Air-2-5,324,0.014,5.758,0,4,4,3,1,2,5,45.1935,0.661395,151827,428.109,15035.6,3878.17,585555,110030,3.02603,8430.09,43098.3,189324,214413,214129,0.0223188,870182,324790,793.062,152.447,3225.88,39962.8,6979.52,31854.4,46736.6,18102.1,15713.4
4360,1,2026-09-07 00:00:00,09:02:30,11010443,Air-1-1,325,0.016,2.86,0,4,4,3,1,1,1,4.32951,0.0602749,16313.1,45.933,1621.64,3745.09,59655.7,10898.4,0.295372,1496.5,4002.17,17418.1,20095,19873.1,0.00455419,83997.4,30511.7,775.583,13.4059,291.102,3484.56,629.273,2793.37,4135.8,1598.66,1432.04
4361,1,2026-09-07 00:00:00,12:12:31,11010443,Air-1-1,326,0.014,2.9,0,4,4,3,1,1,1,3.98282,0.0601913,16149,42.7653,1591.68,3370.29,59594.6,10876.3,0.295038,1429.88,3993.88,17437.6,20067.6,19854.3,0.00454924,84330.2,30526.4,723.619,12.444,285.247,3461.06,629.712,2770.01,4146.3,1598.24,1418.5
4362,1,2026-09-07 00:00:00,15:22:30,11050443,Air-1-5,327,0.013,2.903,0,4,4,3,1,1,5,22.5561,0.313768,80147.4,214.638,7940.39,3616.74,316487,58705.8,1.60297,4466.98,20919.5,91541.7,104703,104249,0.0122637,431866,159013,735.784,72.0164,1532.53,19128.5,3335.67,15259.9,22487.1,8719.39,7537.73
4363,1,2026-09-07 00:00:00,18:32:30,11050443,Air-1-5,328,0.012,2.921,0,4,4,3,1,1,5,20.6418,0.314666,80051,220.074,7910.59,3668.68,316757,58751.3,1.60491,4428.48,20981.9,91692.5,104914,104336,0.0122768,433561,159117,727.667,74.5692,1550.02,19134.8,3345.63,15266.9,22528.2,8729.46,7544.47
4364,1,2026-09-07 00:00:00,21:42:31,12050443,Air-2-5,330,0.013,5.662,0,4,4,3,1,2,5,44.2019,0.658599,152882,425.194,15140.5,4051.72,582155,109424,3.00802,8446.44,43122.9,189542,215439,214267,0.0223456,887060,325715,821.872,150.719,3207.04,39920.5,6982.09,31798.1,46678.8,18094.7,15712.3
4365,1,2026-09-08 00:00:00,00:52:31,12050443,Air-2-5,332,0.012,5.725,0,4,4,3,1,2,5,44.4947,0.65774,151801,417.537,15039,4280.24,583022,109579,3.01218,8448.07,42998.1,188985,214611,213178,0.0222677,886910,324475,838.115,149.683,3201.31,39817.7,6954.18,31745,46515.1,17987.4,15640.7
4371,1,2026-09-08 00:00:00,20:28:36,12050443,Air-2-5,334,0.013,5.766,0,4,4,3,1,2,5,46.3542,0.664695,152454,426.605,15220,4868.74,589198,110853,3.04642,8602.31,43605.9,192203,218067,216676,0.0225632,901973,329250,908.549,154.052,3250.72,40452,7070.99,32207.6,47268,18268.8,15878.8
4372,1,2026-09-08 00:00:00,23:38:36,12050443,Air-2-5,336,0.013,5.775,0,4,4,3,1,2,5,44.1219,0.661702,150853,416.105,15090.6,4968.12,587678,110552,3.03729,8638.22,43588.5,192569,218018,216270,0.0225916,905440,329400,961.451,154.205,3269.64,40409.3,7054.08,32221.6,47131.8,18278.9,15814.2
4373,1,2026-09-09 00:00:00,02:48:36,12050443,Air-2-5,338,0.013,5.685,0,4,4,3,1,2,5,42.8774,0.661141,150095,419.643,15028.7,5060.13,586875,110416,3.03317,8636.58,43452.4,190482,215225,215984,0.022394,864875,326101,960.742,153.01,3259.26,40338.1,7033.42,32115,47086.2,18223.5,15814.5
4377,1,2026-09-09 00:00:00,18:23:23,12050443,Air-2-5,340,0.019,5.905,0,4,4,3,1,2,5,47.0576,0.661124,151609,423.9,15024.2,5522.59,589116,110805,3.04545,8645.09,43420.9,190473,217338,215861,0.0224128,901699,327994,997.402,151.529,3233.11,40280.1,7008.72,32105.2,47091.1,18219,15799.5
4378,1,2026-09-09 00:00:00,21:33:23,12050443,Air-2-5,342,0.017,5.814,0,4,4,3,1,2,5,43.3759,0.660281,152172,430.464,15173.4,5429.16,590680,111002,3.05089,8641.11,43471.3,191027,217497,215502,0.0224471,905206,328472,993.162,151.409,3235.73,40311,7050.03,32145.3,47095.3,18216.9,15826.1
4379,1,2026-09-10 00:00:00,00:43:23,12050443,Air-2-5,344,0.016,5.768,0,4,4,3,1,2,5,45.8315,0.660522,149671,408.255,14846,5483.84,587899,110622,3.03723,8668.1,43558.6,191677,216526,216287,0.0224897,881715,327013,1018.74,154.809,3255.39,40279.5,7050.68,32132.8,47039.7,18195.9,15827.2
4380,1,2026-09-10 00:00:00,03:53:23,12050443,Air-2-5,346,0.018,5.803,0,4,4,3,1,2,5,46.0181,0.658002,149157,422.784,15042.3,5341.66,586314,110339,3.02848,8706.66,43530.3,192086,216881,216260,0.0225425,886336,327559,1040.82,153.405,3249.1,40302.9,7065.29,32124.8,47109.7,18249.5,15830.9
4385,1,2026-09-10 00:00:00,20:20:42,12050443,Air-2-5,348,0.017,5.791,0,4,4,3,1,2,5,44.2381,0.651768,151197,417.377,15125.6,6932.42,583624,109802,3.01552,8671.58,43520.4,190650,217390,216121,0.0223991,898408,328478,1013.2,152.883,3228.75,40374.7,7049.53,32170.7,47100.1,18224.1,15853.1
4386,1,2026-09-10 00:00:00,23:30:42,12050443,Air-2-5,350,0.018,5.849,0,4,4,3,1,2,5,44.6808,0.653862,152322,421.966,15259.5,6073.35,584162,109921,3.01808,8686.01,43436.5,190320,217244,215973,0.0223818,895909,328053,1042.65,154.987,3234.73,40348.5,7066.07,32153.5,47011.3,18203.4,15832.1
4387,1,2026-09-11 00:00:00,02:40:42,12050443,Air-2-5,352,0.018,5.846,0,4,4,3,1,2,5,43.6662,0.653441,152637,427.226,15237.5,5834.83,582559,109546,3.00938,8612.34,43464.5,190308,217263,216039,0.0223756,898447,328198,998.939,150.8,3261.26,40310.5,7044.93,32103.6,47060.3,18213.8,15825.4
4391,1,2026-09-11 00:00:00,18:03:33,12050443,Air-2-5,354,0.012,5.643,0,4,4,3,1,2,5,44.4044,0.652406,149840,411.456,14898.6,4481.62,583713,109771,3.01764,8375.72,43039.1,188649,214784,213646,0.0222748,880729,324577,784.965,150.853,3206.85,39655,6970.3,31580.7,46540.9,17989.9,15662.8
4392,1,2026-09-11 00:00:00,21:13:33,12050443,Air-2-5,356,0.011,5.859,0,4,4,3,1,2,5,43.3017,0.649727,149627,420.795,14943.4,4603.26,582418,109524,3.01048,8422.58,43263.1,191408,216864,214864,0.0225082,911780,327864,792.874,149.587,3213.07,39942.3,7019.66,31780.9,46624.3,18061.6,15723.3
4393,1,2026-09-12 00:00:00,00:23:33,12050443,Air-2-5,358,0.01,5.847,0,4,4,3,1,2,5,44.776,0.649678,147241,408.585,14654.5,4593.44,580881,109296,3.00271,8341.91,43229.2,191147,216726,214606,0.0224821,909096,327564,739.541,151.562,3216.64,39852,6982.6,31748.8,46642,18046.5,15773.6
4394,1,2026-09-12 00:00:00,03:33:33,11020443,Air-1-2,359,0.01,2.842,0,4,4,3,1,1,2,7.91811,0.121151,29652.4,80.9166,2940.32,4224.91,124896,22987,0.624134,2056.53,8217.77,36142.4,41445.8,41024.5,0.00651022,174078,62945.7,628.11,26.6566,591.902,7246.49,1301.8,5765.65,8593.93,3324.42,2922.65
4395,1,2026-09-12 00:00:00,06:43:33,11020443,Air-1-2,360,0.012,2.955,0,4,4,3,1,1,2,8.27959,0.120508,33040.6,91.1125,3270.28,3916.42,124505,22882.8,0.621903,2103.64,8226.13,35888,41378.1,40892.8,0.00648979,172699,62794.4,641.875,28.2881,585.492,7201.21,1295.02,5757.31,8575.41,3313.51,2912.62
4396,1,2026-09-12 00:00:00,09:53:33,12050443,Air-2-5,362,0.012,5.8,0,4,4,3,1,2,5,43.8113,0.648625,148418,413.948,14812.6,4235.8,579721,109099,2.99668,8435.72,43209.1,189676,216181,214510,0.0223841,900052,326811,839.483,148.372,3205.85,39686.3,6998.98,31644.5,46610.2,18008.6,15740.5
4397,1,2026-09-12 00:00:00,13:03:33,12050443,Air-2-5,364,0.013,5.829,0,4,4,3,1,2,5,43.2659,0.646711,152090,430.298,15154.8,4568.75,581078,109281,3.00339,8400.31,43046.9,189397,215638,213866,0.0223344,898417,326165,818.299,150.596,3195.62,39693.2,6999.6,31585.6,46456.4,17986.6,15710.7
4398,1,2026-09-12 00:00:00,16:13:33,11010443,Air-1-1,365,0.011,2.872,0,4,4,3,1,1,1,3.85136,0.0583341,13369.2,38.4148,1311.78,4042.58,59274.3,10836.1,0.293733,1279.78,3978.79,17287.5,19949.6,19769.7,0.00454324,82909.5,30277.2,590.595,13.4341,281.396,3436.76,631.591,2750.1,4082.07,1589.49,1418.43
4399,1,2026-09-12 00:00:00,19:23:33,11010443,Air-1-1,366,0.011,2.918,0,4,4,3,1,1,1,3.78261,0.0592706,16105.5,45.7231,1611.28,3755.27,59164.1,10810.3,0.293485,1298.47,3949.73,17131.9,19870.8,19693.3,0.00453372,82215.3,30166.4,594.458,13.6368,281.694,3429.49,628.199,2721.48,4079.37,1583.27,1408.54
4400,1,2026-09-12 00:00:00,22:33:33,12050443,Air-2-5,368,0.01,5.835,0,4,4,3,1,2,5,43.9098,0.647684,150132,418.79,15005.2,4039.18,580292,109155,3.00047,8270.74,42926.9,187816,214999,213553,0.0222529,889758,325164,720.112,149.623,3185.44,39437.5,6946.83,31428.2,46336.5,17909.8,15674.7
4401,1,2026-09-13 00:00:00,01:43:33,12050443,Air-2-5,370,0.01,5.784,0,4,4,3,1,2,5,43.037,0.644319,143982,404.349,14386.8,4422.65,578459,108857,2.98968,8300.9,42934.1,188542,215034,213526,0.0222909,893245,325186,763.471,150.009,3181.45,39516.7,6934.49,31487.8,46294.1,17922.2,15618.2
4402,1,2026-09-13 00:00:00,04:53:33,11050443,Air-1-5,371,0.01,2.876,0,4,4,3,1,1,5,20.8093,0.305543,70652.9,195.85,7006.7,4293.48,312453,57967.5,1.58346,4335.07,20896.8,91553.4,104984,104017,0.0122531,437358,159177,615.861,71.7275,1533.97,18928.6,3333.15,15110.7,22273.6,8615.91,7511.76
4403,1,2026-09-13 00:00:00,08:03:33,11050443,Air-1-5,372,0.01,2.861,0,4,4,3,1,1,5,21.6862,0.306298,76603.5,213.905,7627.8,4259.16,311894,57833.9,1.5813,4348.66,20952.7,92187.9,105009,104256,0.0123255,435049,159178,663.922,72.3171,1539.3,18895.2,3339.16,15072.2,22289.6,8617.1,7522.36
4404,1,2026-09-13 00:00:00,11:13:33,12050443,Air-2-5,374,0.01,5.696,0,4,4,3,1,2,5,43.2868,0.641122,137450,383.563,13634.8,4314.19,578071,108789,2.98863,8277.36,42868.6,188881,213778,212959,0.0223062,877138,323703,738.689,154.353,3181.13,39363.9,6940.46,31428.3,46181.2,17853.4,15633.5
4405,1,2026-09-13 00:00:00,14:23:33,12040443,Air-2-4,376,0.01,5.767,0,4,4,3,1,2,4,34.4819,0.501644,116219,327.57,11509.4,4557.33,483966,90595.1,2.48278,6746.64,34311.6,151068,171458,170461,0.0183953,707320,259299,722.862,116.284,2506.32,31165.5,5518.73,24812.4,36495.3,14153.2,12415.3
4406,1,2026-09-13 00:00:00,17:33:33,12040443,Air-2-4,378,0.01,5.598,0,4,4,3,1,2,4,33.933,0.502379,120637,331.469,11980.6,4673.25,485146,90753.8,2.48748,6729.12,34263,150799,171354,170495,0.0183457,710401,259594,701.863,117.732,2506.38,31147.7,5498.93,24805.2,36552.9,14152.3,12411.6
4407,1,2026-09-13 00:00:00,20:43:33,12050443,Air-2-5,380,0.01,5.72,0,4,4,3,1,2,5,43.4104,0.636173,143358,390.44,14268.1,4631.47,578744,108860,2.99118,8238.11,42860.2,187891,213766,212806,0.0222124,880036,323652,709.974,149.966,3177.85,39405.1,6902.52,31389.3,46130.7,17846.7,15625.9
4408,1,2026-09-13 00:00:00,23:53:33,12050443,Air-2-5,382,0.01,5.679,0,4,4,3,1,2,5,43.1702,0.636177,150374,421.541,15019,4680.88,577400,108715,2.98532,8188.57,42711.8,187534,213459,212219,0.0221869,880608,323057,658.244,147.611,3156.63,39317.7,6924.83,31351.8,46061.8,17824,15599.3
4414,1,2026-09-14 00:00:00,20:15:04,12050443,Air-2-5,384,0.02,5.666,0,4,4,3,1,2,5,42.872,0.61893,131930,365.485,13197.5,5416.55,574681,108131,2.97041,8049.35,42240.6,184958,209570,209841,0.0219376,844753,318079,668.226,145.602,3140,38804.5,6832.92,30902.7,45431.9,17591.2,15414.6
4415,1,2026-09-14 00:00:00,23:25:04,12050443,Air-2-5,386,0.02,5.596,0,4,4,3,1,2,5,41.1524,0.620554,139364,402.817,14017.9,5066.7,572490,107760,2.9587,8100.62,42227.9,186583,211547,209888,0.0220847,880244,320289,687.297,147.471,3119.7,38816,6817.76,30902.6,45439.9,17582.3,15397.5
4416,1,2026-09-15 00:00:00,02:35:04,12050443,Air-2-5,388,0.017,5.638,0,4,4,3,1,2,5,42.4051,0.623922,145625,397.144,14572.7,4983.31,571535,107564,2.95387,8045.11,42182.2,185548,211070,209581,0.0219958,872520,319680,643.892,144.672,3152.95,38706.8,6823.2,30831.9,45395.7,17567.2,15357.9
4420,1,2026-09-15 00:00:00,17:52:05,12050443,Air-2-5,390,0.011,5.568,0,4,4,3,1,2,5,41.3003,0.612995,136097,368.497,13502.7,5316.71,569655,107227,2.94536,7949.97,41651,183934,208392,206779,0.0217446,869961,315189,679.296,145.789,3062.05,38232.3,6752.43,30489.5,44813.3,17321.1,15178.8
4421,1,2026-09-15 00:00:00,21:02:05,11050443,Air-1-5,391,0.01,2.789,0,4,4,3,1,1,5,19.9573,0.295287,72444.5,200.049,7240.8,4793.87,304707,56588.1,1.54502,4149.48,20280.9,88815.1,101013,101098,0.0119572,408479,153273,562.017,70.6897,1490.59,18292.4,3250.43,14588.3,21606.5,8335.2,7290.55
4422,1,2026-09-16 00:00:00,00:12:05,11050443,Air-1-5,392,0.01,2.813,0,4,4,3,1,1,5,20.0921,0.294809,69011.7,194.747,6926.91,4551.1,304226,56471.7,1.54292,4099.7,20238.8,88325.6,100524,100713,0.011923,406508,152767,547.778,70.1536,1475.92,18157.2,3240.73,14515.5,21504.1,8295.42,7261.25
4423,1,2026-09-16 00:00:00,03:22:05,12050443,Air-2-5,394,0.01,5.519,0,4,4,3,1,2,5,40.2497,0.614267,138521,384.788,13754,4570.68,565746,106393,2.92446,7920.04,41567,181878,206121,206784,0.0216281,829129,312953,664.15,146.785,3075.55,38123.8,6703.72,30370.5,44720.9,17332,15157.7
4428,1,2026-09-16 00:00:00,20:04:54,12050443,Air-2-5,396,0.01,5.686,0,4,4,3,1,2,5,40.9953,0.610014,127634,357.906,12727.6,4579.05,567053,106746,2.93111,7956.69,41591.8,183368,206948,206672,0.0215701,844967,312304,690.327,146.019,3093.22,38146.9,6751.71,30395.2,44735.2,17338.8,15181.6
4429,1,2026-09-16 00:00:00,23:14:54,12050443,Air-2-5,398,0.01,5.591,0,4,4,3,1,2,5,42.4624,0.610873,139674,390.488,13978.8,4837.77,564954,106291,2.92059,7985.06,41587.9,182558,206269,206748,0.0215394,833126,312194,700.567,148.128,3065.53,38119.9,6747.39,30418.8,44812.1,17334,15165
4430,1,2026-09-17 00:00:00,02:24:55,12050443,Air-2-5,400,0.01,5.52,0,4,4,3,1,2,5,41.9813,0.611347,146650,400.705,14611.1,4867.61,566341,106487,2.92596,7982.34,41581.2,182314,205984,206305,0.0215541,832001,312187,699.656,145.239,3082.36,38107.8,6726.01,30362.8,44759,17320.6,15200.7
4431,1,2026-09-17 00:00:00,05:34:54,12050443,Air-2-5,402,0.01,5.603,0,4,4,3,1,2,5,41.7061,0.609787,144432,410.682,14410.2,4759.41,565340,106296,2.92116,7961.2,41562.2,182988,208220,206101,0.0216298,868967,314685,689.768,144.259,3070.39,38116.7,6710.35,30394.7,44678.8,17304.1,15158.4
4434,1,2026-09-17 00:00:00,17:45:30,12050443,Air-2-5,404,0.01,5.563,0,4,4,3,1,2,5,41.5457,0.608222,142070,389.517,14218.5,4604.5,565423,106365,2.92232,8017.78,41452.1,182655,207381,205970,0.0215717,861021,313351,737.793,146.701,3092.96,38030.9,6698.3,30314.6,44607,17297.4,15112.9
4435,1,2026-09-17 00:00:00,20:55:30,11010443,Air-1-1,405,0.01,2.775,0,4,4,3,1,1,1,3.77957,0.0566022,12439.4,33.2243,1245.65,4141.75,57786.8,10613.6,0.286612,1198.26,3838.28,16713.2,19257.5,19044.1,0.0044829,79595.2,29087.4,518.943,13.3095,272.349,3308.46,600.336,2638.59,3943.99,1527.77,1370.69
4436,1,2026-09-18 00:00:00,00:05:30,11010443,Air-1-1,406,0.01,2.816,0,4,4,3,1,1,1,3.30557,0.0567146,13316,36.8576,1341.12,3640.61,57536.5,10509.1,0.284995,1215.74,3797.22,16487.7,19113.3,18906.5,0.00447056,79397.9,28983.9,545.557,13.1126,269.088,3265.13,604.889,2609.56,3920.52,1516.44,1358.15
4437,1,2026-09-18 00:00:00,03:15:30,12050443,Air-2-5,408,0.01,5.554,0,4,4,3,1,2,5,38.883,0.593266,103281,288.734,10361.7,4043.08,562553,105803,2.90707,7970.16,41424.6,182024,207585,205778,0.0216104,866945,314201,707.202,145.708,3061.32,37858.6,6679.37,30161.3,44571.8,17262.3,15079.4
4438,1,2026-09-18 00:00:00,06:25:30,12050443,Air-2-5,410,0.01,5.605,0,4,4,3,1,2,5,41.3056,0.597575,123327,336.78,12366.5,4546.73,563574,106079,2.91157,8055.94,41481.5,183030,207789,205899,0.0216494,870729,314566,797.769,142.91,3090.17,38074.1,6695.72,30300.9,44681.4,17294.4,15126.7
4442,1,2026-09-18 00:00:00,19:11:00,12050443,Air-2-5,413,0.01,2.801,0,4,4,3,1,2,5,41.262,0.609577,146854,396.449,14627.4,3692.45,565712,106342,2.92416,7960.96,41303.2,181175,207220,205415,0.0215594,866727,313807,700.336,141.37,3046.23,37485.5,6649.27,29911.5,44201.3,17128.4,15000.9
4443,1,2026-09-18 00:00:00,22:21:00,11010443,Air-1-1,413,0.01,2.801,0,4,4,3,1,1,1,3.7041,0.0573004,14882.2,43.7714,1500.43,3869.43,58109.7,10638.9,0.287871,1165.33,3853.42,16668.9,19321,19116.5,0.00447717,80490.2,29287.9,500.921,13.4097,272.317,3300.21,608.704,2639.16,3952.45,1536.45,1365.25
4444,1,2026-09-19 00:00:00,01:31:00,11010334,Air-1-1-NeArSpl3-KrSpl4,414,0.01,2.763,0,3,3,4,1,1,1,3.42237,0.0573989,337326,952.45,34028.1,4193.17,1140900,219080,6.03109,509.962,97.1136,308.074,362.327,534.281,0.0027618,1182.09,723.543,478.439,0.178601,6.66615,78.5187,18.3591,65.5661,99.5364,37.9767,41.0135
4445,1,2026-09-19 00:00:00,04:41:00,11010332,Air-1-1-NeArSpl3-KrSpl2,415,0.01,2.793,0,3,3,2,1,1,1,4.08582,0.0572524,332830,935.432,33489.3,4767.52,1140310,218924,6.0268,3072.17,14509.6,63208.2,72917.5,72253.7,0.00938823,301718,110684,521.612,49.2241,1066.21,13007.8,2294.16,10377.7,15514.3,5998.37,5189.5
4446,1,2026-09-19 00:00:00,07:51:00,11010442,Air-1-1-KrSpl2,416,0.01,2.769,0,4,4,2,1,1,1,3.54673,0.0568759,14460,40.1736,1455.68,4346.85,57866,10573.7,0.286693,3098.76,14561.2,63725.4,72938.1,72509,0.00943578,301621,111087,573.573,50.1044,1072.82,13190.1,2311.33,10533.6,15694.1,6064.92,5244.82
4447,1,2026-09-19 00:00:00,11:01:00,11010443,Air-1-1,417,0.01,2.753,0,4,4,3,1,1,1,4.24724,0.0570661,14042.7,38.7595,1385.56,4071.39,57862.2,10600.9,0.286656,1196.3,3814.78,16443.8,19206.8,19089.3,0.00446307,78349.1,29157.2,520.041,13.5868,273.85,3292.72,605.565,2632.77,3959.69,1521.14,1351.25
4448,1,2026-09-19 00:00:00,14:11:00,12050443,Air-2-5,419,0.01,5.633,0,4,4,3,1,2,5,41.398,0.60384,140929,394.326,14165.8,4261.6,560336,105457,2.8978,7896.15,41487.2,180376,207667,206714,0.0215948,850189,314598,658.497,143.029,3080.69,37927.8,6718.36,30227.3,44786.1,17335,15130.4
4449,1,2026-09-19 00:00:00,17:21:01,12051444,Air-2-5-HeSpl1-KrSpl4,421,0.01,5.555,1,4,4,4,1,2,5,20.6401,0.296373,140550,397.18,14205.6,4486.89,559533,105378,2.89402,662.519,1152.79,4856.12,5761.12,5720.74,0.00325111,23091.5,8642.2,452.527,3.54727,74.5659,900.264,188.813,711.13,1092.28,422.782,415.702
4450,1,2026-09-19 00:00:00,20:31:01,12052443,Air-2-5-HeSpl2,423,0.01,5.519,2,4,4,3,1,2,5,9.3353,0.135049,143847,404.815,14486.8,4257.09,558998,105259,2.89082,7933.77,41662.2,181713,208013,207099,0.0217694,850903,315159,641.133,142.627,3079.36,37945.5,6697.05,30250.1,44878.9,17340.9,15147.4
4451,1,2026-09-19 00:00:00,23:41:01,12053444,Air-2-5-HeSpl3-KrSpl4,425,0.01,5.666,3,4,4,4,1,2,5,2.81216,0.0406491,125560,348.293,12580.1,4608.14,560147,105411,2.89568,705.876,1149.62,4802.11,5742.43,5658,0.0032526,22720.4,8583,482.353,3.79906,76.8146,892.818,187.825,712.245,1087.91,424.073,425.573
4452,1,2026-09-20 00:00:00,02:51:01,12050443,Air-2-5,427,0.01,5.493,0,4,4,3,1,2,5,39.9698,0.593944,119049,332.389,11909.8,4334.47,558130,105109,2.887,7909.16,41457.3,181632,206579,205947,0.021725,840097,313095,680.549,142.878,3051.55,37786.9,6656.22,30109.8,44522,17224,15050.2
4453,1,2026-09-20 00:00:00,06:01:01,11010443,Air-1-1,428,0.01,2.79,0,4,4,3,1,1,1,3.79699,0.0566096,13672.6,37.7631,1369.67,4009.75,57662.9,10589.9,0.28635,1194.49,3841.2,16664.1,19236.4,19134.1,0.00449991,77980.1,29152.8,511.523,12.6463,271.021,3281.47,602.836,2628.64,3956.67,1531.97,1356.06
4454,1,2026-09-20 00:00:00,09:11:02,11010334,Air-1-1-NeArSpl3-KrSpl4,429,0.01,2.799,0,3,3,4,1,1,1,3.89131,0.0571214,317673,890.491,31976.7,4536.94,1128410,216716,5.96425,526.304,105.542,457.763,542.342,531.139,0.00279517,2290.11,816.366,512.73,0.382167,6.7543,82.3219,16.8107,64.7192,99.3814,40.5833,40.2396
4455,1,2026-09-20 00:00:00,12:21:01,11010332,Air-1-1-NeArSpl3-KrSpl2,430,0.01,2.813,0,3,3,2,1,1,1,3.65782,0.0563378,306222,845.559,30778.1,4766.29,1127740,216723,5.96069,3099.83,14564.5,62849.1,73047.7,72433.2,0.00938747,301091,111076,566.937,49.783,1072.15,13128.5,2313.98,10457.7,15624.6,6037.46,5243.93
4456,1,2026-09-20 00:00:00,15:31:01,11010442,Air-1-1-KrSpl2,431,0.01,2.737,0,4,4,2,1,1,1,3.80673,0.0565282,13542.5,39.1007,1364.33,4425.12,57520.8,10568.3,0.285709,3159.44,14490.2,62740.8,72540.8,72140.4,0.00935024,298530,110530,598.588,49.5564,1065.69,13082.1,2308.28,10458.3,15587.7,5991.53,5215.59
4457,1,2026-09-20 00:00:00,18:41:01,11010443,Air-1-1,432,0.01,2.787,0,4,4,3,1,1,1,3.79669,0.0566281,14098.1,39.715,1429.32,4152,57496.6,10551.3,0.285525,1216.9,3799.49,16456.1,19137,19006.7,0.00448168,77693.5,29107,540.028,12.5836,271.527,3275.49,597.669,2615.97,3931.2,1521.31,1345.59
4458,1,2026-09-20 00:00:00,21:51:01,12050443,Air-2-5,434,0.01,5.601,0,4,4,3,1,2,5,38.7624,0.597332,140081,392.807,14054.3,4309.11,555293,104549,2.87332,7906.8,41306.4,179130,206580,205343,0.0215593,844777,313239,710.887,144.078,3059.27,37653.8,6661.24,30011.8,44470.9,17228,15017.7
4470,1,2026-09-22 00:00:00,17:56:39,12050443,Air-2-5 *30cc bulb on line*,436,0.01,4.858,0,4,4,3,1,2,5,34.6238,0.516882,119133,332.536,11921,5314.52,498981,93668.9,2.57207,6916.05,36159.5,157949,180401,179596,0.0191598,742835,272992,605.985,124.712,2662.53,32674.7,5752.81,25984.7,38658.6,14967.3,13013.9
4471,1,2026-09-22 00:00:00,21:06:39,12050443,Air-2-5,438,0.01,4.837,0,4,4,3,1,2,5,34.2923,0.515208,104128,284.216,10378.5,4868.68,498541,93686.6,2.57115,6871.11,36144.6,158493,180819,179802,0.019168,745104,273504,565.667,123.307,2654.5,32696.8,5757.17,26081,38674.8,14952.6,12980.2
4472,1,2026-09-23 00:00:00,00:16:39,12050443,Air-2-5,440,0.01,4.802,0,4,4,3,1,2,5,34.3791,0.518251,120410,331.078,12031.1,4768.33,497478,93464.6,2.56581,6864.27,36150.3,158065,180579,179795,0.0191607,742450,273165,573.399,121.955,2648.39,32699.7,5755.1,26028.9,38619.8,14952.1,12964.9
4473,1,2026-09-23 00:00:00,03:26:39,12050443,Air-2-5,442,0.008,4.843,0,4,4,3,1,2,5,34.4867,0.517873,126447,350.501,12691,4801.2,493177,92721.1,2.54471,6828.59,36008.5,157725,180009,179177,0.0191378,739482,272732,546.723,127.672,2645.84,32654.6,5720.85,26008.1,38527.2,14868.6,12918.4
4477,1,2026-09-23 00:00:00,18:48:43,12050443,Air-2-5,444,0.01,4.795,0,4,4,3,1,2,5,33.8126,0.511411,124472,347.152,12523.1,5705.66,487069,91618.1,2.51291,6782.32,35507.2,154344,177657,176735,0.0188385,730393,269215,570.792,121.37,2605.26,32081.3,5651.76,25536.4,38027.1,14720.2,12751
4478,1,2026-09-23 00:00:00,21:58:43,11050443,Air-1-5,445,0.01,2.364,0,4,4,3,1,1,5,16.0521,0.253298,61500.3,173.435,6181.57,4951.57,259623,48139.7,1.31706,3533.73,17250.2,75222.1,86469.1,85752.9,0.0105874,359782,131328,526.406,58.816,1248.62,15427.7,2704.85,12282,18307.9,7081.41,6117.62
4479,1,2026-09-24 00:00:00,01:08:43,11050443,Air-1-5,446,0.01,2.41,0,4,4,3,1,1,5,16.3082,0.253892,63359,173.668,6415.92,4663.89,259142,48068.1,1.31529,3540,17215.6,75305.8,86480.5,85693.8,0.010619,360426,131318,505.235,59.6567,1257.54,15378.7,2704.35,12256.5,18287.4,7073.47,6122.44
4480,1,2026-09-24 00:00:00,04:18:43,12050443,Air-2-5,448,0.01,4.715,0,4,4,3,1,2,5,34.0362,0.512015,125221,345.764,12602.3,4975.95,487673,91647.8,2.5149,6745.54,35514.4,154606,176693,176925,0.0188759,713847,268401,563.86,120.4,2610.26,32146.9,5630.85,25578.6,38008.3,14685.3,12718.5
