_row,_code,A,B,C,D,E,F,G,H,I,J,K,L,M,N,O,P,Q,R,S,T,U,V,W,X,Y,Z,AA,AB,AC,AD,AE,AF,AG,AH,AI,AJ,AK,AL,AM,AN
7,2,2023-07-07 00:00:00,14:02:00,20010444,Blank-1x,2621,0.27,0.07,0,4,4,4,2,0,1,0.148884,0.00143482,63.2326,0.0661041,15.4272,43821,206.367,28.3451,0.000994707,41.1403,5.01666,17.6599,26.3418,2.62113,0.00272908,92.1142,24.8083,42.8891,-0.0692115,0.340913,0.811154,0.349924,0.654487,1.15395,0.0527393,0.343039
13,2,2023-07-08 00:00:00,08:02:00,20010444,Blank-1x,2626,0.13,0.06,0,4,4,4,2,0,1,0.0456311,0.00117616,52.2311,0.224561,15.6463,43590.4,147.601,20.609,0.000721776,46.8716,4.63568,14.665,21.273,19.0681,0.00273439,68.5233,17.2815,46.8949,0,0.404071,4.72598,0.622508,3.12095,2.7289,1.33735,1.39969
20,2,2023-07-09 00:00:00,05:02:00,20010444,Blank-1x,2633,0.08,0.06,0,4,4,4,2,0,1,0.0112331,0.00137535,51.6592,0.062893,14.7394,43636.5,130.448,17.318,0.000635562,41.7468,2.21038,14.7182,18.3843,20.2491,0.00272298,65.7122,18.8216,41.1041,0,0.394578,4.06677,0.202274,2.95956,3.48197,1.30477,1.34036
26,2,2023-07-09 00:00:00,23:02:00,20010444,Blank-1x,2638,0.07,0.06,0,4,4,4,2,0,1,0.0343072,0.0012746,51.177,0.082077,15.3164,43412.7,122.872,16.856,0.00061034,45.091,3.03256,14.036,20.3997,2.30763,0.00273141,64.3212,18.2031,41.0707,0,0.16445,0.923652,0.540608,0.234223,1.11625,-0.0230914,0.457308
35,2,2023-07-11 00:00:00,03:44:28,20050444,Blank-5x,2648,0.07,0.06,0,4,4,4,2,0,5,0.0200959,0.00141992,65.6328,0.168781,15.1685,45285,287.024,36.856,0.00143411,30.8866,8.8013,30.8523,47.641,46.4532,0.00273165,153.751,39.9536,28.6564,0,1.19551,11.6112,2.1959,8.82541,9.1678,3.62119,3.21031
47,2,2023-07-12 00:00:00,22:05:34,20010444,Blank-1x,2662,0.06,0.06,0,4,4,4,2,0,1,-0.0163879,0.00110825,57.7654,0.118969,14.7723,46069.1,85.0234,13.7653,0.000623137,46.22,4.80113,14.7654,23.4567,21.7433,0.00272909,73.6646,19.4323,44.0806,0,0.785865,5.59643,1.17824,3.76887,3.67645,1.04283,1.85377
65,2,2023-07-15 00:00:00,11:23:45,20010444,Blank-1x,2682,0.06,0.05,0,4,4,4,2,0,1,0.0882136,0.00104169,57.1033,0.0489334,14.7028,44320.7,123.148,16.8167,0.000606647,48.9724,3.5291,13.9491,21.9577,22.2597,0.00271715,72.5032,17.754,46.5259,0,0.599338,4.38267,2.05247,3.24063,4.00716,1.57988,1.13582
71,2,2023-07-16 00:00:00,05:23:45,20010444,Blank-1x,2687,0.06,0.06,0,4,4,4,2,0,1,0.0726653,0.00126667,51.7062,0.135104,14.0752,43404.7,124.151,17.0324,0.000599257,56.0701,5.80822,12.2683,20.6914,20.1975,0.00272739,61.0521,18.3079,52.9496,0,0.354219,4.545,0.742555,3.25421,3.66945,1.47336,1.2882
89,2,2023-07-18 00:00:00,20:06:48,20010444,Blank-1x,2713,0.06,0.06,0,4,4,4,2,0,1,0.0433576,0.0013791,53.1965,0.0203559,14.57,46548.3,127.81,17.4938,0.000584683,39.9575,4.77155,16.0674,23.751,3.96375,0.00273213,81.8751,21.6975,44.554,0,0.050135,0.706637,0.264427,0.336115,1.33136,0.357224,0.421235
104,2,2023-07-20 00:00:00,23:50:27,20000330,Blank-all,2735,0.03,0.03,0,3,3,0,2,0,0,0.121569,0.00460165,5801.76,13.1722,352.85,37719.4,38728.2,5136.09,0.207567,187.037,615.152,2087.38,3129.33,3075.13,0.00324766,10273.4,2644.68,33.7465,5.00863,96.7987,926.554,213.423,731.17,800.389,306.541,266.591
107,2,2023-07-21 00:00:00,08:50:27,20050330,Blank-5x,2743,0.03,0.03,0,3,3,0,2,0,5,-0.00527493,0.00132999,402.206,0.935402,33.3588,40849.4,1236.18,158.378,0.00641141,46.5882,29.8822,89.963,149.088,144.372,0.00274077,468.077,123.512,38.0439,0.112318,4.02669,37.9959,8.24917,29.5597,33.5959,12.5006,10.1353
115,2,2023-07-25 00:00:00,01:12:35,20010444,Blank-1x,2753,0.03,0.03,0,4,4,4,2,0,1,-0.000953794,0.00111021,46.2155,0.0491525,12.1117,39871.2,115.597,15.6292,0.000542973,28.6781,4.75997,14.8482,19.616,1.79398,0.00273604,66.379,16.6298,26.1744,0,0.13114,0.825989,0.226972,0.0734689,0.810219,0.160975,0.263174
121,2,2023-07-25 00:00:00,21:29:42,20010444,Blank-1x,2763,0.05,0.04,0,4,4,4,2,0,1,0.0905072,0.00108601,49.4169,0.0941848,12.3358,45243.8,142.744,19.0203,0.000701765,36.371,6.75217,19.3181,29.3733,22.4865,0.00273946,118.401,26.6529,39.6215,0,0.281263,4.58409,1.47887,4.68001,5.07467,2.3388,1.67999
129,2,2023-07-26 00:00:00,23:26:01,20000330,Blank-all,2771,0.05,0.04,0,3,3,0,2,0,0,0.185327,0.00469072,6045.76,15.7731,413.147,48971.5,40447.2,5391.94,0.216075,186.544,634.048,2191.95,3175.32,3129.94,0.00326446,10723.8,2732.95,35.2313,4.38813,101.211,950.433,213.06,752.424,819.931,318.076,268.951
148,2,2023-07-29 00:00:00,12:58:32,20010444,Blank-1x,2793,0.03,0.03,0,4,4,4,2,0,1,0.101628,0.00105355,48.822,0.135309,11.4772,44080.9,145.435,19.729,0.000681816,40.9115,6.96661,21.7388,33.2643,22.6654,0.00272999,105.6,30.0176,41.3002,0,0.804461,5.35777,0.725502,4.78676,5.22504,1.3865,2.37453
171,2,2023-08-01 00:00:00,22:17:25,20050444,Blank-5x,2822,0.05,0.05,0,4,4,4,2,0,5,0.113734,0.00130606,57.037,0.186822,13.0956,43571,314.767,40.2728,0.00159043,25.8847,9.77791,38.6151,59.129,35.1196,0.00274369,182.868,45.9613,20.4874,0,0.997717,10.9507,2.22748,9.51612,9.12259,3.65811,2.7395
185,2,2023-08-03 00:00:00,22:04:28,20050444,Blank-5x,2838,0.03,0.03,0,4,4,4,2,0,5,0.0785552,0.00137405,61.0721,0.254047,12.6603,45603.9,313.515,40.2051,0.00155209,35.6504,12.2838,38.7319,59.6547,42.0753,0.00275633,196.935,51.5521,24.6116,0,0.747713,10.7695,3.44385,9.05918,12.3452,2.91701,3.30686
197,2,2023-08-05 00:00:00,15:16:34,20010444,Blank-1x,2851,0.03,0.03,0,4,4,4,2,0,1,-0.00783449,0.00105892,40.1807,0.0668474,10.8568,42951.5,139.792,17.9553,0.000692233,35.9376,6.86356,22.7285,30.7458,19.5135,0.00272497,105.347,26.8523,35.9503,0.0934262,0.409191,4.68893,1.17046,3.97204,4.64808,2.15926,2.19578
203,2,2023-08-06 00:00:00,09:16:34,20010444,Blank-1x,2856,0.03,0.03,0,4,4,4,2,0,1,0.0627899,0.00109325,43.6276,0.200286,12.1673,43986.7,145.167,19.045,0.000701636,43.2825,4.59471,19.7034,32.1025,16.3535,0.00273469,112.897,31.7155,43.1341,0,0.39009,6.68494,1.48193,4.33611,5.20914,1.73224,2.05714
223,2,2023-08-09 00:00:00,09:04:36,20000330,Blank-2cl-all-NeArSplit3,2883,0.03,0.03,0,3,3,0,2,0,0,-0.0306556,0.00110515,60.2121,0.130354,11.2309,42378.7,134.54,17.4761,0.000673837,42.0306,6.28641,19.0066,34.6008,26.0719,0.00273512,99.602,25.6783,38.6092,0.216168,0.850363,5.71635,1.46493,4.70431,5.3423,1.4551,1.29702
224,2,2023-08-09 00:00:00,12:08:15,20000440,Blank-2cl-all-NeArsplit4,2883,0.07,0.05,0,4,4,0,2,0,0,0.112646,0.00112922,38.9176,0,11.2915,34423.8,106.736,13.64,0.000491203,33.9597,7.02108,18.756,27.4416,20.3872,0.00272368,94.4872,25.6157,36.1159,0,0.487719,5.60844,0.91253,5.14603,3.54862,1.79436,1.14072
225,2,2023-08-09 00:00:00,15:08:15,20010444,Blank-2cl-1x-NeArsplit4,2883,0.09,0.07,0,4,4,4,2,0,1,0.0205622,0.00113787,42.0773,0.0878914,10.0777,33039.8,101.545,14.1791,0.000464697,29.3624,4.3362,10.9843,17.5066,6.31904,0.00273588,56.2052,14.556,31.2544,0,0.177029,3.11461,0.520196,2.01128,2.07967,1.07142,1.36486
226,2,2023-08-09 00:00:00,18:08:15,20010330,Blank-2cl-1x-NeArsplit3,2883,0.11,0.09,0,3,3,0,2,0,1,0,0.00119366,59.1858,0.168343,11.9351,34627.5,134.137,16.6351,0.000620183,34.9742,4.50678,15.7884,23.248,4.98168,0.00273179,77.3258,21.7772,33.4115,0.0585279,0.400256,3.21384,1.55046,2.17237,4.74713,0.756767,1.11695
227,2,2023-08-09 00:00:00,21:08:15,20050444,Blank-2cl-5x-NeArsplit4,2883,0.13,0.11,0,4,4,4,2,0,5,-0.0349942,0.00129694,40.0977,0.109031,8.51773,31340.7,99.4725,13.1954,0.000469632,33.3273,4.63537,10.8917,16.6027,2.42517,0.00272573,53.5888,10.8515,28.7825,0,0.29834,3.83151,0.527312,1.95637,2.11861,0.788797,0.689285
228,2,2023-08-10 00:00:00,00:08:15,20050330,Blank-2cl-5x-NeArsplit3,2883,0.15,0.13,0,3,3,0,2,0,5,-0.0498151,0.00129864,49.217,0.113276,11.2597,32961.6,123.118,17.0194,0.000603236,30.2802,4.96078,14.1912,21.2712,4.21914,0.00274749,67.6388,17.8041,30.0104,0.0242426,0.792813,3.27387,0.653315,3.02008,3.56133,0.843938,0.924339
229,2,2023-08-10 00:00:00,07:44:46,20000330,Blank-NeArSplit3-all,2883,0.03,0.03,0,3,3,0,2,0,0,0.159648,0.00458096,3884.2,13.7736,388.852,32595.6,38027.4,5054.23,0.205263,183.973,597.728,1984.42,3038.07,3005.51,0.00324217,9667.67,2559.18,38.1284,4.1676,98.5453,867.817,202.968,691.03,778.416,297.173,250.575
230,2,2023-08-10 00:00:00,10:44:47,20000440,Blank-NeArSplit4-all,2883,0.03,0.03,0,4,4,0,2,0,0,0.235263,0.00457753,357.981,0.660369,30.1274,35794.7,4950.08,633.477,0.0263549,192.09,622.824,2063.03,3113.87,3078.02,0.00324791,9999.66,2645.28,41.6474,4.76201,99.3039,907.509,211.359,710.59,798.455,306.401,261.57
231,2,2023-08-10 00:00:00,13:44:46,20010330,Blank-NeArSplit3-1x,2883,0.03,0.03,0,3,3,0,2,0,1,0.0330737,0.00108145,117.411,0.191084,15.1733,37702,282.76,36.9727,0.00142369,44.4114,8.18803,37.3638,49.3776,11.6175,0.00272712,162.124,37.8882,40.6525,0,0.261433,9.96452,2.22568,6.92371,8.16468,2.86889,2.98141
232,2,2023-08-10 00:00:00,16:44:46,20010440,Blank-NeArSplit4-1x,2883,0.03,0.03,0,4,4,0,2,0,1,0.027034,0.00112712,43.713,0.0447655,10.1538,32029.6,128.37,17.7781,0.00063477,33.4911,9.45254,26.5703,39.9295,4.33834,0.00271947,132.785,37.1706,29.9293,0,1.11874,9.33899,2.16315,7.07556,6.54943,2.52831,2.32707
233,2,2023-08-10 00:00:00,19:44:46,20050330,Blank-NeArSplit3-5x,2883,0.03,0.03,0,3,3,0,2,0,5,0,0.00130128,394.931,1.12519,32.3637,33233.1,1200.13,155.076,0.00628911,35.8138,31.8376,93.559,154.158,6.32917,0.00273625,481.96,120.984,26.7262,0.167147,3.52232,31.6135,8.07868,25.718,30.7866,12.7637,9.43639
234,2,2023-08-10 00:00:00,22:44:47,20050440,Blank-NeArSplit4-5x,2883,0.03,0.03,0,4,4,0,2,0,5,0.0260785,0.00134831,52.5239,0.1224,9.62984,30595.1,288.563,35.2738,0.00146439,32.638,29.8372,96.9594,147.361,143.326,0.00275093,466.816,117.756,25.3277,0.116196,3.60746,34.1063,7.58385,26.5283,28.9009,11.9502,9.76635
237,2,2023-08-11 00:00:00,08:04:35,20000330,Blank-NeArSplit3-all,2885,0.06,0.03,0,3,3,0,2,0,0,0.160604,0.00440042,4881.13,16.9371,410.107,37469.2,37846.6,5055.19,0.20352,202.965,602.252,1979.12,3054,3005.75,0.00323162,9709.95,2584.9,60.9258,4.32121,94.6169,831.582,198.308,661.259,750.746,291.703,249.388
238,2,2023-08-11 00:00:00,12:18:04,20000334,Blank-Ne3split-all,2885,0.06,0.03,0,3,3,4,2,0,0,0.203811,0.0179114,6654.42,14.7805,408.652,37841.9,50534.1,6681.39,0.271729,69.0625,137.495,459.396,692.545,678.57,0.00284912,2228.01,580.962,30.8855,1.15323,20.6407,188.343,40.9148,147.422,167.597,64.4768,55.1458
240,2,2023-08-11 00:00:00,18:48:00,20010334,Blank-Ne3split-1xVRCblkx2,2887,0.04,0.03,0,3,3,4,2,0,1,-0.00714058,0.00113589,126.035,-0.0259763,16.3821,43647.9,310.511,40.048,0.00160836,27.3077,6.49168,20.1007,28.3627,13.4508,0.0027367,102.182,26.2536,27.8317,0,0.429018,4.95233,1.50121,3.04838,4.73577,2.08825,1.47175
241,2,2023-08-11 00:00:00,21:48:00,20010444,Blank-Ne4split-1xVRCblkx2,2887,0.04,0.03,0,4,4,4,2,0,1,0,0.00125503,42.3631,0.037084,10.473,32906.5,133.302,18.6162,0.000663923,28.1547,5.9254,16.8879,20.9399,9.01612,0.00270963,77.5736,20.1995,25.6981,0,0.78863,4.79307,0.562227,2.2985,3.48243,1.35879,1.64945
243,2,2023-08-12 00:00:00,03:48:00,20050334,Blank-Ne3split-5xVRCblkx2,2889,0.04,0.03,0,3,3,4,2,0,5,0.0350474,0.00133139,423.438,0.949395,35.6486,42724.3,1455.49,183.909,0.00760933,22.4189,11.9169,40.2198,56.2447,52.9343,0.00274057,171.854,51.0507,21.2948,0,0.548177,13.2452,2.505,8.89308,10.8902,3.30588,3.91471
244,2,2023-08-12 00:00:00,06:48:00,20050444,Blank-Ne4split-5xVRCblkx2,2889,0.04,0.03,0,4,4,4,2,0,5,0.0118561,0.00125515,43.6801,0.202378,10.9876,33092.2,322.303,41.7629,0.00161486,37.0734,9.47486,37.8384,55.4703,39.6622,0.00275122,159.422,39.1194,36.7588,0,1.12292,10.7135,2.44284,8.97438,8.4698,4.04943,2.95127
246,2,2023-08-12 00:00:00,12:48:00,20000334,Blank-Ne3split-allVRCblkx2,2891,0.03,0.03,0,3,3,4,2,0,0,0.116357,0.00388019,5303.25,16.3479,410.048,42302.3,44394.8,5895.34,0.238148,63.0557,142.552,473.387,703.322,686.869,0.00284332,2284.85,602.543,29.2069,1.04329,20.5803,196.055,46.836,157.357,170.487,68.0838,54.9533
247,2,2023-08-12 00:00:00,15:48:00,20000444,Blank-Ne4split-allVRCblkx2,2891,0.03,0.03,0,4,4,4,2,0,0,0.137784,0.00388874,346.687,0.772886,27.5024,34572.5,5365.36,697.013,0.0284688,63.4428,134.552,448.48,673.849,654.619,0.00283895,2191.76,580.901,30.8373,0.869982,21.431,187.538,41.7758,146.292,164.753,64.1305,53.8316
249,2,2023-08-12 00:00:00,21:48:00,20010334,Blank-Ne3split-1xVRCblkx2,2893,0.04,0.03,0,3,3,4,2,0,1,0.0508859,0.00115384,119.438,0.2308,17.453,44187.1,297.281,37.8101,0.0015424,34.5531,8.47178,17.4638,28.4054,19.4407,0.00273671,102.174,28.6481,30.9474,0,0.636067,6.20525,2.01003,5.68423,4.04853,2.35864,1.94805
250,2,2023-08-13 00:00:00,00:48:00,20010444,Blank-Ne4split-1xVRCblkx2,2893,0.04,0.03,0,4,4,4,2,0,1,-0.0107582,0.00121476,42.1933,0.0633692,9.20013,33170.8,130.275,18.3393,0.000641409,28.9767,5.49883,18.0497,24.3134,14.6862,0.00273419,78.3322,20.8202,27.6776,0,0.368283,5.23227,1.39711,1.8267,5.40089,1.46993,1.63395
252,2,2023-08-13 00:00:00,06:48:00,20050334,Blank-Ne3split-5xVRCblkx2,2895,0.04,0.03,0,3,3,4,2,0,5,0.0155246,0.00130022,418.474,1.03161,34.5056,40729.5,1400.74,178.59,0.00733971,26.7696,10.4664,42.6576,61.3523,57.4724,0.0027443,190.922,50.2402,24.0156,0,0.0787402,0.0541822,0.0112504,0.0290776,0,0,0
253,2,2023-08-13 00:00:00,09:48:00,20050444,Blank-Ne4split-5xVRCblkx2,2895,0.04,0.03,0,4,4,4,2,0,5,-0.0469821,0.00135548,49.4107,0.171477,11.2877,32751.5,324.64,40.5688,0.00163654,27.1803,11.6376,38.473,54.5251,54.1007,0.00273393,178.092,45.8293,27.7769,0,0.234825,0.217307,0.210499,-0.024351,0,0,0
255,2,2023-08-13 00:00:00,15:48:00,20000334,Blank-Ne3split-allVRCblkx2,2897,0.03,0.03,0,3,3,4,2,0,0,0.213409,0.00375084,5255.97,15.0936,406.075,41788.5,43378.7,5752.92,0.233121,58.0852,138.334,460.777,686.799,684.087,0.00283738,2236.65,585.351,24.4498,0.741626,18.9131,191.3,44.7092,152.55,171.775,65.5285,55.0123
256,2,2023-08-13 00:00:00,18:48:00,20000444,Blank-Ne4split-allVRCblkx2,2897,0.04,0.03,0,4,4,4,2,0,0,0.11811,0.00382314,328.653,0.645725,28.5488,33904.6,5252.39,668.41,0.0279384,57.0894,129.7,434.486,655.954,647.699,0.00284389,2117.13,553.549,22.7266,0.945509,20.1675,181.072,43.0888,145.371,158.7,62.1857,53.6218
258,2,2023-08-14 00:00:00,00:48:00,20000334,Blank-Ne3split-allVRCblkx2,2899,0.03,0.03,0,3,3,4,2,0,0,0.274102,0.00391353,5544.15,15.7101,402.585,41130.1,42312.4,5631.55,0.228017,51.4304,131.553,449.113,677.651,666.127,0.00284178,2182.35,572.283,22.6603,0.735764,18.9825,189.508,40.5891,151.278,161.848,64.9936,53.4318
259,2,2023-08-14 00:00:00,03:48:00,20000444,Blank-Ne4split-allVRCblkx2,2899,0.03,0.03,0,4,4,4,2,0,0,0.115496,0.00389646,321.331,0.414493,26.2397,33705.5,5172.46,661.641,0.0275443,55.1769,129.175,430.961,637.574,635.149,0.00282711,2076.49,552.286,23.329,1.08585,19.7759,183.297,41.5808,137.308,153.584,61.9079,50.9152
260,2,2023-08-14 00:00:00,13:33:29,20000334,Blank-Ne3split-allVRCblkx3,2899,0.03,0.03,0,3,3,4,2,0,0,0.0904319,0.00332959,3779.83,13.3262,361.169,31994.3,48838.1,6450.6,0.263706,60.89,160.256,523.673,788.678,769.745,0.0028649,2508.43,661.152,23.7498,1.06373,26.3184,238.117,54.8118,185.206,212.19,81.137,67.4871
262,2,2023-08-14 00:00:00,19:44:46,20000334,Blank-Ne3split-allVRCblkx4,2901,0,0,0,3,3,4,2,0,0,0.0709785,0.00105513,54.785,0.199603,12.4138,43513.2,137.055,18.3297,0.000652035,28.6517,4.23381,14.5324,25.0626,8.37993,0.0027251,73.4067,21.9916,26.595,0,0.742317,4.18259,0.489179,3.61415,3.62398,1.4146,0.87338
264,2,2023-08-15 00:00:00,18:21:13,20000334,Blank-Ne3split-all-nub-Oring,2903,0,0,0,3,3,4,2,0,0,0.00783417,0.00148137,807.451,2.07816,58.233,44229.8,746.031,95.0238,0.00381569,17.9723,8.59473,26.3465,39.9514,29.3656,0.0027406,127.523,29.7749,17.8479,0,0,7.08042,1.27534,5.15809,6.90473,1.71568,1.95527
265,2,2023-08-15 00:00:00,21:21:13,20000334,Blank-Ne3split-all-nub-Oring,2903,0,0,0,3,3,4,2,0,0,-0.0527648,0.00157849,584.94,1.20892,45.0325,33840,562.424,71.2104,0.00290911,19.4672,7.05543,20.3724,34.366,4.89906,0.00274124,93.7958,26.4858,17.1569,0,0.664235,6.64652,1.49219,3.34645,3.82588,1.49971,1.46313
266,2,2023-08-16 00:00:00,00:21:13,20000334,Blank-Ne3split-all-nub-Oring,2903,0,0,0,3,3,4,2,0,0,0.0154369,0.00156558,531.649,0.858864,40.6052,32567,499.074,62.5926,0.002584,18.4062,6.32252,14.6498,27.8631,2.88604,0.00273843,78.6382,20.6579,16.9608,0,0.430516,3.66698,0.991724,3.82215,4.78401,1.68055,1.39655
268,2,2023-08-16 00:00:00,08:47:13,20000334,Blank-Nesplit3-all-swagelok,2905,0,0,0,3,3,4,2,0,0,0.0601883,0.00107871,149.167,0.58306,17.5617,37969.9,333.211,42.5051,0.00177718,22.8949,5.40293,15.0013,22.8292,24.9201,0.00273795,81.4612,21.7039,20.5565,0,0.469041,4.44757,1.59208,3.91795,4.23947,2.06568,1.67052
269,2,2023-08-16 00:00:00,11:47:13,20000334,Blank-Nesplit3-all-swagelok,2905,0,0,0,3,3,4,2,0,0,0.0162225,0.00108897,51.2587,0.192879,11.0607,34108.1,129.307,17.3711,0.000649727,18.8396,3.56244,10.5649,19.8399,15.1741,0.00273831,48.5466,15.7591,18.7487,0,0.32577,3.12191,1.35315,2.61124,3.51798,0.655516,0.377673
271,2,2023-08-16 00:00:00,18:43:18,20000334,Blank-Nesplit3-all-swage-cu-clamp,2907,0,0,0,3,3,4,2,0,0,-0.0086767,0.00110452,56.1499,0.0347198,11.4906,43514.2,133.593,17.5859,0.000656818,17.3632,4.33846,16.6484,23.5123,15.445,0.0027356,81.3284,22.477,20.0615,0,0.586619,4.13363,0.810388,3.91938,3.99197,1.74261,1.66487
272,2,2023-08-16 00:00:00,21:43:18,20000334,Blank-Nesplit3-all-swage-cu-clamp,2907,0,0,0,3,3,4,2,0,0,-0.0284183,0.00119653,46.1008,0.0518067,10.8714,35083.9,127.262,18.1393,0.000623907,19.9032,3.00503,12.7683,21.3558,8.08218,0.00272826,60.3391,16.3646,18.8699,0,0.41058,2.67597,0.456538,2.70399,2.66045,0.596617,0.637788
273,2,2023-08-17 00:00:00,00:43:19,20000334,Blank-Nesplit3-all-swage-cu-clamp,2907,0,0,0,3,3,4,2,0,0,-0.0119075,0.00120096,49.8858,0.04884,10.7582,33433,121.496,15.9283,0.000605869,18.2297,2.94442,10.2499,17.2646,2.46007,0.00273469,51.0182,14.4306,18.6163,0,0.00702911,3.18878,0.694205,2.78339,2.51695,1.99076,1.34256
277,2,2023-08-17 00:00:00,16:42:54,20000330,Blank-Nesplit3-CF-Capmans-all,2909,0.02,0.02,0,3,3,0,2,0,0,0.0546929,0.00121633,58.3138,0.35283,11.3079,34489.8,150.418,19.8683,0.000745095,27.6673,5.55105,18.8812,32.1035,0.121549,0.00274001,98.0673,22.9292,23.1391,0,0.292345,5.26837,1.61538,4.7907,4.74285,2.04371,1.5524
278,2,2023-08-17 00:00:00,19:42:54,20000330,Blank-Nesplit3-CF-Capmans-all,2909,0.02,0.02,0,3,3,0,2,0,0,-0.0555761,0.001198,40.0704,0.189691,10.4084,35385.9,101.637,13.7939,0.000631314,28.906,4.14984,13.3036,24.1953,0,0.00271812,73.6648,23.4168,25.7731,0,0.372973,4.47693,0.910781,2.80167,3.92596,1.71704,1.39481
280,2,2023-08-18 00:00:00,01:42:54,20000330,Blank-Nesplit3-CF-Capmans-all,2911,0.02,0.02,0,3,3,0,2,0,0,-0.0319759,0.0011886,55.0096,-0.0142768,12.9162,43549.6,133.253,18.098,0.000645803,27.4638,5.87632,22.2239,29.8434,24.1932,0.00275237,98.9912,27.9021,25.9831,0,0.260128,4.86375,2.08146,5.69258,6.15256,2.01666,2.06277
281,2,2023-08-18 00:00:00,04:42:54,20000330,Blank-Nesplit3-CF-Capmans-all,2911,0.02,0.02,0,3,3,0,2,0,0,0,0.00117315,40.627,0.0831495,9.53048,34824.4,130.011,16.4938,0.000619378,29.6571,5.0955,15.5796,26.2046,21.0704,0.00272498,85.3541,22.7313,24.4199,0.0121154,0.320796,5.56238,0.713446,3.04718,3.9073,1.64273,1.50072
289,2,2023-08-19 00:00:00,13:30:31,20050330,Blank-Nesplit3-5x,2920,0.01,0.01,0,3,3,0,2,0,5,0.023243,0.00122798,59.7287,-0.0656363,11.6119,45044.9,130.265,18.0651,0.000674768,32.9751,7.77427,24.6319,34.2023,14.0509,0.00272113,105.409,31.3347,32.3911,0,0.856277,5.51092,1.3887,5.10316,5.09004,1.93982,1.48769
295,2,2023-08-20 00:00:00,07:30:31,20010330,Blank-Nesplit3-1x,2925,0.01,0.01,0,3,3,0,2,0,1,0.0679183,0.00111777,51.8804,0.199401,11.9052,45109.9,134.286,16.4698,0.000636549,37.9581,5.63709,16.4909,33.1677,19.9061,0.00273237,106.874,25.0498,40.3915,0,0.536166,6.68541,1.12842,4.49069,5.78801,1.1641,1.63568
300,2,2023-08-20 00:00:00,22:30:30,20000330,Blank-Nesplit3-all,2933,0.01,0.01,0,3,3,0,2,0,0,0.0573356,0.00123754,52.4634,0.163574,12.4312,47132.5,131.986,19.1793,0.000648656,28.1077,7.364,25.9245,38.7311,27.2684,0.00274672,124.588,35.218,29.4952,0,0.793292,8.12399,2.12327,4.67531,6.72169,2.65093,0.903044
318,2,2023-08-24 00:00:00,00:06:40,20050444,Blank-5x,2956,0.02,0.02,0,4,4,4,2,0,5,0.120547,0.00131763,45.9448,0.101569,10.946,43485.5,111.466,14.011,0.000489766,27.8519,5.22174,23.1935,29.5579,21.97,0.00273905,94.7126,24.9669,24.3768,-0.0654485,0.635739,5.10237,1.35612,2.47559,4.03372,1.03211,2.21453
323,2,2023-08-24 00:00:00,16:37:16,20010000,Blank-NeArKrsplit0-1x,2960,0.02,0.02,0,0,0,0,2,0,1,0.0104207,0.00131455,400.162,0.838307,31.159,16282.3,155.013,20.5607,0.000753268,39.4669,6.6258,23.3594,38.48,20.2153,0.00272432,119.1,32.7439,36.926,0,0.920104,5.59037,1.91557,3.26925,4.93388,2.10549,1.97968
324,2,2023-08-24 00:00:00,19:37:16,20010000,Blank-NeArKrsplit0-1x,2960,0.02,0.02,0,0,0,0,2,0,1,-0.00227676,0.00147538,351.657,0.745798,26.3166,11098.9,140.454,18.0009,0.000685256,32.3646,5.8158,17.0499,27.347,9.21742,0.00273842,92.8885,22.018,31.0536,-0.12517,0.449708,5.24761,1.23039,4.39179,5.19472,0.664098,1.78246
325,2,2023-08-24 00:00:00,22:37:16,20010000,Blank-NeArKrsplit0-1x,2960,0.02,0.02,0,0,0,0,2,0,1,-0.050958,0.0012444,332.063,0.727068,24.7555,9821.83,138.042,17.1895,0.000671709,33.435,4.30231,16.4214,27.2075,5.13779,0.00272742,75.324,18.5809,33.0565,0,0.384508,4.70682,1.14743,3.73865,2.90665,1.47409,1.89065
338,2,2023-08-30 00:00:00,17:09:05,20010330,Blank-1x,2983,0.02,0.02,0,3,3,0,2,0,1,-0.00865467,0.000971842,56.5706,0.0252129,12.2156,56275.1,124.122,15.7543,0.000633279,37.8652,10.3084,26.2507,46.1936,25.9083,0.00274071,155.874,38.9563,37.3746,-0.0186391,0.578565,7.26499,1.20826,5.72212,6.96921,2.25331,1.81735
341,2,2023-08-31 00:00:00,02:39:05,20010443,Blank-1x,2985,0.01,0.01,0,4,4,3,2,0,1,0.0184718,0.00111116,39.0587,0.0010651,9.92085,48052.3,116.711,15.4989,0.000589783,31.5605,4.37587,17.4332,31.8542,21.4815,0.00274722,95.7221,22.7808,26.1912,0,0.555247,5.19052,1.21262,3.38509,2.9969,0.718427,1.38164
348,2,2023-09-01 00:00:00,00:49:04,20050444,Blank-5x,2995,0.02,0.01,0,4,4,4,2,0,5,0.017822,0.00119874,40.8201,0.192281,9.65382,46629,115.357,14.9754,0.00057306,27.7954,4.67612,14.1065,20.1707,17.3992,0.00273716,75.3039,19.6938,28.7077,0.0203225,0.117435,2.77955,1.31337,2.95584,4.93919,0.868617,1.3933
349,2,2023-09-01 00:00:00,03:59:04,20050443,Blank-5x,2995,0.02,0.02,0,4,4,3,2,0,5,0.0725981,0.00120929,37.3772,0.11989,9.87769,37846.9,108.489,14.5341,0.00054749,26.3992,4.37377,13.3061,21.9443,6.46638,0.00272683,73.4331,19.7443,24.9864,0,0.357394,2.85699,1.24121,3.06456,2.91077,1.57075,1.11628
351,2,2023-09-01 00:00:00,10:19:04,20010330,Blank-1x,2997,0.01,0.02,0,3,3,0,2,0,1,0.0606679,0.00104084,48.9651,0.149222,10.5705,52473.8,126.722,14.0204,0.000575901,37.698,9.89464,26.6149,48.7163,27.3375,0.00274606,142.711,37.8151,35.1916,0,0.83141,8.41335,1.64864,6.94981,5.91996,2.92259,2.01709
352,2,2023-09-01 00:00:00,13:29:04,20010330,Blank-1x,2997,0.02,0.02,0,3,3,0,2,0,1,-0.0240886,0.00106335,46.5666,0.250855,11.0534,43742.8,119.125,16.0794,0.000566262,36.1275,7.79284,27.9208,41.0858,17.2452,0.0027262,122.195,33.0298,33.9593,-0.0695585,0.781133,7.53346,2.2531,7.10229,5.94599,1.85062,2.01219
359,2,2023-09-02 00:00:00,11:39:04,20010330,Blank-1x,3003,0.01,0.02,0,3,3,0,2,0,1,0.0845862,0.000994336,51.6608,0.0442789,11.675,51204.1,125.945,16.3902,0.000589482,34.1931,9.0725,27.3821,45.2676,30.4671,0.00274307,137.038,37.1377,34.1691,0,0.735385,8.05852,2.0291,6.25632,6.1705,1.55853,2.42102
366,2,2023-09-03 00:00:00,09:49:04,20010330,Blank-1x,3014,0.02,0.02,0,3,3,0,2,0,1,0.0783989,0.00101039,51.7652,0.0721254,12.1062,52434.5,126.051,17.9796,0.000640435,50.4457,8.6458,31.3609,50.4104,36.4226,0.00273101,158.629,43.8087,46.593,0.0689973,0.706383,8.37644,2.17592,6.94817,6.71492,2.61215,2.0132
372,2,2023-09-04 00:00:00,04:49:04,20010444,Blank-1x,3024,0.02,0.02,0,4,4,4,2,0,1,0.0687143,0.000968872,37.705,0.0889501,8.47681,42558,114.419,15.3572,0.000541054,29.3801,4.27791,11.1631,22.04,15.7268,0.00273538,63.5208,16.9969,31.6523,-0.00602422,0.383886,4.26459,0.930115,3.20209,4.00299,1.44838,1.62634
378,2,2023-09-04 00:00:00,23:49:04,20010000,Blank-1x,3034,0.02,0.02,0,0,0,0,2,0,1,0.0676649,0.00103441,143.244,0.169353,16.1548,43726.9,137.051,19.0896,0.000668115,33.0116,8.41619,26.4448,41.82,30.3094,0.0027285,139.019,35.3169,30.622,0,1.16704,8.84502,1.73414,6.8122,5.87136,2.99992,2.39335
386,2,2023-09-08 00:00:00,10:03:59,20010444,Blank-1x **Argon Retune 9/6/23**,3048,0.15,0.15,0,4,4,4,2,0,1,0.00331216,-1.37498e-05,1016.39,2.07153,67.2666,2404830,9624.87,1042.03,0.0541942,86.122,4.4588,14.9599,18.6426,-0.43643,0.00272545,57.583,19.4051,74.6265,0,0.14576,0.0309419,0.323177,0.106177,0,0,0
388,2,2023-09-11 00:00:00,12:36:29,20010443,Blank-1x,3050,0.15,0.15,0,4,4,3,2,0,1,0.0411323,0.000605607,508.667,1.13321,40.2714,992944,3158.77,343.232,0.0179908,44.935,6.20612,15.3301,30.1257,5.89881,0.00273766,88.0166,25.2522,46.9073,0,1.0283,3.90904,0.88374,2.87875,3.84445,0.752709,1.16627
389,2,2023-09-12 00:00:00,10:21:15,20010443,Blank-1x,3050,0.14,0.14,0,4,4,3,2,0,1,0.0588099,0.000680708,513.142,1.04969,41.3281,891703,2481.17,277.844,0.0141123,48.1359,3.45379,14.4579,21.3273,23.2058,0.00267735,56.8785,18.1013,55.248,0,0.196892,-0.413078,-0.114876,2.12488,1.83713,0.623715,0.392906
390,2,2023-09-12 00:00:00,13:21:15,20010443,Blank-1x (KrXe not run),3050,0.14,0.14,0,4,4,3,2,0,1,0.0126422,0.000686651,513.783,1.21595,40.4003,899169,2389.51,264.719,0.0135424,0,0,0,0,0,0,0,0,0,0,0,0,0,0,0,0,0
391,2,2023-09-13 00:00:00,10:34:42,20010443,Blank-1x,3050,0.14,0.14,0,4,4,3,2,0,1,0,0.00103319,453.912,0.969011,37.657,741838,0,0,0,0,0,0,0,0,0,0,0,0,0,0,0,0,0,0,0,0
393,2,2023-09-13 00:00:00,17:33:04,20010443,Blank-1x,3051,0.13,0.14,0,4,4,3,2,0,1,0,0.00112036,344.344,0.882021,29.1775,549473,1711.35,190.066,0.00973678,44.0985,5.22726,17.2952,19.3155,18.4023,0.00268655,64.7754,17.8914,37.2607,0,0.0624791,0,0,-0.0972594,0,0,0
396,2,2023-09-14 00:00:00,02:33:04,20010443,Blank-1x,3054,0.13,0.13,0,4,4,3,2,0,1,0.0502046,0.00127047,376.085,0.850913,32.5378,573183,1594.41,175.049,0.00904523,29.0205,4.15864,18.8293,28.8633,31.1062,0.00274941,94.1465,24.307,33.1543,0.0897365,0.269773,0.117445,0.640131,0.193975,0.0962762,0.342284,0.0584809
401,2,2023-09-14 00:00:00,20:04:04,20010443,Blank-1x,3060,0.02,0.01,0,4,4,3,2,0,1,0.0262964,0.00122978,329.438,0.91485,30.72,503239,1386.95,152.676,0.00786986,36.3793,5.24592,18.8132,33.8309,1.35783,0.00273989,106.715,31.1978,35.7689,0.0423418,0.313975,0,0,-0.213906,0,0,0
405,2,2023-09-15 00:00:00,08:04:04,20010443,Blank-1x,3064,0.01,0.01,0,4,4,3,2,0,1,0.0817336,0.00127626,314.924,0.658958,28.8027,457412,1258.34,137.395,0.00718407,33.286,6.83466,20.7349,33.0079,36.8932,0.00273988,102.102,27.8706,37.4704,0,0.49515,-0.389161,0.353393,1.11322,-0.118636,2.86878,-0.349139
413,2,2023-09-16 00:00:00,08:04:04,20010443,Blank-1x,3075,0.01,0.01,0,4,4,3,2,0,1,0.0567242,0.00127848,302.525,0.606598,28.1902,401602,1079.21,122.008,0.00617831,50.9263,6.38053,20.4699,33.3144,37.3557,0.00274778,102.759,29.5014,49.2875,0.0600833,0.54811,-0.0865998,0.177255,4.25858,0,2.31216,1.59074
419,2,2023-09-17 00:00:00,02:04:04,20010443,Blank-1x,3082,0.01,0.01,0,4,4,3,2,0,1,0.0223069,0.00152371,270.625,0.665626,24.3954,334540,899.089,99.6314,0.00514708,24.5434,6.72714,18.5676,37.429,15.2568,0.00272116,110.565,33.5073,25.802,0,0.637978,5.78719,1.27397,3.78105,5.82237,2.20239,0.650788
425,2,2023-09-17 00:00:00,20:04:03,20010443,Blank-1x,3092,0.01,0.01,0,4,4,3,2,0,1,0.0602855,0.00134631,227.782,0.680669,25.2829,283638,831.069,95.4681,0.00473505,37.4133,10.998,37.4478,54.0264,50.8208,0.0027438,177.069,49.7583,39.2333,0,1.03882,-0.889504,0.20189,0.799922,-0.692998,1.86935,0.481674
434,2,2023-09-19 00:00:00,01:51:45,20010330,Blank-1x,3100,0.06,0.06,0,3,3,0,2,0,1,0.181466,0.00147041,265.034,0.70118,26.7839,236335,711.376,78.2076,0.00407375,33.2996,12.6233,30.1221,52.2796,57.3262,0.00272384,146.765,53.1886,31.2102,0,1.45047,0.254371,2.5136,9.04897,0,4.6024,2.33996
456,2,2023-09-22 00:00:00,01:39:45,20010230,Blank-1x,3118,0.06,0.06,0,2,3,0,2,0,1,0.0311924,0.0021328,209.84,0.445459,20.006,61967.9,465.611,51.2732,0.00266895,30.1902,9.76814,37.5633,55.4843,52.2088,0.00276453,176.826,47.308,25.9499,0,0.342319,10.7647,1.98787,8.01738,8.85227,3.20192,2.30636
457,2,2023-09-22 00:00:00,04:39:45,20010330,Blank-1x,3118,0.06,0.06,0,3,3,0,2,0,1,-0.0494639,0.00189867,199.425,0.588099,21.2875,151730,446.299,51.7533,0.0025505,23.3618,1.42021,2.37179,2.37096,52.8986,0.00274746,5.46129,12.5747,23.1375,0,0.907029,0.0507349,1.24179,6.11985,0.244261,2.1445,2.44037
469,2,2023-09-23 00:00:00,17:00:24,20010443,Blank-1x,3129,0.06,0.06,0,4,4,3,2,0,1,0.125934,0.00153813,133.185,0.277032,16.9081,118399,334.548,36.967,0.00187674,20.2829,8.2351,21.3794,33.7816,42.2894,0.00270067,107.455,32.2139,16.9326,0,0.286431,0.141699,0.335609,-0.0310762,0.241006,-0.27842,0.133128
477,2,2023-09-24 00:00:00,17:00:23,20010443,Blank-1x  (Ion Counting Trip),3143,0.06,0.06,0,4,4,3,2,0,1,0,-7.30292e-06,7.00921,0,0.380524,8558.81,8.03059,2.00227,8.68429e-05,18.0074,0.949043,2.51257,2.72332,1.00424,0.00274189,14.0297,4.99161,22.2455,0,0.418838,0.87745,-0.152983,1.24325,-0.25522,0.0395632,0.375266
480,2,2023-09-25 00:00:00,02:00:24,20010339,Blank-1x  (Ion Counting Trip),3147,0.06,0.06,0,3,3,9,2,0,1,0,2.60383e-05,9.5174,0,0.774304,7605.99,4.28686,1.29215,9.56384e-05,23.794,0.595727,2.40621,2.16674,1.15704,0.0027399,8.60729,4.59034,19.2127,0,-0.0270074,0.224411,-0.08462,0.766998,0.18452,0.476004,-0.0140625
488,2,2023-09-26 00:00:00,02:47:06,20010230,Blank-1x,3155,0.06,0.06,0,2,3,0,2,0,1,0.0318199,0.00267653,169.519,0.503698,18.6386,53790.3,289.255,33.364,0.00168494,19.7387,7.67051,20.0118,29.2754,60.2845,0.00274011,101.302,45.6305,19.1834,0,0.222844,0.0972896,-0.00526403,-0.0921487,-0.178747,0.333166,0.299721
501,2,2023-09-28 00:00:00,00:08:24,20010440,Blank-1x,3171,0.05,0.06,0,4,4,0,2,0,1,-0.0153627,0.00292064,147.494,0.307068,19.2892,116623,266.928,30.1772,0.00153451,19.011,5.67639,14.5713,14.7562,65.5986,0.00273534,78.5542,38.2692,16.4547,0,1.37231,0,1.65911,8.29107,0,3.20454,2.90494
509,2,2023-09-29 00:00:00,00:55:05,20010443,Blank-1x,3181,0.06,0.05,0,4,4,3,2,0,1,0.0648941,0.0028192,119.064,0.304021,17.5041,95243,220.19,25.7953,0.00129698,19.8703,5.17889,14.4574,17.2464,39.4229,0.00271944,71.7528,27.0905,20.0167,0,0.813917,4.13664,1.63966,4.46228,5.80788,1.54509,1.05915
522,2,2023-09-30 00:00:00,17:51:50,20010443,Blank-1x,3198,0.05,0.05,0,4,4,3,2,0,1,0.00140076,0.00228691,105.823,0.279567,14.3902,81627.8,186.331,22.0293,0.00106107,20.1389,0.407354,1.46785,1.04515,20.4894,0.00273904,2.69143,2.45473,23.9986,0,0.0580192,0,0,0.0214083,0,0,0
530,2,2023-10-01 00:00:00,17:51:50,20010443,Blank-1x,3212,0.05,0.05,0,4,4,3,2,0,1,0.0720051,0.00242487,99.0333,0.224118,14.5061,76689.9,171.853,18.8199,0.0010267,21.3484,0.846303,3.63066,3.35775,31.7056,0.0027395,6.96368,5.2767,21.2169,0,0.542649,-0.4247,0.529285,2.14885,-0.35737,0.810673,-0.126029
540,2,2023-10-03 00:00:00,02:14:12,20010010,Blank-1x,3223,0.01,0.01,0,0,1,0,2,0,1,-0.000833534,0.00350893,352.436,0.931896,29.9387,76649.8,132.884,15.3208,0.000742144,20.3053,7.71265,24.8833,38.4484,36.5955,0.00276097,121.351,33.3677,18.1157,0,0.448973,-0.399112,0.543768,3.51177,0.396985,2.29446,-0.309146
547,2,2023-10-04 00:00:00,00:31:31,20010000,Blank-1x,3229,0.01,0.01,0,0,0,0,2,0,1,0.132526,0.00256953,334.362,0.819847,29.8644,75027.5,222.296,25.5907,0.00131079,31.0885,7.15332,16.0261,33.2203,39.7299,0.0027405,90.2726,32.6601,29.988,0,0.16832,0,-0.134735,0.0627407,0,0,0
554,2,2023-10-04 00:00:00,22:56:55,20010000,Blank-1x,3234,0.01,0.01,0,0,0,0,2,0,1,0.0519585,0.00211506,301.29,0.815821,27.422,68274.4,219.129,26.5061,0.00129808,25.4641,8.76494,22.2963,44.2353,38.0047,0.00273065,112.793,33.8793,20.9855,0,1.0706,2.02376,0.197911,3.2618,1.79948,2.39217,0.662254
562,2,2023-10-06 00:00:00,02:04:24,20010000,Blank-1x,3242,0.01,0.01,0,0,0,0,2,0,1,0.0107245,0.00256931,313.439,0.753618,28.4954,67570.2,206.601,23.8692,0.00119995,34.451,6.87655,25.7013,38.1167,15.1715,0.00270811,130.924,31.7032,27.8545,0,0.0817753,0.114874,0,0.197065,0,0,0
574,2,2023-10-07 00:00:00,14:40:51,20010000,Blank-1x,3253,0.01,0.01,0,0,0,0,2,0,1,0.131997,0.00167674,278.839,0.628858,24.8791,63982,164.093,19.8883,0.000941547,32.4646,5.98355,16.7147,23.5013,31.1088,0.00272992,69.4444,23.9745,23.9592,0.0396166,-0.0122335,0.72888,-0.00212452,-0.181301,-0.235046,0.894886,0.0253567
582,2,2023-10-08 00:00:00,14:40:50,20010000,Blank-1x,3267,0.01,0.01,0,0,0,0,2,0,1,0.0652779,0.00224715,314.463,0.800336,27.889,67690.2,195.363,22.4505,0.00115537,48.2405,2.582,9.54396,10.58,40.0052,0.0027056,44.932,21.565,51.2088,0,0.179149,0.127943,-0.181766,-0.0178257,-0.118427,-0.0537617,0.120169
592,2,2023-10-09 00:00:00,22:47:48,20010000,Blank-1x,3278,0.01,0.01,0,0,0,0,2,0,1,0.103334,0.00287106,281.831,0.660075,25.0322,60463.7,176.508,20.9687,0.00100746,38.4673,6.68166,27.7437,40.4721,18.4885,0.00273595,121.465,37.0512,38.8132,0,0.0610194,-0.00794658,0,0.0663092,0,0,0
613,2,2023-10-13 00:00:00,03:07:48,20010000,Blank-1x,3299,0.01,0.01,0,0,0,0,2,0,1,0.00687117,0.00334368,245.584,0.703788,23.4167,54334.3,205.416,22.8862,0.00113909,27.9926,6.56796,25.8646,35.45,0.513177,0.00273854,117.939,33.4573,26.503,0,0.235428,0,0,0,0,0,0
625,2,2023-10-14 00:00:00,15:30:25,20010000,Blank-1x,3310,0.01,0.01,0,0,0,0,2,0,1,0.0144325,0.0018347,195.63,0.498721,21.1824,51699.6,166.842,19.9854,0.000941633,28.6008,2.16068,6.96365,6.4522,6.67581,0.00274578,32.9954,21.9781,30.7731,0,0.121016,0,0,0,0,0,0
633,2,2023-10-15 00:00:00,15:30:25,20010000,Blank-1x,3324,0.01,0.01,0,0,0,0,2,0,1,0.114525,0.00263805,198.036,0.536911,20.1638,51573.9,161.539,19.3563,0.000901727,24.0915,8.55668,29.0286,37.5416,0,0.00274953,135.978,37.9883,23.2361,0,0.845786,6.51152,1.00414,4.5688,7.74661,3.47492,2.82649
636,2,2023-12-28 00:00:00,16:47:53,20010443,Blank-1x,3330,0.01,0.01,0,4,4,3,2,0,1,-0.0387334,0.00164294,76.2904,0.373224,148.428,52216.6,167.218,28.2222,0.000883714,21.6737,4.11327,9.17949,14.5292,15.7331,0.00275692,52.1326,16.649,23.263,0,0.393162,5.20777,0,2.8939,4.48339,1.58535,0
647,2,2023-12-30 00:00:00,06:41:12,20010443,Blank-1x,3346,0.01,0.01,0,4,4,3,2,0,1,-0.0167306,0.00191543,53.1399,0.308919,61.6519,41424.8,106.144,16.8201,0.000576845,17.3308,3.95386,10.915,10.9062,13.0904,0.00275229,46.846,12.0017,15.8158,0,-0.196907,4.12892,0,1.41184,4.80758,-0.0265208,0
654,2,2023-12-31 00:00:00,03:41:12,20010443,Blank-1x,3353,0.01,0.01,0,4,4,3,2,0,1,0.0745702,0.00218737,50.0314,0.224302,47.4249,38010.2,112.019,15.7234,0.000538243,17.5471,3.3188,8.09427,9.52387,10.0854,0.00274432,35.9876,11.9463,14.9687,0,0.0384821,2.10063,0,2.3695,3.51978,1.61476,0
662,2,2024-01-01 00:00:00,03:41:12,20010443,Blank-1x,3367,0.01,0.01,0,4,4,3,2,0,1,0.0453835,0.00195566,45.0958,0.0844836,39.1515,36059.3,102.28,16.1306,0.000556252,19.2895,2.1868,4.54049,14.3822,4.42702,0.00276089,46.45,12.7,17.7469,0,0.130082,3.78694,1.3543,3.54602,1.82209,1.39211,0.735437
668,2,2024-01-01 00:00:00,21:41:12,20010443,Blank-1x,3377,0.01,0.01,0,4,4,3,2,0,1,0.0780495,0.00190656,48.0874,0.18376,34.5413,35288,102.553,16.0469,0.000551596,16.807,1.1984,7.02737,15.2126,9.03497,0.00273149,39.813,11.5681,15.5192,0,0.634438,5.22384,0,2.02004,2.90858,2.32767,0
674,2,2024-01-02 00:00:00,21:43:16,20010443,Blank-1x,9,0.01,0.01,0,4,4,3,2,0,1,0.0765126,0.00184346,54.0838,0.234824,32.7436,33891.3,63.0783,10.6248,0.000338734,15.6942,1.77078,8.2055,16.2803,15.0698,0.00272529,49.9678,11.5294,13.6199,0,0.287278,4.40978,0,2.78778,3.84725,1.14184,0
679,2,2024-01-03 00:00:00,20:34:34,20010443,Blank-1x,20,0.01,0.01,0,4,4,3,2,0,1,0.0708833,0.00175149,54.3364,0.164332,29.8825,34694,48.8663,7.01266,0.000247089,14.8463,5.45217,13.6081,20.2254,16.4056,0.00272965,67.9253,20.0295,13.1013,0,0.222133,1.76814,0,4.28219,4.25456,1.54729,0
695,2,2024-01-05 00:00:00,22:56:22,20010443,Blank-1x,37,0.01,0.01,0,4,4,3,2,0,1,0.0240126,0.00188333,55.1,0.0981597,30.0718,36101.5,35.6627,7.90261,0.000189352,12.9128,4.05126,11.3659,21.3522,18.4625,0.0027363,63.7475,16.8975,14.7697,0,0.849033,4.25072,0,2.9494,6.39234,3.32608,0
702,2,2024-01-06 00:00:00,19:56:22,20010443,Blank-1x,49,0.01,0.01,0,4,4,3,2,0,1,-0.0229128,0.00182676,52.7556,0.163235,29.5052,36784.4,30.4765,8.66564,0.000205104,14.8413,4.55878,16.2969,15.4559,22.7363,0.00273358,74.7284,18.4602,10.3343,0,0.552491,3.4789,0,3.95599,4.95136,2.36982,0
721,2,2024-01-11 00:00:00,14:54:44,20010443,Blank-1x,80,0.02,0.01,0,4,4,3,2,0,1,-0.00265919,0.00190901,55.6053,0.0872568,23.6075,34349.1,50.1833,6.99607,0.000247095,18.6345,3.62634,12.6166,16.344,18.5614,0.00271187,45.6087,16.1724,19.9993,0,0.166387,4.66129,0,1.84619,3.07063,0.914238,0
730,2,2024-01-12 00:00:00,22:36:11,20010443,Blank-1x,91,0.01,0.01,0,4,4,3,2,0,1,0.0199002,0.00197013,53.4987,0.257154,22.2051,36460.2,48.637,7.02749,0.00025281,14.7202,4.93932,8.71548,22.8037,20.3336,0.00277109,66.0191,21.972,11.9183,0,0.465977,4.6041,0,4.75792,6.14191,1.88626,0
737,2,2024-01-13 00:00:00,19:36:11,20010443,Blank-1x,103,0.01,0.01,0,4,4,3,2,0,1,0.0287211,0.0018954,54.3932,0.180757,21.6237,34620.2,47.1232,7.47623,0.000208346,20.9317,5.33578,13.3808,28.7782,19.4036,0.00275823,75.2404,20.4194,19.592,0,0.0952537,6.93567,0,3.14724,2.5887,2.78842,0
748,2,2024-01-15 00:00:00,04:36:11,20010443,Blank-1x,121,0.01,0.01,0,4,4,3,2,0,1,-0.0624459,0.00206608,54.6657,0.178085,18.5213,34795.2,49.5822,8.15559,0.000247582,17.3395,5.01977,14.9019,16.1499,16.5248,0.00275687,64.818,21.381,14.4621,0,0.642598,3.70928,0,2.85503,5.47706,1.17984,0
767,2,2024-01-17 00:00:00,21:53:02,20010443,Blank-1x,145,0.02,0.02,0,4,4,3,2,0,1,-0.00112165,0.00165618,59.5979,0.0323283,20.0047,40040.8,50.9285,8.02613,0.00025052,17.9385,4.33953,10.8772,18.8034,27.4531,0.00273335,77.4475,27.0483,18.1878,0,0.912524,4.33559,0,3.91831,4.37922,3.10427,0
782,2,2024-01-20 00:00:00,01:56:57,20010443,Blank-1x,159,0.02,0.02,0,4,4,3,2,0,1,0.016254,0.00186438,52.0207,0.125397,16.5623,36450.8,51.7212,8.23,0.00024062,16.1925,3.30459,16.4044,21.9134,15.846,0.00274786,75.1611,25.1222,13.6614,0,0.636258,4.47799,-0.126695,4.30796,5.77207,2.30556,0
789,2,2024-01-20 00:00:00,22:56:57,20010443,Blank-1x,171,0.02,0.02,0,4,4,3,2,0,1,0.0042613,0.00166063,51.9568,0.190223,16.6474,36408,50.2155,7.5562,0.000277011,6.14099,3.18165,8.08908,8.89262,19.4399,0.00275311,34.2301,19.367,7.68001,-0.0483837,0.374987,4.34628,0.0807217,3.90037,3.12271,1.55657,0.210215
812,2,2024-01-24 00:00:00,00:46:06,20010443,Blank-1x (H2O trap open),200,0.02,0.02,0,4,4,3,2,0,1,0.101718,0.00172243,49.8662,0.0928736,16.2393,36654.3,28.9319,7.65564,0.000222108,13.9756,4.15322,10.5959,18.5193,16.6024,0.00273256,53.7024,17.5524,12.5422,0,0.723675,2.67443,0,2.45762,2.67698,1.86519,0
833,2,2024-01-26 00:00:00,22:07:51,20000000,Blank-all,216,0.02,0.02,0,0,0,0,2,0,0,-0.025008,0.00175349,271.532,0.541129,28.6552,36759.4,62.0175,10.4248,0.000335211,15.7739,4.99562,18.3252,27.7392,25.1356,0.0027302,78.3709,33.5711,16.8308,0,1.30132,7.31982,0,4.45523,5.16417,3.6516,0
837,2,2024-01-27 00:00:00,10:07:51,20000000,Blank-all,222,0.02,0.02,0,0,0,0,2,0,0,0.0520659,0.00171163,222.347,0.513956,24.3452,35953.7,58.5583,9.83047,0.000343835,13.2019,2.26824,11.307,21.6176,21.1013,0.00270544,79.6193,19.7921,14.4165,0,0.582283,6.05198,0,3.7569,5.88781,2.57932,0
839,2,2024-01-27 00:00:00,16:07:51,20050000,Blank-5x,224,0.02,0.02,0,0,0,0,2,0,5,0.0649268,0.00166283,238.078,0.292481,25.9542,36827.1,59.7923,9.25838,0.000302903,13.6246,3.03076,7.55251,12.0914,23.9132,0.00273513,37.8876,19.6791,14.7633,0,0.974714,3.22203,0.816421,3.4124,5.28563,2.86971,0.115491
844,2,2024-01-28 00:00:00,07:07:51,20010000,Blank-1x,232,0.02,0.02,0,0,0,0,2,0,1,0,0.00177694,248.884,0.692726,26.1077,35891.7,54.7033,8.48285,0.000289006,12.5165,4.23747,13.3593,25.4335,24.7307,0.00274581,77.3025,19.8552,10.6551,0,0.657372,3.94645,0,4.24753,6.15388,1.27357,0
850,2,2024-01-29 00:00:00,01:07:51,20010443,Blank-1x,238,0.02,0.02,0,4,4,3,2,0,1,0.0584041,0.00176559,46.0204,0.119116,13.6213,34704.6,48.1698,8.09834,0.000236256,10.5794,4.16875,14.1721,22.6099,20.4136,0.00272636,58.7275,16.6018,14.3169,0,0.235189,4.25559,0,3.58379,3.3913,2.22335,0
857,2,2024-01-30 00:00:00,01:08:24,20000000,Blank-all,244,0.02,0.02,0,0,0,0,2,0,0,0,0.00191725,644.937,1.58442,48.2907,34898.3,64.5735,11.0683,0.00032512,13.6962,2.79616,7.44533,12.369,25.6796,0.00274965,36.9966,25.8052,10.4567,0,1.21406,13.2598,0,9.81147,12.7891,5.6566,0
884,2,2024-02-02 00:00:00,21:02:06,20000000,Blank-all,269,0.03,0.02,0,0,0,0,2,0,0,0.0620762,0.00251637,8072.57,18.4845,510.352,43020.3,211570,33326.9,1.19987,469.263,1856.15,6221.73,9314.92,9213.28,0.00437916,30632,8650.12,24.133,8.00777,165.02,1483.18,359.073,1180.51,1427.96,554.387,483.707
888,2,2024-02-03 00:00:00,09:02:06,20000000,Blank-all,275,0.02,0.02,0,0,0,0,2,0,0,0.0382694,0.00289757,7068.71,16.895,438.972,38019.8,12062,1894.78,0.0690127,169.208,625.916,2090.89,3156.65,3097.51,0.00331056,10159.5,2952.59,17.3109,2.61262,56.6891,514.217,133.532,407.645,507.027,199.655,178.128
890,2,2024-02-03 00:00:00,15:02:06,20050000,Blank-5x,277,0.02,0.02,0,0,0,0,2,0,5,-0.00688148,0.00221372,612.987,1.32298,46.6702,40307.8,165.17,26.4386,0.000933489,14.0544,19.3232,65.1889,100.012,101.288,0.00276626,314.604,93.8188,11.8648,0,1.5586,20.1215,5.17049,15.138,16.8945,9.04556,5.9181
895,2,2024-02-04 00:00:00,06:02:06,20010000,Blank-1x,285,0.02,0.02,0,0,0,0,2,0,1,0.0574305,0.00241736,300.371,0.671641,29.5549,37480.3,62.032,9.4397,0.000350838,16.1524,5.80908,16.4585,32.334,28.7482,0.0027639,92.8978,28.45,11.3735,-0.0722927,1.0272,6.81992,0.443066,5.60796,5.68899,3.65505,0.0226162
901,2,2024-02-05 00:00:00,00:02:06,20010443,Blank-1x,291,0.02,0.02,0,4,4,3,2,0,1,0.0742969,0.00226699,50.3079,0.0996006,13.1561,37149.3,51.2423,8.23646,0.000247484,11.8457,4.56545,16.1522,24.1138,21.8229,0.0027316,72.593,23.1767,12.285,0,0.0884318,4.39815,0,3.5195,4.83999,2.24769,0
934,2,2024-02-09 00:00:00,21:39:14,20000000,Blank-all,321,0.07,0.07,0,0,0,0,2,0,0,0.0455056,0.00227185,5818.59,13.8274,372.576,39864.8,8715.23,1328.02,0.0469886,44.5509,115.494,382.021,579.615,573.514,0.00283441,1856.58,540.993,17.5348,1.16618,18.4267,160.004,42.9254,122.578,161.839,61.8657,55.1589
938,2,2024-02-10 00:00:00,09:39:14,20000000,Blank-all,327,0.07,0.07,0,0,0,0,2,0,0,-0.0377101,0.00217885,3615.18,9.40419,232.297,38493.7,1255.71,197.941,0.0068484,28.5215,36.5719,118.321,182.958,177.563,0.00277523,563.007,172.874,20.4119,0.250528,6.26204,68.2096,19.2709,54.903,68.873,27.3951,25.3829
940,2,2024-02-10 00:00:00,15:39:14,20050000,Blank-5x,329,0.07,0.07,0,0,0,0,2,0,5,0.0131209,0.00198213,375.664,0.868205,34.724,38957.6,86.3862,13.5672,0.000493762,19.4921,3.0381,5.45001,5.73131,30.1352,0.00276357,15.108,13.3033,23.282,0,1.29905,10.3679,0,6.58114,9.24565,3.94631,0
947,2,2024-02-12 00:00:00,01:06:17,20010443,Blank-1x,339,0.07,0.07,0,4,4,3,2,0,1,-0.027998,0.00195148,43.6569,0.0864153,11.6258,35166.1,43.661,7.29088,0.000256998,22.8848,2.5421,10.8906,17.0249,24.53,0.00276918,59.862,19.6298,24.8598,0,0.872389,1.045,0,3.3169,2.58842,2.73669,0
960,2,2024-02-13 00:00:00,22:09:13,20010443,Blank-1x,355,0.02,0.02,0,4,4,3,2,0,1,-0.00740625,0.00206373,42.5006,0.0473241,12.201,35035.9,43.144,5.42287,0.00025259,15.9729,4.64067,12.8348,27.4275,21.8706,0.00272736,68.6052,19.3401,15.304,0,1.04803,3.67302,0,2.2223,4.22178,1.76732,0
973,2,2024-02-15 00:00:00,17:41:59,20000000,Blank-all,368,0.03,0.02,0,0,0,0,2,0,0,0.0637921,0.00241331,6381.91,21.0901,544.568,40761.7,14286,2167.78,0.0777022,50.2339,170.035,540.047,839.123,830.89,0.00289231,2622.89,772.972,12.5725,1.01954,17.0787,159.351,26.0183,125.003,158.403,61.8843,56.5937
977,2,2024-02-16 00:00:00,05:41:59,20000000,Blank-all,374,0.03,0.02,0,0,0,0,2,0,0,0.032307,0.00246314,6479.13,18.5406,498.604,38144.1,2109.81,326.595,0.0114502,28.7572,54.0211,178.624,269.226,269.603,0.00278079,877.611,261.616,14.7885,0.271805,5.35633,59.4688,16.935,45.836,57.6696,23.116,22.2313
979,2,2024-02-16 00:00:00,11:41:59,20050000,Blank-5x,376,0.02,0.03,0,0,0,0,2,0,5,0.109246,0.00191508,712.087,2.00012,53.9233,42764.1,137.014,22.5428,0.000723158,24.6147,8.10737,27.8105,43.5371,41.8413,0.00274262,147.549,43.7046,22.0443,0.132986,1.66707,8.71987,0,6.76208,6.12283,4.03949,0
982,2,2024-02-20 00:00:00,13:16:55,20010000,Blank-1x,382,0.02,0.02,0,0,0,0,2,0,1,0,0.0021885,291.399,0.829234,26.5002,30074.3,86.505,13.5934,0.000445616,15.3874,3.35781,12.5043,20.0885,21.1738,0.00275261,63.4705,16.8274,15.6755,0,-0.000995577,5.17271,0,1.27787,3.09448,2.01474,0
987,2,2024-02-21 00:00:00,04:16:55,20010000,Blank-1x,390,0.02,0.02,0,0,0,0,2,0,1,0.0762395,0.00195699,293.316,0.739535,27.4437,37469,77.3085,11.4295,0.000368177,12.391,3.18431,18.697,37.8028,33.7319,0.00274444,99.6851,32.0744,12.6848,0,1.08998,5.78156,0,4.55824,6.0475,4.17854,0
991,2,2024-02-21 00:00:00,20:44:14,20010443,Blank-1x,396,0.02,0.02,0,4,4,3,2,0,1,-0.0244085,0.00199914,44.5964,0.134224,12.451,35809.3,48.5772,8.37933,0.000260909,17.4664,1.903,14.6735,20.434,24.7509,0.00276204,59.1755,25.6774,14.0853,0,0.231957,4.91348,0,2.09971,4.41236,2.56905,0
997,2,2024-02-22 00:00:00,20:24:54,20010443,Blank-1x,406,0.02,0.02,0,4,4,3,2,0,1,0.0424551,0.00214601,47.9624,0.273746,11.1317,36403.8,52.4475,7.37113,0.000308558,16.5913,6.56956,11.513,24.3062,19.9853,0.00273943,52.0299,22.6431,14.7,0,-0.127021,5.95083,0,4.71874,4.03688,0.326413,0
1002,2,2024-02-24 00:00:00,05:58:36,20000000,Blank-all,416,0.02,0.02,0,0,0,0,2,0,0,0.0713354,0.00289399,4668.62,19.9253,505.445,33323.5,722.087,109.562,0.00385671,14.7996,17.8413,55.1611,82.9177,78.6432,0.00278154,260.367,85.0185,12.2349,0.029378,1.93664,16.5957,0,11.9039,16.6873,5.67556,0
1004,2,2024-02-24 00:00:00,11:58:36,20050000,Blank-5x,418,0.02,0.02,0,0,0,0,2,0,5,0.126215,0.00232495,617.796,1.41881,47.3132,36467.1,83.8516,13.2947,0.000466163,18.706,6.12591,21.1463,32.4012,30.4604,0.00272497,110.601,28.9564,12.4845,0,0.820295,6.24857,1.92815,4.41406,6.88823,2.14527,0.290816
1009,2,2024-02-25 00:00:00,02:58:36,20010000,Blank-1x,426,0.02,0.02,0,0,0,0,2,0,1,0,0.00225517,268.751,0.671768,23.2872,35172.8,82.614,13.2245,0.000423226,10.9222,6.05763,18.5099,28.1956,22.0747,0.00276714,78.5854,26.6404,8.3456,0,1.16189,3.9953,0,5.79706,3.16636,1.76821,0
1015,2,2024-02-25 00:00:00,20:58:35,20010443,Blank-1x (Bad KrXe),432,0.02,0.02,0,4,4,3,2,0,1,-0.0183495,0.00219085,46.2323,0.175967,11.4602,35329.3,49.1503,8.05197,0.000275081,0,0,0,0,0,0,0,0,0,0,0,0,0,0,0,0,0
1021,2,2024-02-27 00:00:00,00:49:38,20010443,Blank-1x,440,0.02,0.02,0,4,4,3,2,0,1,0.0619043,0.00182407,41.1353,-0.0366855,11.3047,36493.8,52.0948,8.86933,0.000251793,18.0065,5.32182,14.7246,23.0019,23.3931,0.00270438,74.1411,22.3134,16.5078,0,0.612577,2.96017,0,3.85253,4.14729,1.1017,0
1027,2,2024-02-27 00:00:00,23:12:00,20010443,Blank-1x,446,0.08,0.03,0,4,4,3,2,0,1,0.0209068,0.00198009,64.7781,0.129364,12.6057,40864.5,54.1028,7.90086,0.000337717,19.4998,4.09218,11.904,17.2314,32.6719,0.00274938,44.8427,31.4925,17.0703,0,0.356993,6.10364,0,6.48493,9.47405,3.28397,0
1040,2,2024-03-01 00:00:00,01:20:11,20010443,Blank-1x (H2O trap open),459,0.46,0.11,0,4,4,3,2,0,1,0.118311,0.00238684,117.927,0.371959,16.8272,40928.7,128.573,19.0732,0.000686555,29.9639,14.2858,49.0459,77.9734,10.1797,0.00276023,247.4,76.8042,24.0457,0.0598575,1.88329,8.24684,0,10.2977,11.1889,4.92659,0
1046,2,2024-03-01 00:00:00,21:59:15,20000000,Blank-all,463,0.03,0.03,0,0,0,0,2,0,0,0,0.00220125,4458.7,10.2356,286.328,38935.2,49624.8,7744.2,0.28278,150.113,557.014,1800.97,2774.36,2728.88,0.00324666,8727.17,2613.91,14.6665,1.71506,37.3832,337.936,87.585,265.26,349.004,135.884,118.188
1050,2,2024-03-02 00:00:00,09:59:15,20000000,Blank-all,469,0.03,0.03,0,0,0,0,2,0,0,0.0434326,0.00214899,3124.31,7.22652,200.759,36527.2,4211.44,659.111,0.0240792,62.8058,210.284,680.107,1050.36,1033.05,0.00292452,3283.78,1004.4,12.9102,0.618515,13.2739,113.078,19.1186,92.605,120.876,47.8448,42.5591
1052,2,2024-03-02 00:00:00,15:59:15,20050000,Blank-5x,471,0.03,0.03,0,0,0,0,2,0,5,0.0923835,0.00185497,349.731,0.766411,29.5537,37403.7,111.772,17.9623,0.000620791,13.8593,12.503,33.7067,53.1726,62.0201,0.00275335,156.076,55.5976,13.8965,0.0992348,1.50691,7.35311,0,5.84985,10.1375,3.52871,0
1057,2,2024-03-03 00:00:00,06:59:15,20010000,Blank-1x,479,0.03,0.02,0,0,0,0,2,0,1,0.046352,0.00190962,241.266,0.353666,20.5812,36221.8,60.7899,9.84491,0.000326454,15.1432,5.88096,20.882,29.1695,27.345,0.0027494,103.029,28.9788,12.4769,0,1.38043,5.82534,1.27819,4.97548,4.5065,1.71365,0.252561
1063,2,2024-03-04 00:00:00,00:59:15,20010443,Blank-1x,485,0.03,0.03,0,4,4,3,2,0,1,0.0462672,0.00185765,46.2114,0.0526588,9.50239,36119.3,52.7646,8.66845,0.000260785,21.8328,6.79659,11.8129,22.6944,25.8207,0.0027345,64.9592,23.8619,20.6652,0,0.018998,5.33194,0.172845,3.96168,4.56893,2.26659,0
1070,2,2024-03-05 00:00:00,02:17:25,20010443,Blank-1x,491,0.03,0.03,0,4,4,3,2,0,1,0.00637286,0.00183216,47.3107,0.126952,12.1615,38772.1,54.4623,8.94376,0.000291969,21.729,5.18033,15.4863,30.4911,24.5031,0.00272567,92.2701,32.365,16.4536,0,0.66547,4.18056,0,6.95142,1.87831,2.49932,0
1077,2,2024-03-06 00:00:00,01:16:24,20050443,Blank-5x,497,0.04,0.04,0,4,4,3,2,0,5,0.0400629,0.00196778,39.9544,0.0489818,11.2433,35157.6,51.1728,7.18563,0.000275661,17.2195,3.4306,15.2767,27.4134,23.4235,0.00272402,80.2725,25.1012,16.1109,0,1.01298,1.99448,0,5.67575,5.69053,3.26571,0
1090,2,2024-03-07 00:00:00,22:56:58,20050443,Blank-5x,511,0.04,0.04,0,4,4,3,2,0,5,0.031473,0.0018927,47.4134,0.304003,10.4366,37341.5,47.584,8.43904,0.000277037,19.0022,5.4505,7.86365,21.7723,23.4255,0.00271096,49.375,24.8373,20.0843,0,0.0319275,6.83255,1.76967,3.94522,4.60135,1.10344,0.353204
1097,2,2024-03-08 00:00:00,22:05:39,20000000,Blank-all,517,0.04,0.04,0,0,0,0,2,0,0,0.0798502,0.00258778,9321.67,22.0532,590.308,36847.3,6984.32,1069.69,0.0381499,42.9938,100.671,318.985,511.745,502.544,0.00284217,1597.35,483.418,17.3935,0.590565,12.3166,103.817,28.6312,84.1797,115.373,41.6745,41.3687
1101,2,2024-03-09 00:00:00,10:05:39,20000000,Blank-all,523,0.04,0.04,0,0,0,0,2,0,0,0.0613555,0.00264136,3584.25,22.1678,597.412,34508,2744.29,419.234,0.0149713,28.6284,53.675,171.098,273.676,271.438,0.00276953,850.655,263.826,14.6028,0.208472,6.57914,54.6109,16.6627,40.7504,56.855,21.5999,21.421
1103,2,2024-03-09 00:00:00,16:05:39,20050000,Blank-5x,525,0.04,0.04,0,0,0,0,2,0,5,0.0310886,0.00186453,671.895,1.6048,48.6106,35829.1,121.238,19.7873,0.000628695,18.7632,8.54898,28.0987,45.6071,40.6181,0.00275075,133.996,42.1528,14.788,0,1.00966,8.3107,1.12767,6.63385,9.14033,3.75607,0.511782
1108,2,2024-03-10 00:00:00,08:05:39,20010000,Blank-1x,533,0.04,0.04,0,0,0,0,2,0,1,0.0339089,0.00197935,394.947,1.14859,32.9783,34830,64.8321,9.82737,0.000329537,19.4914,6.23133,15.2166,26.6872,31.1069,0.00276113,78.3851,24.2555,19.3112,0,0.382115,5.39713,0,3.75495,4.55966,2.61612,0
1114,2,2024-03-11 00:00:00,02:05:39,20010443,Blank-1x,539,0.04,0.04,0,4,4,3,2,0,1,-0.0317449,0.00192782,44.3695,0.184035,9.79734,36193.4,51.8775,7.41695,0.000275115,26.2364,4.739,14.5875,23.067,20.9632,0.00274597,78.0088,23.0498,15.7794,0,0.026572,5.0317,0,5.02087,4.31021,0.536697,0
1130,2,2024-03-13 00:00:00,22:41:14,20010443,Blank-1x (H2O trap open),556,0.04,0.05,0,4,4,3,2,0,1,0.0344417,0.00181261,38.732,0.118221,10.7736,35859.1,50.32,7.34529,0.000281013,22.9655,0.26555,2.60134,1.60387,22.8087,0.00274318,4.75365,7.03279,23.8157,-0.138917,0.39986,4.08002,0,1.05745,3.55961,1.47813,0
1136,2,2024-03-14 00:00:00,21:45:39,20010443,Blank-1x,562,0.05,0.04,0,4,4,3,2,0,1,0.00805323,0.00182493,42.964,0.0863061,11.3019,37452.5,51.685,9.2211,0.000280573,17.7662,0.986757,0.0221003,2.61797,21.389,0.00274534,1.15721,1.69047,21.2132,0.182726,0.743143,4.24952,0,4.48332,7.66158,0.810406,0
1143,2,2024-03-15 00:00:00,22:15:57,20000000,Blank-all,567,0.05,0.04,0,0,0,0,2,0,0,0.00754764,0.00254512,8680.88,21.3198,541.583,37676.2,1439.32,221.605,0.00778603,18.3115,5.32822,10.525,15.0431,146.462,0.00273321,27.6759,51.0522,17.7591,0.188727,3.42388,29.6512,8.06592,25.085,28.7239,10.698,11.0086
1147,2,2024-03-16 00:00:00,10:15:57,20000000,Blank-all,573,0.04,0.04,0,0,0,0,2,0,0,0.0740851,0.00264639,7582.66,16.5251,474.68,37101.2,1107.14,170.528,0.00601061,27.7691,6.30217,13.4526,14.5831,118.948,0.00272994,34.7586,52.2815,25.7238,0.002012,2.36997,21.4743,2.20223,15.757,25.0724,11.6764,6.6445
1149,2,2024-03-16 00:00:00,16:15:57,20050000,Blank-5x,575,0.04,0.04,0,0,0,0,2,0,5,-0.0308163,0.0019306,587.614,1.29288,42.1596,37783.3,97.0659,14.977,0.000516172,25.4446,4.60636,10.2667,10.6312,41.1471,0.00274732,41.409,34.7031,22.2041,0,1.03822,8.64101,0,8.18151,7.31084,3.60207,0
1154,2,2024-03-17 00:00:00,07:15:57,20010000,Blank-1x,583,0.04,0.04,0,0,0,0,2,0,1,0,0.00184722,265.033,0.607845,24.2054,35620.4,71.2932,11.7638,0.000388379,23.6072,2.07949,5.24362,6.62209,29.4744,0.00272455,25.7717,22.7106,21.9832,0,1.23022,6.76772,0,2.5864,5.01646,3.61544,0
1160,2,2024-03-18 00:00:00,01:15:57,20010443,Blank-1x,589,0.04,0.04,0,4,4,3,2,0,1,0.02996,0.00191737,43.2238,0.18067,10.6938,36230.6,52.2597,7.81047,0.000274988,21.5237,0.259567,3.09548,4.44525,14.4485,0.00275782,19.8861,18.1072,18.0843,0,0.534273,3.18645,1.73911,1.86142,3.88436,0.610666,1.55304
1167,2,2024-03-19 00:00:00,01:15:02,20010443,Blank-1x,598,0.04,0.04,0,4,4,3,2,0,1,0.0343655,0.00189689,40.3778,0.220076,9.59041,34009.5,49.6943,7.33653,0.000279366,15.895,2.45844,7.61734,12.3883,14.2469,0.0027333,30.4164,11.9922,16.7146,0,0,0,0,0,-0.00317623,0,0
1185,2,2024-03-21 00:00:00,21:26:53,20010443,Blank-1x,618,0.04,0.04,0,4,4,3,2,0,1,0.0531038,0.00178883,49.7098,0.130432,11.1845,38644.3,56.7264,9.01417,0.000296853,24.6498,2.62082,7.10358,13.2292,12.7601,0.00273356,36.8379,11.468,20.1706,0,0,0,0,0,0,0,0
1192,2,2024-03-22 00:00:00,21:31:55,20000000,Blank-all,627,0.04,0.04,0,0,0,0,2,0,0,0.0670117,0.0027137,8850.22,22.0017,558.207,36352.4,2346.04,355.06,0.0127883,19.4371,25.2847,50.773,50.3317,274.502,0.00275997,134.834,149.255,12.4388,0.454051,9.7598,83.2468,0,64.0593,86.9505,34.4059,0
1196,2,2024-03-23 00:00:00,09:31:54,20000000,Blank-all,633,0.04,0.04,0,0,0,0,2,0,0,0.0454533,0.00270473,8307.23,18.5114,521.4,34344.1,1485.87,232.005,0.00811922,15.935,17.66,37.0303,26.2237,14.6392,0.00275849,68.9155,80.3251,9.78092,0.190647,5.90686,57.2789,0,45.4531,63.8806,24.0194,0
1198,2,2024-03-23 00:00:00,15:31:55,20050000,Blank-5x,635,0.04,0.04,0,0,0,0,2,0,5,-0.0559946,0.00213976,630.954,2.00632,47.0323,34397.2,108.769,16.7176,0.000594654,13.7929,5.82453,15.9663,27.2021,26.2404,0.00273593,85.3688,27.8246,11.8912,0,0,0.178805,0,0.0460349,0.176314,0,0
1203,2,2024-03-24 00:00:00,06:31:55,20010000,Blank-1x,643,0.04,0.04,0,0,0,0,2,0,1,0.0576737,0.00220614,267.196,0.577192,23.2231,31934.8,75.9483,11.2924,0.000422273,13.2423,3.89288,13.5738,20.0055,20.9729,0.00274216,62.8859,21.2021,12.0868,0,0,0,0,0,0,0,0
1209,2,2024-03-25 00:00:00,00:31:55,20010443,Blank-1x,649,0.04,0.04,0,4,4,3,2,0,1,0.032337,0.00227442,42.0552,0.129767,9.61004,33019.4,50.4436,8.44893,0.000257383,10.5484,2.03121,5.50753,8.71701,9.17513,0.00274557,28.565,9.83372,10.62,0,0,0,0,0,0,0,0
1227,2,2024-03-27 00:00:00,22:27:48,20010443,Blank-1x,670,0.04,0.04,0,4,4,3,2,0,1,0.0153982,0.00186118,42.1558,0.154799,8.89662,34248.5,52.1292,7.65699,0.000275349,15.1228,2.51286,8.35911,9.49917,11.8179,0.00272783,33.3423,11.2599,14.7774,0,0,0,0,0.174808,0,0,0
1241,2,2024-03-29 00:00:00,21:35:31,20000000,Blank-all,684,0.04,0.04,0,0,0,0,2,0,0,0.0579772,0.00236839,6484.91,19.0724,534.363,36725.4,4427.94,674.874,0.0243953,44.1445,86.4772,263.468,430.067,423.505,0.00280684,1265.75,399.308,19.459,0.304962,8.58955,68.5846,0.580363,52.3079,73.5124,29.1521,-0.00759495
1245,2,2024-03-30 00:00:00,09:35:31,20000000,Blank-all,690,0.04,0.04,0,0,0,0,2,0,0,0.0215299,0.00242188,6212.7,15.5638,400.15,34643.4,1318.76,199.676,0.00719584,26.8784,26.9184,58.7271,51.2214,22.3617,0.00276364,138.803,111.819,18.2615,0,0.88677,23.453,0,20.1637,24.4892,8.58784,0
1247,2,2024-03-30 00:00:00,15:35:31,20050000,Blank-5x,692,0.04,0.04,0,0,0,0,2,0,5,0.0919706,0.00176551,528.757,1.05977,41.8408,35080.5,102.552,14.439,0.000535076,19.1708,6.29666,21.6439,36.0884,34.8751,0.0027417,107.071,33.3725,18.6206,0,0,0.205801,0,-0.0739262,0.0291681,0,0
1252,2,2024-03-31 00:00:00,06:35:31,20010000,Blank-1x,700,0.04,0.04,0,0,0,0,2,0,1,0.0569285,0.00175838,245.186,0.674524,22.6847,34560.1,56.0622,10.6011,0.00031528,15.0517,5.5981,18.6627,32.675,33.7569,0.00274008,97.6437,32.1922,14.3167,0,0,0.0678011,0,0,0.124258,0,0
1258,2,2024-04-01 00:00:00,00:35:31,20010443,Blank-1x,706,0.04,0.04,0,4,4,3,2,0,1,0,0.00179596,44.4613,0.282474,9.95428,34139.3,49.3484,7.65103,0.000269721,15.3658,2.76728,6.36891,11.3098,11.8287,0.00274247,35.0899,10.8561,16.0448,0,0,0.0506072,0,0,-0.0851081,0,0
1262,2,2024-04-01 00:00:00,18:11:29,20010443,Blank-1x,708,0.04,0.04,0,4,4,3,2,0,1,0.0226722,0.00181243,36.3538,-0.0805827,8.49241,28408.4,44.527,6.16588,0.000258864,20.2968,1.94693,4.45993,10.9934,10.4273,0.00274695,28.0849,9.08722,20.9805,0,0,0,0,0,0,0,0
1287,2,2024-04-05 00:00:00,19:47:56,20000000,Blank-all,737,0.04,0.04,0,0,0,0,2,0,0,0.0952448,0.00245379,9147.19,22.3653,583.826,38359.7,2787.86,426.028,0.0153567,30.6492,59.9982,200.588,323.416,319.542,0.00278324,937.834,296.868,17.1439,0.456944,6.55545,58.031,16.852,49.4359,67.0462,26.8278,25.998
1291,2,2024-04-06 00:00:00,07:47:56,20000000,Blank-all,743,0.04,0.04,0,0,0,0,2,0,0,0.0731945,0.0026363,4071.53,22.4535,589.716,35393.5,1373.67,209.797,0.0075295,26.8626,36.3142,111.438,184.535,184.475,0.00277253,526.469,164.234,16.1843,-0.0381882,1.63004,29.0832,0,21.6271,33.7733,12.6438,0
1295,2,2024-04-06 00:00:00,20:28:12,20050000,Blank-5x,749,0.04,0.03,0,0,0,0,2,0,5,0.09661,0.00178081,562.803,1.5045,45.0613,39525.7,105.669,16.2505,0.000563105,18.0013,10.2863,36.2515,56.4754,49.9678,0.00275797,183.078,54.0863,16.3929,0,0,1.78943,0,1.68439,1.36708,0.133603,0
1302,2,2024-04-07 00:00:00,20:10:05,20010000,Blank-1x,763,0.04,0.03,0,0,0,0,2,0,1,0.0198217,0.00184691,358.343,0.770085,30.2631,39720.2,71.996,11.6101,0.000370001,18.6074,9.90386,33.6444,54.3081,52.3552,0.00273973,155.122,50.6465,17.4764,0,0,0,0,0,0,0,0
1330,2,2024-04-13 00:00:00,09:57:44,20010443,Blank-1x,814,0.03,0.03,0,4,4,3,2,0,1,0.119563,0.00169333,64.0313,0.220573,14.389,64685.1,62.8528,11.8158,0.000286269,25.7257,9.22952,40.6347,44.4529,33.2294,0.00273902,188.228,73.0529,23.257,0,1.56151,6.82085,1.59733,8.68988,4.82154,5.93271,0.858545
1340,2,2024-04-14 00:00:00,16:47:44,20010443,Blank-1x,829,0.03,0.03,0,4,4,3,2,0,1,-0.129135,0.00166547,66.0184,0.107442,15.2791,65938.6,64.1028,9.95923,0.000284657,20.5739,5.59897,15.1103,11.0576,34.4703,0.00275199,37.7885,33.6999,19.6141,0,-0.00549576,0.295682,0,9.21177,0.331996,4.3509,0
1372,2,2024-04-19 00:00:00,19:41:35,20010443,Blank-1x,896,0.03,0.03,0,4,4,3,2,0,1,0.153104,0.00149592,69.6914,0.323356,14.6613,66366.5,58.4993,10.7659,0.000259936,19.3195,11.7103,48.6819,49.1904,60.517,0.00273824,185.055,75.775,18.9347,0.0803219,1.77521,13.9503,2.42161,13.0848,19.4699,6.56059,5.66967
1392,2,2024-04-22 00:00:00,19:02:22,20010443,Blank-1x,933,0.03,0.03,0,4,4,3,2,0,1,0.0919361,0.001523,70.3852,0.227085,15.9111,66500.4,63.3129,13.51,0.000304762,18.7657,3.78198,13.2985,7.80964,65.8,0.00275128,33.7531,31.0472,19.5669,-0.011105,2.06319,20.0856,1.51111,15.4184,20.4709,8.40511,7.69372
1426,2,2024-04-27 00:00:00,05:39:51,20010443,Blank-1x,980,0.07,0.07,0,4,4,3,2,0,1,0.0125038,0.0014766,73.3116,0.124025,15.6786,71838.4,70.6976,12.7428,0.000312001,20.0122,12.2388,37.8274,26.7795,60.5994,0.00274035,112.699,80.5701,18.6064,-0.00725811,1.2337,22.4581,4.02928,15.2448,22.595,7.55873,8.94273
1432,2,2024-04-28 00:00:00,00:18:39,20010443,Blank-1x,988,0.03,0.03,0,4,4,3,2,0,1,-0.0419078,0.00186287,62.7622,0.103871,15.1659,69577.9,71.063,13.1737,0.000284958,16.5742,10.5172,38.6771,47.7803,21.3125,0.00272988,155.442,83.8167,17.2099,0.182246,1.40863,20.1892,1.07272,13.1613,19.2185,6.94818,4.97269
1474,2,2024-05-04 00:00:00,05:43:51,20010443,Blank-1x,1054,0.04,0.04,0,4,4,3,2,0,1,0.0835026,0.0017179,61.146,0.223322,13.8352,62992.8,66.3252,12.7568,0.000272403,17.2372,12.6201,27.6821,25.4327,11.8603,0.00273519,93.1035,61.6863,17.851,0,1.625,13.2916,2.47273,11.4179,15.5716,6.21661,6.12838
1479,2,2024-05-04 00:00:00,21:08:51,20010443,Blank-1x,1060,0.04,0.04,0,4,4,3,2,0,1,0.0927864,0.00162961,64.4864,0.251004,13.9948,63429.1,65.0982,11.2128,0.00028543,20.6122,8.23636,29.9937,27.0417,61.151,0.00273585,99.4741,71.9824,19.3735,0.124786,1.41485,17.7095,2.82051,13.8551,13.7099,7.74933,9.96406
1500,2,2024-05-07 00:00:00,22:18:55,20010443,Blank-1x,1088,0.04,0.04,0,4,4,3,2,0,1,0.0311143,0.00155179,59.6114,0.184621,14.8061,69529.5,69.6887,14.0566,0.000307402,29.9599,7.73917,22.8082,20.8886,2.48427,0.00272142,74.9191,50.1664,29.7361,-0.0251523,1.13317,15.1188,3.14536,13.8551,18.7076,7.0381,8.60269
1513,2,2024-05-09 00:00:00,20:57:13,20010443,Blank-1x,1107,0.06,0.06,0,4,4,3,2,0,1,0.149336,0.00160507,75.2966,0.290525,16.3567,70862.7,73.6945,13.1983,0.000329093,33.2045,15.7422,60.47,70.2644,74.136,0.00275499,332.678,100.969,36.7947,0.197883,1.81613,18.3033,0,16.7658,21.6483,9.57231,0
1519,2,2024-05-16 00:00:00,15:25:06,20010443,Blank-1x,6,0.07,0.07,0,4,4,3,2,0,1,0.0664169,0.00178519,63.4776,0.232563,15.276,62726.6,70.2715,12.2327,0.000312273,61.8236,9.60628,35.7674,39.2213,14.9608,0.00272629,118.228,79.0277,61.1142,0.206615,1.42365,13.4124,3.98033,11.9372,17.1903,7.14238,6.83991
1525,2,2024-05-17 00:00:00,09:55:06,20010443,Blank-1x,15,0.07,0.07,0,4,4,3,2,0,1,-0.00993034,0.00160795,74.5356,0.304087,15.4985,70161.8,73.4754,13.3967,0.00033555,48.3951,10.4678,35.3816,40.917,57.7691,0.00273215,136.758,75.3576,45.5338,-0.0822327,1.30833,13.418,4.08581,12.811,14.3093,5.00223,7.48991
1529,2,2024-05-17 00:00:00,22:15:07,20000000,Blank-all,21,0.06,0.07,0,0,0,0,2,0,0,0.199592,0.00258986,9535.49,35.4632,1178.05,72652.7,1045.53,184.883,0.00464674,48.9611,77.8223,354.246,390.929,388.946,0.00277118,1754.97,563.355,38.362,0.491939,8.76138,123.241,22.495,92.3158,126.591,49.9421,48.5683
1533,2,2024-05-18 00:00:00,10:35:06,20000000,Blank-all,27,0.06,0.07,0,0,0,0,2,0,0,0.203084,0.00231609,9156.45,32.5343,1093.62,67151.6,832.64,148.778,0.00369154,41.2876,54.2807,251.44,267.665,280.78,0.00275408,1211.8,390.957,33.5662,0.0851875,4.40074,67.1138,12.7939,55.58,71.5613,27.6027,27.3268
1535,2,2024-05-18 00:00:00,16:45:06,20050000,Blank-5x,29,0.07,0.07,0,0,0,0,2,0,5,0.0297053,0.00167883,967.545,3.18593,102.776,70414.8,178.27,34.0432,0.00083184,50.0259,22.694,121.398,135.883,134.912,0.00273443,616.961,189.048,44.8103,0.0923949,3.25388,42.2886,4.4981,38.1676,45.0004,19.4227,14.682
1540,2,2024-05-19 00:00:00,08:10:06,20010000,Blank-1x,37,0.07,0.06,0,0,0,0,2,0,1,0.0550414,0.00172881,461.175,1.43898,51.4635,66078.6,161.396,29.4655,0.000709934,34.6687,22.3817,91.667,98.4443,107.614,0.00274612,396.074,152.298,31.7275,0.229785,2.61152,36.0266,7.44529,27.9441,38.488,15.628,13.8516
1579,2,2024-05-25 00:00:00,08:37:13,20050443,Blank-5x,92,0.04,0.04,0,4,4,3,2,0,5,0.112239,0.00159807,81.3612,0.19161,16.4999,74442.9,74.9015,14.9511,0.000352792,68.5711,14.5749,55.9836,57.7418,59.9361,0.00272799,248.937,93.3655,65.7756,0.0189669,1.95963,18.7972,0,14.3366,16.4541,7.64983,0
1584,2,2024-05-26 00:00:00,00:02:13,20010443,Blank-1x,100,0.04,0.04,0,4,4,3,2,0,1,0.0776436,0.00179063,79.9217,0.120333,14.6938,67964.5,70.7196,14.1711,0.000309915,50.7193,8.01572,42.8062,43.6266,57.2866,0.0027414,171.389,73.2214,42.7849,0.0831836,1.36429,15.6001,0.283264,11.0559,15.8158,6.86371,2.33813
1587,2,2024-05-26 00:00:00,09:17:13,20000443,Blank-all,103,0.04,0.04,0,4,4,3,2,0,0,0.0848568,0.00226703,109.309,0.252864,18.8383,70048.5,76.8638,12.9628,0.000331181,51.0915,0.446646,1.056,0.543559,66.9173,0.00270999,0.100519,0.942368,46.7744,0.0220913,2.18998,15.5977,3.58367,14.2223,18.7415,7.29291,8.56201
1592,2,2024-05-27 00:00:00,00:42:13,20050443,Blank-5x,111,0.04,0.04,0,4,4,3,2,0,5,0.167063,0.00169509,75.1401,0.197466,15.0236,71003.6,77.4019,14.8135,0.000316459,52.5983,4.00108,10.2562,6.68905,40.6669,0.00272386,13.0503,22.3749,51.0742,0.148762,1.42015,15.329,1.94953,12.6783,17.6518,8.25375,7.74467
1597,2,2024-05-27 00:00:00,16:07:13,20010000,Blank-1x,119,0.04,0.04,0,0,0,0,2,0,1,0.0937662,0.00158272,578.133,1.55643,65.5151,71327.2,168.373,31.9876,0.000773035,60.4983,27.866,127.798,130.801,138.731,0.00273112,600.935,188.892,56.8149,0.0534918,4.46413,48.2092,7.81332,39.567,51.2886,20.3299,18.3039
1621,2,2024-05-30 00:00:00,23:42:07,20000000,Blank-all,146,0.04,0.04,0,0,0,0,2,0,0,0.0989838,0.00190685,440.941,1.32272,52.2766,76574.6,269.962,49.8193,0.00122415,34.2291,39.4715,184.471,195.221,189.851,0.00276445,871.688,285.585,30.7307,0.366688,6.18169,70.4802,12.8859,60.0446,74.661,31.657,26.0179
1627,2,2024-05-31 00:00:00,20:31:59,20000000,Blank-all,150,0.04,0.04,0,0,0,0,2,0,0,0.173024,0.00164631,406.02,1.28342,49.1247,74123.8,178.498,31.7673,0.00077019,34.1871,32.317,152.719,168.541,168.719,0.00273912,739.261,237.574,26.7162,0.275454,4.84984,65.2752,8.35497,52.6627,64.2165,26.4062,23.5865
1631,2,2024-06-01 00:00:00,08:51:59,20000000,Blank-all,156,0.04,0.04,0,0,0,0,2,0,0,0.141668,0.00171879,338.562,0.954896,41.094,69275.9,179.573,35.2513,0.000839487,35.5297,27.9934,130.909,136.263,133.416,0.00275359,615.218,196.568,31.2739,0.0943918,4.39657,50.1528,9.51385,41.1823,54.7784,22.5996,18.7716
1633,2,2024-06-01 00:00:00,15:01:59,20050000,Blank-5x,158,0.04,0.04,0,0,0,0,2,0,5,0.113431,0.00176408,394.652,1.23131,47.2765,71140.5,177.869,33.4291,0.000782106,30.8117,29.9002,141.67,157.488,155.263,0.00274364,694.172,223.438,27.1955,0.122745,4.77886,50.5982,8.88583,40.6874,55.8726,22.0802,19.3836
1638,2,2024-06-02 00:00:00,06:26:59,20010000,Blank-1x,166,0.04,0.04,0,0,0,0,2,0,1,0.0135672,0.00199793,457.023,1.57451,52.2562,72253.8,273.217,44.813,0.00119129,34.4591,37.6204,165.138,171.725,181.506,0.0027393,772.192,251.319,30.094,0.131233,4.55088,57.9251,3.76577,38.8382,59.3368,24.9003,18.8966
1640,2,2024-06-02 00:00:00,12:36:59,20000000,Blank-all,168,0.04,0.04,0,0,0,0,2,0,0,0.105301,0.00180208,432.912,1.64656,50.6624,73361.1,322.28,59.7747,0.00144933,41.7473,33.4222,137.92,161.863,184.906,0.00274802,612.017,246.998,33.1362,0.52149,4.75306,58.2729,10.1872,48.2745,63.1327,22.1575,21.1455
1644,2,2024-06-03 00:00:00,00:56:59,20000000,Blank-all,174,0.04,0.04,0,0,0,0,2,0,0,0.096366,0.00184078,419.696,1.14073,49.2505,68110,137.124,24.9149,0.000617552,36.6217,22.3818,101.959,108.455,120.513,0.00274641,382.815,172.502,32.8749,0.186736,3.52721,38.0058,7.88573,32.5116,43.9388,17.0837,14.6564
1654,2,2024-06-05 00:00:00,01:08:09,20000000,Blank-all,189,0.04,0.04,0,0,0,0,2,0,0,0.0108785,0.00184003,417.166,1.23997,48.0217,70630.9,219.591,37.3068,0.000979089,37.2907,24.0571,83.783,76.6828,150.353,0.00274357,267.433,172.316,33.2928,0,4.25648,0,1.14907,46.4548,0,25.1428,0.248801
1665,2,2024-06-07 00:00:00,00:14:20,20000000,Blank-all,199,0.04,0.04,0,0,0,0,2,0,0,0.163122,0.00255939,6261.94,18.1655,622.642,69484,132569,24724.2,0.646618,635.778,3555.73,16654,17885.3,17805.8,0.00421452,79579.5,25698.9,48.5394,13.0822,280.081,3640.3,641.184,2917.56,3861.88,1499.33,1352.67
1671,2,2024-06-07 00:00:00,20:04:02,20000000,Blank-all,205,0.08,0.04,0,0,0,0,2,0,0,701.478,57.7315,3714.4,14.9337,387.437,247466,49124.1,9006.07,2.60224,159.958,721.583,3365.53,3670.72,3740.85,0.0030278,16169.3,5268.46,38.191,3.44226,79.3445,1042.93,188.366,842.342,1104.06,437.252,410.981
1675,2,2024-06-08 00:00:00,08:24:02,20000000,Blank-all,211,0.07,0.04,0,0,0,0,2,0,0,659.738,57.7299,3422.23,12.8356,358.292,237496,47554.3,8704.95,2.53992,159.675,691.303,3182.29,3474.2,3552.65,0.00302006,15174.9,4979.64,41.6483,3.1191,77.2131,950.325,164.179,775.632,1015.63,400.547,379.588
1681,2,2024-06-09 00:00:00,02:54:02,20010000,Blank-1x,221,0.07,0.04,0,0,0,0,2,0,1,14.7045,1.95842,630.074,1.83549,69.3864,70367.9,300.061,54.7559,0.00416369,39.2575,50.7717,232.24,262.641,254.295,0.00275132,1174.32,370.625,30.588,0.315478,7.83853,92.5037,0,74.5169,103.061,39.2905,0
1685,2,2024-06-09 00:00:00,15:14:02,20000000,Blank-all,226,0.07,0.04,0,0,0,0,2,0,0,610.722,57.7318,3420.53,14.0247,355.667,227940,45179.8,8268.62,2.36938,153.098,688.361,3195.99,3490.07,3553.64,0.00302016,15575.5,5017.74,37.4642,4.12489,76.8962,991.922,174.406,798.074,1045.19,415.901,385.173
1689,2,2024-06-10 00:00:00,03:34:02,20000000,Blank-all,232,0.07,0.04,0,0,0,0,2,0,0,588.007,57.7336,3561.18,13.553,367.953,217589,43349.3,7958.91,2.31198,151.062,642.656,2952.97,3270.99,3279.97,0.0030037,14346.1,4683.07,36.2007,2.95793,69.5169,889.801,162.978,712.081,945.141,372.22,348.692
1696,2,2024-06-11 00:00:00,01:25:25,20000000,Blank-all,238,0.09,0.09,0,0,0,0,2,0,0,0.0779344,0.0049613,566.19,1.82979,65.9975,85628.2,217.332,40.0611,0.00101118,63.302,38.7863,169.669,182.996,10.0468,0.00274454,823.544,275.114,56.097,0.330941,4.44398,62.9651,0.155308,52.1509,66.1438,25.8623,0
1706,2,2024-06-12 00:00:00,21:52:40,20000000,Blank-all,246,0.04,0.04,0,0,0,0,2,0,0,-0.414755,0.00263573,444.522,0.966367,52.981,78715.6,176.107,30.7349,0.000778807,45.8989,0.0718975,0.181128,0.157724,98.9512,0.00273717,0.213632,0.243937,48.2636,0,0,0.218917,0,0.15463,0.0638674,0,0
1715,2,2024-06-14 00:00:00,02:01:39,20050443,Blank-5x,254,0.04,0.04,0,4,4,3,2,0,5,0.108419,0.00230061,74.8529,0.223254,15.7914,70588.3,77.7976,16.3382,0.000368727,32.5287,5.68641,39.0495,43.8982,44.1232,0.00272674,203.468,66.8041,31.9334,0,0,2.63215,0,2.59838,1.34625,0.0187559,0
1721,2,2024-06-14 00:00:00,22:12:17,20000000,Blank-all,260,0.04,0.04,0,0,0,0,2,0,0,-0.0838019,0.00215379,388.944,1.23574,47.3607,73443.2,132.978,24.6869,0.000628586,35.1456,19.1361,56.4612,42.2345,13.388,0.00273549,156.455,146.701,29.7729,0.0817984,2.46645,43.3705,0.0456713,35.3433,47.9578,19.0618,0
1725,2,2024-06-15 00:00:00,10:32:17,20000000,Blank-all,266,0.04,0.04,0,0,0,0,2,0,0,0.115972,0.00198366,330.774,0.917541,40.7476,66469.5,91.9496,17.9711,0.000435425,42.4436,16.1236,86.4877,90.7973,93.0421,0.0027435,420.704,136.855,40.8181,0,0,0.38127,0,0.488024,0.428065,0.101145,0
1727,2,2024-06-15 00:00:00,16:42:17,20050000,Blank-5x,268,0.04,0.04,0,0,0,0,2,0,5,-0.0161119,0.00184441,381.507,1.29451,43.8293,68802.1,89.7708,16.0253,0.000425457,38.0436,0.604566,1.22068,1.10251,122.452,0.00274002,0.397834,1.99269,39.933,0.0405137,2.97061,39.2615,1.09869,32.7295,42.9787,15.8189,-0.0100721
1731,2,2024-06-17 00:00:00,11:57:54,20000000,Blank-all  **CRUSHER ON LINE**,272,0.04,0.04,0,0,0,0,2,0,0,-0.0627484,0.00192494,570.898,1.27912,64.2495,47258.8,476.225,86.9225,0.00217946,41.0479,21.551,60.2828,37.1833,2.38262,0.00274866,124.057,136.166,38.0037,0.116363,4.03179,51.1617,0,42.1911,58.5701,21.6784,0
1734,2,2024-06-17 00:00:00,21:20:46,20000000,Blank-all,272,0.04,0.04,0,0,0,0,2,0,0,-0.00537258,0.00189457,261.95,0.826051,31.5125,50053.1,108.618,20.3611,0.000494483,34.5964,11.736,54.3776,60.9762,64.1893,0.00273433,265.355,85.7599,32.0007,0,0,0.522095,0,0.302924,0.466848,0.0822915,0
1738,2,2024-06-18 00:00:00,13:07:03,20000000,Blank-all,278,0.04,0.04,0,0,0,0,2,0,0,0.114594,0.00188099,290.191,0.945526,34.65,48172.1,110.957,20.316,0.00049147,39.627,13.6054,58.1944,62.0915,3.82837,0.00274003,233.344,99.8823,39.5713,0.0969602,1.41167,23.2497,0,17.8356,25.3996,9.27358,0
1739,2,2024-06-20 00:00:00,10:00:00,20000000,MassSpec-Blank,276,0.04,0.04,0,0,0,0,2,0,0,-0.00088285,0.00127407,32.3375,0.12189,6.7875,9727.1,15.0972,3.50962,4.68392e-05,35.9741,-0.29228,-0.370889,-0.0202291,-0.498449,0.00273269,-0.419302,-0.928288,35.4313,0,0.0732645,0.845605,0,0.561926,1.31302,0.341628,0
1740,2,2024-06-20 00:00:00,10:25:34,20000000,Blank-6Closed,278,0.04,0.04,0,0,0,0,2,0,0,0.0461053,0.00191097,303.085,0.807577,36.1041,46169.4,101.371,18.9958,0.000472962,43.0829,8.2632,23.4438,20.6588,36.0675,0.00272734,73.0361,52.5643,41.4949,0,0.146646,10.2765,0,10.0459,10.7204,3.72157,0
1741,2,2024-06-20 00:00:00,13:31:32,20000000,Blank-all,278,0.04,0.04,0,0,0,0,2,0,0,0.0135306,0.00190069,278.136,0.637493,34.8703,44251.7,105.597,18.5276,0.000443236,45.5525,9.30662,40.0425,41.301,46.7547,0.00273415,153.24,63.2556,40.1023,0,0,6.11914,0,5.09824,2.71328,0.522233,0
1744,2,2024-06-20 00:00:00,22:46:32,20000000,Blank-all,282,0.04,0.04,0,0,0,0,2,0,0,0.127336,0.00184886,256.779,1.0793,30.61,45301.5,115.496,22.1059,0.000532233,33.9758,10.5579,44.58,49.2263,52.2993,0.00273907,217.587,74.8334,33.7571,0,0,0,0,0,0,0,0
1745,2,2024-06-21 00:00:00,01:51:32,20000000,Blank-all,282,0.04,0.04,0,0,0,0,2,0,0,0.0424672,0.00190199,238.121,0.852741,31.2833,42701.4,79.0825,16.2323,0.000383099,34.4091,6.5499,38.5274,41.5813,45.0793,0.00274371,194.809,65.1325,33.627,0,0,0.50596,0,0.694134,0.394501,0.124614,0
1750,2,2024-06-24 00:00:00,17:48:53,20000000,Blank-everything,288,0.04,0.04,0,0,0,0,2,0,0,0.0865817,0.00185179,1491.82,4.26919,154.216,46706.8,2003.03,363.718,0.00923016,72.8783,212.048,985.792,1082.64,1114.4,0.00281033,4758.8,1561.55,42.3416,1.51707,33.0938,434.428,78.1853,351.092,459.817,183.042,167.167
1754,2,2024-06-25 00:00:00,06:08:53,20000000,Blank-everything,294,0.04,0.04,0,0,0,0,2,0,0,0.00890183,0.00186196,784.274,1.74646,83.1569,47289.4,813.529,149.03,0.00373059,56.5573,112.982,524.789,570.862,569.828,0.00277283,2568.4,820.471,37.1349,0.504129,10.7068,176.821,0,137.458,192.664,72.568,0
1756,2,2024-06-25 00:00:00,16:54:07,20000000,Blank-everything,296,0.04,0.04,0,0,0,0,2,0,0,0.0152628,0.0018795,691.77,1.65708,73.6465,43964.8,593.49,107.482,0.00267109,55.3272,93.58,434.84,470.971,477.358,0.00277211,2126.44,676.522,39.0384,0.550893,9.81567,128.355,0.150678,104.033,139.515,53.4553,0
1758,2,2024-06-25 00:00:00,23:04:07,20000000,Blank-everything,298,0.04,0.04,0,0,0,0,2,0,0,0.0737738,0.00183645,638.91,1.34741,65.378,45792.9,527.715,92.1678,0.0023706,50.9437,107.748,501.965,552.165,539.077,0.00276931,2509.62,796.495,31.3175,0,11.1589,24.072,0.153489,114.452,11.0316,61.3208,-0.0596885
1762,2,2024-06-26 00:00:00,19:11:39,20000000,Blank-everything,278,0.04,0.04,0,0,0,0,2,0,0,0.112124,0.00152859,602.46,2.0015,68.8795,87710.9,735.713,129.561,0.00330923,57.2196,109.005,371.407,343.625,651.409,0.00277124,1151.55,776.014,38.0254,0,15.3032,0,40.4449,162.685,0,85.0807,80.6598
1764,2,2024-06-27 00:00:00,01:21:39,20000000,Blank-everything,279,0.04,0.04,0,0,0,0,2,0,0,-0.00777699,0.00149755,499.456,1.85746,59.0079,92224.6,441.301,78.8619,0.00197505,55.8867,117.09,560.88,621.734,630.676,0.00278512,2832.6,899.992,37.0499,0,14.0973,17.9036,38.3087,145.651,7.8091,77.0081,75.3108
1766,2,2024-06-27 00:00:00,07:31:39,20000000,Blank-everything,280,0.04,0.04,0,0,0,0,2,0,0,0.277006,0.00146101,437.318,1.45628,51.2142,93080.1,418.488,75.6085,0.00188514,53.4496,101.704,460.737,509.798,522.924,0.00277639,2336.82,736.664,33.7906,0,11.1363,0,26.991,112.586,0,59.189,60.2399
1769,2,2024-06-27 00:00:00,18:28:21,20000000,Blank-everything,282,0.05,0.04,0,0,0,0,2,0,0,0.0965529,0.00174967,413.646,1.06007,50.632,58562.8,506.168,92.5587,0.00228578,36.4215,9.66398,16.965,12.8351,572.883,0.00274704,6.38227,52.298,35.2197,0.152175,18.9323,188.696,49.1115,204.031,166.675,103.374,103.367
1773,2,2024-06-28 00:00:00,07:08:21,20000000,Blank-everything,285,0.04,0.04,0,0,0,0,2,0,0,0.0493,0.00175422,377.181,1.18881,45.9405,54135.2,297.239,54.0452,0.00133623,40.4829,31.3238,94.2246,49.6645,375.395,0.00273735,133.791,244.224,34.5344,0,7.82521,0,9.88311,76.6819,0,39.9516,41.0615
1778,2,2024-06-29 00:00:00,07:02:53,20000000,Blank-all,290,0.05,0.04,0,0,0,0,2,0,0,0,0.00178933,359.466,1.05244,43.0119,54434.1,514.846,92.2368,0.00231795,63.857,186.495,845.815,925.067,941.807,0.00279246,3939.78,1325.63,34.8584,0.78488,17.5672,234.417,42.7826,186.32,249.884,97.2042,98.69
1784,2,2024-07-02 00:00:00,00:09:23,20000000,Blank-everything,295,0.04,0.04,0,0,0,0,2,0,0,0.00894731,0.0018166,304.057,0.787253,36.3516,50333.6,90.1708,23.536,0.000596418,33.6764,4.37981,13.4381,3.79061,190.443,0.00273023,3.2599,16.5301,30.6196,0.203691,3.49826,48.9041,9.0111,38.7007,54.6253,20.185,19.4646
1786,2,2024-07-02 00:00:00,06:39:23,20000000,Blank-everything,296,0.05,0.04,0,0,0,0,2,0,0,0.107763,0.00178302,310.619,0.992809,38.5113,53427.5,140.926,25.2246,0.000632627,35.3101,1.17043,1.08239,1.17381,198.108,0.00272677,0.564842,3.06561,33.5408,0.286841,3.85653,49.2223,7.95148,36.7106,58.2247,21.3112,21.132
1788,2,2024-07-03 00:00:00,09:20:54,20000000,Blank-everything,296,0.04,0.04,0,0,0,0,2,0,0,0.0701256,0.0018471,619.638,1.47146,67.73,60821.5,309.402,57.3612,0.00138896,40.6613,24.5673,117.142,128.109,135.957,0.00275418,532.239,181.319,37.3455,0.226813,2.96794,38.6303,0,27.9642,40.1206,15.586,0
1792,2,2024-07-04 00:00:00,17:56:39,20000000,Blank-everything,298,0.04,0.04,0,0,0,0,2,0,0,0.111786,0.00182109,1517.91,4.24428,161.04,50635.7,942.163,171.828,0.00435365,51.1512,96.5121,440.705,483.318,479.238,0.00277215,2152.61,705.543,35.87,0.325688,6.80548,113.043,21.3734,89.7954,122.291,46.5228,47.6093
1796,2,2024-07-05 00:00:00,06:56:39,20000000,Blank-everything,301,0.04,0.04,0,0,0,0,2,0,0,-0.0161403,0.00179669,1091.18,2.97425,110.892,53977.6,503.798,90.717,0.00225478,43.9918,46.6997,224.895,240.418,243.993,0.00273415,1117.88,354.63,35.7723,0.151196,4.97237,62.1532,5.7256,46.8509,62.6887,24.2591,23.7362
1798,2,2024-07-06 00:00:00,06:01:52,20000000,Blank-everything,301,0.04,0.04,0,0,0,0,2,0,0,0.0414346,0.00181228,2299.65,6.76825,230.849,53574.6,1267.45,230.68,0.00588019,49.693,71.6188,343.679,372.562,372.96,0.00277025,1588.48,527.96,37.8133,0.395117,6.56452,92.8626,17.278,79.1496,106.108,38.7547,39.919
1801,2,2024-07-07 00:00:00,06:26:25,20000000,Blank-everything,302,0.04,0.04,0,0,0,0,2,0,0,0.0631572,0.00189267,1154.78,2.99587,118.401,45023,597.37,106.755,0.00277584,39.8281,38.1227,152.648,166.733,201.681,0.00275451,592.348,273.402,31.0293,0.197831,4.66597,47.1923,0,47.5701,64.9624,24.8853,0
1805,2,2024-07-08 00:00:00,19:09:59,20000000,Blank-everything-zeroes,304,0.06,0.04,0,0,0,0,2,0,0,0.135245,0.0018869,934.837,3.03459,100.967,48986.1,1292.83,234.397,0.00590021,64.632,99.1158,462.449,509.587,501.784,0.00277648,2334.6,743.42,48.3691,0.437313,11.3398,135.389,0.0414049,107.141,144.494,55.981,0
1806,2,2024-07-08 00:00:00,22:24:59,20004230,Blank-everything-4230,304,0.05,0.04,4,2,3,0,2,0,0,0.0980196,0.00177488,213.107,0.856053,27.7843,44345.8,100.071,16.9795,0.000465204,53.3984,76.1427,336.487,370.181,169.711,0.00275098,1450,552.842,42.6817,0.299885,7.65595,89.9754,0.217411,81.012,103.389,41.1951,0.0833799
1808,2,2024-07-09 00:00:00,04:54:59,20004340,Blank-everything-4340,305,0.04,0.04,4,3,4,0,2,0,0,0.0447477,0.00176616,89.4016,0.289002,15.0982,45605.7,64.6611,9.96722,0.000263551,49.5434,68.8087,258.704,213.652,391.343,0.00274353,754.618,475.67,36.2849,0.102798,0,1.60811,0,0,2.7291,0,0
1812,2,2024-07-10 00:00:00,10:12:54,20000000,Blank-everything,307,0.04,0.04,4,3,4,0,2,0,0,0.175727,0.00199591,1165.83,3.49362,127.363,46589.3,772.529,141.734,0.00345887,70.1257,69.7432,322.435,354.461,356.053,0.00274724,1569.83,511.523,59.1485,0.421049,5.159,79.6903,0,63.8789,86.4013,34.8715,0
1814,2,2024-07-11 00:00:00,06:01:33,20000000,Blank-everything,307,0.05,0.04,0,0,0,0,2,0,0,0.0345054,0.00195713,1919.79,5.7584,199.168,44963,911.346,166.232,0.0041187,39.3456,46.6124,212.292,236.205,238.14,0.00275001,1062.9,340.544,28.8066,0.360942,5.50957,61.8039,0,54.321,70.8193,27.7216,0
1817,2,2024-07-12 00:00:00,05:57:42,20000000,Blank-everything,308,0.04,0.04,0,0,0,0,2,0,0,0.030593,0.00187564,1184.04,3.33384,128.304,41184.7,704.183,127.979,0.00326254,28.787,6.60766,21.2177,9.16252,216.943,0.00272756,11.212,35.5608,25.8836,0.152265,0,58.9982,0,0,62.6181,0,0
1820,2,2024-07-13 00:00:00,05:56:02,20000000,Blank-everything - don't use - air contaminated,309,0.05,0.04,0,0,0,0,2,0,0,0.0806202,0.00194624,3258.98,9.02139,329.622,42551.3,1532.47,281.354,0.0069936,39.227,65.9913,301.612,335.66,336.493,0.00275107,1496.25,477.026,28.5021,0.269527,6.37656,84.9082,13.0839,68.0664,91.3923,36.1586,34.4995
1822,2,2024-07-14 00:00:00,06:02:19,20000000,Blank-everything,310,0.05,0.04,0,0,0,0,2,0,0,0.0511339,0.00192096,2465.65,6.14264,250.886,40021.4,1066.38,189.941,0.00480845,35.2174,45.728,195.41,219.53,99.8534,0.00274837,983.845,315.577,27.9559,0.20623,0,47.9206,0,0,52.6989,0,0
1826,2,2024-07-15 00:00:00,09:07:43,20000000,Blank-everything,312,0.04,0.04,0,0,0,0,2,0,0,0.104058,0.00189536,1662.16,5.22915,173.352,46127.9,1042.1,189.513,0.00476716,63.5128,70.3509,321.656,345.083,353.839,0.00275659,1467.83,512.533,56.0597,0,7.43998,0.152122,0,76.4285,0,39.6528,0
1828,2,2024-07-16 00:00:00,05:59:48,20000000,Blank-everything,312,0.04,0.04,0,0,0,0,2,0,0,0.0765861,0.00185898,1780.93,5.17866,176.542,43060.7,826.578,147.701,0.00373048,40.1273,43.1183,204.309,223.617,220.223,0.00274117,1005.73,324.853,35.6714,0.0686317,4.73179,0.129248,0.227661,49.4751,0.0823883,25.5174,0
1831,2,2024-07-17 00:00:00,06:00:33,20000000,Blank-everything,313,0.05,0.04,0,0,0,0,2,0,0,0.0788855,0.00189362,1003.93,3.074,103.304,42843.7,755.036,132.751,0.00338218,47.6228,61.3378,284.409,309.103,311.484,0.00276034,1417.81,455.067,35.0421,0,6.83895,0.214544,0,67.4053,0.0136038,34.7872,0
1836,2,2024-07-19 00:00:00,06:50:26,20000000,Blank-everything,315,0.05,0.04,0,0,0,0,2,0,0,0.123741,0.00189235,2252.82,6.89923,234.531,40736.3,1189.03,214.187,0.00538362,31.2603,5.61799,16.2535,4.59594,277.065,0.00273006,2.12748,11.5493,29.8017,0.251054,0,69.071,0,0,76.3555,0,0
1839,2,2024-07-20 00:00:00,06:03:06,20000000,Blank-everything,316,0.05,0.04,0,0,0,0,2,0,0,-0.0372704,0.0018476,979.23,3.10088,104.932,40757.3,563.824,102.721,0.00256518,38.0985,32.5768,160.428,170.145,172.545,0.00274343,778.669,252.868,36.0342,0.0161341,0,48.3784,0,0,53.035,0,0
1842,2,2024-07-21 00:00:00,06:02:14,20000000,Blank-everything,317,0.05,0.05,0,0,0,0,2,0,0,0,0.00189385,1042.32,2.31831,106.508,39166.7,569.194,101.159,0.00259221,35.3328,33.4841,148.19,163.106,166.099,0.0027387,745.465,242.668,29.7926,0.28909,0,35.0203,0,0,47.0243,0,0
1845,2,2024-07-22 00:00:00,06:02:15,20000000,Blank-everything - no Kr/Xe,318,0.05,0.05,0,0,0,0,2,0,0,0,0.00185946,919.158,2.85484,98.2086,39940.8,744.218,133.136,0.00332776,0,0,0,0,0,0,0,0,0,0,0,0,0,0,0,0,0
1851,2,2024-07-24 00:00:00,06:01:02,20000000,Blank-everything,321,0.05,0.04,0,0,0,0,2,0,0,0.0552334,0.00187387,1540.46,4.03676,160.8,39769.3,902.19,162.023,0.00414509,31.9455,48.0452,210.105,214.119,237.11,0.00274534,885.828,331.464,24.2762,0.925083,0.732254,0,0.72425,1.50935,0,0.222807,0
1854,2,2024-07-25 00:00:00,06:04:35,20000000,Blank-everything,322,0.05,0.04,0,0,0,0,2,0,0,0.37783,0.00188377,2104.79,5.54788,223.586,38690.2,1182.62,215.898,0.00555974,37.5674,55.9203,260.491,273.376,257.448,0.00275075,1167.93,407.804,28.7841,0.807129,5.57268,71.3187,0.8421,59.2933,80.5474,30.3019,0
1861,2,2024-07-26 00:00:00,04:49:35,20000000,Blank-everything,328,0.05,0.04,0,0,0,0,2,0,0,-0.619096,0.00185675,785.086,2.17366,85.594,43836.1,512.319,92.6019,0.00229989,31.4591,8.2352,26.6248,8.45751,71.9481,0.00273356,9.13471,42.128,28.3105,1.20726,0.976232,57.2987,0.825773,0,62.4903,0,0
1864,2,2024-07-27 00:00:00,06:27:15,20000000,Blank-everything,329,0.06,0.05,0,0,0,0,2,0,0,0.408235,0.00187506,1119.63,4.42968,117.879,43285.7,615.885,107.898,0.00277852,42.6977,34.2573,156.184,171.373,174.161,0.00274513,739.549,246.866,36.8572,0.934588,0.473899,48.6262,0.524426,0,55.6988,0,0
1870,2,2024-07-29 00:00:00,06:16:35,20000000,Blank-everything,333,0.05,0.04,0,0,0,0,2,0,0,-0.650672,0.00188476,1241.04,3.28689,130.939,39325.2,590.067,104.851,0.00265036,35.6779,31.9535,153.261,167.023,169.971,0.00274364,739.719,241.583,30.0356,0.910287,4.6009,46.2303,5.79051,36.7862,48.5332,17.556,2.65512
1877,2,2024-07-30 00:00:00,05:41:17,20000000,Blank-everything,340,0.05,0.04,0,0,0,0,2,0,0,-0.278207,0.00193201,2364.57,6.93871,235.661,44124.3,825.402,148.657,0.00374178,56.781,167.814,773.688,836.636,815.099,0.00278268,3682.85,1202.01,27.4482,1.7733,0.496441,374.86,0.825292,0,404.653,0,0
1879,2,2024-07-30 00:00:00,12:11:17,20000000,Blank-everything,341,0.05,0.04,0,0,0,0,2,0,0,-0.505507,0.00182493,1484.55,2.9181,153.671,45953.5,971.987,173.918,0.00442953,42.3099,5.03521,10.7724,5.86107,393.979,0.00273087,3.96836,27.6528,41.6965,1.39039,0.930002,152.621,0.929271,0,162.434,0,0
1881,2,2024-07-31 00:00:00,07:03:18,20000000,Blank-everything,341,0.04,0.04,0,0,0,0,2,0,0,0.0744083,0.00184684,1297.36,2.38781,128.382,44099.2,777.226,140.476,0.00352729,49.6767,51.5976,241.877,262.206,262.1,0.00275278,1190.06,386.784,41.6176,1.48648,7.57206,111.953,21.1852,92.7387,122.231,46.4383,44.3891
1884,2,2024-08-01 00:00:00,07:20:04,20000000,Blank-everything,342,0.05,0.04,0,0,0,0,2,0,0,-0.0442775,0.00190853,1460.65,4.3959,150.461,40640.6,483.215,87.2672,0.00220502,44.0206,33.3111,143.867,157.148,158.495,0.00274767,704.483,232.51,39.0703,0.788007,0.896014,0.108947,0.920371,0,0.461976,0,0
1887,2,2024-08-02 00:00:00,06:23:57,20000000,Blank-everything,343,0.04,0.04,0,0,0,0,2,0,0,0.605927,0.00189386,1066.99,3.02026,113.503,41767,508.924,95.3108,0.00229626,53.2391,39.2102,179.801,196.401,198.676,0.00274295,877.947,284.767,45.0201,1.19515,1.02733,63.2968,0.744611,0,70.9607,0,0
1890,2,2024-08-03 00:00:00,05:38:52,20000000,Blank-everything,344,0.04,0.04,0,0,0,0,2,0,0,0.48258,0.00190494,1511.7,2.69679,156.575,47238.6,637.552,116.43,0.00286018,62.0643,2.21605,1.34648,1.56591,179.198,0.00273025,0.311796,1.29872,60.1659,1.11208,5.5993,55.4941,2.07396,44.7874,61.4943,23.0546,0.120477
1902,2,2024-08-05 00:00:00,10:38:36,20000000,Blank-everything,354,0.05,0.04,0,0,0,0,2,0,0,-0.853662,0.00182665,1410.73,3.72747,147.571,52736.1,393.797,67.8928,0.00178236,114.594,75.0257,344.915,378.637,374.658,0.002753,1636.16,542.534,97.6862,2.5333,21.1314,247.882,1.88749,194.771,265.866,105.441,0
1904,2,2024-08-06 00:00:00,05:57:01,20000000,Blank-everything,354,0.05,0.05,0,0,0,0,2,0,0,-1.32415,0.00185486,1359.87,4.6122,145.271,47644.9,619.129,112.274,0.00279085,80.4575,67.8675,307.384,339.527,335.046,0.00274585,1498.7,488.041,66.7924,2.09726,17.4003,179.836,1.43507,145.22,197.106,75.9678,0
1907,2,2024-08-07 00:00:00,07:25:38,20000000,Blank-everything,355,0.05,0.04,0,0,0,0,2,0,0,-1.23151,0.00188528,1213.59,3.01457,128.424,42857.5,500.441,88.9637,0.00225433,52.3912,31.8799,93.3395,93.2521,169.484,0.00272559,322.496,209.515,49.2061,2.18554,5.80593,61.0244,1.55231,50.4586,65.64,24.9828,0
1910,2,2024-08-08 00:00:00,05:57:52,20000000,Blank-everything,356,0.05,0.05,0,0,0,0,2,0,0,-0.311841,0.00188797,836.397,2.26457,87.4844,42063.2,329.308,58.4703,0.00146625,49.5506,20.7892,57.4092,35.2699,139.752,0.00273764,123.497,134.966,45.1154,1.47734,6.09919,59.2928,7.41715,46.7835,65.1336,22.8304,1.05966
1923,2,2024-08-10 00:00:00,04:55:52,20000000,Blank-all,372,0.04,0.04,0,0,0,0,2,0,0,-0.262416,0.00173054,7310.28,20.7889,726.837,71895.3,1283.47,220.256,0.00580143,72.2176,98.8747,473.134,503.518,492.622,0.00275927,2329.21,745.904,53.3879,1.7115,16.6155,199.415,37.5806,164.277,213.247,86.6983,77.8164
1930,2,2024-08-11 00:00:00,03:40:52,20000000,Blank-all,382,0.04,0.04,0,0,0,0,2,0,0,0.152352,0.00175364,7192.54,23.1889,720.871,73802.8,981.488,165.656,0.00443138,66.9851,83.8881,370.955,404.671,408.485,0.00276539,1826.78,594.332,48.6087,1.77415,11.5327,128.929,23.9328,103.02,135.541,55.3762,52.1146
1940,2,2024-08-12 00:00:00,14:29:19,20010443,Blank-1x,394,0.05,0.05,0,4,4,3,2,0,1,0.0391515,0.00166201,104.987,0.580965,19.6124,83774,85.9257,-51.0628,0.000443413,67.2507,16.2833,69.3407,72.5337,71.5709,0.00273788,339.78,115.01,63.1518,0.995221,3.00504,19.9791,4.42772,12.4178,22.2867,7.01153,8.00823
1943,2,2024-08-13 00:00:00,00:14:19,20010000,Blank-1x,398,0.04,0.04,0,0,0,0,2,0,1,0.317172,0.00169133,631.303,1.96868,68.2511,68709.5,129.384,11.6621,0.000575785,61.6598,45.0196,215.932,228.137,123.768,0.00275308,1064.38,337.665,49.6512,1.42491,6.91388,74.2558,14.6606,60.5938,80.7341,33.0029,28.9341
1950,2,2024-08-14 00:00:00,00:02:15,20010443,Blank-1x,404,0.05,0.04,0,4,4,3,2,0,1,0.610719,0.00171224,69.5565,0.564748,14.5681,62638.3,72.7474,-0.426429,0.000315395,49.6604,12.3702,52.1769,56.5776,52.0311,0.00272865,246.96,85.2799,53.0477,0.519771,1.02249,16.3743,2.83423,0.271893,19.0174,2.40192,7.59846
1957,2,2024-08-14 00:00:00,23:59:29,20010443,Blank-1x,410,0.04,0.05,0,4,4,3,2,0,1,0.0536695,0.00167514,70.1418,0.654572,13.298,63982.4,65.6582,6.48591,0.000316745,56.7015,11.6802,51.2809,51.6808,51.9869,0.00272987,207.672,81.9732,50.9175,0.771175,0.541805,12.899,3.96674,0.271573,17.2893,0,5.74121
1964,2,2024-08-16 00:00:00,00:09:40,20010443,Blank-1x,416,0.04,0.04,0,4,4,3,2,0,1,-0.178148,0.00165701,69.7621,0.602269,14.0326,63208.7,72.2587,7.91076,0.000345569,58.2719,9.56183,53.2828,53.6834,61.6712,0.00272756,251.522,94.6542,57.2519,0.529974,1.3475,12.8531,0.815336,3.37376,18.6264,6.03633,5.20236
1965,2,2024-08-16 00:00:00,03:24:40,20010000,Blank-1x,416,0.05,0.04,0,0,0,0,2,0,1,-0.197027,0.00177471,502.542,1.71769,57.0285,55114.1,187.487,24.3366,0.000845237,61.2618,33.7832,159.853,168.57,163.989,0.00274489,779.225,249.825,53.7089,0.588706,5.28254,53.3815,10.5132,33.8178,55.035,21.2509,20.5219
1981,2,2024-08-20 00:00:00,22:57:48,20010130,Blank-1x,435,0.04,0.04,0,1,3,0,2,0,1,0.285653,0.00162928,237.961,0.48736,31.3894,67645.8,70.3102,6.01818,0.000337566,47.7817,16.6339,78.5634,83.5663,80.1909,0.00272987,363.89,124.128,44.547,0.353895,3.65143,29.4686,5.60294,11.9571,30.0101,9.4033,12.5374
1996,2,2024-08-22 00:00:00,23:03:04,20010443,Blank-1x,448,0.09,0.09,0,4,4,3,2,0,1,-0.0746355,0.00155316,69.6508,0.448498,14.6596,76181,76.3122,6.97986,0.00038471,50.355,13.1642,56.6096,68.8893,63.4635,0.00272993,302.749,98.0377,50.6809,0.72711,0.795809,19.0718,0.64519,-0.119903,21.2247,-0.11836,0.398672
2004,2,2024-08-24 00:00:00,00:01:01,20010040,Blank-1x,456,0.04,0.04,0,0,4,0,2,0,1,0.188285,0.00155231,491.12,1.61486,56.4712,79855.9,80.6857,-47.4798,0.000378406,61.1701,31.825,127.605,110.551,176.059,0.00272927,386.441,227.515,53.1507,1.0349,5.47169,68.9692,12.3638,52.9777,72.8342,30.0414,25.6567
2013,2,2024-08-25 00:00:00,03:46:01,20010340,Blank-1x,468,0.04,0.04,0,3,4,0,2,0,1,-0.304746,0.00161151,94.9977,-0.0119574,15.6975,67585,71.588,-51.7155,0.000343205,56.9871,10.6032,34.2916,16.7384,174.612,0.00273238,37.2103,71.4831,52.6196,0.944507,5.93896,73.0024,12.5217,60.6239,78.6209,32.9716,29.1422
2034,2,2024-08-27 00:00:00,23:27:47,20010340,Blank-1x **Leaky sample**,494,0.09,0.09,0,3,4,0,2,0,1,0.73642,0.0317057,94.416,0.368737,18.6923,75576.4,80.8929,-3.02351,0.000393237,52.713,4.8775,11.7204,2.33583,161.587,0.0027337,1.71217,5.50037,51.256,0.404112,3.91038,43.3752,8.07038,36.5193,49.0788,20.3547,18.9355
2040,2,2024-08-28 00:00:00,19:58:28,20010240,Blank-1x **Leaky sample**,500,0.05,0.04,0,2,4,0,2,0,1,1.00123,0.0455997,144.274,0.174733,23.0419,82917.7,91.3873,4.09699,0.000420536,67.4012,29.7356,93.2027,78.7678,74.1887,0.00273059,298.318,189.349,62.4839,0.782451,1.95015,45.5426,4.77155,2.27836,51.5828,4.80254,16.5809
2041,2,2024-08-28 00:00:00,23:03:28,20010240,Blank-1x **Leaky sample**,500,0.05,0.04,0,2,4,0,2,0,1,0.744746,0.0452815,123.094,0.292554,19.5987,68773.2,75.1313,6.22663,0.000355101,65.0851,21.726,94.2688,103.971,4.77752,0.00273212,405.878,156.517,61.8688,0.853016,3.86179,31.8139,2.47062,12.5829,34.1034,12.9839,10.7528
2042,2,2024-08-29 00:00:00,02:08:28,20010240,Blank-1x **Leaky sample**,500,0.05,0.04,0,2,4,0,2,0,1,0.655718,0.0451637,127.296,0.0742599,20.0538,63419.6,69.0189,-54.3476,0.00032078,61.4757,20.2062,88.6009,94.9189,22.3201,0.00272102,426.463,153.045,61.5594,0.492732,3.11828,29.3599,6.50657,22.6561,33.7887,11.3801,12.6919
2048,2,2024-08-29 00:00:00,22:33:01,20010000,Blank-5x,506,0.04,0.04,0,0,0,0,2,0,1,-0.16868,0.00154147,378.174,1.06287,43.9777,77784,175.165,18.7464,0.000813094,59.6983,21.0398,65.3655,57.1296,126.557,0.00273581,207.204,144.397,56.1486,0.542411,3.51928,37.9179,2.84559,15.7989,36.6424,11.8257,12.2395
2056,2,2024-08-31 00:00:00,00:25:47,20000000,Blank-all,514,0.05,0.04,0,0,0,0,2,0,0,0.363315,0.00300424,86745.9,252.432,8766.57,70716.6,210926,38849.3,1.01784,376.825,1877.73,8855.3,9242.88,9420.9,0.00351572,39682.3,13721.3,58.8975,6.30547,141.43,1821.28,317.098,1472.31,1960.26,765.368,690.099
2062,2,2024-08-31 00:00:00,18:55:47,20050000,Blank-5x,523,0.05,0.04,0,0,0,0,2,0,5,0.235299,0.00161775,4228.64,11.4458,435.69,71149.3,2328.24,408.576,0.0105205,68.3636,89.1644,434.192,460.617,455.527,0.00276155,2099.5,678,51.0745,0.50517,8.19629,102.564,19.5534,83.1798,108.043,44.7017,40.5726
2068,2,2024-09-01 00:00:00,13:25:47,20010000,Blank-1x,533,0.04,0.04,0,0,0,0,2,0,1,0.196683,0.00164585,725.521,2.19553,79.3786,68045.7,253.912,33.2941,0.00118933,58.6589,31.6901,155.996,162.686,166.031,0.00273893,769.916,251.977,49.9112,0.21319,0.432781,0,0.0817865,0,0,0,0
2074,2,2024-09-02 00:00:00,07:55:47,20050000,Blank-5x,542,0.04,0.04,0,0,0,0,2,0,5,0.119879,0.0016571,627.106,1.58031,70.7222,69483.3,285.01,42.7092,0.00134886,56.5054,35.382,157.696,176.739,176.946,0.00274094,806.217,262.281,48.9547,0.44461,0.233186,46.7296,0.215265,0.195519,49.6518,0,0.253034
2080,2,2024-09-03 00:00:00,02:25:47,20050000,Blank-5x,552,0.04,0.04,0,0,0,0,2,0,5,-0.724024,0.00168535,576.568,1.81979,65.0185,65388.6,183.92,18.7505,0.000846409,38.1328,31.4448,145.453,156.303,151.638,0.0027468,722.796,234.126,35.0064,0.468756,4.30677,45.8397,9.20314,35.5885,50.4432,18.2399,16.9991
2087,2,2024-09-04 00:00:00,00:13:04,20010443,Blank-1x,560,0.1,0.1,0,4,4,3,2,0,1,-0.0296764,0.0015285,62.7438,0.458079,14.2791,73496.2,47.7169,7.33546,0.000279566,40.3453,9.21316,45.2364,52.3907,47.5553,0.00273374,229.142,82.2197,38.947,0.0957123,0.419975,0.0489996,0.328414,0,0,0,0
2094,2,2024-09-04 00:00:00,22:13:41,20010443,Blank-1x,566,0.1,0.1,0,4,4,3,2,0,1,0.513817,0.00148627,66.0983,0.456944,13.8689,76261.5,70.2801,8.43698,0.000355855,47.7663,12.5169,47.8006,48.5001,49.1021,0.00273231,203.162,72.4527,45.7143,0.224626,0.435662,0,0.146544,0,0,0,0
2100,2,2024-09-05 00:00:00,22:39:57,20010443,Blank-1x,570,0.11,0.11,0,4,4,3,2,0,1,0.0493858,0.00151327,62.0702,0.0500999,13.0256,71593.1,62.359,8.96186,0.000331379,51.6769,9.96852,40.3085,44.821,26.2407,0.00274043,196.712,63.208,51.6849,1.15681,1.35938,0,1.14821,0,0,0,0
2111,2,2024-09-07 00:00:00,10:45:39,20010443,Blank-1x,584,0.11,0.11,0,4,4,3,2,0,1,-1.23323,0.00166289,86.6316,0.320838,16.4006,82911.4,77.6347,8.33235,0.000400515,70.2559,10.2211,47.031,49.724,2.82716,0.00272945,196.796,77.2443,63.6937,0.676736,0.687047,0.0557971,0.756533,0,0,0,0
2117,2,2024-09-08 00:00:00,05:15:39,20010443,Blank-1x,594,0.11,0.11,0,4,4,3,2,0,1,-0.263033,0.0016211,73.3698,0.334065,15.1206,75708.7,78.086,1.6871,0.000383246,51.7402,8.88319,41.098,43.1946,48.3925,0.00273237,176.965,74.2139,52.2733,0.821812,0.908767,0,0.954508,0,0,0,0
2123,2,2024-09-08 00:00:00,23:45:39,20010443,Blank-1x,604,0.11,0.11,0,4,4,3,2,0,1,0.172853,0.00162908,69.8253,0.406787,14.6019,73668.3,73.0535,6.81979,0.000345257,41.361,10.7245,43.0314,42.8762,49.9497,0.00274147,198.714,69.996,36.6413,0.577935,0.603101,0,0.38278,0,0,0,0
2128,2,2024-09-09 00:00:00,21:59:24,20010000,Blank-1x,606,0.04,0.04,0,0,0,0,2,0,1,0.115023,0.00156517,413.329,0.494158,46.8248,73831.4,156.388,17.4748,0.00072665,54.2168,24.3418,75.7868,63.2913,148.471,0.00272686,234.171,174.101,45.8664,0.528211,1.29969,48.9047,0.750269,0.9211,53.5323,2.00865,4.45391
2150,2,2024-09-13 00:00:00,01:22:54,20050443,Blank-5x,627,0.17,0.1,0,4,4,3,2,0,5,0.477134,0.00175104,184.605,0.833581,27.134,63727,256.879,30.6037,0.00114817,51.119,4.73145,12.3515,6.23376,233.347,0.00272393,6.93439,26.7489,51.7835,0.379397,3.43467,0.0991878,8.76179,36.6171,0,19.7889,18.2085
2157,2,2024-09-14 00:00:00,01:06:14,20050443,Blank-5x,633,0.1,0.09,0,4,4,3,2,0,5,0.137476,0.0015816,65.4592,0.232598,13.6283,68247.8,64.6568,6.58576,0.000300423,51.943,11.4218,46.7164,55.0698,36.6524,0.00274005,209.982,74.7935,43.6982,0.460568,0.390229,0.0501775,0.336438,0,0,0,0
2165,2,2024-09-15 00:00:00,01:46:13,20050443,Blank-5x,643,0.09,0.1,0,4,4,3,2,0,5,-0.457365,0.00160733,61.2534,0.172629,13.0773,66730.2,67.1617,-37.8351,0.000328012,51.2045,9.5852,43.1299,44.0193,47.0988,0.00271827,178.98,66.0755,44.7981,0.526099,0.434467,0,0.572659,0,0,0,0
2170,2,2024-09-15 00:00:00,17:11:13,20050443,Blank-5x,649,0.1,0.1,0,4,4,3,2,0,5,0.354263,0.00159706,64.0188,0.196613,12.5181,66837.2,69.3552,1.09709,0.000333956,54.01,10.3432,42.259,46.5971,48.4082,0.00273605,189.522,68.1277,52.5081,0.47418,0.884344,0,0.750099,0,0,0,0
2188,2,2024-09-18 00:00:00,06:37:06,20050443,Blank-5x,669,0.12,0.09,0,4,4,3,2,0,5,-0.144255,0.00169099,107.985,-0.322138,17.1534,59809.5,108.316,-19.5935,0.000495883,47.5373,0.89841,1.25975,1.01752,110.709,0.00273432,0.288406,1.06808,44.3833,0.489761,0.494207,-0.0637223,0.278285,0,0,0,0
2205,2,2024-09-21 00:00:00,09:18:19,20050443,Blank-5x,689,0.09,0.08,0,4,4,3,2,0,5,-0.249592,0.001708,69.9999,0.478865,14.3094,62545.5,65.7373,9.83844,0.000305078,43.15,12.3432,54.6507,65.4016,2.86096,0.00273385,267.666,92.1535,42.0741,1.07428,1.01855,0,1.19853,0,0,0,0
2212,2,2024-09-22 00:00:00,06:53:19,20050443,Blank-5x,697,0.09,0.08,0,4,4,3,2,0,5,-0.760323,0.00168681,69.5139,0.0536873,13.2922,62577.4,59.6797,6.61595,0.000329134,41.2822,13.2733,54.5629,56.8913,50.9975,0.0027384,244.813,86.4377,39.3319,1.07765,1.04591,0,0.639416,0,0,0,0
2225,2,2024-09-24 00:00:00,01:29:51,20050443,Blank-5x,711,0.07,0.08,0,4,4,3,2,0,5,0.197858,0.00156649,61.349,0.534656,13.5137,65515.4,64.8158,7.23722,0.000322017,39.7318,11.2233,40.5412,45.9973,47.0293,0.00273869,201.191,71.6411,39.8499,0.818106,1.03292,0,0.577212,-0.0595672,0,0,0
2230,2,2024-09-24 00:00:00,20:06:24,20050443,Blank-5x,717,0.08,0.08,0,4,4,3,2,0,5,-0.302728,0.00161235,58.3048,0.303091,12.8719,64092.4,76.4407,-4.24467,0.000328639,36.2834,9.48114,40.7926,41.9143,41.8335,0.00274728,201.05,61.5737,35.331,0.795629,0.986533,0,0.593336,0,0,0,0
2245,2,2024-09-27 00:00:00,00:29:17,20050443,Blank-5x *H2O Trap Open*,733,0.05,0.05,0,4,4,3,2,0,5,-0.403451,0.00164117,62.3235,0.00688209,13.3168,63944.7,69.1623,7.80098,0.000330299,39.2841,8.77593,42.4385,48.8736,12.545,0.0027247,204.639,73.357,40.0256,0.58884,0.458981,0,0.494293,0,0,0,0
2252,2,2024-09-28 00:00:00,00:18:01,20050443,Blank-5x,740,0.08,0.08,0,4,4,3,2,0,5,-0.744218,0.00163618,58.4241,-0.0513808,12.8178,64110.6,55.5398,6.70791,0.000294582,46.8672,11.424,41.9099,45.2233,4.79102,0.00273514,199.106,67.6482,46.3317,0.608528,0.911901,0,0.763701,0,0,0,0
2263,2,2024-09-29 00:00:00,10:13:01,20050443,Blank-5x,754,0.08,0.08,0,4,4,3,2,0,5,0.561126,0.00163059,57.3344,-0.319493,12.2861,63718.3,68.2896,-0.353934,0.000305656,46.5933,9.85517,41.825,42.9176,49.0267,0.00271637,191.423,64.9626,47.3665,1.00767,0.73084,0.0743315,0.799203,0,0,0,0
2274,2,2024-10-01 00:00:00,01:27:36,20050443,Blank-5x,766,0.08,0.08,0,4,4,3,2,0,5,0.105231,0.0015793,60.0379,-0.418467,13.0004,66125.7,65.9492,7.39975,0.000335457,53.5662,11.5395,42.2824,55.2778,52.6923,0.00274577,223.812,77.8956,51.7981,0.793967,0.663358,0.0322779,1.13244,0,0,0,0
2285,2,2024-10-02 00:00:00,22:22:55,20050443,Blank-5x,785,0.07,0.08,0,4,4,3,2,0,5,-0.27077,0.00160543,51.2068,0.486956,12.4772,63972.8,78.6774,-8.3518,0.000337743,37.0929,11.9769,46.2954,61.8836,11.8785,0.00273609,249.996,90.3134,29.6365,0.949755,2.0581,15.9158,4.07136,13.8058,20.8537,7.52874,8.55026
2292,2,2024-10-04 00:00:00,00:39:25,20050443,Blank-5x,797,0.08,0.08,0,4,4,3,2,0,5,-0.259381,0.00158424,55.3803,-0.0698357,12.2711,64939.8,71.6326,-0.845546,0.000332043,45.6689,8.29202,38.2102,43.6691,41.6495,0.00274068,192.209,61.4468,41.9631,1.02974,1.02007,0,0.970993,0,0,0,0
2298,2,2024-10-04 00:00:00,20:03:11,20050443,Blank-5x,805,0.08,0.09,0,4,4,3,2,0,5,0.41295,0.00156931,63.3314,0.683968,14.0082,68321.7,70.7524,-45.9469,0.000356628,48.1096,10.161,47.8805,49.5346,41.595,0.00274836,196.143,77.6717,42.1976,0.577714,0.968283,0,0.42775,0,0,0,0
2306,2,2024-10-05 00:00:00,20:43:11,20050443,Blank-5x,815,0.08,0.08,0,4,4,3,2,0,5,-0.102705,0.00159431,56.7092,0.251138,13.4327,65799.1,74.7764,7.19245,0.000349783,42.7849,11.7365,44.1966,47.8176,51.0295,0.0027464,186.185,72.8015,41.6615,0.508201,1.00701,0,0.885903,0,0,0,0.00943753
2311,2,2024-10-07 00:00:00,22:59:32,20050443,Blank-5x,821,0.08,0.08,0,4,4,3,2,0,5,0.564775,0.00162455,50.436,0.518057,12.2179,63485.5,71.6848,-45.3571,0.000350249,47.2201,8.79144,41.9802,51.8085,33.3771,0.00274538,194.823,69.356,42.2138,1.16008,1.08639,0,1.16736,0,0,0,0
2330,2,2024-10-11 00:00:00,00:09:55,20050443,Blank-5x,840,0.11,0.08,0,4,4,3,2,0,5,0.270355,0.00157167,116.094,0.426054,19.6818,67075.7,121.151,6.89075,0.00057185,47.0177,25.4132,113.438,120.948,130.527,0.00274668,457.169,182.578,45.0099,0.966375,0.855312,0,0.524556,0,0,0,0
2338,2,2024-10-12 00:00:00,00:49:55,20050443,Blank-5x,850,0.11,0.08,0,4,4,3,2,0,5,0.350473,0.0015956,103.525,-0.113314,17.9237,64862.1,117.346,13.0064,0.000509682,45.7403,18.9052,55.8348,28.8176,108.707,0.00273636,107.489,97.9176,44.8272,0.350528,0.784725,0,0.582771,0,0,0,0
2346,2,2024-10-13 00:00:00,01:29:55,20050443,Blank-5x,860,0.11,0.08,0,4,4,3,2,0,5,-0.285275,0.00161015,106.41,0.395316,17.5116,66270.8,117.601,10.1159,0.000512559,44.0565,22.6435,102.079,118.947,114.495,0.00273177,536.073,180.991,37.4514,0.54561,0.500051,0.0800472,0.5133,0,0,0,0
2359,2,2024-10-14 00:00:00,22:23:25,20050443,Blank-5x,880,0.08,0.08,0,4,4,3,2,0,5,0.133082,0.00156393,58.2228,-0.113719,14.1782,69682.3,70.219,-46.935,0.000334983,42.8031,11.1889,53.6125,59.2393,60.615,0.00273849,238.371,85.7645,41.9213,0.529297,0.426355,0,0.488209,0,0,0,0
2373,2,2024-10-16 00:00:00,22:18:48,20050443,Blank-5x,895,0.08,0.08,0,4,4,3,2,0,5,-0.139514,0.00154303,57.9236,0.430216,13.0781,71327.4,84.8056,7.24268,0.000393143,33.699,14.2709,52.6914,57.1112,61.5614,0.00272938,255.282,84.6312,29.9743,0.548127,0.621243,0,0.511005,0,0,0,0
2387,2,2024-10-19 00:00:00,01:00:07,20050443,Blank-5x,911,0.2,0.09,0,4,4,3,2,0,5,0.236031,0.0021629,254.831,0.423984,35.2602,68498.6,406.987,62.025,0.00182851,48.3195,70.9244,315.849,353.213,356.99,0.00275155,1553.11,516.413,35.3013,0.693726,6.02051,67.4492,15.4359,55.646,74.6963,27.4328,27.2628
2392,2,2024-10-19 00:00:00,16:25:07,20050443,Blank-5x,917,0.19,0.09,0,4,4,3,2,0,5,-0.715006,0.00205701,241.778,0.993401,31.4592,62851.3,372.519,61.3583,0.00168457,41.4557,47.858,141.357,85.374,317.559,0.00273298,312.313,294.387,36.5351,0.818785,5.2533,63.0083,10.3468,49.598,69.9688,28.3222,26.7264
2414,2,2024-10-23 00:00:00,00:53:39,20050443,Blank-5x,946,0.31,0.05,0,4,4,3,2,0,5,0.545309,0.00272062,494.316,1.57309,59.6092,64519.4,1058.39,180.917,0.00491525,71.4863,139.058,638.109,692.087,705.157,0.00279206,2864.3,1014.04,49.8782,0.975808,10.7065,127.993,26.5553,102.358,142.407,53.6809,57.1804
2418,2,2024-10-24 00:00:00,01:13:10,20050443,Blank-5x,950,0.09,0.09,0,4,4,3,2,0,5,-0.138707,0.00165814,49.7628,0.650214,12.0081,62671.2,69.9526,2.64862,0.000332483,52.1214,11.4138,50.81,60.8764,35.6114,0.00273361,258.518,87.8163,50.7542,1.00235,1.00391,0,0.877617,0,0,0,0
2424,2,2024-10-24 00:00:00,23:41:38,20050443,Blank-5x,956,0.67,0.11,0,4,4,3,2,0,5,0.235705,0.00550099,991.882,2.95523,110.594,69102.8,2839.39,510.962,0.0133167,91.7416,302.933,1401,1516.33,1531.05,0.00284996,6373.6,2206.86,42.6414,1.06036,16.3813,263.842,51.7601,207.905,291.395,110.807,107.247
2430,2,2024-10-25 00:00:00,19:56:24,20050443,Blank-5x,963,0.08,0.11,0,4,4,3,2,0,5,0.442994,0.00172223,60.5707,-0.494757,13.0238,69832,82.6331,5.20162,0.000408491,40.7946,9.29717,37.0475,41.489,44.7763,0.00273446,181.399,61.5987,42.7059,0.583932,1.72846,12.31,0.671206,6.93926,13.3238,6.33003,5.89171
2437,2,2024-10-28 00:00:00,01:05:19,20050443,Blank-5x,976,0.08,0.08,0,4,4,3,2,0,5,0.151718,0.00162699,53.4178,0.586733,11.9916,62572.2,72.3607,3.16416,0.000333947,26.69,9.344,35.339,39.0168,37.2648,0.0027424,167.297,56.4014,23.4015,0.604131,0.71819,0,0.868644,0,0,0,0
2450,2,2024-10-29 00:00:00,22:51:02,20050443,Blank-5x,990,0.08,0.07,0,4,4,3,2,0,5,0.246954,0.00162227,54.2762,-0.371663,12.8906,61828.7,72.2926,9.80238,0.000337757,18.4579,9.5827,42.4061,46.951,47.8725,0.00272983,184.044,69.2272,15.711,0.282644,0.311645,0,0.4822,0,0,0,0
2464,2,2024-10-31 00:00:00,22:05:05,20050443,Blank-5x,1006,0.07,0.08,0,4,4,3,2,0,5,0.699197,0.0016169,53.9921,0.0416067,12.6213,65945.9,66.262,7.47522,0.000342693,28.7727,11.234,47.2801,47.0058,1.70151,0.00274338,196.269,69.4582,24.1987,0.318688,0.495082,0,0.717957,0,0,0,0
2471,2,2024-11-01 00:00:00,23:22:11,20050443,Blank-5x,1014,0.24,0.09,0,4,4,3,2,0,5,-0.276023,0.00234209,323.363,0.286461,42.7563,65656.8,555.877,94.6071,0.00254427,36.927,92.5498,417.183,456.52,454.798,0.00277231,2083.24,701.059,21.3461,1.18345,7.42824,86.5972,17.1335,68.7793,97.4183,39.44,36.5883
2476,2,2024-11-02 00:00:00,14:47:11,20050443,Blank-5x *No KrXe*,1020,0.24,0.08,0,4,4,3,2,0,5,-0.0561595,0.00236392,325.726,0.903088,40.2529,58092.4,521.384,87.6492,0.00242801,0,0,0,0,0,0,0,0,0,0,0,0,0,0,0,0,0
2483,2,2024-11-03 00:00:00,22:33:52,20050443,Blank-5x,1032,0.23,0.08,0,4,4,3,2,0,5,-0.346178,0.00222545,322.86,1.12326,41.4639,62983.7,522.395,91.6544,0.00243921,33.3893,85.5976,394.625,432.55,438.689,0.00276926,1808.48,641.755,19.0269,1.12712,5.75751,83.5795,17.0734,68.4878,91.6681,36.3124,33.4187
2491,2,2024-11-05 00:00:00,20:34:04,20050443,Blank-5x,1042,0.08,0.08,0,4,4,3,2,0,5,0.455934,0.00163369,48.4768,0.176086,11.6063,60845.5,69.2412,-49.2204,0.000326369,22.7978,10.6703,38.8758,41.4375,35.6871,0.00274133,158.765,60.4872,21.6678,0.577412,0.60123,0,0.718971,0,0,0,0
2512,2,2024-11-08 00:00:00,23:53:02,20050443,Blank-5x,1064,0.5,0.11,0,4,4,3,2,0,5,0.110732,0.00348664,706.112,1.98618,80.3796,62306.4,1792.9,320.21,0.00839377,54.0627,233.45,1063.37,1132.6,1158.04,0.00283422,4666.65,1667.99,16.4466,1.43057,14.8968,206.59,38.5784,163.614,229.621,92.2138,77.9837
2517,2,2024-11-09 00:00:00,15:18:02,20050443,Blank-5x,1070,0.49,0.1,0,4,4,3,2,0,5,-0.173509,0.00332518,692.176,2.29399,80.4778,55059.7,1718.93,301.76,0.00802757,51.9157,222.805,1011.9,1110.62,1127.38,0.00283628,4756.53,1641.09,13.1426,1.56247,16.1724,194.296,39.5219,162.388,213.164,85.5521,82.2317
2528,2,2024-11-11 00:00:00,01:13:02,20050443,Blank-5x,1086,0.46,0.1,0,4,4,3,2,0,5,-0.280761,0.00319392,663.514,2.31717,76.2999,63449.6,1673.29,304.244,0.00778727,53.4466,218.406,991.629,1072.22,1086.48,0.00282738,4625.15,1589.8,17.2229,1.64981,16.1783,193.791,20.6262,157.179,217.216,83.2088,80.8271
2542,2,2024-11-12 00:00:00,23:48:15,20010443,Blank-1x,1100,0.07,0.08,0,4,4,3,2,0,1,0.712862,0.00161682,52.0461,0.0478073,12.8421,64825.7,67.5828,9.74377,0.000343269,19.9894,10.8703,43.0917,41.9945,47.4803,0.00275024,162.77,63.9208,17.1008,0.341636,0.581374,0,0.310019,0,0,0,0
2548,2,2024-11-21 00:00:00,19:47:02,20010443,Blank-1x,1106,0.05,0.05,0,4,4,3,2,0,1,0.082458,0.00178373,55.6607,1.04843,11.3958,82448.4,100.555,10.0292,0.000486995,40.4246,10.1235,44.5228,49.7662,53.2205,0.0027324,224.888,77.1487,39.7537,0.678498,0.300882,0,0.560571,0,0,0,0
2557,2,2024-11-23 00:00:00,00:20:34,20050443,Blank-5x,1115,0.08,0.08,0,4,4,3,2,0,5,0.961791,0.00173586,67.838,-0.210355,12.5634,97437.2,102.917,4.15075,0.000558821,51.8822,11.4688,51.73,55.8909,53.4216,0.00272189,244.125,80.8846,49.6675,0.616393,0.71937,0,0.64787,0,0,0,0
2562,2,2024-11-23 00:00:00,16:01:58,20050443,Blank-5x,1120,0.08,0.09,0,4,4,3,2,0,5,-0.189901,0.00176378,64.1425,0.326062,12.5662,91321.9,116.004,14.7441,0.000522556,42.9223,7.44081,28.5433,30.3689,15.8675,0.002744,142.688,46.4319,44.1087,0.351312,0.186225,0,0.556929,0,0,0,0
2569,2,2024-11-27 00:00:00,00:43:50,20010443,Blank-1x,1137,0.24,0.09,0,4,4,3,2,0,1,-0.43176,0.00172579,111.274,0.0334457,18.1024,97530.5,149.318,19.275,0.000710082,30.8747,21.4786,87.9455,96.6882,104.715,0.00274603,444.406,147.984,25.4966,0.447715,0.466522,0,0.527949,0,0,0,0
2575,2,2024-11-27 00:00:00,22:06:31,20050443,Blank-5x,1143,0.07,0.07,0,4,4,3,2,0,5,0.697079,0.00173317,67.1139,0.294252,12.9476,94164.9,116.105,-6.26836,0.000537048,27.3924,9.36411,33.8221,42.6759,48.0396,0.00274282,170.027,61.5757,29.5489,0.277458,0.320594,0,0.333359,0,0,0,0
2584,2,2024-12-03 00:00:00,00:50:20,20010443,Blank-1x,1155,0.17,0.09,0,4,4,3,2,0,1,-0.841575,0.00176185,84.7628,0.749681,15.6133,95260.9,131.012,19.7852,0.000602788,27.4208,15.5601,66.9151,73.5223,74.4581,0.00273619,308.201,104.867,22.9612,0.453199,0.518269,0,0.407194,0,0,0,0
2606,2,2024-12-05 00:00:00,23:31:22,20010443,Blank-1x,1173,1.15,0.15,0,4,4,3,2,0,1,0.587032,0.00220612,345.084,0.877082,43.1325,98373.6,669.83,115.325,0.00312981,40.5051,86.219,312.111,246.01,479.617,0.00276729,919.841,568.882,27.9436,1.06773,8.44608,88.2171,17.3584,68.7913,101.519,39.2653,36.2051
2612,2,2024-12-06 00:00:00,23:14:15,20050443,Blank-5x,1179,0.08,0.07,0,4,4,3,2,0,5,-0.612979,0.00165437,58.5662,-0.229195,13.3413,93017.7,113.658,16.8511,0.00050899,30.6424,12.1038,58.7098,65.5925,33.4514,0.00274975,284.275,88.2384,27.0911,0.368485,0.554347,0,0.404287,0,0,0,0
2617,2,2024-12-07 00:00:00,14:39:15,20050443,Blank-5x,1185,0.07,0.08,0,4,4,3,2,0,5,-0.515399,0.00174824,58.0717,-0.0110103,11.232,86992.6,112.874,5.70128,0.000479793,27.7146,9.7351,36.4508,43.1088,44.7901,0.00273222,156.362,64.8689,24.9364,0.292209,0.35639,0,0.498975,0,0,0,0
2628,2,2024-12-09 00:00:00,00:34:15,20050443,Blank-5x,1201,0.07,0.07,0,4,4,3,2,0,5,-0.155863,0.00168226,60.1028,0.143871,11.9541,94220.6,110.339,15.7803,0.000557992,25.8333,9.84479,43.4736,41.8796,31.1213,0.00273655,160.397,70.8886,23.6084,0.29093,0.487057,0,0.418213,0,0,0,0
2642,2,2024-12-11 00:00:00,00:33:51,20010443,Blank-1x,1214,0.08,0.08,0,4,4,3,2,0,1,-0.251624,0.00164043,62.4642,0.278511,12.4932,95204.4,114.243,-4.1443,0.000527953,32.3318,11.893,43.8652,50.5832,51.7323,0.0027512,208.098,74.1172,35.3161,0.247379,0.39365,0,0.64608,0,0,0,0
2648,2,2024-12-12 00:00:00,21:15:57,20010443,Blank-1x,8,0.08,0.08,0,4,4,3,2,0,1,-0.0125527,0.00174596,64.742,0.0746957,13.9355,98175.6,108.502,-26.1663,0.000523111,35.3581,8.46951,39.6051,44.3999,38.0075,0.00273878,188.022,69.9041,34.0018,0.577631,0.364603,0,0.63379,0,0,0,0
2655,2,2024-12-13 00:00:00,23:31:03,20050443,Blank-5x,22,0.08,0.08,0,4,4,3,2,0,5,0.137324,0.00168834,83.2826,1.0502,14.3071,102067,124.263,14.9695,0.000573049,33.2701,10.0608,42.5259,45.6196,47.9595,0.00274885,179.061,70.127,32.3236,0.675051,0.592305,0,0.835276,0,0,0,0
2660,2,2024-12-14 00:00:00,14:56:03,20050443,Blank-5x,28,0.07,0.08,0,4,4,3,2,0,5,-0.651351,0.00183686,78.8093,0.102461,12.0808,93963.8,112.711,13.669,0.000530338,24.8986,8.04634,35.8488,40.5029,31.2052,0.00272427,171.558,60.6888,23.7794,0.646407,0.49071,0,0.515709,0,0,0,0
2671,2,2024-12-16 00:00:00,00:51:02,20050443,Blank-5x,44,0.08,0.08,0,4,4,3,2,0,5,-0.382155,0.00164909,84.2565,0.287699,14.0892,101806,116.186,13.2076,0.000565166,23.9379,9.53925,47.8694,45.5163,51.1151,0.00274197,188.262,73.649,24.3136,0.545316,0.716201,0,0.531296,0,0,0,0
2691,2,2024-12-19 00:00:00,03:12:33,20010443,Blank-1x,66,0.14,0.13,0,4,4,3,2,0,1,0.151665,0.0015945,83.4503,0.579074,15.3563,102689,123.269,13.4655,0.000570966,37.2207,12.5012,46.5593,47.1547,51.456,0.0027042,186.225,81.4293,34.8919,0,0,0,0,0,0,0,0
2698,2,2024-12-20 00:00:00,00:59:54,20050443,Blank-5x,72,0.13,0.13,0,4,4,3,2,0,5,0.134476,0.0015664,90.0206,0.60221,14.128,105380,126.216,11.8456,0.000603308,38.7173,13.8908,49.5594,44.8673,48.7673,0.00272933,169.087,83.335,35.7477,0.000959208,0,0,0,0,0,0,0
2703,2,2025-04-08 00:00:00,20:36:56,20010443,Blank-1x,82,0,0,0,4,4,3,2,0,1,0.162604,0.00165594,101.894,0.832917,66.9618,108.802,112.269,20.7108,0.000507822,29.1295,5.58985,31.3571,30.2667,33.1202,0.00273769,159.013,52.0863,28.3807,0.0289003,0.159479,10.9291,2.34438,6.9332,12.356,5.2561,5.19775
2719,2,2025-04-10 00:00:00,23:31:51,20010443,Blank-1x,99,0,0,0,4,4,3,2,0,1,0.0130966,0.00194163,82.388,0.431792,30.6557,77438.4,93.3104,16.9267,0.000425363,28.7164,4.23855,19.7646,22.4174,20.1075,0.00273695,87.1387,30.4039,26.7197,0,0.83025,6.43318,1.96027,5.11013,5.60596,2.96878,1.94912
2727,2,2025-04-12 00:00:00,00:48:29,20050443,Blank-5x,107,0.01,0,0,4,4,3,2,0,5,0.262672,0.00785798,79.4819,0.374871,25.9881,73683.8,93.5937,16.4744,0.000413737,30.7352,2.9385,16.9001,21.0709,23.2947,0.00275124,90.1862,31.7469,30.2033,0.130957,0.325951,6.16056,0.843859,5.74674,6.37227,2.49004,2.84424
2730,2,2025-04-12 00:00:00,10:03:29,20050443,Blank-5x,111,0.01,0,0,4,4,3,2,0,5,0.349689,0.00723508,72.8825,0.179992,24.5324,69754.7,84.9098,14.1404,0.000394294,26.1924,3.45808,12.2854,16.7676,17.6374,0.00273788,78.5509,25.826,24.43,0,0.477011,5.42438,1.71363,4.11141,6.54203,2.35814,1.68238
2734,2,2025-04-12 00:00:00,22:23:29,20010443,Blank-1x,117,0.01,0,0,4,4,3,2,0,1,0.0819314,0.00264058,74.4756,0.433413,24.0467,72170,86.1569,15.4731,0.000401218,28.5713,3.46588,14.0514,16.5088,16.1569,0.00275097,69.301,26.1152,27.558,0,0.157245,5.77416,1.31715,5.08525,4.73798,2.02513,2.38213
2738,2,2025-04-13 00:00:00,10:43:29,20010443,Blank-1x,123,0.01,0,0,4,4,3,2,0,1,0.0484427,0.00244739,74.1956,0.249783,20.461,71310.1,87.3332,15.8596,0.000409958,29.7395,2.15703,13.0146,17.2697,17.4364,0.00273921,65.8563,23.351,27.7911,0,0.37458,4.59744,0.937232,3.74796,3.5508,2.06582,1.86751
2741,2,2025-04-13 00:00:00,19:58:29,20010443,Blank-1x,127,0.01,0,0,4,4,3,2,0,1,0.0967646,0.00244988,70.5096,0.214279,21.9249,70857.6,87.4496,14.9921,0.000394417,27.1096,2.10406,13.3621,14.8008,15.3778,0.00274769,69.9501,22.0941,28.0345,0,0.23337,5.53147,1.34199,3.85024,5.63935,2.26199,1.8416
2757,2,2025-04-16 00:00:00,02:33:39,20010443,Blank-1x,143,0,0,0,4,4,3,2,0,1,0.0087747,0.00164579,69.1762,0.294938,20.8857,74364.3,88.2344,16.7163,0.000394022,26.5893,4.19229,17.7029,17.7116,18.8515,0.00274979,72.455,25.6814,28.9934,0,0.342599,5.49554,0.605384,2.47275,7.29107,1.69197,2.82228
2771,2,2025-04-18 00:00:00,01:14:33,20010443,Blank-1x,157,0.04,0.04,0,4,4,3,2,0,1,0.0146059,0.00155722,85.036,0.186274,24.0148,83448.4,97.8501,18.6899,0.000451082,18.9676,5.1386,23.3724,29.1693,28.2697,0.00274466,119.789,41.6869,18.249,0,0.502704,9.35621,1.49022,6.64874,8.91636,4.11668,3.54742
2778,2,2025-04-19 00:00:00,00:18:35,20050443,Blank-5x,163,0.04,0.04,0,4,4,3,2,0,5,0.0932039,0.00158093,89.966,0.338919,23.2234,80219.9,92.8129,16.124,0.000403462,24.1379,5.98835,22.6395,29.8405,29.3297,0.00274392,133.125,41.3696,23.8286,0,0.785343,8.86487,1.73688,7.61193,9.85308,3.81954,3.67535
2783,2,2025-04-19 00:00:00,15:43:35,20050443,Blank-5x,169,0.04,0.04,0,4,4,3,2,0,5,0.0572865,0.00161305,88.4188,0.451715,21.3269,76686.9,92.1381,16.1398,0.000363837,31.0477,3.39611,19.7877,23.1408,23.767,0.00274296,106.447,33.5323,27.7684,0,0.533684,7.94864,1.38913,5.46455,9.49285,3.17927,3.66672
2794,2,2025-04-21 00:00:00,01:38:34,20050443,Blank-5x,185,0.04,0.04,0,4,4,3,2,0,5,0.107551,0.00171199,90.1328,0.447684,20.6862,81486,90.183,16.5305,0.000427716,28.4178,4.70101,25.9789,31.1697,31.3792,0.00273883,131.714,42.174,25.8365,0,0.524256,9.60229,2.62547,7.96472,11.1533,3.2423,3.90003
2806,2,2025-04-25 00:00:00,19:53:07,20050443,Blank-5x,209,0.05,0.05,0,4,4,3,2,0,5,0.0384688,0.00109513,10253.8,3.92181,56.9983,17562.4,2549.22,452.019,0.0117593,56.4138,7.202,34.4918,41.0516,30.7456,0.00273657,169.482,57.1855,57.3244,0.0761689,1.21291,11.6793,2.04982,7.97781,13.1452,5.04246,3.48739
2812,2,2025-04-26 00:00:00,14:23:07,20050443,Blank-5x,221,0.05,0.05,0,4,4,3,2,0,5,0.054906,0.00118221,9291.63,3.67773,55.9167,15715.8,2010.94,361.902,0.0093282,71.7724,9.6855,33.3525,45.8637,43.9982,0.00275131,194.99,63.9103,72.4749,0.149474,1.71398,15.1759,3.13193,13.0526,20.0531,6.3322,6.10894
2894,2,2025-05-09 00:00:00,05:24:45,20050443,Blank-5x *Used Ne20 Step 1 data*,349,0.04,0.04,0,4,4,3,2,0,5,0.0192251,0.00157215,223.24,1.4081,39.6617,5054.17,308.528,54.1652,0.0013957,84.017,6.01817,33.7837,39.8056,41.14,0.00272919,174.615,54.6521,82.1906,-0.119931,1.25253,12.0977,2.40774,8.81509,16.1387,6.03497,4.98393
2907,2,2025-05-11 00:00:00,03:16:56,20050443,Blank-5x,367,0.04,0.04,0,4,4,3,2,0,5,0.0969245,0.00157877,253.103,1.15336,31.7319,5140.61,257.482,45.7025,0.00115429,68.0688,5.94649,28.2111,33.237,33.5813,0.00272296,162.516,47.1592,75.3184,0,1.07064,10.4397,2.56964,7.34668,13.1013,5.40827,4.4106
2944,2,2025-05-16 00:00:00,20:00:21,20050443,Blank-5x,440,0.04,0.05,0,4,4,3,2,0,5,0.0275432,0.0014663,56.4313,0.536963,25.5381,5588.73,174.752,31.9379,0.000865718,69.5916,5.3177,18.822,26.3106,27.0593,0.00274565,111.834,38.2886,71.9144,0,0.376911,7.44973,1.67311,7.2554,8.21206,2.96951,3.58179
2984,2,2025-05-22 00:00:00,17:52:59,20050443,Blank-5x,492,0.04,0.04,0,4,4,3,2,0,5,0.0597444,0.00153775,44.1098,0.482236,20.4008,4474.59,145.048,27.6353,0.000691162,52.1089,5.26107,24.7547,28.1739,30.7792,0.00274854,124.211,41.9535,50.4269,0,0.889935,8.07744,2.16919,5.11814,9.32845,4.72191,3.70356
3036,2,2025-05-31 00:00:00,15:15:26,20050443,Blank-5x,572,0.07,0.08,0,4,4,3,2,0,5,0.0709786,0.00157062,35.9573,0.441471,18.7476,3990.37,134.387,27.057,0.000688722,62.0833,3.80835,15.9782,18.585,9.55669,0.00274725,73.7894,26.6453,60.9283,0,0.3811,3.6367,0.374723,2.98638,4.84661,1.39236,1.75306
3045,2,2025-06-01 00:00:00,19:45:26,20050443,Blank-5x,585,0.08,0.08,0,4,4,3,2,0,5,-0.0194277,0.00159277,38.1279,0.33695,19.2955,4232.31,133.897,26.4135,0.000627936,57.9185,2.2078,14.4598,19.7623,11.3821,0.00273131,90.2441,30.1347,57.3312,0,0.292449,4.18325,0.821923,3.66015,6.21155,2.01836,1.57337
3076,2,2025-06-06 00:00:00,10:43:18,20050443,Blank-5x,621,0,0,0,4,4,3,2,0,5,0.071632,0.00151925,155.864,0.617111,22.7147,5019.74,144.376,29.1903,0.000760823,131.736,3.58215,16.1941,21.939,18.1858,0.00272916,98.6483,32.4183,128.058,0,0.537551,5.0658,1.52567,3.76053,7.38883,2.62418,3.07836
3081,2,2025-06-07 00:00:00,02:33:18,20050443,Blank-5x,627,0,0,0,4,4,3,2,0,5,0.0328612,0.00161633,33.9225,0.351854,17.3608,4023.43,145.105,26.7384,0.000682211,91.6953,4.18688,13.5918,12.131,16.2219,0.00273247,67.8036,25.1932,91.2552,0,0.293131,3.62177,0.329868,4.03732,5.40156,2.04288,1.79595
3092,2,2025-06-08 00:00:00,13:23:18,20050443,Blank-5x,643,0,0,0,4,4,3,2,0,5,0.0112946,0.00156088,40.2359,0.461475,19.7801,4902.87,151.797,25.7793,0.000680717,93.3103,3.80992,14.4066,17.9134,15.1792,0.00272172,81.1522,27.3493,93.9053,0,0.327667,5.20243,0.971205,3.65192,5.03139,2.36246,1.54865
3114,2,2025-06-12 00:00:00,01:14:30,20050443,Blank-5x,671,0,0.01,0,4,4,3,2,0,5,0.00785285,0.00149315,36.8329,0.586711,20.9575,5973.15,163.649,29.0173,0.000739581,118.092,4.79,22.0403,26.0136,2.21538,0.00271883,115.756,37.4407,110.986,-0.110186,0.09885,2.60352,0.0326362,0.125025,8.32529,1.45984,3.63115
3123,2,2025-06-13 00:00:00,22:26:50,20050443,Blank-5x,681,0,0.01,0,4,4,3,2,0,5,-0.0557633,0.00149909,1276.74,3.62076,21.7112,4671.34,184.467,30.6287,0.00083421,103.727,6.78345,24.998,34.2653,13.5421,0.002744,149.41,48.4157,101.487,0.0346271,0.525637,9.5487,1.99211,6.33642,10.6543,3.49869,4.97214
3134,2,2025-06-15 00:00:00,09:16:50,20010443,Blank-1x,697,0,0.008,0,4,4,3,2,0,1,0.108376,0.00153571,145.976,0.346496,20.0281,4953.57,159.705,29.4441,0.000744684,82.7377,4.15264,27.9646,32.9687,3.89192,0.00273547,171.757,52.7646,93.7546,0.106917,0.26854,5.00733,2.92721,-0.198599,9.18898,0.942778,5.00522
3154,2,2025-06-18 00:00:00,06:52:33,20050443,Blank-5x,721,0,0.009,0,4,4,3,2,0,5,0.141063,0.00148529,128.446,0.310948,23.4555,5942.59,167.161,30.8299,0.000804238,94.9484,10.2839,34.428,40.588,45.2638,0.00273897,207.678,66.253,90.9087,0.0858767,1.08187,8.44601,1.22332,8.85254,14.206,6.92587,3.11889
3165,2,2025-06-19 00:00:00,18:37:33,20050000,Blank-5x,737,0,0.009,0,0,0,0,2,0,5,0.0558617,0.00149709,1889.53,5.87416,67.5512,5404.49,220.33,41.2679,0.00104502,114.331,14.2423,45.3545,75.0691,75.0095,0.00273525,249.204,108.528,108.346,0.0641291,1.67569,23.4719,3.97519,18.599,25.4951,11.4554,8.92399
3174,2,2025-06-21 00:00:00,00:21:31,20000000,Blank-All,747,0.002,0.009,0,0,0,0,2,0,0,0.0490602,0.00147648,614.228,2.37591,67.9071,5915.24,213.479,39.3142,0.00104332,130.921,17.2023,67.5847,80.9492,80.4901,0.00273414,332.058,118.27,122.267,0.0655743,2.15216,24.1798,2.23686,16.9869,30.0099,11.9013,8.33257
3183,2,2025-06-22 00:00:00,05:36:31,20000443,Blank-All,759,0.001,0.009,0,4,4,3,2,0,0,0.0010397,0.00153463,158.532,0.308803,20.0009,5435.66,173.506,31.8198,0.000789575,116.573,6.15266,29.0447,29.5094,28.9152,0.00273317,146.865,49.5722,122.418,0,0.710449,10.3993,1.80767,7.76046,10.7073,3.85705,5.70849
3214,2,2025-06-27 00:00:00,01:19:28,20050443,Blank-5x,795,0.001,0.009,0,4,4,3,2,0,5,0.0237212,0.0015473,25.0466,0.591785,21.3318,5992.57,163.503,30.8885,0.000815431,147.668,5.7754,26.1688,34.3801,32.0416,0.00274548,149.243,49.8955,148.152,0.00930137,1.2174,8.8362,1.92195,9.16665,12.7871,4.95015,5.30786
3219,2,2025-09-10 00:00:00,21:36:28,20050443,Blank-5x,805,0,0.005,0,4,4,3,2,0,5,0.00466404,0.00151032,89.9997,0.0808116,50.2199,2180.85,93.3838,17.684,0.000377061,53.3899,6.17705,27.4925,31.4748,33.3383,0.00276093,130.459,47.5372,51.7303,0,1.05675,7.30423,1.73762,6.22919,10.698,3.16449,4.26185
3228,2,2025-09-12 00:00:00,03:46:33,20050443,Blank-5x,815,0,0.005,0,4,4,3,2,0,5,0.0519438,0.00156797,49.05,0.144997,29.1447,2436.98,92.9536,16.4445,0.00040227,60.3978,6.38279,26.7805,29.9031,4.53474,0.00273406,145.31,40.1038,60.9386,0.0928905,0.49093,1.2927,0.376237,0.662542,4.47323,0.321692,2.53018
3237,2,2025-09-13 00:00:00,09:01:32,20050443,Blank-5x,829,0,0.005,0,4,4,3,2,0,5,0.110204,0.00152125,45.3773,0.293693,25.4106,2671.03,86.8933,16.8676,0.000413328,87.1081,7.27269,30.2568,33.7029,33.543,0.00273056,155.68,53.0924,83.17,0,0.826131,9.93151,1.13936,6.9888,12.2309,3.32661,4.07771
3240,2,2025-09-13 00:00:00,18:46:32,20050443,Blank-5x,833,0,0.005,0,4,4,3,2,0,5,0.0382359,0.00154566,101.381,0.619442,21.964,2227.41,93.331,16.2818,0.000390063,65.5652,4.7026,20.5523,24.0765,26.9458,0.00273824,126.72,38.6367,65.9689,0,0.993281,4.95227,1.84109,3.61639,6.86915,3.12352,3.14705
3245,2,2025-09-14 00:00:00,11:01:32,20050443,Blank-5x,839,0,0.005,0,4,4,3,2,0,5,0.201082,0.00158509,113.265,0.4955,22.5002,2489.15,90.073,16.1033,0.000445633,85.4926,6.60556,26.429,28.3187,28.0592,0.00274068,133.914,40.7512,85.2924,0,1.28553,7.98334,1.29629,6.40295,9.95001,2.9391,3.73211
3271,2,2025-10-27 00:00:00,19:06:28,20050443,Blank-5x,28,0,0.006,0,4,4,3,2,0,5,0.109051,0.00174912,49.7009,0.238076,52.2224,2701.58,93.2071,15.9837,0.000416304,193.383,10.4095,47.1513,50.236,57.1125,0.00274913,220.449,76.4476,191.426,-0.158989,1.09859,8.68526,0.896316,1.94458,14.4941,5.06624,5.39878
3298,2,2025-11-01 00:00:00,01:16:31,20050443,Blank-5x,60,0.006,0.004,0,4,4,3,2,0,5,0.0790896,0.00183898,96.3008,0.321214,14.5813,1816.05,71.9209,15.4653,0.000373144,223.189,5.27871,29.7696,32.808,31.4299,0.00274087,144.419,52.9178,225.59,0,1.02107,7.27393,2.02838,9.11529,8.50941,1.50106,4.99446
3303,2,2025-11-01 00:00:00,17:06:31,20050443,Blank-5x,66,0.006,0.005,0,4,4,3,2,0,5,0.135257,0.00175593,390.54,1.28013,14.7529,1603.59,84.2081,12.2624,0.000390998,155.123,6.42433,20.9221,24.4801,23.2432,0.00274476,118.005,37.8628,158.9,0.0226277,0.45353,7.29989,1.24138,6.32722,8.22299,2.80493,2.4759
3315,2,2025-11-04 00:00:00,20:41:59,20050443,Blank-5x,85,0,0.005,0,4,4,3,2,0,5,0.0458686,0.0017791,10.5769,0.155952,12.7888,1995.59,67.5676,9.95863,0.000330358,169.645,5.75305,20.209,21.8645,6.76014,0.00273774,118.83,35.8799,163.096,0.062391,0.332756,-0.0536451,-0.0283865,0.362765,3.35749,-0.0456586,1.97061
3352,2,2025-11-10 00:00:00,02:28:34,20050443,Blank-5x,138,0.041,0.047,0,4,4,3,2,0,5,0.00401324,0.00164925,137.646,0.455447,21.5754,2940.79,87.674,15.9874,0.000402031,292.719,5.574,28.0053,33.6666,39.0239,0.00273633,157.962,57.4276,287.009,0,0.410439,6.55717,0.677481,3.31142,9.36057,4.19572,3.02664
3381,2,2025-11-14 00:00:00,05:57:09,20050443,Blank-5x,168,0,0.002,0,4,4,3,2,0,5,0.0654632,0.00174305,9.44783,0.240904,19.249,2448.16,91.5296,14.4906,0.000388933,196.999,5.89672,30.8513,39.8893,38.8091,0.00274336,186.107,59.2841,200.577,0.172315,0.479153,10.8358,2.03952,8.58849,14.113,5.84491,3.7006
3402,2,2025-11-17 00:00:00,00:48:39,20050443,Blank-5x,196,0.02,0.022,0,4,4,3,2,0,5,0.0430982,0.00180255,173.645,0.853293,20.033,2568.85,90.2739,15.9973,0.000407569,161.574,4.90439,25.3993,31.1391,7.23264,0.0027346,148.857,48.2257,169.044,0,1.12905,7.99328,2.23748,7.67678,9.41035,2.97467,3.51252
3425,2,2025-11-21 00:00:00,05:35:52,20050443,Blank-5x,216,0.01,0.017,0,4,4,3,2,0,5,0.0233225,0.00175171,428.556,1.43705,13.8515,2313.08,83.9393,15.7837,0.000424562,176.674,3.21172,20.04,21.5185,4.52327,0.00274782,88.5606,30.1553,177.165,0,0.0761123,4.36136,0.945484,5.75357,6.73494,2.10545,2.21625
3447,2,2025-11-24 00:00:00,04:11:01,20050443,Blank-5x,246,0.01,0.018,0,4,4,3,2,0,5,0.114062,0.00164268,159.73,-0.0902029,15.9505,2956.02,82.6736,16.048,0.000398235,119.46,8.57766,28.7504,41.2345,40.1525,0.00275018,180.43,66.8529,117.058,0,0.652907,11.4757,2.83983,9.26821,11.1387,5.17296,5.8027
3469,2,2025-11-27 00:00:00,05:44:55,20050443,Blank-5x,268,0.01,0.016,0,4,4,3,2,0,5,0.125176,0.00202362,148.784,1.17271,15.6003,3100.69,86.4228,14.5772,0.00040861,142.665,6.67783,30.1132,30.8614,34.3809,0.00273921,143.172,52.4882,151.146,0.0543156,0.425322,7.80705,2.78719,5.25201,9.07063,2.93451,2.76685
3519,2,2025-12-08 00:00:00,03:34:30,20050443,Blank-5x,326,0.009,0.011,0,4,4,3,2,0,5,0.0541377,0.00208691,133.332,1.3299,12.2412,2287.36,68.7416,12.2468,0.000325085,111.761,3.4774,18.7596,20.262,19.4322,0.00274041,99.4237,28.4997,119.798,0,0.61508,3.99652,1.1828,2.7399,4.52913,3.16808,2.50065
3569,2,2025-12-15 00:00:00,02:32:16,20050443,Blank-5x,390,0.009,0.011,0,4,4,3,2,0,5,0.0912328,0.00169107,40.4318,0.332025,17.9642,3176.77,100.436,17.3565,0.000488762,112.123,8.35489,31.2195,34.9096,37.7146,0.00272436,161.277,54.6396,107.096,0,0.959935,7.27565,0.0690691,1.80487,10.4369,3.63493,4.62351
3619,2,2025-12-22 00:00:00,00:59:53,20050443,Blank-5x,450,0.01,0.011,0,4,4,3,2,0,5,0.00162147,0.00193017,188.12,1.29789,19.0536,3468.07,95.3493,18.1565,0.000446239,117.744,6.76611,26.0898,38.3959,4.70818,0.00275607,171.035,59.6999,123.131,0.194075,1.11229,9.44624,2.04621,5.89354,11.7582,5.93691,5.02554
3640,2,2025-12-25 00:00:00,02:27:27,20010000,Blank-1x,470,0.016,0.014,0,0,0,0,2,0,1,0.101577,0.00189,629.397,2.88144,58.5668,3829.01,297.161,54.6999,0.00143321,125.022,26.0028,108.42,126.372,121.819,0.00274911,564.723,185.471,120.842,0.0332327,3.24946,30.1378,5.11565,21.7562,33.3103,12.3099,12.0014
3645,2,2025-12-25 00:00:00,18:17:27,20010000,Blank-1x,474,0.016,0.013,0,0,0,0,2,0,1,-0.00596438,0.00190301,91.5955,1.49943,49.6138,3381.09,364.868,65.6566,0.00168336,117.492,21.3751,90.3826,93.7598,99.4831,0.00274258,436.171,154.949,115.512,0.116791,1.97587,23.6061,3.03898,18.8555,30.4762,10.9532,10.1443
3698,2,2026-01-02 00:00:00,03:55:04,20010000,Blank-1x,544,0.001,0.008,0,0,0,0,2,0,1,0.0328156,0.00178862,359.804,0.934347,49.8356,3313.99,299.129,54.0538,0.00141547,83.6811,29.2304,118.618,134.881,137.037,0.00275093,605.011,205.723,80.5634,-0.0389867,2.40924,31.8347,5.59978,25.283,35.9396,12.1074,12.3034
3720,2,2026-01-05 00:00:00,02:22:40,20050443,Blank-5x,573,0.001,0.007,0,4,4,3,2,0,5,0.108435,0.00184489,172.88,1.23623,18.2859,3548.52,82.6041,16.1972,0.000389006,77.7745,9.38032,34.7318,42.5184,40.1058,0.00273611,179.765,51.2036,84.5779,0,0.746957,7.27116,2.33925,7.02996,11.0048,4.12661,4.56267
3770,2,2026-01-12 00:00:00,01:38:01,20050443,Blank-5x,631,0,0.007,0,4,4,3,2,0,5,0.0361821,0.00178837,28.227,0.226461,17.8913,4114.86,70.4905,16.3894,0.00040432,181.736,8.54446,33.8603,38.1447,39.072,0.00274069,181.116,69.4496,185.19,0.0528874,0.856366,9.80263,2.5929,6.82319,10.3463,4.98865,3.93485
3825,2,2026-01-20 00:00:00,02:21:41,20050443,Blank-5x,53,0,0.002,0,4,4,3,2,0,5,-0.0139249,0.00176291,174.398,0.899328,21.6372,4079.19,86.9213,17.3336,0.000414848,167.256,9.67309,33.4172,45.6986,42.5862,0.00274943,193.531,65.8744,152.299,0.0455118,0.491093,11.5822,2.84911,8.8467,11.1751,4.58345,5.41983
3845,2,2026-01-23 00:00:00,04:03:46,20050443,Blank-5x,75,0,0.004,0,4,4,3,2,0,5,0.020647,0.0018596,27.1731,0.621303,20.5546,4132.75,95.9208,16.3518,0.000427867,149.749,9.41805,40.3772,45.6307,50.095,0.00275584,215.586,68.6228,137.564,0.122609,0.312072,12.4809,0.151272,3.82795,11.6633,5.28331,5.26771
3860,2,2026-03-27 00:00:00,03:58:10,20010443,Blank-1x,99,0.014,0.017,0,4,4,3,2,0,1,0.0459194,0.00289417,7.06142,0.481717,26.0562,2997.26,1138.33,204.372,0.00518513,223.713,7.76243,26.2237,31.364,37.7032,0.00273422,165.009,58.9276,230.978,0.292993,0.589945,11.0771,0.582171,3.4074,10.7721,4.18999,4.22451
3874,2,2026-03-30 00:00:00,04:54:52,20050443,Blank-5x,117,0.025,0.017,0,4,4,3,2,0,5,0.112254,0.00305721,29.4096,0.371051,25.3736,2649.76,661.215,116.985,0.00308315,167.233,4.93968,20.8819,29.5776,26.1346,0.00273113,132.407,42.2306,158.915,0,1.07151,6.79244,0.837943,3.67848,10.1146,2.63147,4.88172
3946,2,2026-04-13 00:00:00,00:46:42,20050443,Blank-5x,227,0.011,0.017,0,4,4,3,2,0,5,0.109157,0.00214133,215.082,0.132927,22.7491,3448.74,1070.02,190.788,0.0050576,0,0,0,0,0,0,0,0,0,0,0,0,0,0,0,0,0
3995,2,2026-04-20 00:00:00,03:53:03,20050443,Blank-5x,287,0,0.003,0,4,4,3,2,0,5,0.0574975,0.00202401,63.385,0.347101,16.6409,3085.79,255.874,45.6255,0.0012331,217.061,3.69001,10.2837,25.9316,2.29802,0.00273559,103.55,48.1385,212.597,0.0350914,0.44238,5.40328,1.42844,7.08426,8.78215,2.50677,4.00109
4044,2,2026-04-27 00:00:00,00:30:56,20050443,Blank-5x,347,0,0.002,0,4,4,3,2,0,5,0.014181,0.00199697,48.6969,0.641944,16.8013,3127,145.74,24.724,0.000644679,223.749,3.08928,4.38475,16.6429,38.8403,0.0027322,64.9276,48.7461,218.893,0,0.804897,10.4705,1.98264,8.56075,12.0734,5.55148,3.30881
4051,2,2026-04-28 00:00:00,04:20:16,20050000,Blank-5x,353,0.011,0.016,0,0,0,0,2,0,5,0.0668445,0.0020547,2336.99,6.34441,229.018,3167.39,403.638,72.583,0.00192148,229.13,18.3677,76.0417,96.5715,24.7046,0.00274884,431.582,148.357,221.081,0.189716,2.26993,20.1347,2.61761,16.5812,24.7925,9.24255,9.76395
4057,2,2026-04-29 00:00:00,03:13:55,20050000,Blank-5x,359,0.008,0.01,0,0,0,0,2,0,5,0.0625241,0.00178662,1368.91,5.37053,218.25,3182.67,243.093,43.6366,0.0011893,252.575,16.7772,67.7898,86.088,85.5913,0.00275356,362.243,128.392,245.138,0.0994448,1.53289,20.0174,4.73812,16.4718,24.9587,9.16163,8.2394
4071,2,2026-05-01 00:00:00,03:35:51,20010000,Blank-1x,371,0.02,0.021,0,0,0,0,2,0,1,0.0394204,0.00158768,3031.13,9.52854,299.004,3481.97,310.693,58.7594,0.00151565,279.393,19.8157,84.4109,104.223,33.6673,0.00274895,450.248,152.622,274.324,-0.0153803,1.56257,21.3875,3.83942,17.3757,27.8002,10.9081,9.47127
4087,2,2026-05-04 00:00:00,04:00:27,20010000,Blank-1x,393,0.012,0.017,0,0,0,0,2,0,1,0.152251,0.00179129,2949.24,8.16322,294.294,4326.57,229.145,40.1927,0.00104644,549.125,17.0129,72.7122,78.2053,77.2497,0.00275947,380.616,127.443,538.03,-0.0242736,1.18713,21.7115,3.83764,14.271,24.4462,9.37581,8.27828
4137,2,2026-05-11 00:00:00,02:04:36,20050000,Blank-5x,58,0.02,0.021,0,0,0,0,2,0,5,0.0111061,0.00189293,3804.98,9.36703,372.392,4138.5,380.605,66.8697,0.00174457,404.278,62.6794,273.279,313.347,307.537,0.00276573,1361.94,475.59,400.67,0.351872,10.6623,130.698,23.6355,102.424,153.667,59.1981,54.2684
4186,2,2026-05-18 00:00:00,00:43:21,20050000,Blank-5x,114,0.01,0.014,0,0,0,0,2,0,5,0.0826811,0.00161211,2745.71,8.02308,282.19,4335.12,211.353,37.1255,0.00100681,440.888,107.316,464.205,534.368,522.933,0.00279195,2323.11,818.381,408.706,0.668511,15.0546,178.083,32.89,144.452,216.341,85.1927,74.9314
4229,2,2026-08-11 00:00:00,01:58:01,20050000,Blank-5x,168,0.01,0.018,0,0,0,0,2,0,5,0.0702162,0.00154928,878.702,1.10161,100.582,2802.59,252.705,34.2591,0.00116072,567.819,8.21795,69.9549,45.5964,46.5299,0.00273043,371.322,128.996,574.562,0,1.39508,21.708,1.52552,15.5702,24.6727,11.487,9.80229
4273,2,2026-08-17 00:00:00,05:14:11,20050000,Blank-5x,226,0.01,0.012,0,0,0,0,2,0,5,0.0865384,0.00144462,631.65,1.97384,70.4271,3009.2,140.406,28.8657,0.0007369,585.118,25.3559,113.085,131.684,129.702,0.00274731,562.169,198.551,614.461,0.177773,5.81796,61.9499,12.3485,48.9857,73.0867,28.7966,26.2424
4310,2,2026-08-22 00:00:00,07:27:10,20000000,Blank-all,262,0.01,0.017,0,0,0,0,2,0,0,0.0144376,0.00136682,988.062,3.2851,100.997,3503.16,503.988,91.9357,0.00250014,506.553,100.277,437.346,509.877,507.369,0.00277747,2096.45,764.067,499.435,0.712606,15.2404,127.911,30.1645,135.918,189.198,75.5085,68.8755
4366,2,2026-09-08 00:00:00,04:02:31,20000000,Blank-all,332,0.013,0.018,0,0,0,0,2,0,0,0.0289425,0.00164732,7721.65,19.5675,770.118,3833.78,4965.02,888.834,0.0238707,604.225,222.62,953.437,1115.39,1092.23,0.00284001,4446.41,1658.23,551.234,1.01247,23.4471,299.482,55.1874,236.776,353.944,136.968,126.264
4409,2,2026-09-14 00:00:00,03:03:33,20000000,Blank-all,382,0.01,0.018,0,0,0,0,2,0,0,0.0544734,0.00167816,1534.84,3.26989,75.9812,3858.01,199.893,37.9041,0.000971318,554.456,233.075,1006.97,1176.02,1143.79,0.0028352,4759.81,1745.36,524.465,1.09167,20.5422,266.817,53.9425,209.246,319.519,122.823,122.182
4459,2,2026-09-21 00:00:00,01:01:02,20000000,Blank-all,434,0.01,0.017,0,0,0,0,2,0,0,0.0454862,0.00191573,247.688,1.07986,72.6884,3774.8,223.629,39.9962,0.00107991,594.152,192.878,818.874,947.686,948.973,0.00282227,3670.15,1438.67,544.541,0.47795,16.8729,201.164,18.9483,157.229,235.717,90.5431,85.7953
