_row,_code,A,B,C,D,E,F,G,H,I,J,K,L,M,N,O,P,Q,R,S,T,U,V,W,X,Y,Z,AA,AB,AC,AD,AE,AF,AG,AH,AI,AJ,AK,AL,AM,AN
29,3,2023-07-10 00:00:00,08:51:20,30050444,NZ23-WM230209-5x,2642,0.07,15.53,0,4,4,0,3,0,5,629.596,2.58073,44164,102.287,2601.65,39238.8,218238,29806.2,1.17839,9838.94,41113.2,149635,210474,208753,0.0352195,763686,180991,256.358,183.302,3802.17,38174.6,7945.94,30142.9,30931.4,11920,10051.4
30,3,2023-07-10 00:00:00,12:28:33,30010444,NZ23-BP230207-2ndtube-1x,2642,0.07,25.33,0,4,4,0,3,0,1,340.99,2.00565,26011.3,60.6946,1591.88,44617.9,281923,39352.6,1.56895,20544,87916,330404,452843,449933,0.0714056,1665540,401355,570.487,443.93,9304.01,96398.9,19395.2,76243.4,77001.2,29648.4,25023.8
31,3,2023-07-10 00:00:00,15:44:28,30050444,NZ23-KP230207-5x,2642,0.06,24.44,2,4,4,0,3,0,5,395.158,1.57203,10978.8,26.2964,676.32,48540,179787,24938.7,0.994344,14553.7,62171.1,234641,319688,317433,0.0517096,1189580,281802,583.554,451.857,9334.64,97176.6,19563.1,77027.8,77655.9,29937,25183
37,3,2023-07-11 00:00:00,12:31:46,30010444,BOL23-BD-1-CU1-1x,2650,0.07,25.63,0,3,3,0,3,0,1,76.2505,0.56774,36855.7,83.9591,2187.74,40706.2,417792,58001.8,2.28323,1307.44,5160.06,17678.2,26120.6,25772.5,0.00686336,89170.8,21885.9,85.2134,32.7054,660.699,6212.5,1376.89,4895.05,5186.85,2006.87,1681.13
38,3,2023-07-11 00:00:00,15:37:34,30010444,BOL23-BD-3-CU1-1x,2650,0.57,25.36,0,3,3,0,3,0,1,89.227,0.637118,8075.53,18.5154,490.077,45945.9,87731.2,11774.8,0.477269,336.572,1174.73,4054.71,5967.6,5870.13,0.0037003,19947.8,5029.84,57.8083,8.59551,169.067,1588.2,355.449,1256.3,1346.76,523.312,441.216
43,3,2023-07-12 00:00:00,08:11:27,30010444,BOL23-SMFN-1-CU2-1x,2658,0.08,24.3,0,3,3,0,3,0,1,167.988,1.54377,46318.8,110.004,2773.06,44206.3,556390,78444.2,3.07023,1876.4,7461.52,25556.7,37707.8,37348.1,0.00862853,129895,31772.5,117.406,43.8593,937.472,8805.31,1939.09,6932.06,7389.76,2853.14,2406.3
44,3,2023-07-12 00:00:00,13:05:35,30010444,BOL23-SMFN-3-CU1-1x,2658,0.07,25.18,0,3,3,0,3,0,1,116.811,1.07601,19951.7,46.8847,1199.49,44634.7,250399,34388.2,1.37306,863.614,3302.04,11192.9,16610.7,16393.4,0.00536682,56033.7,13871.6,78.8535,22.1844,458.191,4311.17,963.508,3399.27,3627,1396.8,1192.06
50,3,2023-07-13 00:00:00,07:45:35,30010444,MV230623-1x,2666,0.07,13.17,4,3,3,0,3,0,1,0.24166,0.0780688,10777,25.6589,660.406,45647.3,203063,28078.2,1.3109,888.145,3376.82,11656.2,17173.7,16965.4,0.00546609,58641.7,14552.2,92.8389,24.5302,542.165,5093.38,1135.76,4030.6,4283.46,1657.08,1407.65
51,3,2023-07-13 00:00:00,10:54:54,30000444,HCL-Air-03282023-B-all,2666,0.03,0.04,0,4,4,4,3,0,0,16.0125,0.371097,49428.7,119.352,3007.52,43991.6,258070,36016.4,1.42087,3172.4,12839,44862.7,65442,64895.4,0.0129896,229380,55276.2,133.852,58.5891,1205.58,11427.5,2491.43,9008.2,9469.06,3662.14,3113.73
52,3,2023-07-13 00:00:00,14:19:12,30000444,HCL-Blank-03282023-C-all,2666,0.03,0.03,0,3,3,0,3,0,0,0.444583,0.00910785,11975.1,28.0074,722.7,44925.6,70110.3,9428.36,0.372426,353.717,1206.89,4150.22,6047.94,5944.53,0.00370039,20430.2,5130.85,239.379,139.495,2944.45,28098.2,6157.71,22528.2,23894.5,9269.96,7868.89
57,3,2023-07-14 00:00:00,07:50:56,30003330,HCL-SH-202105783-04-04-B-all,2674,0.04,0.03,3,3,3,0,3,0,0,2.4794,0.58992,15211.7,35.1347,925.074,42033,138213,18796.5,0.752757,557.448,2045.34,6934.15,10256.3,10158.9,0.00438117,34423.9,8649.11,110.576,41.5742,922.811,8582.1,1933.11,6825.46,7296.96,2830.32,2381.27
58,3,2023-07-14 00:00:00,11:20:40,30000444,HCL-SH-202105783-06-03-B-all,2674,0.04,0.04,3,3,3,0,3,0,0,2.24598,0.470459,65628,155.573,3838.02,44451.9,455158,62885.1,2.43738,1121.81,4322.09,14604.4,21733.1,21468,0.00617242,72906.4,18087.7,101.553,30.8706,635.875,5930.66,1324.19,4680.41,5017.22,1929.49,1639.42
79,3,2023-07-17 00:00:00,08:05:56,30000444,HCL-SH-202105783-01-06-B-all,2701,0.03,0.03,3,3,3,0,3,0,0,3.73798,0.701683,59205.2,135.444,3469.45,41552.6,350717,48161.2,1.8752,841.997,3214.07,10827,16190.7,15931.5,0.00528547,54065,13578.8,81.4494,21.3348,451.499,4233.39,954.872,3326.81,3604.47,1402.3,1180.75
80,3,2023-07-17 00:00:00,12:28:14,30000444,HCL-SH-R4067-A-all (He + Ne ONLY),2701,0.03,0.06,4,4,4,0,3,0,0,105.367,29.6969,28122.4,67.6997,1751.75,55734.1,0,0,0,0,0,0,0,0,0,0,0,0,0,0,0,0,0,0,0,0
85,3,2023-07-18 00:00:00,08:06:47,30050444,HCL-SH-R4040-A-5x,2709,0.09,0.08,4,3,3,0,3,0,5,6.51481,1.88534,6254.62,13.9001,386.045,39687.9,132606,18032.6,0.723216,412.079,1480.42,5012.33,7495.07,7386.99,0.0039287,24824.2,6319.51,59.298,12.9609,262.867,2473.32,558.366,1964.23,2121.67,823.282,698.118
86,3,2023-07-18 00:00:00,11:06:48,30004440,HCL-SH-R4040-A-all,2709,0.04,0.1,4,4,4,0,3,0,0,130.717,37.1343,47529.2,113.246,2941.29,59835.9,179236,24654.5,0.979257,11790.8,49691.7,179042,254845,252682,0.0415429,914368,224530,604.392,422.076,8970.91,89725.4,18743.7,71173,74839.5,28873.1,24372.1
92,3,2023-07-19 00:00:00,09:06:49,30050444,HCL-SH-R4067-C-5x,2717,0.03,0.06,4,3,3,0,3,0,5,4.99697,1.57811,5894.24,13.4592,370.487,41481.3,123799,16944.2,0.680048,506.048,1815.99,6182.99,9259.12,9149.37,0.00421798,30727.9,7870.78,87.8983,21.1486,431.558,4021.79,915.876,3184.68,3474.82,1343.17,1141.25
94,3,2023-07-19 00:00:00,15:13:02,30050444,HCL-SH-R4109-A-5x,2718,0.06,0.08,4,3,3,0,3,0,5,6.48638,1.89716,2582.13,6.26918,166.527,42101.4,53464.6,7234.4,0.292944,295.507,929.935,3110.44,4684.64,4629.43,0.00348539,15296.9,3973.98,88.7689,10.2884,221.515,2051.61,476.439,1622.52,1790.21,702.572,588.115
99,3,2023-07-20 00:00:00,07:46:21,30000444,HCL-SH-Air-03282023-C-all,2725,0.04,0.03,0,4,4,4,3,0,0,16.3578,0.348903,52127.9,130.188,3274.82,40934.9,254474,35647,1.4058,3090.62,12644.5,43671.2,64469.8,63943.8,0.0127932,223286,55010.8,139.301,57.6699,1231.56,11627.9,2572.87,9186.3,9881.22,3812.31,3239.48
100,3,2023-07-20 00:00:00,10:49:57,30000330,HCL-Blank-07192023-B-all,2725,0.04,0.03,0,3,3,0,3,0,0,1.51928,0.0284984,46374.7,109.007,2781.29,45815.2,212524,29052.8,1.12314,551.946,1947.78,6550.12,9769.21,9619.6,0.00426229,32426.5,8230.53,96.9508,11.5384,247.028,2319.39,531.295,1839.48,1996.32,778.305,646.907
108,3,2023-07-21 00:00:00,12:33:13,30000330,HeStandard-manvalve-all,2744,0.04,0.04,0,3,3,0,3,0,0,137.086,0.367352,9095.07,20.0176,547.368,38283.4,60798.2,8084.8,0.325751,261.273,926.349,3103.33,4696.67,4601.97,0.00350134,15254.1,3960.19,40.5833,7.40411,154.855,1392.44,321.241,1101.26,1213.82,471.075,399.719
109,3,2023-07-21 00:00:00,16:18:13,30050330,HeStandard-manvalve-5x,2745,0.04,0.04,0,3,3,0,3,0,5,5.34985,0.0159419,895.289,2.19337,62.8562,37131.5,3433.55,435.958,0.0178951,47.4547,76.2915,250.737,370.746,370.918,0.00278443,1211.72,315.739,26.219,0.454732,10.5793,99.4269,18.8571,79.1589,88.2175,33.2749,28.0561
110,3,2023-07-24 00:00:00,10:00:11,30000330,HeStandard-manvalve-all,2747,0.03,0.04,0,3,3,0,3,0,0,143.438,0.386441,10543.4,26.4973,627.073,40744.8,75039.7,10033.9,0.407118,298.081,1081.81,3546.63,5425.22,5377.31,0.00363107,17483.2,4517.77,35.5028,9.03619,174.969,1588.52,364.021,1247.06,1373.09,527.355,448.513
111,3,2023-07-24 00:00:00,13:09:29,30050330,HeStandard-manvalve-5x,2748,0.05,0.04,0,3,3,0,3,0,5,5.97897,0.0160531,540.671,1.21517,41.9863,35624.8,1986.11,256.965,0.0104596,39.9092,34.5141,82.4536,191.877,211.876,0.00275722,514.017,168.848,27.5257,0.262616,6.81502,54.3723,12.9892,44.9218,47.381,19.2607,16.5311
112,3,2023-07-24 00:00:00,16:12:36,30000330,HeStandard-manvalve-all,2749,0.03,0.04,0,3,3,0,3,0,0,141.463,0.380109,9276.72,21.4271,553.087,33959.8,62558.6,8352.66,0.336966,261.862,935.437,3083.29,4731.07,4637,0.00350968,15184.8,3920.25,38.8635,7.38353,151.185,1386.53,317.847,1090.23,1196.74,471.113,389.022
124,3,2023-07-26 00:00:00,08:06:22,30054330,HCL-SH-R4069-A-5x,2767,0.03,0.08,4,3,3,0,3,0,5,7.71499,2.29989,3143.65,8.40144,236.922,40488.8,66467,8989.46,0.362181,226.074,707.603,2423.16,3563.52,3548.51,0.00331203,11879.7,3076.52,63.0082,6.15032,127.268,1210.27,268.917,964.631,1056.05,401.129,347.399
125,3,2023-07-26 00:00:00,11:13:50,30054330,HCL-SH-R4048-A-5x,2767,0.04,0.98,4,3,4,0,3,0,5,7.90906,2.30982,56.1635,99.8468,1274.69,44621.1,140786,18977.7,0.747432,4858.4,19703.4,69473.9,100071,99102.1,0.0186194,351044,86311.9,148.758,76.7135,1598.3,15483.6,3314.32,12167.4,13047.6,5029.32,4224.37
126,3,2023-07-26 00:00:00,14:26:01,30000444,HCL-SH-202201551-06-17-A-all,2767,0.05,0.03,4,3,3,0,3,0,0,0.498772,0.140723,20715.9,47.4345,1263.39,54475.1,141470,19160.3,0.763685,477.01,1760.39,6072.78,8890.98,8751.03,0.00419022,30106.4,7641.02,57.9474,15.681,319.965,3031.2,679.384,2392.5,2584.95,1010.32,853
132,3,2023-07-27 00:00:00,08:54:36,30054440,HCL-SH-R4048-C-5x,2775,0.03,0.09,4,3,3,0,3,0,5,8.21531,2.40596,9919.72,24.2188,617.513,45358.2,231570,32089.1,1.29203,662.342,2498.22,8648.1,12708.2,12587.5,0.00480749,43048.1,10960.2,64.3498,19.2394,423.824,3976.35,890.874,3179.8,3439.41,1316.7,1136.31
133,3,2023-07-27 00:00:00,12:50:13,30000330,HCL-Blank-04282023-C-all,2775,0.03,0.03,0,3,3,0,3,0,0,0.70015,0.0184089,49946.3,117.494,3025.18,47405.9,287525,39763,1.58412,796.602,3062.73,10583.6,15368.5,15195.8,0.00523422,52423.8,13497.1,287.723,193.806,4062.29,39218.9,8529.85,31286.6,34068.7,13196.3,11143.4
139,3,2023-07-28 00:00:00,07:53:18,30050444,HCL-SH-R4056-A-5x,2784,0.03,0.08,4,3,3,0,3,0,5,7.17473,2.1411,1825.58,3.72428,122.522,43879,39235.1,5283.15,0.217916,221.095,665.102,2299.73,3343.39,3328.2,0.00328758,11075.2,2880.46,63.8183,8.11799,177.93,1662.36,368.035,1314.55,1441.5,554.505,472.698
140,3,2023-07-28 00:00:00,12:48:54,30050330,HCL-Blank-04282023-A-5x (Bad Neon),2784,0.03,0.05,0,4,4,4,3,0,5,108.316,2.35206,346.839,418.052,6945.97,42683.1,863128,121703,4.75992,16474.5,68474.6,252890,350467,348537,0.0574262,1262100,316895,640.37,499.292,10419.9,106583,21720.3,84282,89178.4,34230.8,28744.4
161,3,2023-07-31 00:00:00,08:28:48,30050444,HCL-Blank-07192023-C-5x,2810,0.03,0.03,0,3,3,0,3,0,5,-0.0195892,0.00152544,1184.83,2.27507,74.8254,40198.6,3324.75,423.964,0.0172218,42.4865,56.1805,190.239,280.511,108.501,0.00276808,919.675,243.969,25.4719,0.042859,8.47953,83.069,19.5765,63.2815,67.4048,27.5448,23.0762
162,3,2023-07-31 00:00:00,12:31:58,30050444,HCL-SH-R4021-A-5x,2810,0.03,0.08,4,3,3,0,3,0,5,7.61553,2.26168,3806.4,7.42782,238.33,36801.7,74101.5,9941.94,0.410924,284.003,1002.94,3437.17,5086.62,5030.7,0.00357852,16746.1,4340,40.3434,9.13787,197.172,1828.16,414.419,1442.74,1577.19,616.112,518.405
167,3,2023-08-01 00:00:00,08:42:19,30000444,HCL-Air-07192023-A-all,2818,0.03,0.03,0,4,4,4,3,0,0,13.6318,0.324185,47803.9,112.227,2889.54,35917.4,237125,32732.9,1.32091,2771.37,11197.5,39056.6,56906.8,56433.1,0.0120229,198298,49231.8,89.3217,45.6333,920.145,8783.63,1897.91,6912.64,7470.05,2875.68,2455.65
168,3,2023-08-01 00:00:00,13:17:26,30050444,HCL-SH-R4060-C-5x,2818,0.03,0.06,4,3,3,0,3,0,5,5.08227,1.52893,1551.56,4.18189,101.654,40557.3,29437.6,3897.25,0.162254,138.078,442.184,1523.22,2250.56,2224.8,0.00311011,7434.95,1934.07,37.5819,5.63484,122.052,1134.11,250.77,895.028,990.734,383.302,321.948
174,3,2023-08-02 00:00:00,08:04:40,30000444,HCL-SH-202105783-01-04-B-all,2826,0.03,0.03,3,3,3,0,3,0,0,3.54156,0.553618,11544.8,26.6616,708.914,44058.4,75185.1,10062.3,0.407917,311.488,1116.16,3823.19,5578.25,5492.43,0.00365576,18683.8,4827.73,52.4746,9.9988,214.653,2012.44,442.14,1589.99,1738.04,674.227,567.314
175,3,2023-08-02 00:00:00,11:15:14,30000444,HCL-SH-202201551-03-07-A-all,2826,0.03,0.04,4,3,4,0,3,0,0,0.60429,0.172656,145885,336.341,8554.86,43444.6,54745.4,7146.52,0.285123,1518.35,5938.53,20393.5,29681.1,29321.3,0.0076495,101774,26002.7,80.7945,33.1364,686.35,6549.17,1442.33,5147.11,5693.66,2200.63,1855.53
176,3,2023-08-02 00:00:00,14:25:52,30000444,HCL-SH-202201551-04-18-A-all,2826,0.04,0.06,4,4,4,0,3,0,0,1.02451,0.239045,12970.9,29.8217,782.59,45805.8,95325.8,12621.9,0.500066,2914.18,11628.9,40758.5,58697.2,58054.1,0.0122919,203789,50682.6,97.9824,55.7406,1105.23,10799.2,2335.05,8492.37,9210.92,3538.69,2978.62
181,3,2023-08-03 00:00:00,07:35:52,30000444,HCL-SH-202201551-05-16-A-all,2834,0.04,0.03,4,3,3,0,3,0,0,1.6767,0.434121,14330.4,32.4904,860.188,44296.1,162112,21958.3,0.86867,532.804,1921.97,6484.62,9630.75,9489.23,0.004288,31819.1,8249.87,77.9427,17.903,370.608,3431.25,772.087,2732.35,2975.98,1162.15,981.009
182,3,2023-08-03 00:00:00,11:39:26,30000444,HCL-SH-202201551-01-04-A-all,2834,0.03,0.04,4,4,4,0,3,0,0,24.5554,5.21693,3952.27,7.93977,246.429,48562.2,48822.9,6487.79,0.257487,1414.68,5591.91,19323.7,28212.8,27894.8,0.00735817,96621.7,24353,88.4764,30.8286,633.469,6078.95,1332.89,4754.84,5218.47,2008.24,1705.77
188,3,2023-08-04 00:00:00,10:14:29,30000444,HCL-SH-202201551-02-03-A-all,2842,0.04,0.03,4,3,3,0,3,0,0,1.09859,0.206945,969.486,21.9961,554.109,41849.8,86272.3,11580,0.466534,352.394,1277.81,4371.24,6506.76,6400.24,0.0037844,21308.6,5584.91,58.2292,11.1379,248.998,2365.54,534.661,1857.15,2060.99,803.756,673.03
189,3,2023-08-04 00:00:00,15:16:34,30000444,HCL-SH-R4047-A-all,2842,0.04,0.03,3,4,4,0,3,0,0,0.481102,0.281354,6650.26,14.9264,408.238,37134.9,65031.8,8729.07,0.361288,5178.08,21384.1,76950.1,109285,108819,0.02054,393219,98567.3,408.006,311.799,6522.52,64752.6,13642.6,51408.1,55822.7,21614.3,18223.9
209,3,2023-08-07 00:00:00,07:57:02,30000444,HCL-Air-07192023-B-all,2866,0.03,0.03,0,4,4,4,3,0,0,14.4027,0.324768,48897.6,116.907,2988.89,34302.3,235173,32394.3,1.31422,2752.23,11110.9,38739.6,56672.3,56253.9,0.0120762,196621,49255.4,76.8332,43.6034,904.161,8656.35,1900.67,6808.97,7476.46,2868.72,2416.56
275,3,2023-08-17 00:00:00,08:53:27,30000330,HCL-SH-Blank-07192023-A-all-swage,2909,0,0,0,4,4,4,3,0,0,77.6664,1.50935,88959.2,203.713,5263.83,34510.9,326122,44202.4,1.74525,2899.39,11661.4,39714.9,58549.4,57811.5,0.0122174,200526,49841,70.9837,39.7136,804.799,7531.54,1657.41,5917.26,6506.97,2481.22,2083.4
276,3,2023-08-17 00:00:00,12:48:45,30000330,HCL-Blank-08172023-NewProc-all,2909,0.04,0,0,3,3,0,3,0,0,0.00543558,0.00120592,192.681,0.103783,20.1282,42833.5,384.498,47.9303,0.0019531,32.1142,10.0965,37.379,53.5467,0.239181,0.00274365,185.572,48.889,29.1737,0.229324,7.51714,74.5545,16.001,58.4106,61.8324,24.7707,21.7339
303,3,2023-08-21 00:00:00,07:46:21,30000330,HCL-Blank-08172023-2-all,2937,0.02,0.01,0,3,3,0,3,0,0,0.121842,0.00130227,437.511,1.24149,33.3208,47748.6,882.437,111.337,0.00440868,43.747,2.93032,4.62756,14.6098,120.921,0.00271777,25.1816,31.7347,41.116,2.49227,49.207,447.562,103.112,353.056,397.601,151.008,125.829
304,3,2023-08-21 00:00:00,11:09:16,30000330,HCL-Blank-08212023-A-all,2937,0.01,0.01,0,3,3,0,3,0,0,0.0277084,0.00117771,134.693,0.258654,16.579,39786.3,288.177,35.399,0.00140816,41.3304,1.15732,2.08648,5.0367,42.7124,0.00272759,10.4045,11.6493,37.9319,0.413687,4.01508,71.3482,16.1408,53.7404,65.3562,20.809,20.4949
305,3,2023-08-21 00:00:00,17:41:31,30000444,HCL-Air-08212023-A-all,2937,0.01,0.01,0,4,4,4,3,0,0,10.8662,0.250373,38117.7,91.845,2361.24,33510.7,199541,27516.4,1.11693,2112.99,8624.37,29048.8,43747.8,43361.6,0.00989586,147193,37660.9,78.2635,34.7969,742.447,6888.43,1553.14,5411.2,6059.47,2335.16,1986.61
309,3,2023-08-22 00:00:00,07:59:03,30000444,HCL-SH-R4080-A-all,2943,0.02,0.02,3,4,4,4,3,0,0,1.70643,0.795914,43918,104.62,2724.11,37425.3,247254,34421.4,1.3856,3245.07,13323.8,46276.3,68017,67390.8,0.0136815,236248,59271,116.696,68.0422,1471.82,13965.9,3074.19,11031.3,12118.1,4680.68,3953.94
310,3,2023-08-22 00:00:00,13:25:04,30000444,HCL-Air-08212023-B-all,2943,0.02,0.02,0,4,4,4,3,0,0,11.0179,0.252421,38930.9,95.8633,2413.57,35758.5,197310,27259.3,1.10132,0,0,0,0,0,0,0,0,0,0,0,0,0,0,0,0,0
315,3,2023-08-23 00:00:00,15:06:41,30054330,HCL-SH-R4069-A-5x,2952,0.02,0.06,4,3,3,0,3,0,5,6.53288,1.87392,2617.12,6.51938,174.199,43522.5,43834.7,5949.3,0.240425,166.744,505.153,1675.3,2530.99,2492.64,0.00314307,8255.75,2179.14,47.7178,3.64378,88.0101,817.284,186.123,632.861,723.424,278.732,241.558
320,3,2023-08-24 00:00:00,07:30:59,30054330,HCL-SH-R4056-A-5x,2958,0.02,0.06,4,3,3,0,3,0,5,5.44453,1.72029,1334.38,2.93852,91.1436,42115.8,24335.4,3268.7,0.135764,165.303,475.031,1586.5,2410.59,2370.59,0.00313151,7772.57,2065.74,55.1558,6.51176,129.68,1186.97,279.366,941.652,1061.97,407.377,352.221
321,3,2023-08-24 00:00:00,10:37:16,30050330,HCL-Blank-08212023-B-5x,2958,0.02,0.02,0,3,3,0,3,0,5,0.252409,0.00362793,5878.37,13.0892,356.623,43782.5,15697.2,2046.69,0.0810371,95.7937,151.664,489.542,750.841,744.092,0.00285465,2391.93,647.86,58.093,0.755715,14.2867,118.932,29.4534,93.5544,106.283,42.0485,36.3923
399,3,2023-09-14 00:00:00,14:04:04,30010443,YNP23-MV2-1x,3058,0.02,14.75,3,4,4,3,3,0,1,26.0667,0.0498439,12415.6,30.7031,787.691,490157,162951,18335.9,0.920628,530.041,2006.72,6564.34,10106,9935.61,0.0043906,32194,8560.32,55.6306,6.85357,142.715,1280.28,300.621,998.408,1129.96,441.519,373.813
428,3,2023-09-18 00:00:00,07:38:10,30010443,YNP23-MV3-1x,3096,0.06,11.63,0,3,3,0,3,0,1,956.128,1.31762,20829.2,50.4958,1297.52,267293,662231,78567.7,3.91235,3246.75,13453.4,46091,68436.3,67940,0.0137816,232692,59942.4,167.208,99.8526,2160.55,20294.6,4529.88,16018.6,17965.4,6945.66,5846.79
429,3,2023-09-18 00:00:00,10:42:54,30010443,YNP23-MV1-1x,3096,0.07,29.99,0,3,3,0,3,0,1,736.143,1.02196,5368.91,14.0015,352.932,286208,95583,10801.2,0.599308,872.308,3399.61,11420.2,17036.1,16888.7,0.0055222,56830.4,14920,85.7062,21.2693,462.569,4309.24,959.749,3413.58,3835.17,1483.16,1266.97
430,3,2023-09-18 00:00:00,13:45:36,30010443,YNP23-MV2-1x,3096,0.07,11.95,0,3,3,0,3,0,1,648.123,0.90554,1419.17,3.66457,97.8338,274248,14115,1557.95,0.110517,259.91,901.989,2998.61,4558.27,4477.69,0.00347536,14699.1,3937.27,56.1481,6.26215,134.173,1243.14,287.797,974.755,1107.51,438.303,358.706
431,3,2023-09-18 00:00:00,16:51:45,30010443,YNP23-MV5-1x,3096,0.06,12.1,0,3,3,0,3,0,1,627.619,0.887787,5927.48,15.0135,380.979,263814,44495.1,4914.88,0.291589,423.73,1565.17,5238.9,7912.57,7800.77,0.0040544,25819.9,6928.41,56.0828,10.2942,215.935,1960.59,451.24,1545.86,1751.9,675.207,583.833
436,3,2023-09-19 00:00:00,08:55:13,30010443,YNP23-MV6-1x,3102,0.07,23.12,0,3,3,0,3,0,1,667.791,0.94795,5257.99,13.1782,347.459,229253,48102.3,5348.65,0.324476,433.67,1637.92,5477.06,8262.88,8208.73,0.00411538,27127.7,7243.37,50.0309,10.4941,194.885,1806.49,408.849,1406.97,1624.68,628.03,534.438
437,3,2023-09-19 00:00:00,12:30:04,30010443,YNP23-OP1-B-1x,3102,0.06,12.15,0,3,3,0,3,0,1,684.073,0.934036,1538.37,3.93268,106.593,220625,13479.1,1470.05,0.10745,234.28,797.293,2712.39,4062.92,4027.06,0.00341233,13193,3521.94,48.6326,5.59262,115.94,1054.79,241.59,824.031,951.474,369.476,313.717
438,3,2023-09-19 00:00:00,15:33:17,30010443,YNP23-OP2-1x,3102,0.06,12.11,1,3,3,0,3,0,1,414.913,0.557632,4393.43,10.5564,286.05,220889,77138.5,8652.23,0.497501,716.852,2825.31,9488.16,14293.8,14161.1,0.00512122,46900.4,12361.1,61.5082,16.3674,379.557,3437.69,789.552,2713.94,3060.83,1199,1003.92
439,3,2023-09-19 00:00:00,18:36:57,30010443,YNP23-OP3-1x,3102,0.06,11.73,0,3,3,0,3,0,1,648.116,0.905222,4005,9.51867,251.689,214617,21604.2,2356.68,0.154844,229.156,856.638,2857.02,4294.14,4243.27,0.00347814,13813.9,3742.3,32.451,5.02805,103.835,941.878,215.912,735.919,845.311,327.352,274.681
443,3,2023-09-20 00:00:00,07:27:20,30010443,YNP23-OP4-1x,3108,0.06,12.58,0,3,3,0,3,0,1,739.227,1.01925,3828.44,9.35268,244.798,198561,33521.2,3682.74,0.233187,387.518,1443.11,4775.58,7220.07,7134.9,0.00392715,23613.6,6300.47,49.7042,8.07694,190.294,1702.62,394.304,1349.02,1543.17,600.443,513.684
444,3,2023-09-20 00:00:00,10:29:25,30010443,YNP23-OP5-1x,3108,0.09,12.09,0,2,3,0,3,0,1,646.715,0.87893,10517.8,25.9053,667.646,75575.5,23955.1,2620.93,0.170234,289.366,1043.98,3522.95,5286.2,5228.99,0.0036178,17179.1,4604.5,40.2544,5.91474,115.786,1116.86,258.494,882.654,1000.36,383.727,328.405
445,3,2023-09-20 00:00:00,13:36:47,30010443,AE22-LB220827-1x,3108,0.07,15.99,0,2,3,0,3,0,1,74.5839,0.310774,4058.04,10.1394,261.577,72142.3,9965.34,1105.67,0.0614999,208.553,700.504,2318.17,3530.57,3482.91,0.00331211,11283.2,3024.81,43.0818,5.4922,113.644,1025.67,234.958,804.876,926.952,356.154,303.657
446,3,2023-09-20 00:00:00,17:45:07,30010443,AE22-GV-220827-1x,3108,0.06,25,0,2,3,0,3,0,1,97.5235,0.415689,3977.97,9.2692,258.397,65184.5,14878,1644.99,0.0939793,254.999,975.246,3280.15,4969.78,4914.34,0.00357073,15981.3,4282.47,32.822,6.84612,134.202,1244.18,289.835,995.886,1129.5,431.288,371.002
450,3,2023-09-21 00:00:00,07:24:47,30010443,PU22-MI221116-G1-1x,3114,0.06,2.6,0,2,3,0,3,0,1,305.18,1.33075,282659,685.477,17268.6,63890.8,593186,68680.7,3.39421,1286.45,5200.07,17143.8,26127,25836.8,0.00696303,85728.9,22669.9,69.1077,19.3757,397.464,3499.44,807.11,2750.47,3171.84,1214.16,1030.96
451,3,2023-09-21 00:00:00,10:32:47,30010443,PU22-CA221109-G-1x,3114,0.06,26.56,2,3,3,0,3,0,1,58.4981,0.871629,5196.75,13.5586,351.96,188971,351554,41191,2.14527,2720.02,11337,39024.9,57727,57562.9,0.0121839,198060,51227.2,134.016,77.4717,1678.58,15816.9,3526.98,12494.5,14071,5446.06,4594.1
452,3,2023-09-21 00:00:00,13:36:43,30010443,PU22-TC22112-CD2-1x,3114,0.06,10.32,0,4,4,3,3,0,1,211.945,1.46189,26556.2,64.27,1662.25,175373,458866,53774.5,2.62885,1183.43,4826.5,16221.8,24271.5,23989.1,0.00670287,80955.8,20813.5,58.7236,16.0715,350.25,3230.31,730.539,2519.41,2806.62,1090.03,917.659
453,3,2023-09-21 00:00:00,16:39:45,30010443,PU22-LL221118-CD1-1x,3114,0.06,1.23,0,3,3,0,3,0,1,286.313,1.73207,9519.4,23.8882,625.259,171061,267841,30958.6,1.5869,1714.98,7006.17,24087.4,35526.3,35286.2,0.00865922,121398,31420.8,88.467,47.0819,998.38,9424.34,2092.79,7409.82,8346.45,3221.56,2743.99
459,3,2023-09-22 00:00:00,10:52:13,30010443,PU22-PC221110-G1-1x,3120,0.06,4.17,3,3,4,0,3,0,1,102.537,1.72684,40201.5,100.524,2608.49,154068,88931.5,10059.9,0.566177,9765.89,41930.8,151185,216082,215046,0.0372223,769477,196575,347.828,263.732,5533.85,54229.7,11510.9,42976.9,47406.5,18251.3,15449.2
460,3,2023-09-22 00:00:00,13:57:07,30010443,PU22-CA221118-1x,3120,0.06,23.17,0,2,2,0,3,0,1,0.285,0.00281969,2203.63,5.09161,149.712,74265.3,14388.8,1601.43,0.0822328,158.214,520.185,1796.22,2618.43,2605.99,0.00316295,8707.89,2313.91,37.3855,5.69213,113.615,1043.13,235.242,830.934,925.625,361.923,306.087
461,3,2023-09-22 00:00:00,17:00:25,30010443,PU22-KV221120-G1-1x,3120,0.06,1.53,0,3,4,0,3,0,1,13.2214,0.114328,90627,222.358,5732.5,147564,111394,12506.9,0.637028,10142.8,43525.1,159355,223764,222553,0.0387723,812942,204857,362.2,264.148,5584.18,55875.5,11674.2,44206.8,48291.4,18612.1,15638.1
483,3,2023-09-25 00:00:00,11:33:30,30010443,PU22-TG221122-1x,3151,0.06,22.37,0,2,2,0,3,0,1,2.19686,0.0757512,5918.89,14.4002,390.676,56344.8,181003,20723.7,1.18574,803.538,3280.31,10906,16601.4,16390.9,0.00550833,54209.3,14362.5,76.4792,32.635,676.88,6155.86,1415.81,4827.01,5493.64,2145.84,1806.49
484,3,2023-09-25 00:00:00,14:37:17,30010443,PU22-PC221110-G2-1x,3151,0.07,26.74,0,2,3,0,3,0,1,162.176,2.71601,31404.9,76.9298,2009.99,62711.5,257850,29757.5,1.596,1536.2,6337.93,21318.8,32109.6,31784.5,0.00807373,107849,28155.8,73.2844,37.4055,830.297,7655.05,1737.65,6032.89,6856.68,2658.3,2236.9
485,3,2023-09-25 00:00:00,17:47:06,30010443,CR22-GU220707-G-1x,3151,0.06,26.43,0,2,2,0,3,0,1,1.62698,0.00793932,4536.13,11.5372,299.705,62216.7,79375.2,8875.23,0.46135,401.512,1611.06,5415.09,8119.52,8020.67,0.00412615,26645.3,7100.16,34.5612,12.3173,264.079,2433.87,561.315,1912.25,2176.66,846.62,708.931
490,3,2023-09-26 00:00:00,09:55:49,30010443,CR22-SM220925-G-1x,3157,0.07,0.78,0,3,4,0,3,0,1,46.467,0.169107,32421.6,82.0299,2091.96,101489,73892.7,8314.88,0.430445,11102.8,41512.6,115250,202282,263386,0.0358728,640300,228460,573.571,454.313,9446.64,94407.1,19754.8,74786.6,81977.5,31563.7,26592.4
491,3,2023-09-26 00:00:00,12:58:40,30010443,CR22-PF210116-G-1x,3157,0.06,15.82,0,4,4,3,3,0,1,36.1947,0.46675,42479.4,104.056,2783.09,116336,889385,109985,5.27206,2103.47,7590.79,20183.4,36342.1,47201.2,0.00868237,109864,38603.8,75.542,35.2304,730.758,6900.35,1545.91,5429.81,5989.11,2296.68,1948.83
492,3,2023-09-26 00:00:00,16:07:44,30010443,CR22-BR210703-G-1x,3157,0.07,20.51,0,3,4,0,3,0,1,112.033,0.352325,24396.6,58.6342,1587.33,107209,59028.1,6618.65,0.344769,8075.65,32540,99600.6,166014,183171,0.0280249,544980,162295,319.501,243.296,5040.46,50381.9,10584.3,39877.3,43314.2,16639.8,14045
497,3,2023-09-27 00:00:00,09:02:12,30010443,CR22-LC210413-G-1x,3165,0.06,13.12,0,4,4,3,3,0,1,23.1791,0.37849,36406.5,90.1296,2299.81,90953.4,1731470,278647,11.6688,2707.54,6942.91,22150.4,30258.2,72213.1,0.00841264,126007,49342,115.863,68.3436,1414.27,13263.6,3001.86,10548.5,11585.1,4481.31,3846.1
498,3,2023-09-27 00:00:00,12:05:45,30010443,CR22-LL221011-G1-1x,3165,0.06,6.32,4,4,4,3,3,0,1,44.2429,0.127126,6190.56,15.0637,423.202,225846,321216,37850.8,1.96539,1047.24,2828.84,8541.16,12042.3,27543.1,0.00499096,46920.9,18843.7,67.1011,28.4057,568.122,5294.22,1191.98,4154.34,4617.09,1782.91,1519.52
505,3,2023-09-28 00:00:00,12:43:28,30010443,TF-MAL-10-gigg-1x,3177,0.05,2.29,0,4,4,3,3,0,1,1.33321,0.0354444,1713.06,3.99755,116.401,105676,420879,49775.8,2.46893,2977.13,11182.5,32610.5,53664,69677.8,0.0108052,175689,54447,146.485,94.9711,2092.55,19770.5,4367.84,15569.9,16946.2,6552.27,5524.22
506,3,2023-09-28 00:00:00,15:55:06,30010443,TF-MAL-1-gigg-1x,3177,0.08,5.34,0,4,4,3,3,0,1,4.41919,0.0960589,4206.49,10.6155,276.15,105668,935967,116301,5.60978,5693.12,22491.4,69542,112712,131802,0.0188288,377028,107641,242.246,179.337,3725.48,36062.4,7795.17,28505.8,30879.7,11917.2,10055.6
513,3,2023-09-29 00:00:00,14:51:50,30010443,TF-MAL-13-1x,3187,0.05,5.82,0,4,4,3,3,0,1,3.32205,0.0694977,3613.95,8.69956,239.444,92015.5,867142,107138,5.19834,4082.27,14037.4,39600.1,53814.8,110065,0.013093,202155,77471.8,186.447,137.033,2937.92,27641.7,6056.64,21764.9,23820.9,9209.13,7745.23
534,3,2023-10-02 00:00:00,08:02:42,30010443,HCL-Air-08292023-A-1x,3218,0.01,0.02,0,0,1,0,3,0,1,0.141116,0.00444156,62824.6,153.043,4059.99,81181.9,216184,24892.3,1.24676,232.969,855.446,2815.4,4325.38,4291.22,0.0034499,13739,3710.54,33.6558,3.61748,92.0476,832.648,196.256,653.714,766.339,292.052,251.424
535,3,2023-10-02 00:00:00,11:07:07,30010443,HCL-Blank-08212023-C-1x,3218,0.01,0.01,0,0,1,0,3,0,1,0.055543,0.00229981,490.567,1.34946,39.5231,88017,167.957,19.3507,0.000950659,35.5658,7.79435,23.2857,36.6848,38.1243,0.00276223,122.369,33.6564,37.6988,0.633437,6.23478,79.5395,16.3371,60.5514,71.4584,27.88,22.6168
536,3,2023-10-02 00:00:00,14:14:12,30010443,HCL-SH-202201551-02-03-A-1x,3218,0.01,0.02,0,0,1,0,3,0,1,1.40592,0.406076,4669.71,11.8353,301.958,80736.7,2840.93,315.174,0.0156932,34.9298,43.1617,135.752,212.676,214.509,0.0027956,688.048,177.573,31.6629,0.169898,4.24023,39.0573,9.77812,28.2913,37.7772,14.8585,10.8534
542,3,2023-10-03 00:00:00,09:25:00,30050443,HCL-Air-08292023-B-5x,3225,0.02,0.02,0,2,2,0,3,0,5,0.462283,0.00878818,65937.2,169.985,4362.53,49983.9,874005,108429,5.18492,968.315,3952.53,12922.2,19934.3,19767.5,0.00597267,64340.1,17118.9,60.2474,16.119,324.851,2932.87,687.612,2331.65,2675.15,1030.11,879.836
543,3,2023-10-03 00:00:00,12:27:15,30010443,HCL-SH-202105783-01-04-A-1x,3225,0.01,0.02,0,0,0,0,3,0,1,0.23197,0.0445801,1886.83,4.87064,125.608,88609.8,1957.69,216.658,0.0108704,39.4909,14.4041,40.6921,65.9717,105.627,0.00273748,202.239,73.4275,32.4101,0.110281,2.61984,17.8601,4.54104,12.8306,17.7659,7.48397,5.70574
544,3,2023-10-03 00:00:00,15:31:31,30010443,HCL-SH-202201551-01-04-A-1x,3225,0.01,0.02,3,0,0,0,3,0,1,6.49506,1.52999,3308.61,7.92901,213.99,79035.8,6015.79,669.53,0.0337916,32.2678,47.0595,145.844,239.212,236.458,0.00277726,749.156,195.019,23.5346,0.102949,5.03675,42.1036,9.89696,38.009,37.5015,14.7135,14.7455
549,3,2023-10-04 00:00:00,07:48:22,30010443,HCL-SH-202105783-03-03-A-1x,3231,0.01,0.06,4,0,0,0,3,0,1,1.67912,0.384805,6623.98,17.5354,422.333,78572,36484.5,4050.68,0.202961,78.844,135.421,426.105,658.399,665.38,0.00283292,2086.32,557.483,43.4157,0.59375,12.5517,111.369,25.6306,89.2069,101.959,40.0656,32.9558
550,3,2023-10-04 00:00:00,10:49:58,30010443,HCL-SH-202301472-19-07-A-1x,3231,0.02,0.06,4,0,0,0,3,0,1,3.27429,0.386024,5909.42,14.648,379.081,79290.5,34395.2,3784.38,0.190603,66.2108,132.245,426.123,661.591,649.178,0.00282876,2052.53,561.628,37.0894,1.09909,15.9494,134.114,24.8397,103.128,120.306,44.1453,38.0321
551,3,2023-10-04 00:00:00,13:56:56,30010443,HCL-SH-202301472-07-09-A-1x,3231,0.01,0.01,0,0,0,0,3,0,1,0.0271051,0.00276935,1640.43,4.07463,109.583,71494.6,1663.94,188.265,0.00953493,37.0178,14.6332,33.7536,54.8064,94.2979,0.00271672,174.958,67.1269,34.054,0.170644,2.68621,25.3712,5.06317,20.4738,21.7419,8.8695,7.92907
557,3,2023-10-05 00:00:00,11:00:21,30010443,HCL-SH-202201551-05-16-A-1x,3238,0.01,0.03,0,0,0,0,3,0,1,3.69986,0.931091,12265.5,31.4774,772.699,68072.6,24640.7,2716.83,0.136538,63.1723,99.1607,326.95,504.994,492.179,0.00281579,1563.54,423.53,36.9335,0.611301,11.2616,99.9055,20.7483,78.8747,88.5752,33.1691,30.1369
558,3,2023-10-05 00:00:00,14:02:48,30010000,HCL-Blank-08282023-A-1x,3238,0.01,0.01,0,0,0,0,3,0,1,-0.0633981,0.00157765,893.441,2.26722,63.0807,72735.1,654.151,75.684,0.0036786,44.5766,10.8413,32.3801,55.0677,47.9782,0.00271764,167.917,52.8444,42.3417,0,0.0873093,0,0,0.372716,0,0,0
559,3,2023-10-05 00:00:00,17:04:24,30010443,HCL-SH-202201551-06-17-A-1x,3238,0.01,0.02,0,0,0,0,3,0,1,1.19812,0.270638,2653,6.73415,168.215,67208,2633.43,290.984,0.0146124,32.9765,19.0392,68.3853,105.689,99.9497,0.00274844,326.041,87.1074,29.331,0.876451,13.8606,129.294,19.7179,103.058,113.26,45.3481,32.5699
564,3,2023-10-06 00:00:00,08:31:06,30010443,HCL-SH-202301472-11-09-A-1x,3244,0.01,0.02,0,0,0,0,3,0,1,0.0983497,0.00910074,4397.46,10.7751,282.324,66811.6,6312.42,689.747,0.0350169,45.8073,46.8214,144.685,231.466,228.489,0.00277602,708.154,185.105,39.0427,0.277044,5.5489,45.9788,11.5934,39.0643,43.7779,18.3141,14.5385
565,3,2023-10-06 00:00:00,11:34:51,30010443,HCL-SH-R4099-A-1x,3244,0.01,0.02,0,0,0,0,3,0,1,1.29019,0.183947,12865.5,31.73,834.303,66529.5,75169.6,8542.98,0.438807,128.229,353.941,1187.55,1826.03,1806.95,0.00303634,5765.32,1565.63,43.3849,2.3972,51.3679,458.86,108.716,359.589,417.179,166.907,139.027
566,3,2023-10-06 00:00:00,14:40:51,30010000,HCL-Air-08292023-C-1x,3244,0.01,0.02,0,0,0,0,3,0,1,0.112908,0.00294742,57468.5,143.529,3703.02,66191.7,425784,50613.7,2.48726,218.182,802.571,2555.53,3980.13,3959.86,0.00338105,12568.9,3458.85,33.3608,3.25631,74.7297,667.748,160.671,531.084,608.448,230.309,202.435
587,3,2023-10-09 00:00:00,07:29:52,30010443,HCL-SH-R4094-A-1x,3274,0.01,0.01,0,0,0,0,3,0,1,0.854863,0.0326141,7140.58,18.5425,475.715,61321.8,19913.7,2242.62,0.121588,80.4625,121.825,403.325,628.478,619.768,0.00282695,1994.57,536.857,42.8663,0.877927,15.529,140.675,32.8133,109.873,129.9,51.6569,41.3218
588,3,2023-10-09 00:00:00,10:42:26,30010443,HCL-SH-202105783-06-04-A-1x,3274,0.01,0.01,0,0,0,0,3,0,1,0.259716,0.0457288,515.257,1.27254,41.9354,59528.1,465.442,51.9058,0.00269118,58.0269,10.3825,35.4204,58.5191,57.6888,0.00275105,177.289,47.0544,59.437,0,0.0931303,0.126084,0.0794582,0.169627,0,0,-0.0138734
589,3,2023-10-09 00:00:00,13:47:49,30010443,HCL-SH-202105783-07-04-A-1x,3274,0.01,0.02,0,0,0,0,3,0,1,0.405064,0.0679185,8349.83,20.3688,539.426,55594.5,14644.7,1617.8,0.0816784,50.8553,75.7814,242.084,371.49,365.675,0.00278844,1171.98,323.893,33.8589,0.462574,8.71388,69.1965,15.302,54.4443,56.2422,20.8039,19.5793
595,3,2023-10-10 00:00:00,07:49:30,30010443,HCL-SH-R4053-A-1x,3281,0.01,0.02,3,2,2,0,3,0,1,5.93236,1.84247,531.533,1.35314,43.8293,54308,865.258,99.4546,0.00500553,65.8778,32.535,102.332,157.449,163.298,0.00276103,505.545,141.195,61.9789,0.206088,4.62258,39.9915,7.6066,32.1102,34.7292,16.2795,12.9324
597,3,2023-10-10 00:00:00,17:19:47,30010443,HCL-SH-R4086-A-1x,3283,0.01,0.01,0,0,0,0,3,0,1,0.0673674,0.0338301,5316.63,13.3038,354.624,57249.9,20992.8,2362.81,0.122744,72.3617,136.411,449.583,701.5,693.333,0.00284114,2194.96,595.957,41.8572,1.00499,22.7968,190.359,37.1559,148.867,174.577,67.3086,53.1716
601,3,2023-10-11 00:00:00,07:30:49,30010443,HCL-SH-202201551-03-07-A-1x,3289,0.01,3.55,0,4,4,0,3,0,1,11.4462,0.506758,10166.5,24.2601,654.301,51370.1,146312,16689.3,0.824874,6450.24,27874.2,96353.7,142007,140983,0.0252244,489541,124505,161.326,98.9958,2008.97,19011.6,4166.81,14934.3,16743.8,6450.53,5423.76
602,3,2023-10-11 00:00:00,10:47:38,30010443,HCL-SH-202201551-04-18-A-1x,3289,0.01,0.01,0,0,0,0,3,0,1,1.95858,0.485864,1085.19,3.01662,77.8712,72643.9,1785.11,197.789,0.0100472,59.293,15.2608,54.095,79.6308,3.53643,0.00274833,264.536,72.6309,50.9164,0.171341,2.91139,24.5951,7.44117,18.4757,22.9007,9.23045,7.73356
603,3,2023-10-11 00:00:00,17:06:38,30010443,HCL-SH-202105783-02-01B-A-1x,3289,0.01,0.01,0,0,0,0,3,0,1,0.00803161,0.0412325,2361.87,6.01796,160.942,55237.1,10323.1,1162.45,0.0635263,51.4446,58.0815,191.169,296.94,289.697,0.00279231,931.541,257.766,39.2653,-0.0388094,8.71463,64.5735,16.1324,48.918,59.4633,23.2955,18.2197
607,3,2023-10-12 00:00:00,07:42:03,30010443,HCL-SH-202301472-15-09-A-1x,3295,0.01,0.01,0,0,0,0,3,0,1,0.126922,0.0102475,4883.38,11.3209,310.142,51713.4,11690.6,1288.97,0.0656189,40.9186,49.0564,154.134,231.225,234.291,0.00276972,728.763,200.685,32.7103,0.226625,7.59127,58.9444,13.0092,45.715,56.6745,20.8872,15.3856
608,3,2023-10-12 00:00:00,11:45:22,30010443,HCL-SH-202105783-05-03-A-1x,3295,0.01,0.05,4,0,0,0,3,0,1,1.81499,0.444637,373.168,1.19925,28.5852,54308.4,1370.87,157.591,0.00805524,48.5623,0.558342,0.848069,0.420615,66.4681,0.00271316,2.3592,2.41435,47.983,0,1.14764,0,3.19459,10.1982,0,4.93146,3.74558
609,3,2023-10-12 00:00:00,14:52:51,30010443,HCL-SH-R4037-A-1x,3295,0.01,0.01,0,0,0,0,3,0,1,1.0002,0.0479459,5024.01,11.6652,335.234,53270.8,18633.4,2097.82,0.114328,76.3533,102.184,333.447,522.479,516.035,0.00282633,1642.6,451.776,53.4435,0.653479,15.9079,148.582,33.9221,117.386,140.472,54.1733,47.8629
610,3,2023-10-12 00:00:00,18:07:48,30010443,HCL-SH-202301472-05-09-A-1x,3295,0.01,0.05,0,0,0,0,3,0,1,0.229867,0.0183909,32998.8,79.9474,2065.56,51590.4,181074,20518,1.00679,108.734,288.37,916.661,1431.94,1433.82,0.00297254,4436.17,1216.36,39.3102,0.822911,29.7003,247.547,56.8556,200.279,233.728,85.5345,71.4244
615,3,2023-10-13 00:00:00,09:11:11,30010443,HCL-SH-R4106-A-1x,3301,0.01,0.01,0,0,0,0,3,0,1,0.143631,0.0643041,4614.71,29.6624,804.678,54606,114748,13202.2,0.676231,136.432,442.486,1409.63,2189.91,2161.15,0.00308507,6929.42,1902.65,41.5071,3.76044,83.548,705.33,166.901,566.57,650.755,248.502,213.862
616,3,2023-10-13 00:00:00,12:16:12,30010443,HCL-SH-202105783-04-05-A-1x,3301,0.01,0.01,0,0,0,0,3,0,1,0.458558,0.0828419,549.57,1.19028,43.3409,54140.6,782.833,90.1267,0.00466132,35.1041,8.96829,26.4851,29.8353,56.2223,0.00274539,97.0445,38.8722,36.0081,0,1.74285,0.0972671,2.47588,12.2075,0.188528,5.66117,4.29614
617,3,2023-10-13 00:00:00,15:30:25,30010443,FENIX23-GI231006-1x,3301,0.01,37.23,0,0,2,0,3,0,1,15.4659,0.743331,124930,307.127,7886.43,50277.2,865998,105833,5.12765,1280.44,5355.04,17573.4,27127.1,26925.9,0.00715961,87956.1,23450.6,76.0784,35.5236,784.818,7096.51,1648.23,5600.5,6470.09,2496.72,2117.13
671,3,2024-01-02 00:00:00,07:54:29,30010443,YNP21-CraterHill-2-1x,3382,0.02,19.81,0,0,0,0,3,0,1,246.149,0.555209,11265.2,26.8029,693.961,37933.1,69352.2,10840.1,0.512173,123.041,436.426,1427.75,2161.63,2150.74,0.00309503,6927.23,1922.26,20.9594,2.75969,56.4752,516.159,126.639,410.815,483.409,186.76,154.752
683,3,2024-01-04 00:00:00,08:39:54,30010443,CH23-Tacora-Feb23-1x,25,0.03,31.55,0,1,2,0,3,0,1,114.674,0.457187,23035,53.1629,1394.99,37957.2,45158.8,6859.31,0.251316,539.674,2102.35,7254.26,10602.1,10463.2,0.00453416,35829.6,9576.54,38.4525,15.5172,336.372,3188.88,720.138,2519.93,2921.88,1128.67,940.192
684,3,2024-01-04 00:00:00,12:08:45,30010443,CH23-LST-1X-1-1x,25,0.01,14.96,1,4,4,3,3,0,1,7.40002,0.161669,38517,89.7798,2368.47,34690.8,232962,36468.4,1.29989,2550.31,10457.5,36119.9,53281.6,52943.5,0.0116083,183378,47791,74.0728,39.3459,804.047,7546.98,1737.4,5935.4,6850.65,2637.81,2224.36
685,3,2024-01-04 00:00:00,15:19:30,30010443,CH23-Alitar-March2023-1x,25,0.03,24.81,0,0,0,0,3,0,1,55.8969,0.418648,31555.9,73.1226,1886.8,36713.8,86085.4,13136.2,0.471266,276.748,1073.48,3611.03,5363.95,5281.63,0.00366132,17632.2,4814.08,27.2088,8.01961,166.453,1511.88,350.731,1192.35,1412.93,542.644,452.289
690,3,2024-01-05 00:00:00,07:29:53,30010443,CH23-NN23-1x,33,0.02,22.06,0,4,4,3,3,0,1,11.2527,0.201534,22020.3,51.7914,1375.58,33011,134457,20920.5,0.747065,1503.21,6062.75,20786.6,30642.6,30279.4,0.00791424,104677,27586.6,48.3011,21.3726,455.885,4289.37,990.835,3365.34,3907.45,1492.93,1280.54
691,3,2024-01-05 00:00:00,10:51:36,30010443,CH23-OLCA-100823-1x,33,0.02,24.72,0,2,2,0,3,0,1,36.8596,0.492734,41070.9,96.0385,2507.44,36425.6,143259,22233.4,0.800891,943.571,3807.71,12976.8,19199.7,19007.4,0.00598539,64940.2,17390.6,53.7667,21.3494,467.422,4363.53,990.888,3423.1,4018.47,1551.58,1290.02
692,3,2024-01-05 00:00:00,13:56:22,30010443,CH23-GUA-2-JUN23-1x,33,0.01,17.14,0,0,0,0,3,0,1,53.976,0.481509,66906.5,155.611,4034.82,40096.2,344541,53832,1.96709,994.945,4012.21,13609.8,20163.7,19929.2,0.00615238,68015.1,18228.9,73.8125,36.0684,773.601,7158.23,1643.61,5641.05,6598.58,2538.31,2137.55
710,3,2024-01-08 00:00:00,15:56:10,30010443,YNP21-FS1-1x,66,0.01,6.17,0,4,4,3,3,0,1,335.251,0.674049,200.639,0.326361,33.8842,31354.6,751.343,117.656,0.00413325,34.4244,103.758,354.47,518.83,504.244,0.00284545,1697.23,481.476,9.15067,0.338636,13.338,123.439,10.358,95.1871,116.066,46.1783,43.0093
712,3,2024-01-09 00:00:00,07:40:59,30010443,NH-MB-1-45m-1x,70,0.01,13.68,0,4,4,3,3,0,1,11.4911,0.360847,36146.2,84.8008,2220.32,27005.3,214044,33519.5,1.20861,2349.84,9568.58,32411.8,48669.6,48334.8,0.0109723,165141,43311,65.473,34.6391,731.857,6808.09,1587.25,5341.65,6215.78,2383.93,2035.69
713,3,2024-01-09 00:00:00,10:53:36,30010443,NH-MB-1-75m-1x,70,0.01,12.72,0,4,4,3,3,0,1,12.2732,0.273627,34142.9,78.6591,2115.06,30245.1,192068,30156.3,1.07797,2184.91,8917.31,30501.3,45312.8,45033.2,0.0103508,155230,40795.5,61.0536,32.7235,689.799,6374.99,1478.61,5021.06,5838.97,2254.35,1913.71
714,3,2024-01-09 00:00:00,13:56:28,30010443,NH-MB-1-95m-1x,70,0.01,13.69,0,4,4,3,3,0,1,12.3697,0.562062,36940.1,88.3288,2295.97,31711.6,201131,31463.3,1.12978,2359.67,9688.49,33352.1,49075,48748,0.0110488,169766,44390.4,67.4384,34.8021,741.9,6966.53,1612.14,5517.83,6373.03,2449.02,2088.96
715,3,2024-01-09 00:00:00,17:01:04,30010443,NH-MB-1-105m-1x,70,0.01,13.82,0,4,4,3,3,0,1,12.6261,0.358128,36165.8,83.6658,2231.42,31171.9,196431,30683.5,1.10182,2347.17,9575.75,33031.8,48648.1,48283.9,0.0109798,167493,43909.7,67.4433,34.39,729.809,6896.16,1591.94,5465.26,6324.94,2447.36,2074.7
718,3,2024-01-10 00:00:00,13:46:43,30000443,LabH2O-all,74,0.03,19.58,0,4,4,3,3,0,0,51.245,1.23017,55.5418,137.966,3391.66,29495.5,257584,40635.5,1.46772,72.6262,233.83,766.622,1188.72,1161.22,0.00294632,3727.85,1068.23,16.9781,0.2816,6.60293,58.0339,2.79577,43.4637,51.6708,18.4932,17.6071
726,3,2024-01-12 00:00:00,07:42:30,30000443,LabH20-all,87,0.03,19.6,0,4,4,3,3,0,0,50.5392,1.20089,166411,390.726,10280.5,33166.4,118246,18380.9,0.66261,44.9704,124.217,417.711,625.135,604.932,0.00284187,2032.72,564.565,16.2926,0.175497,5.31758,49.6596,14.2487,36.6677,43.4577,16.6972,13.8397
727,3,2024-01-12 00:00:00,11:48:26,30000443,LabH20-01-12-2024-all,87,0.06,19.62,0,4,4,3,3,0,0,50.616,1.24607,184454,432.886,11380.2,32374,530000,84987.8,3.08186,343.867,1370.09,4511.86,6916.85,6808.95,0.00393394,22228.9,6271.69,14.4994,0.426174,6.76782,56.9307,7.01493,45.4244,55.8104,23.6752,19.5918
756,3,2024-01-16 00:00:00,07:59:04,30000443,LabH2O-1-12-2024-all,135,0.07,19.48,0,4,4,3,3,0,0,45.7291,1.16989,165959,389.519,10292.1,31764.9,328598,52085.9,1.88394,106.735,416.147,1359.95,2076.35,2047.32,0.00311333,6558.21,1867.98,9.59437,0.223195,7.57895,47.1441,15.5521,51.2344,59.0876,25.629,23.4849
757,3,2024-01-16 00:00:00,11:47:02,30000443,CW-NG22-03-H2O-all (Bad Neon),135,19.92,18.86,0,4,4,3,3,0,0,950.203,5.99953,39.6917,129.669,2881.87,37734.5,98044,15082.5,0.612888,5646.42,23305,81371.8,119640,119188,0.022842,417867,109140,14.4456,2.28767,49.0029,464.611,109.571,374.745,424.071,164.286,144.163
758,3,2024-01-16 00:00:00,14:47:02,30050443,CW-NG22-03-H2O-5x,135,0.03,19.42,0,4,4,3,3,0,5,17.786,0.109795,2739.14,6.2717,181.578,50717.1,24450.2,3769.03,0.134069,39.693,113.232,377.31,569.557,553.773,0.00283475,1840.9,518.894,15.1885,0.335127,3.40604,37.4038,10.0175,24.8592,31.6808,12.9237,12.2228
763,3,2024-01-17 00:00:00,07:55:27,30050443,CW-TN22-03-H2O-5x,141,0.03,19.4,0,4,4,3,3,0,5,105.301,0.419132,5248.3,11.7115,331.338,33418.9,22452.9,3452.91,0.123509,27.9821,55.3007,184.392,283.233,278.094,0.00278528,889.233,255.419,14.803,0.124766,3.17979,23.0562,4.78931,19.2916,22.9599,8.96564,9.66445
764,3,2024-01-17 00:00:00,11:25:30,30050443,CW-ARA-1-H2O-5x,141,0.02,21.39,0,4,4,3,3,0,5,94.519,0.489237,13359.6,31.7054,816.997,32824.8,40575.9,6235.75,0.223333,33.9546,70.9115,219.641,354.304,267.255,0.00279332,1102.58,312.166,15.9719,0.0401652,3.50474,18.3575,6.19321,19.3006,21.942,9.41423,8.78105
770,3,2024-01-18 00:00:00,07:59:07,30050443,LabH2O-1-12-2024-5x,149,0.03,17.55,0,4,4,3,3,0,5,2.83213,0.0658761,10315.4,24.5238,644.506,32815.8,151874,23771.5,0.855275,3242.11,13208.6,45955.2,67607,67049.3,0.0141134,235790,61774,146.741,82.5701,1756.74,16567.3,3836.68,13086.3,15164.7,5853.47,5078.96
771,3,2024-01-18 00:00:00,12:00:14,30050443,LabH2O-1-12-2024-5x,149,0.03,19.01,0,4,4,3,3,0,5,3.04891,0.0651971,10539.5,23.8492,660.689,32041,161157,25224.5,0.91004,3453.83,14203.8,49449.8,72430.9,71924.6,0.0149996,253719,66437.3,161.553,90.2938,1933.99,18340,4231.68,14529.6,16825.1,6486.07,5589.45
772,3,2024-01-18 00:00:00,15:40:43,30050443,LabH2O-1-12-2024-5x,149,0.02,19.36,0,4,4,3,3,0,5,2.28699,0.0649137,10311.6,24.3673,649.827,31318.8,151998,23737.3,0.854991,3055.49,12587.3,43735.6,64135.1,63789,0.0136058,223707,58560.1,138.347,78.371,1613.07,15434.7,3581.78,12146.1,14114.2,5441.59,4715.14
777,3,2024-01-19 00:00:00,09:04:15,30050443,NH-MB-1-262-3-MDT(2)-H2O-5x,155,0.03,19.22,4,4,4,3,3,0,5,1.70365,0.850215,11300.5,27.7542,702.082,31556.8,297043,47052.6,2.02043,4942.36,20589.8,71963.8,105053,104443,0.0202997,368708,96454.6,201.269,113.889,2426.04,23134.5,5275.7,18343.3,21172.4,8196.71,7003.21
778,3,2024-01-19 00:00:00,13:18:02,30050443,NH-MB-1-213m-MDT(2)-H2O-5x,155,0.03,19.84,4,4,4,3,3,0,5,1.55812,0.748451,3470.66,8.59368,228.531,33002,168441,26469.1,1.1907,3329.71,13648.4,47451,69609.3,69391.3,0.0145008,242576,64059.2,170.915,94.7504,1991.37,18934.7,4389.56,15003.9,17467.8,6740.25,5812.86
779,3,2024-01-19 00:00:00,16:56:58,30050443,LabH2O-1-12-2024-5x,155,0.05,19.33,0,4,4,3,3,0,5,2.66298,0.0667744,10146.2,23.721,638.738,31819.6,166226,26091.2,0.941784,3436.14,14072.7,49020.8,71577.4,71347.6,0.0148783,249029,66005.7,161.813,90.9377,1884.67,18078.5,4172.68,14251.8,16624.5,6413.78,5538.38
800,3,2024-01-22 00:00:00,08:54:50,30050443,IC23-HS230901-Site8-H2O-5x,189,0.05,19.86,0,4,4,3,3,0,5,686.664,1.13398,4744.23,11.1086,308.306,33171.1,84125.4,13165.9,0.476654,1833.78,7515.83,25699.4,38106.1,37761.7,0.009287,130396,35069.1,101.627,52.5362,1144.06,10793.3,2583.58,8520.44,10062.4,3874.94,3425.95
801,3,2024-01-22 00:00:00,12:48:20,30050443,IC23-SL230909-Site23-H2O-5x,189,0.04,20.36,0,4,4,3,3,0,5,241.167,0.946657,15026.4,35.6613,934.497,32272.2,249136,39354.9,1.42108,5404.19,22493.9,78961.4,115293,114595,0.0218848,402863,106685,272.422,151.755,3286.65,31436.8,7199.58,24916.9,28962.6,11225.3,9599.07
807,3,2024-01-23 00:00:00,08:27:56,30050443,NH-MB-2-453-3m-6-H2O-5x,196,0.04,20.22,0,4,4,3,3,0,5,131.994,57.7495,2066.18,5.08452,142.829,86851.8,120441,18912.6,0.748671,2695.32,10985.9,37977.9,56035.4,55664,0.0123542,193728,51782.5,164.88,93.4279,1925.14,18109.1,4262.68,14356.6,16891.3,6546.33,5730.18
808,3,2024-01-23 00:00:00,11:58:28,30053443,IC23-LL230908-Site21-H2O-5x,196,0.05,19.87,0,4,4,3,3,0,5,6.89292,0.0799722,11181.6,26.1708,706.21,34459.1,210674,33248.7,1.19967,4532.07,18704.6,65609.9,95798.4,95216.7,0.0189158,335835,89023.4,223.798,126.126,2713.46,25813.9,5944.86,20459.5,23907.8,9230.15,7938.62
809,3,2024-01-23 00:00:00,15:46:06,30053443,NH-MB-2-453m-2-H2O-5x,196,0.03,20.45,3,4,4,3,3,0,5,13.5769,8.25818,1837.53,4.71865,127.091,39457.9,120722,18963.7,0.749577,2652.36,10876.5,37665.3,55290,55068.1,0.0122402,191524,51071.7,162.743,89.1267,1866.88,17737.3,4151.44,14076.3,16483.5,6374.51,5545.9
814,3,2024-01-24 00:00:00,07:48:10,30050443,IC23-GJ230910-Site25-H2O-5x,202,0.16,19.38,0,4,4,3,3,0,5,26.91,0.128257,8927.07,20.0876,562.587,31806,114915,17961.8,0.64888,2138.15,8680.43,29821.8,44227.1,43833.4,0.0104039,151879,40625.9,101.013,53.7955,1125.92,10543.6,2533.2,8331.6,9858.03,3815.03,3345.98
815,3,2024-01-24 00:00:00,11:46:48,30050443,IC23-GL230905-Site17-H2O-5x,202,0.07,19.77,0,4,4,3,3,0,5,23.7685,0.121208,4687.39,11.3012,302.767,30999.6,85840.2,13325.6,0.482779,1885.38,7612.45,25947.9,38536.6,38176.3,0.00944859,131286,35551.9,108.882,59.257,1180.73,11075.6,2664.19,8716.46,10368.4,4013.2,3530.43
816,3,2024-01-24 00:00:00,15:41:05,30050443,IC23-LS230912-Site27-H2O-5x,202,0.62,19.17,0,4,4,3,3,0,5,121.258,0.333882,24415.9,58.5881,1520.46,30399.6,280567,44283.4,1.60062,5308.82,21795.5,76479,111612,110975,0.0216082,392508,103916,242.466,137.965,2940.22,27949.9,6393.88,22093.1,25904,10007,8568.83
821,3,2024-01-25 00:00:00,07:42:08,30050443,IC23-VD230911-Site26-H2O-5x,210,0.04,18.92,0,4,4,3,3,0,5,4.33116,0.0710977,8589.4,20.8576,541.173,32803.2,116757,18254.9,0.659578,2191.81,8868.67,30479.1,45202.1,44837.5,0.0105464,155154,41758.7,108.962,53.6802,1189.29,11228,2692.77,8890.41,10548.3,4073.31,3566.92
822,3,2024-01-25 00:00:00,11:37:04,30050443,LabH2O-1-12-24-5x,210,0.04,19.34,0,4,4,3,3,0,5,2.91288,0.0682008,10119.3,22.9543,634.592,31255.7,170582,26761.8,0.96577,3268.75,13285.7,45681,67774.3,67348.3,0.0142595,232581,62655.7,155.99,79.4399,1745.88,16368.5,3866.6,12925.2,15296.7,5907.9,5139.67
823,3,2024-01-25 00:00:00,15:13:02,30050443,IC23-LG230907-Site20-H20-5x,210,0.04,19.79,0,4,4,3,3,0,5,19.3584,0.082941,8204.58,18.4964,523.632,31514.3,111749,17444,0.630967,2132.63,8614.54,29576.2,43827,43594.5,0.0103462,150750,40832,112.399,57.985,1196.49,11334.3,2728.75,8983.97,10699.2,4140.61,3638.09
828,3,2024-01-26 00:00:00,06:41:00,30000443,HCL-Air-08212023-C-all,214,0.02,0.03,0,4,4,3,3,0,0,6.02644,0.15612,19410.5,44.3343,1187.88,29571.8,104356,16256,0.590061,1181.66,4723.62,15500.7,23870.9,23591,0.00690091,78251.9,21844.6,69.4304,34.5843,691.168,6218.1,1563.8,4926.27,6005.1,2321.95,2054.06
829,3,2024-01-26 00:00:00,09:52:18,30000443,HCL-SH-202105783-01-04-B-all,214,0.02,0.02,0,0,0,0,3,0,0,25.2754,4.82438,21755.7,49.5455,1313.68,36301.7,20051.9,3050.07,0.112229,92.251,315.632,1046.03,1592.2,1569.74,0.00302473,5069.88,1473.08,21.7466,4.96167,110.205,987.681,255.41,786.867,981.302,380.976,338.633
830,3,2024-01-26 00:00:00,13:03:53,30000000,HCL-Blank-08282023-B-all,214,0.02,0.03,0,0,0,0,3,0,0,0,0.00183481,395.64,0.945344,34.2928,34190.3,107.132,16.0113,0.000536976,15.1296,6.76263,15.6463,31.8437,33.9074,0.00275875,70.2902,30.7684,13.9917,0.185916,9.71392,86.465,6.89454,59.65,88.2228,32.4625,27.0401
831,3,2024-01-26 00:00:00,16:07:51,30000000,HCL-SH-202201551-02-03-B-all,214,0.02,0.03,4,2,3,3,3,0,0,0.401326,0.126377,89004.7,199.995,5245.27,33440,155532,23605.2,0.835012,88.9781,278.93,915.12,1422.69,1366.07,0.00298886,4345.78,1303.3,17.0574,0.981295,23.2127,219.658,63.3452,176.103,226.706,91.3799,79.3894
852,3,2024-01-29 00:00:00,08:17:31,30004443,HCL-SH-202201551-01-04-B-all,240,0.02,0.03,4,0,2,0,3,0,0,9.12595,1.93713,128392,300.846,8295.64,66073.2,75619.4,11703.4,0.422397,525.947,2086.93,7066.26,10635.7,10496.6,0.00461168,35100.7,9922.09,40.728,18.7063,373.465,3385.52,817.574,2664.57,3259.91,1275.04,1094.76
853,3,2024-01-29 00:00:00,13:08:24,30000000,HCL-SH-202301472-11-09-B-all,240,0.02,0.03,0,1,1,0,3,0,0,5.81424,0.800546,40995.7,96.8338,2480.39,35031.7,74949.2,11526.4,0.415127,379.419,1455.85,4780.82,7255.15,7188.92,0.00401857,23560.5,6692.85,46.0589,17.7951,350.96,3159.5,769.59,2473.31,3090.49,1186.49,1029.83
859,3,2024-01-30 00:00:00,09:46:43,30000443,HCL-Air-10112023-A-all,246,0.02,0.02,0,4,4,3,3,0,0,6.7813,0.155306,18876.4,44.8561,1183.13,29286.7,108022,16884.7,0.61271,1147.82,4603.5,15220.6,23144.3,22921,0.00677515,76482,21196.4,39.4724,16.9391,365.332,3283.92,821.585,2586.19,3156.89,1224.95,1080.39
860,3,2024-01-30 00:00:00,13:04:15,30000443,HCL-SH-R4053-B-all (No KrXe),246,0.02,0.02,4,1,2,0,3,0,0,8.29464,2.36954,155046,363.475,9869.48,147335,110858,17145.2,0.632067,0,0,0,0,0,0,0,0,0,0,0,0,0,0,0,0,0
861,3,2024-01-30 00:00:00,16:30:12,30000443,HCL-SH-202105783-05-03-B-all *IonCounting Trip*,246,0.02,0.21,9,4,4,0,3,0,0,-0.220152,1.06392e-05,4033.01,8.87086,253.237,19838.8,3049.75,463.176,0.0183699,707.513,2840.09,10026.9,14404.5,14248,0.00526581,49919.6,13365.6,45.0988,11.503,233.017,2234.5,890.41,1769.7,2016.45,779.367,1162.13
866,3,2024-01-31 00:00:00,07:58:40,30000443,HCL-SH-202105783-04-05-B-all (poss. Leaky clamp or unstable CM),253,0.02,0.03,0,2,3,0,3,0,0,38.7655,8.67915,220945,505.152,13301.2,48315.1,264404,40700.6,1.43691,2246.87,9121.81,30714.3,45904.4,45435.4,0.0105975,154486,42297.5,82.5552,41.5806,906.543,8399.77,1987.91,6631.75,7989.48,3085.2,2643.97
867,3,2024-01-31 00:00:00,12:38:04,30000443,HCL-SH-202105783-02-01B-B-all,253,0.02,0.03,0,3,3,0,3,0,0,7.35989,4.25971,16527.6,38.2846,1033.74,44945.1,95826.9,14969.7,0.570471,1774.55,7240.01,24530.2,36722.2,36456.6,0.00914984,124423,34315.4,104.225,54.9353,1145.73,10582.1,2511.36,8338.68,10104.8,3928.37,3373.69
873,3,2024-02-01 00:00:00,07:23:00,30000443,HCL-SH-R4099-B-all (poss. leaky clamp),261,0.02,0.05,0,4,4,3,3,0,0,115.046,17.5388,13817.8,32.4892,837.491,49564.7,91004.7,14014.5,0.502294,974.869,3875.98,12938.4,19475.7,19198,0.0061243,64576.6,17858.6,49.2466,21.1197,463.596,4250.36,1047.85,3350.14,4057.92,1560.59,1409.4
874,3,2024-02-01 00:00:00,11:01:35,30000443,HCL-SH-R4106-B-all,261,0.02,0.02,0,4,4,0,3,0,0,11.3231,6.629,4220.93,9.91447,274.314,39032.3,37906.7,5896.47,0.215393,12231.1,51556.8,188313,266872,265902,0.0470235,965040,262820,847.58,506.254,10652.7,106871,23438.8,84906.5,100166,38517,33142.7
875,3,2024-02-01 00:00:00,14:20:30,30000443,HCL-SH-Air-10112023-B-all,261,0.02,0.03,0,4,4,3,3,0,0,6.49461,0.166776,20279.6,48.4605,1300.34,45022.3,117449,18416.8,0.66358,1172.2,4755.7,16120.3,24038.4,23751.1,0.00692324,80889.5,22304.9,44.4711,17.9896,382.411,3560.66,874.295,2814.51,3387.33,1304.74,1155.66
876,3,2024-02-01 00:00:00,17:55:18,30000000,HCL-SH-202105783-01-04-C-all,261,0.02,0.02,0,0,0,0,3,0,0,26.7573,4.81258,50935.9,121.152,3101.75,41997.2,79974.3,12162.5,0.438361,176.683,661.407,2196.85,3287.68,3245.94,0.00332838,10553.7,3041.92,23.3791,7.13819,147.977,1354.12,331.785,1084.31,1318.04,512.147,443.014
880,3,2024-02-02 00:00:00,08:44:10,30000443,HCL-SH-R4053-C-all (No KrXe),267,0.02,0.05,4,2,2,0,3,0,0,8.44429,2.39238,100894,235.668,6207.92,-1.70262,151414,23460.1,0.860311,0,0,0,0,0,0,0,0,0,0,0,0,0,0,0,0,0
881,3,2024-02-02 00:00:00,11:48:50,30000443,HCL-SH-R4106-C-all (poss. Leaky clamp),267,0.02,0.05,0,4,4,0,3,0,0,18.9458,6.78287,13188.9,30.9902,792.594,36936.8,81898.7,12561.8,0.455345,16790.5,71400.9,262219,367993,366153,0.0632972,1332560,357771,949.265,582.164,12140.8,122208,26573.4,96794,112394,43179.5,37141.1
882,3,2024-02-02 00:00:00,15:02:06,30000443,HCL-SH-R4086-B-all,267,0.06,0.03,0,3,3,0,3,0,0,9.06186,3.4967,57928.4,134.325,3559.31,51864.9,338382,53487.4,1.92317,4616.54,19180,67936.7,98003.5,97494.3,0.0192917,348347,93337.2,276.695,154.577,3292.43,31801.3,7176.57,25268.5,29765.9,11462,9911.83
903,3,2024-02-05 00:00:00,08:16:27,30050443,IC23-ES230901-Site9-H2O-5x,293,0.03,20.32,0,4,4,3,3,0,5,481.074,0.677273,5114.14,12.3873,328.299,32598.6,129281,20263.5,0.738005,2719.03,11217.1,37482.7,57153.8,56646.6,0.0125422,191324,52650.9,150.669,82.8391,1743.55,15991.3,3932.14,12622.1,15351.6,5958.12,5238.26
904,3,2024-02-05 00:00:00,12:07:35,30050443,IC23-SV230907-site19-H2O-5x (No KrXe),293,0.03,19.2,0,4,4,3,3,0,5,41.8217,0.2895,12509.4,28.4295,775.355,43925.7,242232,38207.8,1.38657,0,0,0,0,0,0,0,0,0,0,0,0,0,0,0,0,0
905,3,2024-02-05 00:00:00,16:01:30,30050443,LabH2O-1-22-2024-5x (Nude 300K; Ar + KrXe bad),293,0.04,19.18,0,4,4,3,3,0,5,2.84947,0.0670956,9110.24,21.0592,572.838,31216.2,160.811,25.6942,0.000936659,145.999,499.441,1613.93,2507.72,2456.3,0.00319748,7924.83,2422.36,17.3974,2.89865,62.2262,545.066,144.101,429.693,564.795,211.948,187.757
910,3,2024-02-06 00:00:00,08:09:30,30050443,IC23-KR230828-Site2-H20-5x,299,0.03,18.8,0,4,4,3,3,0,5,22.6304,0.0524968,1132.54,2.39264,80.8267,31777.8,7562.54,1160.9,0.0412927,126.232,434.24,1449.34,2200.05,2148.12,0.00313737,7053.3,2056.4,14.2941,2.1595,45.8016,417.788,108.852,327.212,413.672,163.457,149.199
911,3,2024-02-06 00:00:00,11:56:46,30050443,IC23-RH230904-Site14-H2O-5x,299,0.03,18.95,0,4,4,3,3,0,5,209.707,0.331532,4041.14,9.3694,262.366,30559.1,130746,20529.9,0.748548,2823.16,11528.8,38793.4,58768.1,58346.5,0.0128983,198288,54320.8,159.404,88.9442,1868.53,17245.3,4193.39,13582.5,16492.4,6387.85,5603.38
912,3,2024-02-06 00:00:00,15:44:22,30050443,IC23-GN230828-Site3-H2O-5x,299,0.03,20.69,0,4,4,3,3,0,5,21.1531,0.157679,14164.4,33.5443,879.897,30819.8,114505,17895.5,0.649226,1314.63,5319.85,17694.5,26937.5,26677.2,0.00745129,88995,24835.7,55.9586,25.4926,529.547,4834.77,1214.33,3820.62,4686.5,1792.23,1610.35
915,3,2024-02-07 00:00:00,00:44:20,30050443,Sample-5x (this is a closeup),303,0.03,0.03,0,4,4,3,3,0,5,0.106445,0.00230692,55.8229,0.151367,12.7759,36067.5,60.8585,10.8039,0.000355041,16.4455,7.80214,29.4992,50.0239,45.3266,0.00274203,152.941,43.7324,15.0578,0,0.980047,9.43618,0,8.32697,9.80097,2.92834,0
917,3,2024-02-07 00:00:00,07:45:56,30050443,IC23-LH230829-Site5-H2O-5x,305,0.03,19.13,0,4,4,3,3,0,5,64.3824,0.130301,5016.23,11.9818,317.458,31703.8,68417.9,10643.5,0.386484,1217.99,4912.25,16469.7,24908.7,24699.8,0.00715586,82532.5,23124.5,73.7134,34.9096,718.47,6557.86,1649.32,5152.51,6299.63,2448.08,2174.21
918,3,2024-02-07 00:00:00,11:33:22,30050443,IC23-RJ230829-Site4-H2O-5x,305,0.03,20.73,0,4,4,3,3,0,5,12.0491,0.0705452,5548.78,14.049,386.561,31054.6,67366.3,10432.5,0.378785,920.078,3637.68,11960.6,18326,18132.1,0.00595473,59906.3,16965.1,42.425,17.9085,363.145,3301.78,830.949,2612.69,3219.81,1242.4,1123.85
919,3,2024-02-07 00:00:00,15:32:08,30050443,IC23-LM230830-Site6-H2O-5x,305,0.03,20.1,0,4,4,3,3,0,5,114.781,0.139653,2174.31,4.96211,144.818,30689.3,28894.5,4409.61,0.160177,491.861,1970.28,6420.54,9873.4,9725.82,0.00449404,31687.1,9152.21,33.4041,12.5401,260.674,2325.28,622.103,1833.76,2282.94,878.288,813.348
924,3,2024-02-08 00:00:00,08:00:43,30050443,IC23-SV230831-Site7-H2O-5x,313,0.03,19.74,0,4,4,3,3,0,5,892.656,1.21696,6158.44,13.7947,395.148,35225.2,177042,27953.4,1.01543,3684.26,15178.1,51810.9,77628.1,77106.7,0.0159034,264261,72214.7,204.3,113.109,2386.97,22238.2,5328.74,17560.3,21217.2,8193.84,7139.44
925,3,2024-02-08 00:00:00,11:40:56,30050443,IC23-LK230913-Site30-H2O-5x,313,0.03,20.21,0,4,4,3,3,0,5,30.8273,0.090463,7546.01,18.2633,485.33,33438.5,215240,34114.9,1.23401,4264.92,17683.4,60617.2,90208.5,89725,0.0180734,310730,84189.7,223.96,127.322,2628.32,24702.3,5859.98,19574.4,23479.6,9060.76,7883.36
926,3,2024-02-08 00:00:00,15:43:41,30050443,IC23-TH230912-Site28-H20-5x,313,0.07,19.44,0,4,4,3,3,0,5,35.8757,0.0971197,7391.78,17.7052,472.479,32639,195492,30840.8,1.12018,3793.7,15579.5,53178.5,79569.2,79053.7,0.0162872,271332,73973.2,196.957,111.429,2308.61,21462,5134.22,16992.7,20454.2,7932.83,6863.9
930,3,2024-02-09 00:00:00,08:05:41,30050443,IC23-SJ230913-Site29-H2O-5x,319,0.03,19.44,0,4,4,3,3,0,5,25.8186,0.104422,11134.1,26.785,711.129,33599,255543,40551.1,1.46787,4744.38,19716.1,67545.1,100485,99907,0.0197077,347100,94362.6,245.134,139.9,2892.46,27122.7,6401.54,21477.4,25838,9961.4,8654.75
931,3,2024-02-09 00:00:00,11:45:17,30050443,LabH2O-1-22-2024-5x,319,0.08,19.86,0,4,4,3,3,0,5,2.77037,0.0677594,8865.38,20.5987,561.953,33831.2,192779,30454.4,1.10222,3352.44,13804.9,47008,70410.3,69993.5,0.0147337,240733,65793.8,168.417,90.7522,1868.54,17418.8,4177.54,13729.9,16675.4,6418.09,5644.87
932,3,2024-02-09 00:00:00,15:29:31,30050443,IC23-FL230906-Site18-H2O-5x,319,0.07,19.7,0,4,4,3,3,0,5,1064.55,1.56582,4131.74,18.3855,489.024,34065.5,157016,24769.5,0.899175,2815.1,11412.2,38596.7,58303.6,57893.1,0.0127188,198399,54316.6,150.797,80.9531,1680.14,15574.1,3764.34,12263,14904.6,5759.92,5071.06
944,3,2024-02-11 00:00:00,13:52:02,30050443,IC23-AJ230909-Site24-H2O-5x,337,0.08,20.92,0,4,4,3,3,0,5,201.333,0.511031,2720.16,6.19222,177.765,35777.7,45956.9,7162.7,0.259818,849.427,3290.6,10733.4,16755.8,16563.2,0.00571005,53520,15502,62.6393,24.4,509.768,4540.97,1186.9,3567.33,4498.32,1759.24,1575.54
945,3,2024-02-11 00:00:00,17:59:15,30050443,IC23-AH230901-H2O-5x (Problem on NGL),337,0.07,21.69,0,4,4,3,3,0,5,-0.0245843,0.00183166,38.8237,0.158572,11.4254,31098.5,42.6154,6.50175,0.000260543,21.9859,3.18471,9.22326,14.9962,12.0304,0.00271116,40.414,15.2283,20.3815,0,0.0239029,0.765604,0,1.6514,3.71683,1.79237,0
949,3,2024-02-12 00:00:00,08:14:10,30050443,IC23-HL230905-Site16-H2O-5x,341,0.03,21.23,0,4,4,3,3,0,5,95.1884,0.336233,12261.6,28.7308,775.198,32419.5,277679,44066.7,1.5833,5082.13,20905.7,71125.1,106921,106239,0.0205421,365452,100443,266.135,142.35,2962.31,27688.3,6638.62,21900.2,26699.7,10300.5,8985.07
950,3,2024-02-12 00:00:00,12:06:44,30050443,IC23-DS230904-Site15-H2O-5x,341,0.07,20.62,0,4,4,3,3,0,5,1566.05,1.55923,4355.02,10.29,280.284,32373.6,147922,23332.1,0.846065,3105.66,12672.4,42939.2,64629.9,64173.4,0.0137673,220070,60585.6,182.084,98.1905,2069.5,19046.5,4615.67,15063.7,18280.6,7090.5,6251.59
951,3,2024-02-12 00:00:00,15:49:15,30050443,IC23-RS230903-Site13-H2O-5x,341,0.08,20.03,0,4,4,3,3,0,5,2805.88,4.33087,4628.79,9.72455,298.14,34003.1,96169.1,15108.6,0.562114,1793.43,7198.05,24078.9,36487.5,36186.9,0.00907165,122227,34032.9,104.695,50.8116,1088.17,9980.24,2471.63,7876.91,9642.77,3740.84,3335.43
956,3,2024-02-13 00:00:00,07:47:36,30050443,IC23-BB230902-Site11-H20-5x (NU error. No KrXe),349,0.07,18.56,0,4,4,3,3,0,5,91.3849,0.188044,2749.08,6.52038,179.254,33368.4,34102,5293.76,0.191627,0,0,0,0,0,0,0,0,0,0,0,0,0,0,0,0,0
963,3,2024-02-14 00:00:00,08:09:41,30050443,LabH2O-01-22-2024-5x,359,0.03,21.59,0,4,4,3,3,0,5,2.85565,0.0675971,8230.47,20.1353,534.477,36073.1,176778,27770.2,1.00498,2925.69,11931.7,40072.9,60680,60364,0.0131613,205014,56738.8,140.682,76.2226,1540.67,14216.5,3482.27,11243.5,13753.8,5285.68,4697.04
964,3,2024-02-14 00:00:00,11:56:12,30050443,HG-LM-F1-I-H2O-5x,359,0.03,23.27,0,4,4,3,3,0,5,127.455,3.31226,1126.71,2.43162,81.6165,37694.4,30230.2,4697.03,0.174438,758.848,3052.12,10008.4,15357.4,15191.4,0.00541937,49867.7,14282.6,65.2328,25.757,524.833,4647.1,1205.51,3655.42,4564.13,1761.5,1608.55
965,3,2024-02-14 00:00:00,15:59:24,30050443,HG-CA-RR-I-H2O-5x,359,0.03,24.22,3,4,4,3,3,0,5,43.4081,1.94652,3464.8,7.75656,226.916,35305.3,95128.8,14909.1,0.550558,1653.47,6724.49,22114.9,34058.3,33777.7,0.0086032,111342,31359.8,91.8445,44.0035,925.644,8262.6,2104.03,6487.46,8084.15,3085.12,2775.48
970,3,2024-02-15 00:00:00,08:25:14,30010443,IC23-DS230904-Site15-1x,366,0.03,32.28,2,4,4,3,3,0,1,2405.12,2.35934,19649.3,48.0292,1246.85,36369.8,470759,75777.5,2.75162,7413.97,30873.4,106714,158706,157848,0.0292376,547900,149877,293.578,174.591,3627.58,34092.1,8077.42,26940.4,32615.8,12560.7,10961.2
971,3,2024-02-15 00:00:00,11:41:59,30010443,IC23-ES230901-Site9-1x,366,0.04,33.99,3,4,4,3,3,0,1,388.993,0.512148,23099.1,55.556,1453.8,36743,373244,59716,2.16432,4610.04,19096,65430.6,97931.5,97415.5,0.0193162,337400,91672.3,166.477,91.3085,1890.58,17553.2,4206.5,13883.7,16838.5,6456.69,5676.55
1017,3,2024-02-26 00:00:00,11:39:02,30050443,LabH2O-01-22-2024-5x,436,0.03,19.89,0,4,4,3,3,0,5,2.58307,0.0694259,9178.67,21.747,585.925,31068.2,191289,30335,1.10251,3137.77,12787,42460.1,65187.5,64948.5,0.0140059,218125,61268.3,150.06,80.7244,1681.88,15237.5,3784.83,12052.5,15059.7,5799.5,5163.48
1018,3,2024-02-26 00:00:00,15:39:42,30050443,HG-AC-PT-I-H2O-5x,436,0.03,21.32,3,4,4,3,3,0,5,297.786,3.19687,3308.58,7.65432,218.588,32981.6,131762,20790.5,0.855885,2267.97,9240.67,30502.9,46963.7,46683.7,0.0109464,155419,44153.1,122.619,62.6994,1334.94,11971.8,3012.38,9392.75,11816.8,4516.24,4055.49
1023,3,2024-02-27 00:00:00,08:04:18,30050443,HG-CX-M2-I-H2O-5x,442,0.03,23,2,4,4,3,3,0,5,231.311,1.69063,4107.23,9.94047,268.269,33734.6,99400.8,15653.1,0.584915,1843.96,7447.21,24529.5,37900.7,37572.6,0.0093422,124930,35578,109.254,52.3534,1092.56,9859.52,2528.56,7775.17,9777.4,3776.05,3402.48
1024,3,2024-02-27 00:00:00,14:12:02,30000443,LabH20-02-27-2024-1/4tube-all (Bad KrXe),442,0.03,20.52,0,4,4,3,3,0,0,25.0166,0.656055,91351.1,217.049,5807.01,31343.2,1957250,340884,12.4362,0,0,0,0,0,0,0,0,0,0,0,0,0,0,0,0,0
1029,3,2024-02-28 00:00:00,08:03:44,30050443,KM22-14-J1478-CU24-1/4tube-H2O-5x,448,0.03,19.01,0,4,4,3,3,0,5,174.515,5.62789,4922.15,10.9059,316.332,36206.3,116792,18299.3,0.709804,2025.68,8182.58,26961.1,41641.6,41515.8,0.0099907,136284,38905.4,119.033,58.7119,1231.73,10991.3,2799.82,8644.98,10885.9,4222.09,3786.43
1030,3,2024-02-28 00:00:00,11:57:31,30050443,KM22-14-J1472-CU23-1/4TUBE-H2O-5x,448,0.03,19.53,2,4,4,3,3,0,5,154.993,3.84848,1207.78,3.16665,82.5981,35424.9,53645,8385.1,0.385922,1078.37,4308.61,14036.8,21737.2,21521.3,0.00655918,69984.1,20440.5,80.8105,31.9775,705.118,6251.84,1629.87,4949.64,6308.81,2438.3,2205.44
1035,3,2024-02-29 00:00:00,07:40:20,30050443,LabH20-02-27-2024-1/4tube-5x,455,0.03,18.71,0,3,4,2,3,0,5,0.976326,0.025879,78513.7,185.009,4979.11,36879.4,73999.3,11465,0.417035,4468.71,18368.8,61830.6,93973.7,93400.9,0.0187337,318248,89782.4,232.734,119.467,2519.98,23194.7,5633.3,18355.7,22981.2,8874.48,7762.97
1036,3,2024-02-29 00:00:00,11:31:35,30050443,KM22-14-J1475-CU24-1/4TUBE-H2O-5x,455,0.1,22.41,3,3,4,3,3,0,5,542.171,4.6582,29858,72.1948,1903.81,42529,109066,17157.9,0.878074,1930.28,7805.55,25690.8,39739.4,39518.7,0.00959897,130285,37326.4,113.011,51.0061,1056.28,9519.73,2416.65,7500.05,9452.12,3659.84,3266.12
1037,3,2024-02-29 00:00:00,15:57:04,30050443,KM22-14-J1474-CU22-1/4TUBE-H2O-5x,455,0.1,18.43,0,3,4,2,3,0,5,61.3287,0.568789,108347,250.717,6930.87,34045.7,101616,15869.9,0.579835,6211.97,25920.2,89313.7,132847,132238,0.0254836,460466,128864,325.258,181.285,3830.62,36077.5,8579.48,28619.6,35487.9,13737.1,11985.3
1042,3,2024-03-01 00:00:00,08:14:21,30050443,LabH2O-02-29-2024-1/4tube-5x,461,0.03,19.35,0,3,4,2,3,0,5,0.864013,0.0242315,72580.5,169.28,4638.13,34860.8,69598.1,10806.2,0.393969,4233.92,17356.5,58878.9,88760.1,88179.8,0.0181181,303030,85562.1,214.602,115.069,2373.66,22055,5311.45,17498.6,21855.1,8453.01,7394.36
1043,3,2024-03-01 00:00:00,11:55:30,30050443,KM22-14-J1477-CU22-1/4tube-H2O-5x,461,0.03,20.7,3,3,4,3,3,0,5,588.696,5.03826,30023,72.0452,1925.62,40363,101804,15981.9,0.821138,1743.61,7052.26,23406.8,35843.7,35584.9,0.00903127,118632,33831.7,88.3277,41.6526,882.157,7979.22,2028.44,6310.55,7927.59,3050.42,2746.02
1044,3,2024-03-01 00:00:00,15:59:15,30050443,KM22-14-J1471-CU24-1/4TUBE-H2O-5x,461,0.04,19.43,2,3,4,2,3,0,5,127.693,3.01843,25483.7,59.8042,1606.68,35653.1,33794.2,5245.98,0.226023,2558.88,10465.8,34867.4,53242.9,52966.3,0.012117,178950,50745.2,88.9201,43.1735,940.767,8526.31,2097.02,6733.94,8484.76,3299.41,2870.8
1065,3,2024-03-04 00:00:00,08:01:00,30050443,LabH2O-02-29-2024-1/4tube-5x,487,0.03,15.83,0,3,4,2,3,0,5,1.09579,0.0253831,75748.4,174.471,4784.29,33881.7,73244.4,11368.7,0.41589,4426.39,18252.9,61754.2,93590.2,93147.2,0.018988,315920,89866.9,220.717,118.545,2527.72,23267.8,5640.5,18402.3,23106,8925.14,7815.06
1066,3,2024-03-04 00:00:00,11:55:20,30050443,KM22-14-J1472-CU26-1/4tube-H2O-5x,487,0.04,18.97,3,3,4,2,3,0,5,76.9731,1.8734,25674.2,60.6513,1616.2,36952.8,51570.9,8024.99,0.371216,3679.54,15199.1,50956.2,77653.5,77357.9,0.0161862,262338,74261.9,147.362,74.6538,1633.21,14910.8,3657.48,11738.4,14804.7,5697.34,5032.14
1067,3,2024-03-04 00:00:00,17:17:25,30050443,KM22-14-J1476-CU23-1/4TUBE-H2O-5x,487,0.03,19.67,0,3,4,2,3,0,5,2.89116,0.078461,80871.2,188.902,5104.17,34120,94311.4,14626.6,0.537597,5973.5,24765.6,85049,126958,126468,0.024556,438147,123071,317.165,172.703,3711.73,34615.5,8267.34,27442.5,34181.4,13187.5,11558.4
1072,3,2024-03-05 00:00:00,09:04:46,30050342,LabH2O-02-29-2024-1/4tube-5x,493,0.03,20.44,0,3,4,2,3,0,5,1.13802,0.0245417,76862.8,178.782,4862.14,36259.8,73354.7,11369.6,0.415647,4395.98,18279.3,61966.9,93503.8,93064.5,0.0188321,316837,89782.6,224.996,118.123,2516.3,23370.4,5663.73,18458.8,23107.3,8907.51,7829.06
1073,3,2024-03-05 00:00:00,12:58:18,30050443,LOIHI-J1480-UFO7-03-1/4TUBE-H2O-5x,493,0.04,21.62,2,3,4,2,3,0,5,2444.25,2.2517,33323.9,78.2747,2147.31,38493.3,39300.2,6089.8,0.234544,2780.83,11353.3,38005.4,57801.3,57589.6,0.0128365,194412,55629.8,156.069,81.3563,1742.35,15892.3,3894.77,12579.3,15951.6,6149.54,5400.3
1079,3,2024-03-06 00:00:00,08:02:32,30050443,LabH2O-01-22-2024-5x (No KrXe),466,0.04,20,0,4,4,3,3,0,5,2.6727,0.066187,9092.24,22.4136,573.022,4.1698,186199,29365.2,1.07289,0,0,0,0,0,0,0,0,0,0,0,0,0,0,0,0,0
1080,3,2024-03-06 00:00:00,11:28:41,30050443,AR23-OY230308-H2O-5x,499,0.04,19.55,0,4,4,3,3,0,5,61.0146,2.14543,4125.8,9.71891,265.372,31660.2,123952,19390.6,0.714322,2112.08,8482.62,27885.9,43189.4,42891.2,0.0103129,142003,40519.1,120.649,57.4973,1232.61,10946.4,2815.37,8654.53,10928.4,4219.5,3810.1
1086,3,2024-03-07 00:00:00,07:49:48,30050443,AR23-BF230316-H2O-5x,507,0.04,20.22,0,4,4,3,3,0,5,4.26636,0.126424,14800.3,33.5925,945.97,32740.3,221907,34977.6,1.27786,2997.8,12222.2,40144.7,62111.4,61858.2,0.0135229,204495,58338.1,137.537,71.2944,1470.16,13097.4,3339.64,10282.3,13101.6,5059.74,4529.83
1087,3,2024-03-07 00:00:00,11:27:50,30050443,AR23-VA230311-H2O-5x,507,0.06,21.13,0,4,4,3,3,0,5,47.5835,0.44333,6945.36,16.7008,451.476,33711.3,169785,26762.8,0.976129,2687.71,10874,35777.4,55267.2,54897.4,0.012387,183070,52374.9,139.6,67.9005,1439.52,12943.1,3275.17,10234.3,12928.1,5018.9,4476.34
1094,3,2024-03-08 00:00:00,12:15:39,30050443,AR23-CZ230307-H2O-5x,515,0.04,20.81,0,4,4,3,3,0,5,250.507,3.40717,2342.97,6.43458,154.056,36131.1,74168.2,11561.9,0.425892,1392.6,5584.13,18076.1,28197.8,28008.1,0.00769576,90944.1,26532,87.7031,40.4841,820.813,7345.89,1917.96,5816.59,7424.39,2867.68,2589.03
1095,3,2024-03-08 00:00:00,16:05:41,30050443,AR23-OZ230305-H2O-5x,515,0.05,24.9,0,4,4,3,3,0,5,25.0866,0.612881,986.027,2.58565,70.7635,32176.8,31791.9,4896.75,0.184279,652.226,2519.83,8059.45,12704.8,12497,0.0049945,39963.9,11971.4,48.4625,16.8946,360.705,3178.33,856.561,2512.06,3279.33,1265.41,1151.87
1116,3,2024-03-11 00:00:00,08:41:02,30050443,LabH2O-01-22-2024-5x (Ne=9100cps; bad Center Up),541,0.05,23.26,0,4,4,3,3,0,5,2.34917,0.0661271,5730.05,22.6328,620.755,37968.8,197577,31527.1,1.13463,3205.17,13064.2,42732,66650.8,66281.6,0.0141148,218332,62882.4,180.6,81.2964,1768.08,15696.3,4027.33,12443.8,15896.7,6138.87,5472.31
1117,3,2024-03-11 00:00:00,13:58:08,30050443,AR23-LF230308-H2O-5x,541,0.05,23.71,0,4,4,3,3,0,5,11.1121,0.254114,467.605,1.07203,38.2813,33773.1,4811.89,745.057,0.0270547,161.548,525.857,1663.25,2654.96,2598.21,0.00322085,8063.67,2555.62,36.2321,4.35165,96.3966,856.355,251.128,680.313,913.992,354.653,349.444
1122,3,2024-03-12 00:00:00,08:15:35,30050443,AR23-PI230308-H2O-5x,548,0.04,29.48,0,4,4,3,3,0,5,2.21031,0.0454366,1320.07,2.54748,92.6796,30882.6,4852.6,751.842,0.0271619,95.7293,309.715,973.691,1561.42,1503.05,0.00301732,4729.47,1488.1,27.8199,1.84814,41.6995,361.239,104.503,282.541,383.379,149.899,145.323
1123,3,2024-03-12 00:00:00,12:14:57,30050443,AR23-QH230313-H2O-5x,548,0.04,20.24,2,4,4,3,3,0,5,111.12,2.72241,5010.72,14.2406,392.359,32043.5,103078,16171.9,0.599787,1361.65,5480.45,17358.8,27714.8,27390.9,0.00764033,87620,25901.2,70.3691,30.4588,639.87,5591.64,1490.5,4390.9,5741.6,2211.87,2008.26
1126,3,2024-03-13 00:00:00,09:07:50,30050443,AR23-CM230315-H2O-5x,552,0.04,20.76,0,4,4,3,3,0,5,87.5708,4.1605,5216.94,16.4199,440.102,31071.8,152556,24079.4,0.885326,2180.32,8944.44,28320.8,45512.8,45044,0.0106774,144885,42171.8,116.327,56.1373,1178.11,10192.3,2688.57,8041.1,10467.6,4044.11,3604.39
1127,3,2024-03-13 00:00:00,13:41:14,30050443,AR23-LN230313-H2O-5x,552,0.05,21.69,3,4,4,3,3,0,5,66.8548,2.96526,1551.29,3.11016,105.318,31795.1,37691.9,5897.38,0.222257,633.009,2457.67,7773.71,12349.7,12214.8,0.00496744,38624.3,11737.9,46.8796,16.8077,344.726,2941.82,802.597,2298.24,3063,1188.81,1085.3
1132,3,2024-03-14 00:00:00,07:56:13,30050443,AR21-FB210806-H2O-5x,558,0.05,20.33,3,4,4,3,3,0,5,15.3113,1.33784,3641.04,8.66593,239.092,31108.6,111054,17494.9,0.647291,362.829,459.744,813.753,1404.47,35452.3,0.0031234,1099.1,4208.62,106.555,49.011,994.252,8523.55,2300.34,6757.84,8849.65,3460.17,3096.66
1133,3,2024-03-14 00:00:00,11:40:22,30050443,LabH2O-03-12-2024-5x,558,0.04,21.24,0,4,4,3,3,0,5,2.52673,0.0638393,8542,20.0918,549.937,31226.8,168330,26538.7,0.969145,745.448,1141.28,2496.78,3190.41,46480.6,0.00394954,4282.44,10812.2,113.035,54.3552,1164.43,9958.27,2662.43,7940.07,10345.4,3986.19,3594.63
1139,3,2024-03-15 00:00:00,08:39:57,30050443,AR21-BF211031-H2O-5x,565,0.04,20.83,0,4,4,3,3,0,5,22.3674,0.526899,36173.2,83.7737,2254.37,32513,204367,32169,1.16248,341.305,405.175,742.602,1303.78,25311.9,0.00312229,1148.9,4031.59,52.1834,14.3928,282.63,2351.66,632.675,1866.22,2490.4,973.602,858.146
1140,3,2024-03-15 00:00:00,12:24:45,30050443,AR21-PZ211029-H2O-5x,565,0.05,20.13,0,4,4,3,3,0,5,110.64,4.7002,7882.03,18.539,499.194,36789.9,178259,28248,1.03442,773.482,1056.45,2244.17,3278.49,53592,0.00375315,4450.57,11017.6,140.517,66.5908,1401.8,11974.2,3205.73,9539.05,12457.8,4830,4329.7
1141,3,2024-03-15 00:00:00,16:11:07,30050443,AR21-CA2110-1-H2O-5x,565,0.04,19.46,0,4,4,3,3,0,5,7.85494,0.33624,4930.24,16.5364,436.744,31910.8,120470,18917.2,0.69629,614.256,998.808,2243.81,2765.31,32904,0.00379033,4650.53,9670.81,85.5294,38.3792,806.204,6910.52,1861.33,5508.29,7274.53,2815.82,2532.43
1162,3,2024-03-18 00:00:00,09:24:21,30050443,LabH2O-03-12-2024-5x   (Bad Ne20 CenterUp??),591,0.14,19.34,0,4,4,3,3,0,5,2.50912,0.0657124,2799.99,18.8437,522.075,31069.3,183415,29072.9,1.05988,3338.67,13903.5,44969.3,70159,70483.7,0.014688,218037,63704.2,151.41,72.6172,1548.25,13954.4,3530.37,11050.5,13941.2,5386.52,4830.45
1169,3,2024-03-19 00:00:00,10:26:09,30050443,NZ23-MR230206-H2O-5x,600,0.04,22.1,2,4,4,3,3,0,5,77.3248,1.99131,4663.13,11.4395,305.599,31048,148975,23515.5,0.865669,2746.59,11524.4,34159.2,51290.1,59264.7,0.0119616,129419,50857.4,143.461,68.0022,1466.04,12892,3328.29,10174.2,13182,5092.23,4559.05
1170,3,2024-03-19 00:00:00,15:21:47,30050443,NZ23-AT230206-H2O-5x,600,0.04,19.7,0,4,4,3,3,0,5,12.1141,0.379995,11831.8,26.7725,749.958,28646.4,253017,40298.7,1.47348,4284.98,18151,56407.3,86750.7,93153.9,0.0175364,239042,81530.9,185.994,96.5743,2046.01,18228.1,4612.88,14405.8,18304.7,7089.54,6257.91
1175,3,2024-03-20 00:00:00,09:17:41,30050443,IT22-CB221018-H2O-5x,607,0.04,19.22,0,3,4,3,3,0,5,2.56751,0.0546358,145775,344.777,9370.39,31072.7,100439,15650.1,0.574302,1476.86,5865.11,15120.9,24791.1,31722.3,0.00728951,59115.4,26638,70.2403,28.465,606.218,5306.77,1405.17,4198.51,5482.74,2117.98,1912.49
1176,3,2024-03-20 00:00:00,14:01:37,30050443,YNP22-DF220912-H2O-5x,607,0.04,20,2,4,4,3,3,0,5,10.0174,2.31136,8474.55,20.3105,545.397,30201.4,210526,33370.6,1.23396,3503.11,14472.5,39648.9,65748.1,77052.8,0.0138594,164173,65765,157.953,82.7067,1762.28,15563.3,3989.15,12285.6,15854.4,6120.46,5446.96
1181,3,2024-03-21 00:00:00,08:03:09,30050443,YNP22-FS220913-H2O-5x,614,0.05,23.17,2,4,4,3,3,0,5,12.709,2.29978,3323.93,7.68855,218.087,36449.3,99689.1,15750.1,0.588704,2065.88,8522.02,27133.2,43450.7,42952,0.010227,137756,39130.2,121.754,53.9333,1134.53,9888.11,2597.29,7790.69,10060.2,3870.65,3509.43
1182,3,2024-03-21 00:00:00,11:47:36,30050443,LabH2O-03-12-2024-5x,614,0.05,24.36,0,4,4,3,3,0,5,2.47963,0.0664772,8992.38,21.1748,582.201,34189.2,202627,32328.6,1.17044,3378.54,14227.6,39212.8,58339.9,75336.9,0.0135303,139305,62452.2,170.636,80.0467,1698,14807.3,3828.44,11722.5,15136,5840.32,5206.55
1188,3,2024-03-22 00:00:00,09:31:56,30050443,YNP22-SC220916-H2O-5x,621,0.04,19.55,0,4,4,3,3,0,5,15.5054,0.797396,6693.13,15.6062,432.98,29098.3,194688,30949.7,1.13875,3779.49,15918.1,50755.3,80462.9,81016.1,0.0165162,247957,73250.2,178.468,96.4799,2044.1,18185.4,4631.86,14358.1,18502.6,7161.45,6336.81
1211,3,2024-03-25 00:00:00,07:51:14,30050443,YNP22-PE220919-H2O-5x,651,0.06,20.01,3,4,4,3,3,0,5,4.86211,1.10885,8579.91,20.8175,549.69,30053.6,219906,34874.1,1.29032,3591.92,14953.1,47377.3,75992.9,76006.2,0.0157521,236514,69113.1,152.381,79.8228,1720.68,15107,3862.32,11960.2,15439,5979.85,5305.93
1212,3,2024-03-25 00:00:00,14:10:11,30050443,YNP22-OS220913-H2O-5x,651,0.05,19.07,2,4,4,3,3,0,5,15.0548,2.98052,4873.61,11.3898,317.291,29403.8,166943,26471.8,0.998663,3309.28,13821.9,43475.2,69689.4,70059.8,0.0147564,212945,63108.4,162.847,86.6986,1848.59,16261.1,4168.24,12840.4,16594.1,6388.51,5696.81
1217,3,2024-03-26 00:00:00,08:04:44,30050443,YNP22-PV220919-H20-5x,658,0.04,21.06,3,4,4,3,3,0,5,12.3852,1.24587,5239.85,15.4209,401.252,29742,165263,26176.9,0.971353,2846.84,11960,37773.5,61012.9,60705.5,0.0132276,191305,55277.5,120.76,62.0778,1341.01,11767.1,3044.61,9309.48,12096.4,4665.37,4160.03
1218,3,2024-03-26 00:00:00,11:49:25,30050443,LabH2O-03-12-2024-5x   (Bad Ne20 Center; 20 = 9Kcps),658,0.04,19.65,0,4,4,3,3,0,5,2.22949,0.0637473,1133.51,20.1394,557.638,29008.6,211372,33597.4,1.2398,3643.12,15297.5,48752.7,77219.4,77736,0.0160347,237495,70638.4,157.269,84.8522,1773.74,15747.5,4020.73,12467.5,16065.7,6206.46,5506.31
1223,3,2024-03-27 00:00:00,09:51:56,30050443,YNP22-BH220915-H2O-5x,666,0.04,19.09,0,4,4,3,3,0,5,25.262,1.15578,7300.63,17.7456,465.222,28377,159154,25133.3,0.931754,2584.93,10691.1,33419.1,54294.1,54227.2,0.0121163,167427,49198.2,114.604,56.4797,1210.3,10506.2,2758.89,8301.81,10870.1,4200.81,3767.94
1224,3,2024-03-27 00:00:00,13:27:50,30050443,YNP22-WR220913-H2O-5x,666,0.04,19.39,0,4,4,3,3,0,5,2.68729,0.246606,2861.48,18.6433,491.623,28520.5,209006,33267.8,1.22649,3727.4,15656.2,49916.8,79333.2,79602,0.0163868,247035,72445.2,166.151,92.7761,1914.91,16984.9,4327.35,13462.3,17399.2,6704.43,5946.83
1230,3,2024-03-28 00:00:00,08:03:59,30050443,YNP22-MD220918-H2O-5x (Ne 20 Centerup ???),673,0.04,18.83,1,4,4,3,3,0,5,27.711,2.16337,3674.95,19.25,527.184,32937.3,193121,30624,1.12903,3258.47,13506.4,43185,68753.5,68545.3,0.0145713,217291,62883.9,142.531,74.831,1591.97,14138.2,3609.49,11156.4,14440.6,5598.01,4978.36
1231,3,2024-03-28 00:00:00,11:49:24,30050443,YNP22-LD220915-H2O-5x,673,0.04,18.93,0,4,4,3,3,0,5,56.0774,2.34644,6086.86,14.4597,398.73,32050.1,162548,25708.3,0.947543,3076.41,12835.1,40838,64862.2,65082.4,0.0139653,200506,59170.8,156.89,79.5261,1684.84,14811,3815.56,11733.9,15190.8,5885.33,5242.61
1237,3,2024-03-29 00:00:00,08:32:05,30050443,YNP22-PA220915-H2O-5x,682,0.04,18.82,0,4,4,3,3,0,5,78.907,3.30714,4447.69,10.5401,290.881,34553.8,172190,27237.8,1.00479,3465.63,14393.9,46014.4,72788,73193.2,0.015312,224661,66660,174.803,90.6148,1919.08,17099.6,4347.89,13535.2,17447.1,6732.09,5978.55
1238,3,2024-03-29 00:00:00,12:06:38,30050443,LabH2O-03-12-2024-5x (No KrXe),683,0.04,19,0,4,4,3,3,0,5,2.56805,0.0641854,8382.84,20.5208,533.715,50248.6,211574,33526.2,1.23427,0,0,0,0,0,0,0,0,0,0,0,0,0,0,0,0,0
1239,3,2024-03-29 00:00:00,15:35:32,30050443,YNP22-MY220916-H2O-5x,682,0.04,18.44,0,4,4,3,3,0,5,12.4152,0.748804,3486.55,8.90162,226.984,28887.3,117479,18466.7,0.683894,2447.96,10133.4,31703.6,51557.6,51285.5,0.0116819,160119,46620,134.485,67.0704,1398.32,12186.1,3213.68,9611.46,12605.1,4865.98,4355
1260,3,2024-04-01 00:00:00,07:56:27,30050443,YNP22-TS220916-H2O-5x,708,0.04,18.96,0,4,4,3,3,0,5,31.6806,0.812231,5163.01,15.2064,396.021,30406.7,180828,28637.9,1.05892,3257,13539,42737.9,68628.3,68906,0.0146392,209965,62695.3,155.453,80.3386,1679.96,14752.5,3849.9,11653.6,15248.2,5879.05,5279.62
1261,3,2024-04-01 00:00:00,15:11:29,30010443,IC23-LM230830-Site6-1x,708,0.05,29.3,0,4,4,3,3,0,1,230.57,0.292958,2395.88,5.64755,159.66,28028.9,61384.7,9582.97,0.356401,1174.87,4801.33,14645.2,24262.3,24108.2,0.00698918,72568.4,21938.9,62.1797,26.8842,561.698,4776.16,1303.9,3771.82,5057.75,1951.96,1767.44
1266,3,2024-04-02 00:00:00,07:25:31,30010443,IC23-SV230831-Site7-1x,712,0.04,23.78,2,4,4,3,3,0,1,1378.78,1.83651,23630.1,56.5262,1527.36,31815.9,484640,78300.7,2.89105,6444.57,27187.2,87170,137431,139381,0.0260104,418624,127200,212.07,114.935,2403.5,21394,5427.64,16949.4,22033.4,8496.35,7494.31
1267,3,2024-04-02 00:00:00,10:48:05,30010443,IC23-LH230829-Site5-1x,712,0.04,15.21,1,4,4,3,3,0,1,2153.58,2.96173,28716.7,67.9399,1850.77,34333.2,613408,100201,3.69204,10170.8,43463.4,143216,223490,223197,0.0397125,725329,208160,380.977,221.121,4655.57,42553.5,10398.8,33725.3,43065.1,16585.4,14635.2
1268,3,2024-04-02 00:00:00,14:43:47,30010443,IC23-RJ230829-Site4-1x,712,0.04,15.14,0,4,4,3,3,0,1,926.579,1.39691,4984.26,16.7397,476.932,33524.9,116164,18367,0.675097,1663.26,6862.44,21462.6,34872.5,34675.1,0.00874829,107567,31707.3,74.0964,31.9121,678.089,5881.18,1554.35,4665.11,6111.84,2352.71,2126.14
1273,3,2024-04-03 00:00:00,07:33:14,30010443,IC23-KR220828-Site2-1x,719,0.04,14.18,0,3,4,3,3,0,1,192.349,0.446504,113550,258.956,7005.95,32163.1,25489.4,3844.45,0.141571,261.602,990.626,3018.51,4941.28,4891.14,0.00362106,14315.9,4522.05,21.8552,3.28185,66.9553,562.027,131.929,438.316,599.47,236.415,217.523
1274,3,2024-04-03 00:00:00,10:57:22,30010443,IC23-GN230828-Site3-1x,719,2.09,14.8,0,3,3,0,3,0,1,480.896,0.874613,13414.3,31.3349,856.578,31103.8,126452,19872.3,0.744228,2155.06,8837.5,27350.4,44794.7,44638.6,0.0105848,138134,41271.9,98.0068,47.1227,1006.13,8774.34,2266.41,6922.47,9261.7,3554.05,3159.04
1275,3,2024-04-03 00:00:00,17:40:29,30010443,IC23-BB230902-Site11-1x,719,0.04,26.41,2,4,4,3,3,0,1,946.32,1.63547,14697.8,34.4849,948.111,29663.3,410065,66058.2,2.46295,6951.23,29542.4,94845.2,150346,151444,0.0283017,466291,138201,305.679,173.874,3641.86,32476.6,8132.95,25705.3,33217.3,12818.9,11284.4
1280,3,2024-04-04 00:00:00,16:47:03,30010443,IC23-AH230901-Site10-1x,730,0.05,23.13,1,4,4,3,3,0,1,1582.37,2.62332,12527.5,29.8133,798.533,8190.61,242162,38589.5,1.43758,3428.53,14384.2,45380.4,72655.5,72859.7,0.0153779,223970,66321.3,136.118,71.5274,1543.82,13412.2,3488.06,10614.4,13912.6,5376.79,4782.43
1284,3,2024-04-05 00:00:00,08:02:24,30010443,IC23-RH230904-Site14-1x,735,0.04,24.23,0,4,4,3,3,0,1,2041.98,3.18408,24728.8,58.8206,1600.4,7708.84,517173,83708.4,3.09473,7116.53,30213.2,96737.3,154775,154484,0.028766,487901,141584,251.394,140.199,2937.59,25993.4,6551.04,20567.9,26782.2,10329,9096.86
1285,3,2024-04-05 00:00:00,13:47:56,30010443,IC23-RS230903-Site13-1x,735,0.04,30.99,4,4,4,3,3,0,1,149.609,0.249776,7213.69,17.5209,468.491,32473.7,518670,83987.7,3.28131,7362.54,31219.6,100963,160177,159686,0.0296742,513718,147369,248.918,131.119,2848.42,25445.7,6374.97,20094.4,26022.4,10037.2,8825.93
1306,3,2024-04-08 00:00:00,08:21:59,30010443,IC23-RD230902-Site12-1x,768,0.04,21.1,0,3,4,2,3,0,1,993.017,2.20912,182373,435.353,11915.6,41775.4,65925.2,10321.6,0.382908,2634.01,10983.3,34191.4,55601.3,55572.3,0.0123719,170781,51249.7,93.6399,42.9122,843.308,7424.67,1928.41,5824.3,7857.77,3021.82,2681.64
1307,3,2024-04-08 00:00:00,11:30:30,30010443,IC23-SJ230913-Site29-1x,768,0.04,31.25,0,4,4,3,3,0,1,27.8779,0.36268,41304.8,99.0329,2690.07,39392.4,288451,46102,1.69684,2640.86,10954.7,34127.5,55684.1,55470.6,0.0123804,171362,50865.4,78.6044,35.1652,730.96,6317.87,1650.85,4977.59,6592.07,2552.54,2287.83
1308,3,2024-04-08 00:00:00,14:44:14,30010443,IC23-LK230913-Site30-1x,768,0.04,30.9,0,4,4,3,3,0,1,176.134,0.499855,23541.2,55.3775,1524.36,36577.7,397007,63752.3,2.35508,4517.34,19003.5,59951,96929.6,96612.7,0.0192876,305516,88766.8,136.866,69.3462,1498.11,13158.8,3355.53,10332.3,13615.9,5262.43,4670.49
1313,3,2024-04-09 00:00:00,07:50:16,30010443,IC23-HL230905-Site16-1x,776,0.04,30.21,0,4,4,3,3,0,1,268.539,1.04437,22592.4,52.1619,1449.77,35335.5,432144,69568.4,2.57017,5344.22,22653.9,71640.2,115919,115518,0.0224074,364947,106130,170.289,92.1074,1914.55,16793.2,4324.76,13275.2,17479.1,6739.62,5965.68
1314,3,2024-04-09 00:00:00,10:57:17,30010443,IC23-FL230906-Site18-1x,776,0.03,32.3,2,4,4,3,3,0,1,1779.05,2.65027,35579.6,85.5329,2302.34,40770.2,423793,68435,2.52252,4913.85,20979.1,66371.8,105604,106792,0.0207768,322076,97508,164.533,86.0081,1846.93,16189.5,4117.78,12776,16817.5,6499.52,5738.66
1404,3,2024-04-24 00:00:00,07:50:09,30010443,IC23-TH230912-Site28-1x,955,0.04,29.97,0,4,4,3,3,0,1,342.496,0.543154,38747.5,112.372,3834.05,68375.1,495185,92787.8,2.42038,7874.54,46093.1,218052,230988,229711,0.0214814,1006010,327253,252.074,178.3,3909.14,51379.3,8760.65,41112.6,53474.2,20678,18435
1405,3,2024-04-24 00:00:00,11:10:33,30010443,H1-DST2-Upper-236-1x,955,0.04,13.22,4,4,4,3,3,0,1,6.13926,0.522762,4319.97,13.4169,432.259,67748.8,217509,40222.3,1.15947,2151.69,12454.4,59085,62465.1,62318,0.00780397,277235,88895.6,59.6493,30.5731,661.867,8696.32,1504.68,7009.63,9091.99,3526.08,3170.43
1406,3,2024-04-24 00:00:00,14:16:25,30010443,H1-DST1-238-Down-1x,955,0.07,12.18,3,4,4,3,3,0,1,33.1529,1.89674,27331.2,78.9679,2707.61,69174.5,294002,54557.6,1.43926,3150.02,18338,86971.2,92078.6,91695.6,0.0102122,409423,130537,80.9209,49.8741,1016.32,13309.5,2276.12,10637.3,13862.8,5371.98,4792.7
1412,3,2024-04-25 00:00:00,08:25:18,30010443,H1-DST2-Lower-238-1x,964,0.04,14.1,4,4,4,3,3,0,1,5.07356,0.454666,5142.01,15.2091,519.977,68738.6,234593,43526,1.25084,2326.74,13508.1,63827.7,67845.9,67277.3,0.0082269,305444,96601.5,61.8175,33.5716,722.315,9410.81,1618.25,7541.24,9839.93,3785.44,3399.37
1413,3,2024-04-25 00:00:00,11:30:17,30010443,H1-DST3-Upper-236-639-673m-1x,964,0.03,14.02,4,4,4,3,3,0,1,3.43767,0.271994,27195.4,77.2447,2657.73,66314.2,267616,49701.4,1.34782,2791.18,16275.9,76988.7,81842.5,81376.4,0.0093594,366944,116454,64.8013,40.568,898,11849.3,2017.9,9462.59,12356.5,4788.01,4272.27
1414,3,2024-04-25 00:00:00,14:47:41,30010443,IC23-MH230908-Site22-1x,964,0.04,30.04,0,3,2,3,3,0,1,126.14,0.193239,11103.4,31.805,1105.58,66913.8,96163.1,17490.6,0.451132,99.4812,457.4,2111.01,2261.56,2241.93,0.00290929,10184.5,3213.1,20.6627,2.37094,49.1561,608.114,118.14,492.382,647.942,247.893,239.442
1419,3,2024-04-26 00:00:00,07:50:08,30010443,IC23-AJ230909-Site24-1x,972,0.05,33.55,1,4,4,3,3,0,1,1578.24,2.65388,33929.6,100.604,3412.79,64566.7,637353,120900,3.18876,14012.1,82078.2,387088,410251,407388,0.036332,1767020,581337,582.78,449.659,9428.35,123991,21186.9,99351.8,129079,50100,44769.3
1420,3,2024-04-26 00:00:00,11:19:47,30010443,ISL23-KF230826-Site1-1x,972,0.04,26.94,0,3,4,3,3,0,1,112.78,0.126707,39746,118.609,3974.23,68148,33971.9,6203.78,0.15963,1096.02,6330.29,29964.5,31824.8,31654.4,0.00531199,142976,45356.7,64.9405,34.7422,750.595,9892.9,1710.29,7897.63,10338.6,4000.38,3655.38
1421,3,2024-04-26 00:00:00,14:39:51,30010443,CR22-Pompillo-2-22-24-1x,972,0.07,13.86,0,3,2,0,3,0,1,0.402533,0.00416842,7022.41,19.7041,674.934,61711.8,72345.9,13018.3,0.329319,1127.97,6485.84,30536.4,32456.2,32219.6,0.00536239,145894,45813.3,62.3554,36.7256,792.575,10341.9,1773.07,8267.19,10811.6,4173.16,3748.27
1428,3,2024-04-27 00:00:00,12:18:40,30010443,CR22-POE-2-23-24-1x,982,0.04,28.05,0,3,4,3,3,0,1,76.8371,0.170431,24277,69.189,2340.11,68146.4,6210.17,1123.75,0.0278962,243.094,1287.88,6045.05,6442.82,6370.27,0.00325193,28855.5,9112.76,30.424,5.77522,137.597,1750.84,316.583,1405.18,1849.3,707.854,668.025
1436,3,2024-04-28 00:00:00,13:00:16,30010443,IC23-SJ230913-Site29-1x,994,0.05,30.69,0,4,4,3,3,0,1,185.086,0.475123,43707.6,129.342,4313.44,64421.2,362337,67549.8,1.76022,4654.06,27144.1,128598,136735,135402,0.0138744,615030,194570,124.95,88.1167,1865.94,24512.3,4198.11,19607.7,25607,9896.21,8867.05
1456,3,2024-05-01 00:00:00,10:33:20,30050443,LabH20-04-09-2024-5x,1032,0.03,20.71,0,4,4,3,3,0,5,4.54413,0.0707366,12606.3,36.4527,1267.53,55351.8,232105,42929.6,1.11493,4859.98,28405.3,134199,142885,141475,0.0143694,635503,202769,210.724,149.325,3134.83,41182.1,7050.62,32923.2,43042.4,16657.8,14926.4
1457,3,2024-05-01 00:00:00,14:22:27,30050443,IC23-ST230913-Site29-2-H2O-5x,1032,0.04,20.5,0,4,4,3,3,0,5,52.8989,0.133105,20259.8,59.4016,2016.58,59431.6,386479,72098.3,1.8806,8896.12,52216.4,246093,261346,259562,0.0240153,1138350,370216,403.232,310.569,6559.18,85962.2,14621.7,68716.9,89771.4,34788.6,30943.6
1462,3,2024-05-02 00:00:00,07:40:29,30050443,LabH2O-04-09-2024-5x,1040,0.04,20.43,0,4,4,3,3,0,5,4.32548,0.071777,12699.5,36.6128,1269.21,59752.5,243743,45127.2,1.17065,5043.12,29472.3,139087,148292,147019,0.0147583,657281,210599,215.519,154.112,3298.69,43333.1,7432.99,34615.3,45219.5,17494.3,15681.9
1463,3,2024-05-02 00:00:00,11:38:18,30050443,IC23-GL230905-Site17-2-H2O-5x,1040,0.04,20.71,0,4,4,3,3,0,5,37.986,0.126934,6866.57,19.9053,684.375,60386.2,118043,21736,0.562606,3199.5,18689.3,88470.1,93569.4,93461.8,0.010395,410415,133338,177.12,123.084,2580.42,33861.1,5834.87,27053.3,35436.3,13722.9,12350
1464,3,2024-05-02 00:00:00,16:02:16,30050443,IC23-RD230902-Site12-H20-5x,1040,0.04,34.62,0,3,4,3,3,0,5,41.4128,0.0664291,56595.1,170.136,5786.62,59288.9,43481.1,8002.1,0.206121,1442.79,8354.29,39457.6,42065,41767.2,0.00616729,189830,60071.5,94.6094,54.395,1151.83,15178.3,2653.78,12126.7,15926.7,6137.89,5592.59
1469,3,2024-05-03 00:00:00,08:16:09,30050443,CW-NG24-TA2-H2O-5x,1048,0.04,20.74,0,4,4,3,3,0,5,163.79,0.48558,8707.04,25.6886,871.036,62329.9,138510,25409.4,0.654552,2832.67,16649.5,78545.5,83687.3,82871.8,0.00953889,374350,118669,125.501,89.6658,1837.64,24035.5,4157.39,19215,25173.9,9730.67,8723.97
1490,3,2024-05-06 00:00:00,08:13:48,30050443,CW-GermanHill-2024-H2O-5x (Bad Ne20 CenterUp),1076,0.04,21.38,0,4,4,3,3,0,5,2.84015,0.0521227,4812.92,37.0987,1258.94,61347.4,198410,36738,0.954654,4447.23,26062.7,123018,131090,129836,0.0133906,583763,186392,204.86,141.669,3052.72,39942.4,6889.59,31827.6,41745.6,16167.5,14527.8
1491,3,2024-05-06 00:00:00,14:04:15,30050443,CW-BigSpring-NG23-04-H2O-5x,1076,0.04,21.66,0,4,4,3,3,0,5,65.4327,0.259047,9723.82,28.8637,979.574,56102.7,155854,28665.3,0.741861,3306.79,19287.4,91077.9,97027.3,96212.6,0.010624,433769,138100,152.806,106.603,2230.97,29256,5052.48,23411.2,30645.8,11815.3,10664.5
1496,3,2024-05-07 00:00:00,07:52:22,30050443,CW-Waiaua2-H2O-5x,1084,0.04,21.75,0,4,4,3,3,0,5,4.11351,0.0673188,14394.8,42.3497,1454.2,60020.7,290195,54074.3,1.40683,6457.71,37929.6,178765,190569,188891,0.0182332,842291,270822,292.642,210.218,4485.87,58754.9,10042.7,46986.6,61574.8,23834.7,21269.7
1497,3,2024-05-07 00:00:00,13:03:57,30050443,LabH2O-04-09-2024-5x,1084,0.04,21.76,0,4,4,3,3,0,5,4.34588,0.0686781,11686.4,34.4237,1181.59,57554,224297,41530.9,1.07812,4542.14,26672.6,125647,133801,133020,0.0136272,590546,190242,206.535,138.478,2976.1,39017.2,6698.62,31177.2,40908.4,15812.6,14195.9
1509,3,2024-05-09 00:00:00,08:00:50,30050443,FE-415040-H2O-5x (20 gr sample),1103,0.04,24.3,4,4,4,3,3,0,5,9.84469,0.730672,1277.71,3.96219,137.798,63912.1,346798,64630,1.79699,7437.48,43583.7,204989,218543,216846,0.020543,956754,310297,299.096,210.117,4461.19,58203.2,9985.82,46505.3,60968.5,23645.1,21090.5
1510,3,2024-05-09 00:00:00,11:42:15,30050443,FE-415039-H2O-5x (20 gr sample),1103,0.06,21.67,0,4,4,3,3,0,5,59.3734,3.38649,43193.1,123.252,4291.36,68958.8,610110,115289,3.01981,13428.5,78808,370338,393941,390479,0.0350804,1694300,558019,594.268,440.511,9469.91,123822,21269.2,99224.2,129714,50248.3,44900.2
1516,3,2024-05-10 00:00:00,09:31:46,30050443,LabH2O-04-09-2024-5x,1111,0.06,20.1,0,4,4,3,3,0,5,4.23642,0.0709717,12828,37.7309,1275.55,55522.4,246291,45632.6,1.18757,4906.7,28648.9,134910,143795,142455,0.0144467,634744,204299,217.912,145.295,3098.1,40728.1,7052.05,32617.2,42757.1,16547,14895.6
1548,3,2024-05-20 00:00:00,09:11:34,30010443,KD-Pink-Yellow-1x (New Air Standard),48,0.04,14.46,4,3,4,3,3,0,1,15.7347,0.690035,521.376,2.65434,61.21,71072.2,1937.81,361.217,0.126494,110.785,360.995,1678.79,1777.39,1799.29,0.00289166,7852.58,2581.98,48.8258,2.06258,48.4389,645.835,118.267,511.842,673.043,266.465,244.335
1550,3,2024-05-20 00:00:00,15:56:42,30010443,KD-Red-1x,50,0.05,15.07,4,3,4,3,3,0,1,15.666,0.943235,632.762,3.95446,71.9335,69123.7,6796.57,1227.32,0.374395,139.773,528.622,2460.02,2641.67,2657.92,0.00295356,11908.5,3767.19,53.3132,2.69502,70.535,904.316,162.922,725.755,952.725,377.448,356.263
1555,3,2024-05-21 00:00:00,07:36:22,30010443,KD-Blue-1x,57,0.07,15.01,4,0,4,0,3,0,1,16.7233,0.915982,6908.67,43.6735,691.153,78556.2,2941.59,547.421,0.386807,1341.93,7500.93,35077.9,37689.5,37942.5,0.00579107,168194,53854.1,169.648,76.16,1640.27,21605.5,3725.4,17154.3,22522.9,8907.81,8149.11
1556,3,2024-05-21 00:00:00,11:17:51,30010443,MNG23-NR230731-1x,57,0.07,27.51,4,4,4,3,3,0,1,19.979,0.851824,2286.89,7.22218,236.52,87408,388457,72749.1,1.95562,6129.56,35899.1,168966,180206,178907,0.0174864,794067,256678,239.638,149.444,3251.71,42178.1,7297.78,33768.6,44473,17249.5,15439.3
1557,3,2024-05-21 00:00:00,15:18:25,30010443,MNG23-TR230731-1x,57,0.08,28.63,4,3,4,3,3,0,1,3.52253,0.789082,65423.4,195.438,6667.7,74063.8,415250,77912.3,2.05962,6275.69,36756.6,173136,184097,183297,0.0178253,802123,262105,224.545,151.2,3203.3,41857.4,7215.39,33485.6,44009.6,17049.8,15296.4
1559,3,2024-05-22 00:00:00,11:02:21,30010443,IT22-TA221020-1x,61,0.04,10.37,0,0,0,0,3,0,1,6.39737,0.243405,248179,718.118,24358.1,69104.4,467492,85773.8,2.2194,705.578,3753.87,17472.4,18916.5,18772.8,0.00424671,84484.5,26731.7,75.7485,14.6346,323.323,4121.66,718.937,3276.61,4305.76,1675.21,1517.92
1560,3,2024-05-22 00:00:00,14:19:16,30050443,IT22-SC221022-5x,61,0.05,23.61,0,3,3,0,3,0,5,2.04588,0.0265113,71407.1,211.416,7289.15,71765.5,784724,149171,3.90481,14410.7,84610.8,396326,422583,419622,0.0375922,1796630,599906,721.335,523.236,11304.4,148004,25519.8,118415,155163,60240.5,54091.8
1566,3,2024-05-23 00:00:00,08:57:34,30010443,IT22-SP221019a-1x,69,0.09,14.87,0,3,3,0,3,0,1,67.7431,0.474317,9793.32,27.9967,996.131,73994.5,80595.5,14799,0.382627,2296.21,13146.6,62093.3,66052.9,65829.6,0.00814813,293048,94406.4,154.976,74.103,1564.53,20529.4,3567.06,16368.2,21629.2,8374.59,7539.28
1573,3,2024-05-24 00:00:00,14:07:13,30010443,YNP22-PE220919-1x,82,0.04,11.25,4,3,4,3,3,0,1,1.2298,0.122905,250.563,289.716,9228.45,71890.1,380959,71312.6,1.87118,5775.49,33880.5,159177,170114,168635,0.0166208,753166,242739,240.945,140.565,3018.79,39604.1,6854.86,31646.6,41738.9,16141,14521.8
1602,3,2024-05-28 00:00:00,07:52:49,30010443,YNP22-LF220917-1x,126,0.08,14.16,4,4,4,3,3,0,1,10.9397,0.177058,21431.5,62.0034,2145.92,68057.9,449827,84647,2.23338,6616.49,38882.8,182524,194351,193596,0.0187429,842895,277000,252.693,154.181,3290.54,42893.8,7420.14,34340.7,45252.2,17511.3,15730.4
1603,3,2024-05-28 00:00:00,11:08:46,30010443,YNP22-FS220313-1x (Ne20 ~ 13Kcps),126,0.04,25.19,4,4,4,3,3,0,1,2.31533,0.254032,6547.28,38.0883,1277.08,69633.6,595558,112892,3.04943,11166.6,65690.7,306896,328070,325901,0.0296501,1405730,466306,465.385,318.269,6779.66,88168.1,15197.9,70490.6,92933.4,35900.5,32268.5
1604,3,2024-05-28 00:00:00,15:22:32,30010443,YNP22-SQ220911-2-1x,126,0.04,13.03,4,3,4,3,3,0,1,2.30597,0.268211,31703.3,94.9477,3249.08,67862.2,69816.4,12836.3,0.389955,1349.54,7723.81,36280.1,38715.3,38696.2,0.00591097,169855,55388.6,87.7164,34.4366,759.256,9859.52,1747,7883.13,10479.1,4033.86,3739.56
1608,3,2024-05-29 00:00:00,07:15:29,30010443,YNP22-UD220911-1x,133,0.07,29.12,4,4,4,3,3,0,1,2.16354,0.123782,16493.2,46.6901,1652.55,59172,255771,47606.3,1.25432,3507.32,20213.7,95069.1,101753,100981,0.0110709,452087,145489,168.441,74.5372,1632.89,21176.6,3685.39,16942.6,22339.5,8646.47,7805.82
1609,3,2024-05-29 00:00:00,10:24:22,30010443,YNP22-TR220917-1x,133,0.04,29.01,3,4,4,3,3,0,1,53.7852,0.835192,24939.4,72.7187,2550.67,64145,326531,61167.9,1.60456,4877.85,28546,134296,143531,142625,0.0144737,630806,204840,199.192,119.158,2523.82,32992.8,5748.59,26377.3,34811.6,13434,12186.6
1610,3,2024-05-29 00:00:00,13:35:06,30010443,YNP22-DW220911-1x,133,0.04,21.58,0,3,3,0,3,0,1,0.62038,0.0220376,28352.2,83.0832,2912.04,65838.6,572451,108550,2.85408,13245.7,77892.5,365113,389340,386852,0.0349179,1662930,555562,713.181,517.136,11144.6,145549,25134.2,116536,153214,59478.2,53617.9
1616,3,2024-05-30 00:00:00,08:08:11,30050443,HCL-Air-05-21-2024-A-5x,142,0.04,0.04,0,2,2,0,3,0,5,0.463224,0.00701099,93859.5,276.17,9419.14,75065.2,322811,60289.2,1.57224,1645.81,9435.69,44433.5,47653.9,47526.4,0.00664834,212481,68423,81.2415,32.6569,695.106,9130.16,1602.53,7289.49,9657.44,3749.04,3385.12
1617,3,2024-05-30 00:00:00,11:18:25,30050443,HCL-SH-202304556-14-01-A-5x,142,0.04,0.04,2,2,2,0,3,0,5,12.0041,2.36775,507.934,1.65855,56.9501,84416.3,296.677,53.0945,0.00147649,56.3651,130.411,604.246,643.306,660.771,0.00278043,2900.67,922.172,36.3441,1.28495,34.4983,434.389,81.8154,345.767,476.146,179.829,169.34
1618,3,2024-05-30 00:00:00,14:27:07,30000443,HCL-SH-202304556-07-01-A-all,142,0.04,0.05,4,0,0,0,3,0,0,10.2088,1.74989,86636.2,249.144,8639.27,132068,153766,28389.5,0.747894,531.601,2942.3,13883.9,14966.9,14785.4,0.00396139,67548.9,21438.3,68.8544,29.2218,580.935,7587.49,1330.95,6097.33,8074.6,3124.53,2823.21
1623,3,2024-05-31 00:00:00,07:23:29,30000443,HCL-SH-202304556-14-01-B-all,148,0.04,0.04,3,0,0,0,3,0,0,46.5933,9.95313,3250.97,10.0743,334.483,86248.8,53265.3,9805.2,0.318609,493.878,2746.16,12940.4,13849.4,13786.6,0.0038847,62732.8,19911.8,87.5441,46.3628,999.705,13029.5,2278.75,10431.7,13837.1,5346.88,4852.73
1624,3,2024-05-31 00:00:00,11:13:42,30000443,HCL-Air-05-21-2024-all,148,0.04,0.04,0,4,4,2,3,0,0,10.6064,0.160003,28050.9,79.0033,2829.12,60619.1,167578,31072.9,0.810378,6979.91,41013.3,192718,205967,204348,0.0196689,907208,294835,195.326,131.505,2819.73,36987.1,6371.48,29549.6,39052.5,15094.9,13613.2
1625,3,2024-05-31 00:00:00,14:21:59,30000443,HCL-SH-202304556-04-01-A-all,148,0.04,0.04,4,0,0,0,3,0,0,3.198,0.585887,12091.3,35.4634,1214.9,79082.7,158299,29420.9,0.783125,532.591,3005.96,14150.4,15140.4,15210.3,0.00397402,67357.7,21734.5,74.1026,34.1623,709.534,9272.6,1597.91,7405.84,9823.02,3813.64,3428.07
1645,3,2024-06-03 00:00:00,07:38:04,30000443,HCL-SH-202304556-17-01-A-all *NO KrXE*,176,0.04,0.04,4,0,0,0,3,0,0,5.05965,0.576489,13106.2,38.8032,1314.01,59048.4,160066,29663.3,0.959912,0,0,0,0,0,0,0,0,0,0,0,0,0,0,0,0,0
1650,3,2024-06-04 00:00:00,12:45:19,30000443,HCL-SH-202304556-11-01-A-all,185,0.04,0.04,4,0,0,0,3,0,0,5.48819,0.816907,34842.9,101.626,3472.46,54817.9,343155,63907.4,1.69698,584.027,3246.28,15164.6,16329.2,16373,0.00406255,72017.1,23408.7,74.6405,36.2814,739.106,9476.58,1647.9,7581.8,10093.3,3911,3517.98
1651,3,2024-06-04 00:00:00,15:53:09,30000443,HCL-Blank-04-28-2024-B-all,185,0.04,0.04,0,0,0,0,3,0,0,0.82307,0.011319,247127,711.673,23839.4,62533.1,548286,101069,2.58783,676.471,3733.18,17194,18542.3,18578.4,0.00422438,79870.9,26144.8,54.6101,16.4068,334.002,4354.95,767.27,3483.51,4575.24,1764.18,1602.55
1656,3,2024-06-05 00:00:00,10:14:56,30000443,HCL-Air-05-21-2024-C-all,191,0.04,0.04,0,4,4,2,3,0,0,10.6478,0.166686,25023.7,72.4908,2502.12,86633.6,171513,31877.4,0.831517,7304.55,42925.8,201990,215641,214509,0.0206053,945343,310075,218.965,143.878,3088.27,40371.7,6956,32292.7,42622.4,16517.7,14872.4
1657,3,2024-06-05 00:00:00,13:28:46,30000443,HCL-SH-202304556-02-01-B-all,191,0.04,0.05,4,0,0,0,3,0,0,27.2482,2.85215,112179,324.338,11256.1,181138,191334,35536,0.936948,539.938,2929.09,13760.8,14789,14790.8,0.00395758,65890.4,21374.5,59.5461,20.2227,441.954,5689.02,997.087,4556.38,6031,2342.24,2106.83
1660,3,2024-06-06 00:00:00,07:40:13,30000443,HCL-SH-202304556-09-01-A-all,195,0.04,0.05,4,0,2,0,3,0,0,16.5135,1.79607,76482.2,219.428,7495.65,96269.8,122322,22428.8,0.583039,1108.97,6269.69,29206.1,31498.6,31352.4,0.0053333,140560,45272.9,128.829,70.1043,1525.2,19702.7,3436.2,15733,20898,8105.45,7299.7
1661,3,2024-06-06 00:00:00,10:49:45,30000443,HCL-SH-202304556-22-01-A-all,195,0.04,0.04,4,2,2,0,3,0,0,2.21403,0.543237,13708.9,41.6183,1452.89,71324.1,947641,183740,4.88368,4837.24,28271.4,132641,142159,142027,0.0145086,622777,205545,199.368,132.246,2830.9,37036.9,6424.71,29665.7,39286,15210.5,13748.1
1662,3,2024-06-06 00:00:00,14:59:20,30000443,HCL-Blank-08282023-C-all,195,0.04,0.04,0,4,4,3,3,0,0,0.168456,0.00247221,77.2229,0.218602,16.8655,72108,92.1884,17.3414,0.000391385,39.3205,12.4626,50.9035,57.559,34.1328,0.00273746,252.67,82.4113,39.7606,0,3.86577,24.1683,0,33.7009,14.6968,16.7285,0
1667,3,2024-06-07 00:00:00,07:30:37,30010443,YNP22-PE220919-1x,201,0.04,23.5,3,4,4,2,3,0,1,21.2105,2.76856,15122.6,44.6054,1542.77,64527.4,400730,75446.4,1.98632,23190.5,136941,634666,674629,674036,0.0596087,2728060,961132,839.103,643.684,13742.5,179059,31004.1,143491,188966,73449,66045.4
1668,3,2024-06-07 00:00:00,10:49:02,30010443,YNP22-FS220913-1x,201,0.04,7.75,4,4,4,3,3,0,1,1.27945,0.148546,8682.4,23.4492,870.428,71396.3,307972,57620.1,1.55011,5439.56,32080.8,150142,160328,160106,0.0159978,695720,230390,239.727,156.776,3370.33,43619.3,7552.8,34891.7,46125.2,17860.3,16074.4
1691,3,2024-06-10 00:00:00,09:49:32,30010443,PULSAR-JetStr1-1-2hr-24psi-1x,234,0.23,13.45,4,4,4,2,3,0,1,39.2603,5.06707,5287.56,21.0149,547.203,83795.3,19838,3683.02,1.09269,959.833,5336.4,25093.6,26873.2,26926.9,0.00496791,118187,38861.8,67.368,20.7851,444.324,5735.13,995.172,4575.92,6084.18,2414.67,2230.07
1692,3,2024-06-10 00:00:00,12:56:58,30010443,PULSAR-JetStr1-1-3hr-21psi-1x,234,0.09,9.74,4,4,4,0,3,0,1,18.8845,2.66884,4406.39,15.7273,456.608,80156.7,16606.1,3060.26,0.732299,3145.74,18260.9,85456.8,91968.6,91551.9,0.0103152,408087,132638,124.216,68.071,1457.78,19069,3317.67,15237.2,20264.3,8044.48,7433.76
1693,3,2024-06-10 00:00:00,16:10:25,30010443,PULSAR-JetStr1-1-1hr-21psi-1x,234,0.09,16.93,4,4,4,0,3,0,1,49.8335,6.45093,9791.01,34.5382,1002.87,116348,31559.3,5823.29,1.43668,5906.35,34576.9,162022,173807,173194,0.0171163,765683,250742,216.899,130.578,2785.18,36474.4,6333.39,29095.6,38702,15337.7,14097.8
1698,3,2024-06-11 00:00:00,07:44:26,30010443,PULSAR-JetStr1-2-2hr-36psi-1x,240,0.34,5.3,4,4,4,0,3,0,1,4.40144,0.789514,1087.71,3.14861,116.161,80993.1,30701.9,5578.53,0.377909,5246.86,30236.2,140540,151136,150389,0.0151498,658356,216184,209.473,92.5355,1980.79,25873.4,4504.35,20608.4,27325.1,10661.3,9686.9
1699,3,2024-06-11 00:00:00,10:51:45,30010443,PULSAR-JetStr1-2-1hr-36psi-1x,240,0.04,11,4,4,4,0,3,0,1,22.4319,3.08713,3220.07,12.2616,335.082,110721,10875.9,1995.83,0.788496,2228.46,12588.2,58600.6,62869.7,63306,0.00790548,274306,90817.7,166.097,50.8265,1067.1,14045.4,2462.54,11184.5,14903.9,6013.87,5584.18
1700,3,2024-06-11 00:00:00,13:58:54,30010443,PULSAR-JetStr1-1-3hrs-21psi-steelclamp-1x,240,0.04,11.92,4,4,4,0,3,0,1,22.4239,3.10046,5499.04,20.7471,573.551,123850,19931.1,3677.31,0.888279,3720.64,21477.8,100281,107689,107467,0.0116149,473715,154980,187.754,79.1796,1718.03,22422.6,3927.1,17898.3,23803.7,9453.52,8717.95
1702,3,2024-06-12 00:00:00,07:38:44,30010443,PULSAR-JetStr1-3-1hr-39psi-1x,242,0.04,24.35,4,4,4,0,3,0,1,63.7478,8.47467,6738.4,28.4041,700.726,80106.9,21479.7,3963.92,1.64699,4461.59,25914.7,120282,129902,129918,0.013453,570635,187822,217.605,100.291,2180.34,28567.2,5021.35,22711.6,30438.8,12224.2,11334.4
1703,3,2024-06-12 00:00:00,11:34:49,30010443,PULSAR-JetStr1-80psi-KA-1x **Bad KrXe**,242,0.04,7.65,0,4,4,0,3,0,1,11.14,0.172418,28423.8,82.5778,2846.95,97962.6,174874,32480.3,0.849302,961.524,5409.39,21704.9,21119.8,29444.6,0.00493446,77599.3,38721.5,112.411,15.928,348.241,4464.7,1468.18,3587.54,4763.71,1852.93,3114.25
1709,3,2024-06-13 00:00:00,07:20:25,30010443,PNG24-NG05-2m-1x,250,0.05,35.74,3,4,4,3,3,0,1,2024.57,3.69302,13124.6,36.518,1317.87,74550.4,698356,133321,3.55542,16609.4,98326.1,456512,488871,486002,0.0434983,2044600,696917,799.079,596.531,12767.5,166081,28751.9,132979,175688,68194.9,61140
1710,3,2024-06-13 00:00:00,10:29:13,30010443,PNG24-NG01-2m-1x *Ne20=14.5Kcps; Bad Centerup*,250,0.04,33.51,3,4,4,3,3,0,1,2180.02,3.99565,9753.31,41.961,1460.88,76857.9,694520,132595,3.53532,15440.1,91181.7,423747,453717,451507,0.040481,1903350,647438,655.293,498.205,10530.4,137237,23765.2,109967,145186,56349.8,50598.3
1711,3,2024-06-13 00:00:00,13:38:46,30010443,PNG24-NG08-2m-1x,250,0.04,33.19,3,4,4,3,3,0,1,1428.32,2.60434,14098.9,40.0359,1409.03,74240.7,599881,113863,3.01782,13327.1,78627.9,365427,391568,390121,0.0351797,1649170,558827,601.309,459.306,9711.99,126561,21893.7,101254,133755,51847,46532.5
1712,3,2024-06-13 00:00:00,16:46:39,30010443,PNG24-NG02-2m-1x,250,0.04,29.12,3,4,4,3,3,0,1,2064.72,3.67811,13428.4,41.1554,1358.16,74772.6,722801,138493,3.69536,17653.9,104827,487157,517769,517734,0.046276,2128940,739122,841.994,650.748,13820.3,179257,31023.7,143562,189544,73639.5,65984.9
1717,3,2024-06-14 00:00:00,08:37:37,30010443,AUS24-NWA24-3-1x,256,0.05,65.43,0,0,0,0,3,0,1,6.12709,0.0635243,8749.74,24.676,878.225,68763.7,7318.5,1341.47,0.0376685,89.162,299.628,1403.01,1518.24,1516.94,0.00285997,6793.01,2192.08,42.5245,3.02758,61.5175,806.869,146.898,649.012,862.503,332.653,312.435
1718,3,2024-06-14 00:00:00,11:54:19,30010443,AUS24-CO2CRC-B-1x,256,0.04,23.04,3,0,0,0,3,0,1,372.978,4.39166,7667.65,34.3433,732.691,71052.3,95471.7,17705.3,4.21712,320.995,1640.04,7578.27,8281.05,8322.62,0.00340789,36752.6,11934.4,54.5792,11.6377,262.189,3325.04,590.425,2651.75,3537.37,1397.32,1272.18
1732,3,2024-06-17 00:00:00,15:10:46,30000443,ALV519-2-1-b-10x-all  *CRUSHER SAMPLES STARTED*,272,0.05,0.13,0,0,0,0,3,0,0,654.429,1.27727,1022.52,3.073,101.496,49736.9,910.529,166.055,0.0398279,51.7196,82.3025,390.828,434.471,156.083,0.00276328,1956.79,628.031,37.2452,0.272162,11.1809,143.202,0.391723,114.88,151.852,60.6308,0.0968649
1733,3,2024-06-17 00:00:00,18:15:46,30000000,ALV519-2-1-b-LeftBehind-all,272,0.04,0.05,0,0,0,0,3,0,0,523.763,1.05535,2547.12,7.09015,260.541,49186.3,1967.64,358.186,0.0331867,53.215,108.717,515.951,549.465,563.138,0.00277526,2470.83,812.606,34.9301,0.613786,9.77582,197.626,34.7463,157.351,213.555,77.7168,79.6293
1746,3,2024-06-21 00:00:00,09:36:22,30000000,ALV519-2-1-b-10x-all,282,0.05,0.19,0,0,0,0,3,0,0,1138.8,2.15564,1458.26,5.00395,138.534,46762.9,990.458,184.981,0.109398,59.7063,106.297,466.828,501.06,573.899,0.00277152,1816.86,749.216,42.6842,0.779461,14.4631,200.193,15.4286,156.347,209.713,82.6816,75.362
1747,3,2024-06-21 00:00:00,13:08:14,30000000,1025-D1-1-10x-all,282,0.06,0.14,0,0,0,0,3,0,0,2059.64,3.83359,4417.3,13.8567,443.357,52254.4,2443.2,448.907,0.018826,62.5036,118.57,549.997,579.167,601.257,0.00276985,2461.56,863.292,36.5942,0.772431,13.6868,155.13,0.481478,127.262,166.762,63.4195,0.188843
1787,3,2024-07-02 00:00:00,10:58:30,30000000,D1-1-everything,296,0.05,0.16,3,1,0,0,3,0,0,1245.76,2.36804,4504.09,13.1319,438.29,54486.2,14842.6,2725.23,0.178919,129.465,512.284,2391.09,2622.36,2609.31,0.00292127,11624.8,3740.47,42.8177,2.50269,48.9967,605.925,108.842,490.808,655.893,247.552,244.302
1789,3,2024-07-03 00:00:00,13:41:18,30000000,D1-1-10x-everything,296,0,0.18,4,0,0,0,3,0,0,59.7151,0.113093,5803.45,19.2771,551.188,49789.6,8539.87,1569.26,0.159012,89.6139,308.697,1410.41,1538.63,1567.25,0.00285474,6587.74,2208.92,39.2383,1.44522,30.7399,390.007,74.5797,306.33,406.598,156.085,151.119
1797,3,2024-07-05 00:00:00,10:57:29,30000000,WOK-5-3-Everything_Bad Ne Center (too much Ne),301,0.05,0.19,4,1,4,0,3,0,0,54.4263,0.103393,295.975,368.092,12623.4,53227.3,30160,5567.53,0.148064,7326.52,42999.7,201031,216232,214683,0.0207427,947805,311750,231.685,149.177,3187.27,41696.6,7308.49,33350.4,44489.5,17277.5,15614.5
1800,3,2024-07-06 00:00:00,13:18:14,30000000,WOK-5-3-run-again-everything,302,0.05,0.08,2,3,3,0,3,0,0,1483.32,2.74435,81264.9,231.675,8179.88,57002.2,481306,90888.6,2.41436,5284.83,30854.9,144430,155043,154784,0.0156116,676480,223699,187.205,110.268,2301.49,29885.3,5223.76,23872.7,31880.8,12336.1,11230.2
1803,3,2024-07-07 00:00:00,13:29:46,30000000,80D-1-3-Everything,303,0.05,0.25,4,3,3,0,3,0,0,93.9767,0.194659,915.006,3.15199,94.1295,48143.4,5843.87,1075.66,0.210458,243.684,1021.24,4653.17,5114.76,5189.25,0.00315351,22165.6,7353.06,70.3392,5.23238,111.121,1461.94,264.432,1139.07,1515.98,612.432,560.406
1810,3,2024-07-09 00:00:00,12:22:13,30000000,ALV4854-6-10x-everything,306,0.06,0.07,3,0,1,0,3,0,0,1272.28,2.17755,28749.9,86.9061,2849.45,49750.3,39972.9,7390.02,1.02524,209.305,912.519,4150.93,4542.13,4621.21,0.00310032,20035.9,6591.41,57.3126,3.95614,88.9057,1156.17,200.417,929.65,1236.9,483.191,456.395
1813,3,2024-07-10 00:00:00,13:51:39,30000000,ALV5003-23-20x-everything,307,0.05,0.72,4,2,2,0,3,0,0,140.368,0.375673,8567.83,26.6182,864.556,47515.7,65841.4,12263.6,2.64771,446.298,2292.79,10653.7,11608.7,11679.9,0.00368816,51751.8,16849.9,73.3168,12.5488,265.815,3419.45,607.26,2702.32,3607.6,1429.69,1309.39
1816,3,2024-07-11 00:00:00,12:55:31,30000000,ALV4860-1-everything,308,0.05,0.23,3,0,0,0,3,0,0,787.116,1.52852,47456.8,143.202,4772.42,48516.8,173923,32320.9,0.886631,391.203,2012.57,9314.85,10101.9,10087.5,0.00356317,44754.3,14618.8,57.0528,7.94227,175.718,2266,398.531,1823.7,2426.96,938.544,848.266
1819,3,2024-07-12 00:00:00,13:05:21,30000000,ALV4851-1-20x-everything,309,0.07,0.61,4,2,2,0,3,0,0,139.368,0.320813,3594.12,10.832,357.648,46034.8,87194.9,16238.9,2.67628,529.021,2778.08,12822,13964.8,14011.8,0.00387202,61699.7,20188.2,71.5639,14.714,319.376,4124.57,725.62,3248.12,4385.74,1698.24,1579.43
1824,3,2024-07-14 00:00:00,13:06:24,30000000,ALV5003-22-20x-everything,311,0.06,0.16,3,0,2,0,3,0,0,2199.41,4.60429,128277,381.729,13092.9,50590.9,382518,72227.1,2.03395,1747.86,10130.9,47162.1,50968,50784.8,0.00696252,226984,74003.4,37.2968,0.303431,772.994,0.932941,5.98468,8026.88,0.662372,4177.82,3.14265
1827,3,2024-07-15 00:00:00,13:15:07,30000000,80D-1-3-Rerun-everything,312,0.08,0.2,4,0,2,0,3,0,0,73.435,0.164476,62916.7,188.107,6434.91,49268.7,151949,28267.3,1.32681,852.623,4669.56,21638.9,23423.2,23537.3,0.00465702,101320,33907.2,62.678,18.3372,403.65,5232.2,1.83631,4182.74,5592.94,2186.69,1.35884
1830,3,2024-07-16 00:00:00,12:56:15,30000000,ALV1846-8-20X-everything,313,0,3.82,2,1,2,0,3,0,0,557.787,1.09622,182866,535.026,18474,48773.6,426684,80414.5,2.1115,1895.77,10780,50129.6,54155.3,54083.7,0.00719697,238755,78349.3,128.172,40.6487,906.858,11707.5,2069.09,9409.36,12576.9,4874.21,4411.37
1833,3,2024-07-17 00:00:00,13:18:04,30000000,Procedural Blank-everything,314,0,0.05,0,0,0,0,3,0,0,0.10229,0.00184101,1031.83,2.75344,110.132,46722.8,1218.45,219.706,0.0055201,78.3921,41.3286,125.032,73.9473,532.377,0.00275197,268.626,395.158,68.6648,0.408848,0,135.051,0,0,143.615,0,0
1835,3,2024-07-18 00:00:00,11:59:41,30000000,82D-1-1-everything,315,0,0.05,0,0,2,0,3,0,0,466.828,0.91507,306080,881.418,30241.9,83062.2,194878,36202.8,0.948795,1008.03,5640.16,26296.1,28460.3,28379.5,0.0050785,126525,41195.2,55.3491,21.0899,0.0853991,5857.84,0,0.325346,6277.13,0.0892326,0
1838,3,2024-07-19 00:00:00,13:39:36,30000000,47D-1-5-everything,316,0.05,0.08,1,1,2,0,3,0,0,1498.61,2.8015,141722,419.595,14329.5,46084.1,213727,40034.2,1.0538,1121.22,6413.7,29936.2,32179.6,32260.3,0.00542045,141179,46702,67.1198,25.224,520.403,6654.48,1180.59,5357.75,7163.83,2784.37,2537.54
1841,3,2024-07-20 00:00:00,12:56:10,30000000,ALV4858-9-everything,317,0.06,0.14,0,0,0,0,3,0,0,16.4314,0.098972,47554.6,139.462,4753.37,42349.9,67126.6,12409.9,0.333993,210.877,1060.99,4940.34,5329.93,5366.83,0.00317638,23261,7705.23,34.0158,4.12609,95.3115,1249.09,0.429918,1000.83,1341.86,518.989,0.260523
1844,3,2024-07-21 00:00:00,12:50:23,30000000,GL08-99-3-everything,318,0.05,0.07,3,0,1,0,3,0,0,1133.99,2.12989,25258.5,76.3618,2524.86,44524.9,52481,9766.36,1.38819,240.51,1210.25,5597.52,6105.2,6177.37,0.00323337,26760.9,8845.2,47.6476,0.127389,141.798,0.404245,318.666,1421.18,0.182745,734.887,689.424
1847,3,2024-07-22 00:00:00,14:37:03,30000000,GL08-73-4-everything - low Ne,319,0.05,0.04,0,0,0,0,3,0,0,1001.35,1.80576,1271.5,3.66855,128.438,43729,1351.57,244.261,0.00633525,55.875,80.5279,387.856,418.701,425.658,0.00275959,1852.35,605.891,36.4946,0.431933,9.22703,0.164703,0.823029,98.3033,0,49.7957,0.14504
1850,3,2024-07-23 00:00:00,12:57:45,30000000,ALV5003-25-10x-everything,321,0.07,0.47,4,0,2,0,3,0,0,123.942,0.331435,6809.58,26.0789,644.468,42838.1,25275.5,4671.56,1.41924,259.071,1304.25,6020.02,6422.68,6641.51,0.00326846,27494.3,9470.62,37.7793,0.526548,170.357,0.394109,2.52273,1828.09,0.164465,954.092,1.13536
1853,3,2024-07-24 00:00:00,12:50:44,30000000,ALV4854-4-everything,322,0.06,0.48,4,0,0,0,3,0,0,135.61,0.279395,27216.8,84.6648,2737.39,42195.3,172081,32000.3,1.18701,335.156,1833.18,8586.03,9251.49,9262.37,0.00349583,40848.5,13486.3,24.71,0.648069,162.189,0.214388,1.34214,1637.68,0.0757107,859.839,0.529149
1863,3,2024-07-26 00:00:00,11:47:14,30000000,GL08-71-1-everything,329,0,0.29,4,1,2,0,3,0,0,112.728,0.212262,3400.11,11.5789,296.623,44033.1,10697.1,1966.34,1.25329,202.434,916.366,4181.51,4611.59,4687.52,0.0030981,20259.8,6700.51,44.1412,9.57326,172.728,2308.74,2.4916,1803.73,2418.34,947.767,0.642623
1869,3,2024-07-28 00:00:00,12:59:46,30000000,75D-everything,333,0.05,0.12,4,0,0,0,3,0,0,51.2682,0.096872,5732.46,19.0393,554.404,42826,8584.36,1582.91,0.1666,78.9379,241.42,1109.38,1220.43,1241.82,0.0028142,5366.78,1759.43,37.9502,2.06211,25.5247,318.869,3.40965,259.598,337.552,132.883,0.392667
1880,3,2024-07-30 00:00:00,15:33:08,30000000,ALV1839-22-everything,341,0.05,0.06,1,0,2,0,3,0,0,2971.16,5.29095,319.417,360.933,14643.3,52051.6,299329,55893.6,1.47461,1400.49,8065.19,37528.6,40164.7,40474.7,0.00610034,175037,58716,36.0498,30.5172,661.291,8478.48,5.15687,6774.02,9053.16,3525.68,2.18321
1883,3,2024-07-31 00:00:00,14:16:26,30000000,22-LER-6-everything,342,0.05,0.04,0,0,0,0,3,0,0,41.8926,0.0452466,5364.44,16.7327,549.793,44737.3,3268.17,586.996,0.0181191,68.4601,153.271,706.727,742.296,750.669,0.0027921,3263.26,1086.21,43.6187,2.41253,23.4179,278.522,3.05891,226.114,298.567,117.848,0.515016
1886,3,2024-08-01 00:00:00,14:14:11,30000000,MH19-8-everything,343,0.05,0.12,0,0,0,0,3,0,0,3558.23,7.31598,75778.1,226.955,7624.82,53260.6,167538,31086.1,0.908062,347.17,1759.1,8194.86,8835.09,8865.97,0.00346387,39049.3,12885.3,43.4825,8.16645,143.19,1849.28,2.48635,1494.15,1994.83,766.288,0.447508
1889,3,2024-08-02 00:00:00,13:17:05,30000000,ALV1840-3-everything,344,0.05,0.06,1,0,0,0,3,0,0,1859.66,3.32831,2568.71,7.75603,253.764,49434.6,2003.02,363.922,0.0362774,77.3552,101.095,330.927,301.264,634.064,0.00275981,1041.82,754.383,59.264,1.56692,15.2866,167.811,1.18342,144.048,190.222,74.9434,0
1892,3,2024-08-03 00:00:00,12:36:32,30000000,TN273-06D-02-everything,345,0.05,0.05,0,1,0,0,3,0,0,-0.782899,0.00386777,57725.1,173.734,5835.11,48255.5,273168,51145.7,1.3422,513.849,2495.72,11633.7,12537.6,12599.1,0.00375883,55442.3,18282.9,87.3411,10.1565,1.06849,2446.16,1.17102,0.297908,2641.7,0,0
1903,3,2024-08-05 00:00:00,14:11:55,30000000,TN273-05D-01-everything,354,0.05,0.19,0,2,2,0,3,0,0,22.0054,0.266811,80672.7,243.375,8261.28,49758.4,268914,50218.2,1.31895,1380.82,7534.05,35044.2,37775.3,37868.7,0.00586154,165047,54903.3,95.93,29.095,609.328,7845.35,4.46702,6296.3,8407.77,3269.64,1.49255
1906,3,2024-08-06 00:00:00,13:04:58,30000000,TN273-01D-01-everything,355,0.05,0.04,0,2,0,0,3,0,0,-0.572506,0.00196154,532.835,1.77939,59.6928,51101.7,885.472,158.438,0.00398294,75.8002,42.878,121.182,61.3706,457.914,0.00274504,190.172,343.746,66.2463,2.48962,15.6295,158.681,1.56685,125.229,165.539,62.6589,0
1909,3,2024-08-07 00:00:00,14:35:27,30000000,HPD1147-R06-everything,356,0.05,0.05,0,1,0,0,3,0,0,-0.464376,0.00219887,1381.98,5.78988,148.551,45443.1,1334.19,239.534,0.00611965,72.0896,81.9202,363.057,388.84,394.628,0.00275513,1687.96,564.573,59.3337,1.79338,11.1547,128.207,1.83023,103.723,140.534,52.0456,0
1912,3,2024-08-08 00:00:00,13:04:04,30000000,WOK16-2-everything,357,0.05,0.05,0,0,0,0,3,0,0,715.376,1.27933,8476.72,25.4972,849.797,45824.5,7823.81,1434.71,0.0595086,105.689,303.84,1387.68,1509.22,1553.7,0.00285195,6505.42,2192.27,51.9805,3.00918,37.7905,447.997,68.8782,362.134,479.627,186.922,130.855
1938,3,2024-08-12 00:00:00,08:01:40,30010443,JM-S572-IGT3-bulb-1x  **No Argon or KrXe**,394,0.05,7.1,0,3,2,3,3,0,1,881.11,1.96586,368083,1061.69,36739.9,124236,0,0,0,0,0,0,0,0,0,0,0,0,0,0,0,0,0,0,0,0
1939,3,2024-08-12 00:00:00,11:14:19,30010443,JM-524-IGT3-bulb-1x,394,0.05,71.44,2,4,4,3,3,0,1,1238.09,2.55361,242213,706.156,24785.8,98377.7,1359690,267608,7.21195,19190,111440,524483,553716,550219,0.0499551,2321040,803901,543.556,382.325,7977.94,105788,18000,84595.4,112551,43608.7,39180.9
1945,3,2024-08-13 00:00:00,07:41:11,30010443,JM-S568-IGT2-bulb-1x,400,0.04,7.65,0,4,4,3,3,0,1,404.144,1.01399,22666.1,67.184,2315.76,59848.3,139013,25707.4,0.676871,1691.75,9381.18,44859.6,46708.4,47016.4,0.00671997,204895,69039,105.798,33.2926,683.97,8953.39,1577.66,7197.15,9621.29,3710.66,3429.91
1946,3,2024-08-13 00:00:00,10:58:44,30010443,JM-S565-IGT2-bulb-1x,400,0.05,16.31,1,4,4,3,3,0,1,834.741,1.87471,16870.7,54.1438,1767.72,61398.1,113483,20936.7,0.55709,1498.99,8269.79,39474.1,41504.1,41383.3,0.00623009,187233,61126.4,112.497,30.7347,643.517,8472.24,1489.56,6768.85,9074.1,3487.71,3244.02
1947,3,2024-08-13 00:00:00,14:17:15,30010443,JM-S564-IGT4-bulb-1x,400,0.05,14.08,1,4,4,3,3,0,1,666.372,1.50221,15646.7,45.3695,1592.81,58651.1,98597.8,18133.1,0.481265,1297.01,7228.15,34647.1,36423.2,36161.3,0.00580798,165821,53597.1,94.4576,27.494,571.882,7478.41,1316.38,5974.41,8018.04,3105.45,2882.15
1952,3,2024-08-14 00:00:00,07:37:30,30010443,JM-S564-IGT2-bulb-1x,406,0.05,17.96,1,4,4,3,3,0,1,586.21,1.38188,21965.1,62.3283,2234.3,57253,140981,26090.1,0.69039,1739.51,9883.09,47121.3,48801.7,49413.2,0.00691157,212916,72368,107.442,36.2218,756.294,9908.88,1721.52,7930.69,10590.6,4109.84,3790.84
1953,3,2024-08-14 00:00:00,10:55:08,30010443,JM-S571-IGT2-bulb-1x,406,0.05,8.36,1,4,4,3,3,0,1,444.726,1.03302,5915.06,16.6141,597.172,57384.5,34348.7,6291.19,0.166262,605.548,3178.27,15172.5,15769.7,15848,0.00407364,70294.5,23351.1,79.7213,14.2954,278.343,3639.03,666.444,2924.04,3930.96,1515.13,1441.84
1954,3,2024-08-14 00:00:00,14:14:29,30010443,JM-5239-IGT7-bulb-1x,406,0.05,31.78,1,4,4,3,3,0,1,842.42,1.76649,106528,320.418,10966.8,56705.1,662424,125715,3.3486,7772.65,44934.7,214232,225423,223857,0.0218181,1001560,330888,242.917,145.382,3127.67,41726.4,7109.27,33381,44456.2,17180.8,15565
1959,3,2024-08-15 00:00:00,07:53:00,30010443,JM-5240-IGT7-bulb-1x,412,0.05,23.24,1,4,4,3,3,0,1,665.2,1.40074,65824.8,198.679,6830.32,57649.7,450137,84536.9,2.2431,4892.98,28196.1,134217,140602,140580,0.0146752,622028,206849,185.645,91.8459,1933.68,25624.4,4434.39,20540,27405.2,10598.3,9661.85
1960,3,2024-08-15 00:00:00,11:15:42,30010443,JM-5245-IGT7-bulb-1x **No Ar or KrXe**,412,0.05,90.5,1,4,4,3,3,0,1,343.234,1.50929,356119,1023.92,35442,91501.5,0,0,0,0,0,0,0,0,0,0,0,0,0,0,0,0,0,0,0,0
1961,3,2024-08-15 00:00:00,14:24:40,30010443,IC23-RJ230829-Site4-1x,412,0.05,16.2,0,4,4,3,3,0,1,1582.49,1.44636,13310.1,38.1578,1353.62,64280.1,153642,28335,0.748248,2574.53,14627.6,69753.9,73313.1,73210.8,0.00891498,328930,108080,148.777,69.4483,1476.18,19360,3382.5,15494.8,20733.8,8022.34,7359.03
1970,3,2024-08-19 00:00:00,12:18:07,30010443,KD-Purple-1x  **No KrXe**,424,0.04,17,4,0,4,0,3,0,1,27.4826,1.44554,373862,2232.74,38337.7,-5.10472,9120.62,1670.14,0.547698,0,0,0,0,0,0,0,0,0,0,0,0,0,0,0,0,0
1971,3,2024-08-19 00:00:00,15:18:05,30010443,KD-Red-Blue-1x,424,0.04,14.6,4,3,4,0,3,0,1,12.4847,0.599696,1635.73,10.4131,167.006,52364.7,3788.5,681.262,0.375832,1233.01,6786.64,32375,34038.9,34265.4,0.00562365,152234,50574.9,109.04,43.9637,878.556,12033.1,2072.75,9466.47,12794.3,5110.23,4776.1
1976,3,2024-08-20 00:00:00,07:17:38,30010443,KD-Yellow-1x,432,0.04,15.61,4,2,4,0,3,0,1,18.4568,0.804864,13212.6,98.5892,1500.19,71264.4,3632.79,662.621,0.452735,1452.82,8118.94,38721.9,40838.1,41011.1,0.00619544,185650,60674.9,116.288,54.115,1124.74,15303.4,2606.67,12007.4,16206.2,6547.78,6141.99
1977,3,2024-08-20 00:00:00,10:29:29,30010443,KD-White-1x,432,0.04,27.1,4,1,3,0,3,0,1,14.0002,0.557849,10217,55.1858,1048.18,90681.8,77932.7,14458.2,4.28414,1535.95,8484.38,40606.5,42906.8,42850.4,0.00633627,193771,63487.2,134.583,60.7804,1211.6,16181.1,2802.06,12956.8,17316.7,6756.89,6211.8
1978,3,2024-08-20 00:00:00,13:42:48,30010443,KD-Black-1x,432,0.04,15.44,4,1,4,0,3,0,1,12.6349,0.535486,7544.49,43.849,754.026,96765.3,2815.74,512.821,0.279161,1162.26,6346.69,30250.6,31828.6,32070.4,0.0054405,143480,47272.2,110.075,39.3301,829.758,11063.9,1895.59,8748.79,11733.9,4652.79,4325.6
1984,3,2024-08-21 00:00:00,08:22:10,30010443,KD-Pink-1x,438,0.04,15.58,4,0,4,0,3,0,1,12.5836,0.523949,13425.8,79.9018,1354.91,70046.7,2549.72,458.213,0.287922,1038.56,5624.04,26585.9,27940.2,28421.6,0.00511443,123526,41586,106.901,32.2836,707.262,9418.25,1607.59,7405.72,9954.62,3962.86,3684.45
1985,3,2024-08-21 00:00:00,11:30:29,30010443,KD-Green-1x,438,0.04,32.31,4,0,4,0,3,0,1,11.8307,0.581239,22936.2,132.031,2324.37,95923.2,4355.72,793.008,0.287727,1510.86,8359.4,39867.1,41902.3,42260.5,0.00628811,187910,62337.8,108.185,44.4099,924.698,12416.8,2140.78,9861.62,13229.9,5247.88,4832.03
1986,3,2024-08-21 00:00:00,14:59:40,30010443,KD-Orange-1x,438,0.04,14.69,4,0,4,0,3,0,1,8.46244,0.572134,30123.7,146.443,3040.92,94795.4,3433.04,613.595,0.363693,1104.27,6124.38,29079.1,30599.7,30930.2,0.00533583,137460,45442.2,106.04,37.5142,782.889,10551.1,1791.11,8274.39,11134.4,4470.99,4176.06
1991,3,2024-08-22 00:00:00,07:18:12,30010443,KD-Grey-1x,444,0.05,23.34,4,3,4,0,3,0,1,10.6975,0.67022,3329.66,20.5038,344.514,65283.6,8842.25,1573.61,0.634888,1363.2,7653.51,36292.2,38118.2,38667.4,0.0059765,169230,56653.5,104.357,44.7411,912.576,12278.2,2118.87,9736.98,13067.8,5211.41,4836.49
1992,3,2024-08-22 00:00:00,10:33:52,30010443,KD-Blue-Pink-1x,444,0.04,15.67,4,0,4,0,3,0,1,12.5339,0.489914,41966.9,149.313,4140.41,95784.6,6101.23,1106.83,0.185168,1944.53,10852,51751.5,54197.2,54488,0.00733516,241992,80170.7,121.529,47.9546,1030.21,13715.5,2360.05,10940.4,14602,5721.53,5243.51
1993,3,2024-08-22 00:00:00,13:48:04,30010443,KD-Blue-Green-1x,444,0.09,16.47,4,2,4,0,3,0,1,42.6858,2.08257,64940.7,560.73,6952.2,132578,3583.38,648.982,0.705396,1187.37,6580.89,31065.7,32972.9,33223.3,0.00549895,149387,48885.2,110.417,42.6151,896.296,12375,2043.75,9491.36,12837.9,5251.68,4999.48
1999,3,2024-08-23 00:00:00,08:26:29,30010443,KD-Purple-Blue-1x,452,0.04,15.73,4,0,4,0,3,0,1,19.4142,1.05986,254920,1338.57,26319.7,365860,10655.2,1961.25,0.423304,3104.06,17624.8,84355.6,88202.5,88631.4,0.0102474,392512,130748,167.255,77.6697,1667.66,22433,3842.17,17801.7,23795.7,9358.15,8616.68
2000,3,2024-08-23 00:00:00,11:35:43,30010443,KD-Purple-Red-1x,452,0.07,15.75,4,2,4,0,3,0,1,16.9106,0.735397,9456.59,70.0482,1054.17,116473,3821.49,693.199,0.430238,1258.87,6926.39,32931.1,34850.4,34865.9,0.00567322,158889,51690.7,126.634,44.6475,919.461,12423.5,2114.32,9696.74,13135.8,5334.78,5034.39
2001,3,2024-08-23 00:00:00,14:46:01,30010443,KD-White-Black-1x,452,0.04,15.35,4,2,4,0,3,0,1,15.5767,0.474276,18304.5,59.4156,1836.49,107748,6888.59,1243.18,0.202079,1712.58,9497.97,45105.2,47309.6,47695.8,0.00671769,209809,69569.7,118.997,43.4527,921.756,12314.4,2126.38,9822.9,13118,5160.31,4717.16
2022,3,2024-08-26 00:00:00,07:42:04,30010443,KD-Orange-Pink-1x,482,0.06,15.96,4,2,4,0,3,0,1,3.12629,0.592159,116918,348.029,12051.9,72298.7,96745.6,17721.6,0.465383,361.132,1737.88,7890.45,8573.85,8835.39,0.00342474,37939.7,12604.7,72.607,13.0011,252.039,3261.89,591.4,2643.49,3515.75,1349.97,1295.16
2023,3,2024-08-26 00:00:00,12:50:28,30010443,KD-Pink-Grey-1x,482,0.1,15.1,0,4,4,3,3,0,1,21.3035,0.345047,52847.1,155.271,5403.11,69393,371380,69459.6,1.84294,4073.42,23372.3,111249,117068,116678,0.0126625,522006,172553,156.275,75.5241,1587.39,21038.1,3618.26,16764.2,22562.1,8723.46,7947.24
2024,3,2024-08-26 00:00:00,16:07:27,30010443,KD-Black-Pink-1x,482,0.04,15.25,0,4,4,3,3,0,1,21.9235,0.345311,52077.2,154.335,5372.64,67396.3,374962,70146.9,1.86036,4088.95,23704.2,112446,117579,118137,0.0127712,513632,173438,161.221,74.3572,1625.06,21331.2,3687.94,17043.1,22829.8,8804.86,8087.86
2029,3,2024-08-27 00:00:00,07:38:37,30010443,KD-Purple-Green-1x,490,0.1,14.27,0,4,4,3,3,0,1,21.438,0.332157,50064.8,146.936,5118.29,67879.5,353469,66057.8,1.75033,3837.79,22274.7,105957,110231,111333,0.0121929,477610,163048,149.274,72.5055,1515.76,20041.8,3472.09,16013.6,21415.3,8290.78,7563.77
2030,3,2024-08-27 00:00:00,10:46:53,30010443,KD-Pink-Purple-1x,490,0.04,16.26,4,3,4,0,3,0,1,28.6846,1.74205,2259.4,19.7197,251.011,72341.6,4304.58,788.875,0.65442,1310.17,7240.6,34424.7,35978.8,36710.9,0.00578811,156786,53716.8,112.819,40.8111,854.926,11800.8,1986.59,9022.55,12248.5,4973.66,4698.83
2031,3,2024-08-27 00:00:00,14:12:47,30010443,KD-Pink-Green-1x,490,0.09,20.19,4,2,4,0,3,0,1,10.5678,0.856204,1680.42,10.9952,176.289,95864.9,3687.36,670.469,0.489691,1217.52,6795.28,32232.3,34084.9,34298.7,0.00562195,155589,50507.7,113.877,38.0498,802.304,10614,1830.34,8449.11,11307.3,4512.7,4232.83
2037,3,2024-08-28 00:00:00,10:34:39,30010443,KD-Brown-1x,498,0.05,15.42,4,2,4,0,3,0,1,8.92206,0.801823,1450.14,9.82864,153.731,72761,2607.07,469.68,0.433186,964.527,5222.87,24575.4,25974.3,26293.1,0.00490997,115710,38611.1,99.0765,30.9174,623.6,8451.47,1463.75,6701.01,9039.45,3604.99,3365.03
2038,3,2024-08-28 00:00:00,13:48:28,30010443,KD-Brown-Pink-1x,498,0.05,14.68,4,0,4,0,3,0,1,10.0855,0.800675,5393.31,50.7349,736.23,97797.1,2700.46,483.789,0.365058,1025.16,5522.38,26158.2,27689.1,27925,0.00506695,124997,41077.5,114.585,30.466,691.021,9151.54,1596.7,7290.16,9744.27,3864.04,3629.95
2043,3,2024-08-29 00:00:00,06:45:40,30010443,KD-Brown-Pink-1x,500,0.04,15.42,4,0,4,0,3,0,1,10.1187,0.757145,6358.94,42.629,657.07,62365.4,2823.46,511.908,0.390238,1165.29,6414.34,30325.2,32393.5,32569.6,0.00546102,146097,47946.5,104.028,36.0786,777.143,10373.1,1788.16,8291.66,11116.7,4387.22,4104.78
2045,3,2024-08-29 00:00:00,13:18:01,30010443,FB-GUA-30-1x,502,0.05,30.32,0,0,0,0,3,0,1,47.8223,0.318579,13306.4,39.9637,1344.77,84010.7,68980.2,12573,0.364982,324.558,1532.26,7275.56,7541.36,7661.95,0.00337569,32911.7,11186.2,80.1532,12.0942,224.266,2957.82,516.463,2369.42,3188.18,1235.56,1125.33
2051,3,2024-08-30 00:00:00,08:10:42,30010443,FB-GUA-31-1x,510,0.05,32.83,0,0,0,0,3,0,1,59.8449,0.363762,46572.6,137.89,4669.28,73319.5,249741,45866.8,1.26426,666.626,3434.11,16261.4,17266.3,17207.4,0.00418102,77488.6,25291.8,98.6339,23.1704,498.908,6630.78,1143.2,5316.07,7097.09,2759.68,2497.62
2052,3,2024-08-30 00:00:00,11:31:32,30010443,FB-SM-02-1x,510,0.04,15,0,4,4,3,3,0,1,24.1745,0.339562,49832.9,144.326,5088.65,70550.1,361745,67630.2,1.79372,3999.32,23087.5,109286,114323,115611,0.0124834,494506,169223,162.078,75.0984,1598.68,21054.4,3652.03,16837,22584.2,8709.21,7978.71
2053,3,2024-08-30 00:00:00,15:10:47,30010443,FB-MOY-6-1x,510,0.07,26.9,0,0,0,0,3,0,1,96.1994,0.201169,4090.71,46.0633,1634.13,69410.3,67447.1,12325.9,0.334515,308.331,1425.99,6815.52,7209.16,7162.17,0.00332928,32418.7,10611.1,73.3145,8.89117,177.821,2376.38,409.79,1901.01,2548.24,986.392,905.66
2083,3,2024-09-03 00:00:00,11:48:08,30010443,FB-CALL-2-1x,556,0.11,16.51,0,4,4,3,3,0,1,253.19,0.590163,361.119,1.14564,45.0047,60130.2,2891.71,507.109,0.0135359,152.453,612.08,2917.16,3085.99,3073.47,0.0029771,13953.4,4559.94,50.5698,5.13281,97.456,1231.05,234.542,979.028,1334.39,520.09,510.85
2084,3,2024-09-03 00:00:00,14:58:04,30010443,FB-TAC-1x,556,0.11,16.22,0,3,4,0,3,0,1,132.75,0.420431,207.395,254.179,8370.97,58514.4,82916.5,15314.7,0.402917,16716.1,97655.4,461516,485406,484601,0.0444773,2052340,710809,494.539,356.094,7574.48,100713,17351.7,80614,107546,41741.2,38062
2090,3,2024-09-04 00:00:00,09:36:29,30010443,FB-MOY-3.2-1x,564,0.14,33.38,0,2,2,0,3,0,1,122.36,0.260937,30082.7,88.45,3014.69,72278.5,202561,37234.4,0.984348,1460.43,8159.76,38759,41000.9,40808.6,0.006197,184106,60270.4,114.864,46.8685,979.836,12995.6,2243.66,10398.4,13959.9,5403.61,4906.73
2091,3,2024-09-04 00:00:00,12:48:26,30010443,MOY-1-1x,564,2.72,20.87,0,3,4,0,3,0,1,4.72478,0.0480545,128049,380.284,13195.5,74768,56522.2,10346.2,0.27084,15837.3,92299.8,434640,456289,456899,0.0418821,1909620,666587,710.242,506.721,10865.3,143831,24768.7,115056,153296,59510.6,54124.3
2092,3,2024-09-04 00:00:00,16:03:41,30010443,FB-GUA-33-1x,564,0.1,0.33,0,2,2,0,3,0,1,0.306123,0.0018902,45185.4,138.071,4845.14,91117,200994,37907,1.0171,1185.38,6698.24,32149.1,33693.2,34045.9,0.00562992,148842,50699.6,77.8868,27.3399,538.514,7033.51,1222.24,5666.68,7615.48,2970.86,2717.94
2096,3,2024-09-05 00:00:00,10:11:23,30010443,FB-TAC-rerun-1x,568,1.66,11.54,0,4,4,4,3,0,1,88.5389,0.28378,8875.93,27.7814,921.918,57776.3,52994.8,9747.33,0.256886,68.081,102.187,486.377,517.746,516.532,0.00276763,2283.38,766.074,47.7182,0.748428,1.07414,92.7703,0.543656,0.0542893,105.026,0,1.90994
2097,3,2024-09-05 00:00:00,13:20:29,30010443,FB-MOY-6-rerun-1x,568,0.14,24.82,0,2,2,0,3,0,1,78.6015,0.163593,43851.7,128.396,4436.51,59138.4,126042,23106.3,0.610053,739.342,3964.61,18680.9,19873.4,19885.3,0.0044117,88000.7,29242.2,75.1254,15.6764,347.328,4439.83,777.841,3573.49,4816,1840.1,1687.5
2098,3,2024-09-05 00:00:00,16:29:57,30010443,FB-CALL-2-rerun-1x,568,0.12,16.03,0,2,2,0,3,0,1,248.117,0.570195,21550.8,63.0834,2156.07,68077.6,235114,43501.3,1.17033,2173.23,12325.1,58318.1,61795.1,61767.4,0.00794366,274451,90956.6,182.21,104.446,2168.76,28662.4,4946.76,22881.4,30799,11901.3,10809.5
2103,3,2024-09-06 00:00:00,09:50:30,30010443,MB-NWA-24-5-1x,574,0.12,72.38,0,0,0,0,3,0,1,3.59513,0.0381653,2058.89,5.56221,214.981,64505,2010.23,348.658,0.0116461,84.38,136.364,643.899,677.186,675.932,0.00278694,3021.18,1008.17,60.6448,1.74117,29.0193,379.391,71.8014,297.456,408.025,158.814,157.152
2104,3,2024-09-06 00:00:00,13:10:39,30010000,MB-NWA-24-6-1x,574,0,42.71,0,0,0,0,3,0,1,6287.55,57.725,6195.27,30.8609,580.342,203242,161256,30550,24.0371,502.22,2531.31,11803.7,12722.1,12924.8,0.00380975,56368.4,18946.9,90.4327,23.8905,472.864,6392.62,1086.6,4971.82,6705.74,2665.32,2462.17
2105,3,2024-09-06 00:00:00,16:15:39,30050000,MN-NWA-24-6-5x,574,0.36,32.8,0,0,0,0,3,0,5,6135.41,57.7251,6559.43,33.9585,610.92,271557,158837,30018,23.5365,488.827,2510.64,11684.1,12458.8,12772.2,0.00380299,54173.3,18672.1,76.854,22.8361,469.414,6305.33,1079,4923.31,6636.57,2629.03,2439.88
2124,3,2024-09-09 00:00:00,08:47:11,30010443,MB-NWA-24-6-1x,604,0.05,58.58,4,0,3,0,3,0,1,22.286,0.263863,5280.2,26.5503,485.518,60586.9,7583.28,1388.99,1.07456,310.277,1518.02,7136.22,7666.68,7748.88,0.00336715,34014.5,11321.6,68.5383,14.183,282.048,3711.9,629.401,2911.32,3925.93,1574.25,1434.41
2125,3,2024-09-09 00:00:00,12:32:26,30010443,MB-NWA-24-8-1x,604,0.08,39.89,0,0,0,0,3,0,1,1.71221,0.019813,2622.02,6.35329,272.351,72123.1,2311.57,407.427,0.0119399,77.4572,132.316,604.967,641.112,647.555,0.00277068,2875.01,956.524,58.4309,1.66434,24.3864,325.182,58.8799,254.31,347.561,139.254,135.66
2126,3,2024-09-09 00:00:00,15:49:24,30050443,MB-NWA-24-CU1-5x,604,0.05,26,4,2,2,0,3,0,5,9.72922,0.0955536,2326.83,9.43678,228.452,63959.6,14465,2651.93,0.925679,218.968,963.308,4481.52,4757.75,4872.54,0.00313402,20763.5,7056.87,65.396,10.6376,202.708,2754.13,476.902,2159.48,2912.63,1140.14,1056.82
2132,3,2024-09-10 00:00:00,10:23:35,30010443,MV230623-1x,610,0.12,14.28,3,3,3,0,3,0,1,5.62909,1.69829,6670.33,20.3263,693.99,71061.8,115118,21196.1,0.660424,2915.09,16712.9,79499,83742.5,83832.6,0.00986239,374683,124155,188.36,110.255,2363.11,31225.3,5386.08,24921.6,33583.3,13018.1,11854.6
2133,3,2024-09-10 00:00:00,14:03:03,30010443,MB-CO2CRC-C-1x,610,0.04,21.72,4,0,2,0,3,0,1,12.2121,0.166411,7704.13,36.9034,778.855,73148.7,29433.4,5414.3,1.17447,347.091,1704.85,8019.13,8530.89,8638.49,0.00344956,37803.8,12636.1,65.0266,14.1531,267.712,3518.47,618.084,2811.03,3790.25,1485.87,1358.09
2134,3,2024-09-10 00:00:00,17:11:15,30000443,MB-HCL-CO2CRC-A-A-all,610,0.04,0.05,4,2,4,0,3,0,0,44.3913,0.616484,35439.7,112.315,3642.39,80419.1,32060,5807.52,0.304081,6255.52,35980.7,169859,178828,177985,0.0179318,786664,260648,310.582,195.548,4181.08,55594.6,9572.25,44211.3,59219.9,22945,20888.9
2139,3,2024-09-11 00:00:00,11:04:29,30050443,LabH2O-09-10-2024-5x,617,0.09,22.11,0,4,4,3,3,0,5,4.76507,0.0693711,12859.1,38.2923,1318.42,64760.7,279959,52201.5,1.38481,5465.58,31868.6,150569,158541,159249,0.0162669,688694,234134,279.295,180.079,3775.11,49642.4,8577.97,39649.7,53268.1,20581.4,18770.2
2140,3,2024-09-11 00:00:00,14:45:45,30050443,LabH2O-04-09-2024-5x,617,0.09,23.61,0,4,4,3,3,0,5,4.68004,0.0690224,12047.1,35.9835,1251.77,65239.8,277977,51868,1.37273,5327.45,31004.8,146676,155223,154751,0.0159332,686638,228682,268.718,171.238,3628.89,47931,8300.22,38327.6,51532.5,19928.8,18119.5
2145,3,2024-09-12 00:00:00,08:10:58,30050443,BOL2023-CHA-H2O-5x,623,0.09,20.1,0,4,4,3,3,0,5,2.83436,0.0452457,7566.78,21.6496,779.5,60732.7,163650,30380,0.802386,3200.18,18524.3,87213.6,91958.1,92795.4,0.0105798,399218,136230,179.36,106.267,2182.05,28770.4,5068.25,22971.7,30928.5,11974.9,11024.3
2146,3,2024-09-12 00:00:00,13:02:55,30050443,BOL2023-POL3-H2O-5x,623,0.09,22.57,0,4,4,3,3,0,5,19.8178,0.149302,6237.85,19.418,655.077,58660.3,95802.4,17721.5,0.467172,1777.54,10228.6,48430.8,50938.5,51048.7,0.00711101,225740,75440.6,115.46,50.614,1076.13,14144.9,2508.55,11294.9,15237,5907.96,5446.21
2152,3,2024-09-13 00:00:00,08:32:57,30050443,BOL2023-SUL2-H2O-5x,629,0.09,22.81,0,4,4,3,3,0,5,11.506,0.137457,6819.91,26.0744,838.913,60629.4,179428,33362,0.882385,3641.4,21169.5,100345,104819,105817,0.0117792,452537,155464,220.376,125.66,2670.02,35003.3,6153.21,28007.5,37707.2,14590.3,13423.9
2153,3,2024-09-13 00:00:00,12:11:48,30050443,BOL2023-LCN4-H2O-5x,629,0.1,22.94,0,4,4,3,3,0,5,6.33324,0.0794454,6848.47,20.8986,752.098,60633.7,151496,28063.8,0.74189,2923.47,16935.2,80290.6,84319,84615.8,0.00996636,368796,124790,177.644,91.9186,1959.86,25764.4,4555.93,20595.3,27823.4,10749.3,9919.61
2154,3,2024-09-13 00:00:00,15:51:15,30050443,BOL2023-PUP1-H2O-5x,629,0.1,22.85,0,4,4,3,3,0,5,2.48788,0.0371475,7335.49,22.1527,753.351,59454.5,176418,32711.5,0.865736,3595.21,20734.2,98341.1,103830,103610,0.0116082,460149,153233,206.505,118.446,2554.41,33547.2,5912.86,26852,36101.7,13919.2,12845.8
2174,3,2024-09-16 00:00:00,07:46:26,30050443,LabH2O-04-09-2024-5x *He3 Baseline Correction Issue*,655,0.09,21.39,0,4,4,3,3,0,5,2.8819,0.0682462,12453,37.8751,1311.18,59551,269416,50281.3,1.33298,5184.92,30204.9,143226,151372,150672,0.0156363,668664,223245,262.941,165.657,3577.76,47272.4,8173.91,37794.5,50818.3,19698.7,17916.1
2175,3,2024-09-16 00:00:00,11:36:24,30050443,BOL2023-LCM-1-CUL-1-H2O-5x,655,0.1,23.07,0,4,4,3,3,0,5,21.2049,0.22788,6720.16,20.3248,718.756,59809.4,129604,24027.7,0.634547,2482.49,14325.6,68042,71396.1,71670,0.00887726,314338,106039,162.214,79.235,1692.66,22364.7,3931.58,17852.2,24036,9326.46,8648.85
2176,3,2024-09-16 00:00:00,15:50:24,30050443,BOL2023-POL-H2O-5x,655,0.05,23.22,0,4,4,3,3,0,5,5.33579,0.057203,4814.28,14.3401,514.752,57593.2,85899.6,15831.4,0.417907,1629.08,9302.12,44061.9,46182.5,46571.5,0.00670035,201227,68766.2,109.79,45.5512,978.101,12827.7,2269.38,10277.3,13889.6,5333.1,4969.62
2181,3,2024-09-17 00:00:00,07:51:27,30050443,BOL2023-LCN3-H2O-5x,663,0.05,21.74,0,4,4,3,3,0,5,3.6903,0.0591377,7443.9,22.088,781.286,64596,150609,27922.9,0.737977,2891.82,16819.9,79333.5,84170.1,84276.8,0.00985496,370520,124454,168.733,90.6962,1952.38,25636.7,4531.76,20476.4,27621.7,10676.1,9863.86
2182,3,2024-09-17 00:00:00,11:29:40,30050443,BOL2023-CHA2-H2O-5x,663,0.04,22.88,0,4,4,3,3,0,5,2.04583,0.036946,6500.82,20.4417,712.211,60553.8,112866,20893.5,0.551341,2101.65,12092.9,57174,60456.2,60446.9,0.0078876,268067,89385.5,130.236,63.8803,1301.38,17110.5,3009.89,13697.6,18506.6,7155.02,6590.71
2183,3,2024-09-17 00:00:00,15:12:07,30050443,BOL2023-LCM-1-CUL-2-H2O-5x,663,0.09,22.82,0,4,4,3,3,0,5,27.3039,0.257431,8014.93,23.996,827.505,58930.9,132294,24508.3,0.647487,2500.85,14471,68660.2,72181.2,72331.2,0.00892532,318136,106928,147.953,80.4793,1696.35,22315.5,3949.1,17816,24035.8,9293.24,8606.59
2196,3,2024-09-19 00:00:00,08:13:01,30050443,BOL2023-CHA3-H2O-5x,679,0.08,21,0,4,4,3,3,0,5,2.71348,0.0376855,7013.59,21.4307,740.904,59266.4,112543,20847.1,0.550708,2095.21,12045.2,57114.5,60530.2,60203.7,0.00789976,272669,89580,123.922,60.5549,1292.63,17034.3,2994.95,13603,18399.6,7105.91,6578.78
2197,3,2024-09-19 00:00:00,12:04:33,30050443,LabH2O-04-09-2024-5x,679,0.08,21.09,0,4,4,3,3,0,5,3.71594,0.0678779,13522.3,40.6467,1399.19,56172.4,281724,52541.4,1.39609,5481.56,31865.1,151346,160058,159087,0.0164198,711963,236435,273.743,181.587,3817.97,50495.9,8721.74,40365.1,54313,21006.1,19152.2
2199,3,2024-09-20 00:00:00,14:48:19,30050443,MNG2023-SJ230730-H2O-5x,681,0.08,20.29,0,4,4,3,3,0,5,50.1635,2.80917,4323.15,14.6997,451.576,58111,52088.4,9640.71,0.252336,1314.92,7628.86,35686.4,38355.7,38298.9,0.00593816,168342,55715.7,110.691,53.6214,1096.36,14194.7,2571.61,11314.6,15305,5919.51,5500.68
2220,3,2024-09-23 00:00:00,08:39:47,30050443,MNG2023-KS230721-H2O-5x,707,0.08,20.13,2,4,4,3,3,0,5,18.875,3.98273,8362.57,30.7734,1029.22,64884.1,203513,38068.9,1.00803,3822.84,22735.7,105875,113932,113743,0.0122359,498755,165379,203.511,130.058,2777.63,35798.6,6369.55,28603.3,38642.5,14947.8,13706.4
2221,3,2024-09-23 00:00:00,12:23:09,30050443,FENIX23-SM230628-H2O-5x *Bad Concentrations*,707,0.08,21.47,3,4,4,3,3,0,5,8.05669,1.69239,2344.65,40.8726,1424.98,60471.7,512217,97515.6,2.5919,11025.4,65669.9,305347,327952,326834,0.0302949,1398260,473875,550.291,417.517,8885.49,114865,20107.9,91919.8,123349,47812.2,43251.9
2222,3,2024-09-23 00:00:00,16:14:52,30050443,FENIX23-FE230214-H2O-5x,707,0.08,21.73,0,4,4,3,3,0,5,173.04,1.87187,5885.93,35.3312,1208.55,61919,263788,49562.8,1.31233,5476.14,32647.9,152337,163769,163257,0.0164119,713082,237546,284.868,198.832,4270.1,55120,9703.6,44069.2,59362.5,22953.9,20875.8
2227,3,2024-09-24 00:00:00,08:08:57,30050443,FENIX23-GI231006-H2O-5x,713,0.08,21.91,0,4,4,3,3,0,5,4.20944,0.123698,4585.41,13.7932,477.082,60012.9,62602.3,11648.9,0.304901,1352.88,7912.69,36910.7,39513.6,39755,0.00607147,171629,57773.2,106.61,46.1312,963.407,12446.2,2253.69,9936.95,13482.7,5178.65,4846.88
2233,3,2024-09-25 00:00:00,08:10:25,30050443,LabH2O-09-10-2024-5x,721,0.08,21.6,0,4,4,3,3,0,5,4.18797,0.0742558,12972.8,39.5614,1356.07,54684.3,287625,54126.4,1.42983,5520.46,32811.4,152926,164617,163896,0.0165843,715671,238960,267.063,181.38,3843.1,49731.4,8792.4,39852.7,53673.4,20771.9,18936.8
2234,3,2024-09-25 00:00:00,12:17:36,30050443,FENIX23-HS230418-H2O-5x,721,0.08,24.37,0,4,4,3,3,0,5,327.524,1.60109,9614.07,27.8841,994.947,58425.7,150446,28159.1,0.743099,3039.7,17978.4,83711.4,89376.1,89910.7,0.0102851,387205,130367,172.598,103.321,2196.94,28482.1,5104.57,22754.6,30723.2,11915.2,11002.5
2240,3,2024-09-26 00:00:00,07:45:06,30050443,FENIX23-SM230628-H2O-5x,729,0.08,22.24,2,4,4,3,3,0,5,12.0475,2.70426,8601.65,26.2769,877.001,63521.2,140572,26130.8,0.685566,2559.99,15120.5,70195.7,75246.6,75354.9,0.00907259,326345,109174,147.016,80.2989,1737.11,22456.8,4035.43,17975.6,24274.8,9380.89,8643.19
2241,3,2024-09-26 00:00:00,11:30:46,30010443,ER-SA24-1200-H2O-1x,729,0.08,19.56,4,3,4,3,3,0,1,1.15165,0.944609,3911.98,12.7606,417.426,60849.1,26903.4,4966.18,0.189473,445.604,2431.55,11196.7,12050.9,12053.9,0.00372861,52089.3,17497.2,53.6747,6.33305,144.411,1848.25,347.766,1476.65,2007.92,773.43,741.368
2242,3,2024-09-26 00:00:00,15:14:19,30010443,ER-SA24-95-H2O-1x,729,0.04,17.75,4,4,4,3,3,0,1,9.20288,6.50971,2817.37,24.7012,302.593,68359.8,7682.79,1429.68,3.43646,197.816,889.727,4157.44,4526.17,4573.66,0.00311293,19701.9,6875.69,53.2461,6.37438,132.521,1676.39,303.775,1472.35,2865.88,2231.77,2649.41
2248,3,2024-09-27 00:00:00,10:20:06,30010443,FE-419031-H2O-1x *Low Ne20*,736,0.08,20.53,4,4,4,3,3,0,1,0.408949,0.865242,489.921,1.54874,58.187,59527.9,91695.8,17083.7,0.538212,1599.46,9360.82,43518.4,45922.7,46860.4,0.00667504,195260,67719.9,108.487,44.2498,927.746,11915,2150.23,9549.26,12906.8,5004.74,4644.22
2249,3,2024-09-27 00:00:00,15:03:02,30050443,PNG24-NG04-LandSpring-H2O-5x,736,0.08,19.74,0,3,4,3,3,0,5,116.968,0.234501,40294.3,122.154,4241.99,57630.3,9827.1,1804.63,0.0463156,258.521,1254.19,5795.78,6269.32,6225.49,0.00325094,27832.9,9157.1,58.1175,7.77029,142.339,1819.8,348.836,1442.41,1982.98,762.692,744.691
2269,3,2024-09-30 00:00:00,08:42:43,30050443,PNG24-NG03-15m-H2O-5x,762,0.08,20.69,0,4,4,3,3,0,5,1999.39,3.65544,9773.37,29.6561,1011.83,60766.7,190867,35677.1,0.944388,3709.8,21954.7,102137,109488,109540,0.0119773,476291,158966,220.754,125.604,2648.6,34055.1,6081.81,27295.6,36735.8,14244,13132.3
2270,3,2024-09-30 00:00:00,12:25:10,30050443,PNG24-NG06-25m-H2O-5x,762,0.08,21.37,0,4,4,3,3,0,5,2263.4,4.1805,6906.18,20.8661,717.362,64436.7,164636,30832.2,0.815923,3683.47,21852.8,101484,109067,109003,0.0118782,476630,158457,240.904,138.447,3009.1,38952.3,6956.45,31125.9,42027.3,16234.4,14966.3
2271,3,2024-09-30 00:00:00,16:12:37,30050443,PNG24-NG07-20m-H2O-5x,762,0.08,20.52,2,4,4,3,3,0,5,655.293,1.26209,7133.9,22.1006,745.069,58977,174659,32643.2,0.865616,3840.79,22870.8,106523,113765,114117,0.0123725,491756,165561,231.577,147.928,3145.63,40598.6,7211.58,32442.6,43802.7,16984.3,15596.9
2276,3,2024-10-01 00:00:00,08:21:02,30050443,LabH2O-09-10-2024-5x,768,0.08,19.56,0,4,4,3,3,0,5,4.17841,0.0806839,14982.4,46.0819,1560.22,59864.7,295997,55734.3,1.47182,5583.93,33369.7,155150,164918,166872,0.0168055,697047,240760,290.356,184.193,3901.2,50614.4,8941.7,40449.9,54594.7,21142,19214.8
2277,3,2024-10-01 00:00:00,12:00:26,30050443,CRB23-WSU-6-H2O-5x,768,0.08,21.22,0,4,4,3,3,0,5,947.644,3.82644,24314.9,48.6237,1563.84,5.38652,354437,66983,1.77499,7109.47,42658.5,198305,211374,212620,0.020733,903102,306998,370.812,259.192,5526.06,71322.8,12570.6,56960.2,76885.4,29776.6,26973.5
2295,3,2024-10-04 00:00:00,10:41:03,30050443,LabH2O-09-10-2024-5x,801,0.08,21.42,0,4,4,3,3,0,5,4.03374,0.0691042,12038.4,36.9829,1266.2,63268.9,280858,52984.7,1.39692,5395.54,32163.1,149553,160778,160501,0.0163436,693023,233290,272.68,177.942,3788.96,49012.5,8662.43,39167.7,52975.3,20463.7,18683.4
2307,3,2024-10-07 00:00:00,09:28:55,30050443,GR22-QG220801-H2O-5x,817,0.08,20.34,0,4,4,3,3,0,5,3.75994,0.0704457,15300.9,43.8063,1613.47,45055.1,387174,73455.2,1.94476,7808.45,46767,216618,234005,232943,0.0225143,1003180,338852,396.791,286.717,6051.73,77865.8,13662,62130.1,84193.9,32622.4,29372.6
2308,3,2024-10-07 00:00:00,13:44:33,30050443,GR22-NJ220731-H2O-5x,817,0.08,21.3,0,4,4,3,3,0,5,5.01892,0.0671629,13538.1,40.3843,1441.87,50471.2,319248,60348.6,1.59236,6199.23,37034.8,171370,183899,184847,0.0183086,777589,267131,314.704,214.818,4568.02,58715.5,10314.6,46974.7,63484.2,24571,22228.2
2313,3,2024-10-08 00:00:00,07:45:57,30050443,GR22-UN220727-H2O-5x,823,0.08,19.78,0,4,4,3,3,0,5,7.9233,0.475881,12888.2,39.2459,1374.78,53933.9,412842,78256.9,2.07219,8775.56,52823.1,244291,262806,262583,0.0249649,1113620,380366,455.199,332.125,7150.54,92237.4,16171.2,73806.8,99507.9,38512.7,34783.2
2314,3,2024-10-08 00:00:00,12:13:31,30050443,GR22-OR220726-H2O-5x,823,0.08,20.13,0,4,4,3,3,0,5,4.81979,0.0746801,16818.6,49.7897,1715.63,77028.6,461962,87855.2,2.32609,9868.22,59126.5,273286,294909,294070,0.0275885,1246140,426581,518.987,386.636,8161.73,105287,18449.6,84222.4,113588,44076.2,39747.1
2315,3,2024-10-08 00:00:00,15:54:59,30050443,GR22-KU220731-H2O-5x,823,0.08,20.45,0,4,4,3,3,0,5,6.14162,0.106529,17966.8,55.1444,1899.25,58710.4,468175,88963.3,2.35682,9576.21,57681.3,267276,286594,287076,0.0270752,1204870,414804,488.563,362.606,7645.94,98856.6,17285,79036.5,106491,41263,37257.8
2320,3,2024-10-09 00:00:00,07:58:38,30050443,GR22-QW220726-H2O-5x,830,0.08,21.46,0,4,4,3,3,0,5,4.48997,0.0769857,17453.9,49.8874,1836.05,60784.3,452919,86002.7,2.27585,9514.3,57208.8,264652,282519,284732,0.0268442,1171750,410230,498.152,361.709,7740.78,100155,17579,80106.7,107985,41878.5,37790.1
2321,3,2024-10-09 00:00:00,13:55:49,30050443,LabH2O-10-07-2024-5x,830,0.09,22.16,0,4,4,3,3,0,5,3.8834,0.0673994,13408.5,42.549,1432.7,55714.7,278404,52435.8,1.38339,5133.31,30820.1,142184,152180,153966,0.0156622,637682,222003,253.222,166.491,3558.89,46079,8133.5,36816.1,49820.3,19265.5,17548.1
2326,3,2024-10-10 00:00:00,11:17:05,30050443,GR22-TQ220728-H2O-5x,836,0.08,22.86,4,4,4,3,3,0,5,4.99943,1.01353,4985.31,15.049,533.2,55135.2,421802,80136.9,2.75649,8594.5,51542.9,238266,256453,256342,0.0244072,1085250,371491,437.987,322.047,6777.35,87466.3,15326.5,69928.6,94581.2,36639.3,33055.9
2327,3,2024-10-10 00:00:00,14:54:58,30050443,GR22-UH220727-H2O-5x,836,0.08,21.18,0,4,4,3,3,0,5,4.5481,0.0695215,15326,45.2472,1679.6,59400,412266,78260.3,2.06971,8566.12,51788.2,239225,254709,258220,0.0244309,1050500,370673,435.757,328.648,6943.34,89823.6,15776,71838.1,97020.7,37502.5,33892.2
2355,3,2024-10-14 00:00:00,08:29:52,30050443,CRB23-Moscow6-H2O-5x,876,0.08,20.75,2,4,4,3,3,0,5,209.585,1.60109,14450.9,42.7704,1533.05,61263.5,363646,68834.8,1.82723,7282.6,43604.6,202472,217824,217739,0.0211571,930213,315595,377.212,269.311,5739.04,73571.8,12970.6,58813.1,79590.1,30874.2,27889.8
2356,3,2024-10-14 00:00:00,13:08:24,30050443,CRB23-WSU-7-H2O-5x,876,0.08,21.69,0,4,4,3,3,0,5,370.481,2.29231,16373.2,49.7572,1738.88,62377,367964,69652.5,1.84514,7328.65,43938.6,203663,219705,219333,0.0211497,939622,318141,380.072,272.337,5709.95,73801.3,12974.4,59070.2,79804.1,30890.5,27981.2
2362,3,2024-10-15 00:00:00,08:21:34,30050443,CRB23-WSU-SpillmanFarms-H2O-5x,884,0.08,20.49,0,4,4,3,3,0,5,211.909,1.39567,16525.3,48.0679,1679.62,90590.5,356920,67567.8,1.78708,7028.49,42332,195906,210047,210869,0.0205606,891478,304853,371.216,253.746,5450.62,70278,12354.2,56184.9,75954.9,29482.2,26608.5
2363,3,2024-10-15 00:00:00,12:24:40,30050443,CRB23-HawkinsShallow-H2O-5x,884,0.08,21.83,0,4,4,3,3,0,5,202.029,2.48335,16357.3,48.7685,1748.03,67721.7,380659,72230.2,1.91081,7650.89,46011,213280,229803,229003,0.0221173,989173,332721,412.082,284.643,6060.13,78224.4,13766.4,62500.5,84513.1,32746.6,29616.4
2364,3,2024-10-15 00:00:00,16:20:28,30050443,LabH2O-10-07-2024-5x,884,0.08,21.96,0,4,4,3,3,0,5,5.09025,0.0676964,13278.3,39.9108,1458.28,64211.9,284503,53683,1.41723,5390.06,32311.2,149217,159986,161321,0.0162669,677566,232822,278.127,181.417,3835.24,49363.3,8734.64,39452.3,53397.2,20674,18799.4
2369,3,2024-10-16 00:00:00,08:27:46,30050443,PU22-KV221120-W-H2O-5x,891,0.08,20.65,0,3,3,0,3,0,5,0.622273,0.0086571,23835.5,70.4088,2530.85,69249.7,222749,41482,1.08261,3946.67,23167.9,107010,115377,115449,0.012474,495275,167115,239.248,149.741,3145.84,40600.3,7188.3,32385.5,43909.5,16955.9,15438.7
2370,3,2024-10-16 00:00:00,13:03:48,30050443,PU22-CL221120-W-H2O-5x,891,0.08,23.02,0,4,4,3,3,0,5,312.079,1.66688,5482.18,16.0329,592.946,73408.6,108900,20358.8,0.535936,2198.73,13126.3,60393.5,63737.7,65393.9,0.00819892,265129,93831.2,143.465,77.3383,1623.55,20806.8,3784.29,16628.9,22668.2,8767.78,8122.39
2376,3,2024-10-17 00:00:00,08:16:34,30050443,PU22-PT221119-W-H2O-5x,898,0.08,22.01,2,4,4,3,3,0,5,72.8185,1.15257,7930.79,22.5913,859.596,68381.5,194020,36448.1,0.9636,3931.14,23635.9,109452,117980,117842,0.0126819,509755,171531,216.984,141.04,3046.84,39184,7009.44,31274.5,42511,16464,15125.2
2378,3,2024-10-17 00:00:00,15:57:03,30050443,AE22-CF220902-H2O-5x,900,0.08,22.08,0,4,4,3,3,0,5,104.436,0.406941,7093.94,22.7408,766.89,64032.7,103188,19230.9,0.506052,1876.02,11135.6,51396.9,55330.7,55779.9,0.00739743,236871,80856.2,107.232,57.1665,1218.14,15595.9,2821.15,12448.6,16965.9,6556.54,6067.84
2383,3,2024-10-18 00:00:00,10:18:58,30050443,AE22-BS220902-H2O-5x,907,0.08,21.93,0,4,4,3,3,0,5,21.7999,0.107694,7515.06,22.6814,815.892,60217.7,102829,19212.9,0.502795,1756.26,10328.3,47760.2,51889.1,51546,0.00709653,227790,75444.4,102.109,50.2423,1077.78,13737.8,2486.67,10970.8,14984.1,5771.6,5376.23
2384,3,2024-10-18 00:00:00,15:45:08,30050443,AE22-TC220902-H2O-5x,907,0.08,21.72,0,4,4,3,3,0,5,3.37382,0.0622039,11124.4,32.9338,1203.33,56030.7,192211,36059.4,0.952313,3343.33,19975.5,91898.5,99868.1,99826.1,0.0111135,429459,145498,166.539,101.458,2179.13,28028.7,5034.84,22401.6,30471.3,11776.7,10825.5
2404,3,2024-10-21 00:00:00,08:31:34,30050443,AE22-OH220830-H2O-5x,935,0.08,24.58,0,3,3,0,3,0,5,15.2022,0.0647335,39210.2,118.059,4204.09,64429.1,426788,80772.4,2.13399,7589.76,44898.9,207280,224270,224433,0.0217037,948778,325610,393.307,269.348,5651.37,73318.1,12993.5,58616.5,79374.4,30746.9,28076.7
2409,3,2024-10-22 00:00:00,08:27:49,30050443,LabH2O-10-07-2024-5x,942,0.04,19.53,0,4,4,3,3,0,5,3.79437,0.0676582,13616.6,41.5478,1461.31,60775.2,285161,53789.5,1.42278,5377.81,32304.5,149150,159850,161420,0.0163658,667820,232919,277.522,178.986,3849.32,49394.3,8785.35,39466,53685.2,20732.4,18878.9
2410,3,2024-10-22 00:00:00,12:33:40,30050443,AE23-VL220828-H2O-5x,942,0.03,25.79,0,4,4,3,3,0,5,8.62519,0.0321691,1134.15,3.91275,128.916,62627.3,26680,4962.32,0.129374,807.4,4537.56,20861.5,22118.6,22764.3,0.0046395,91126.2,32688.4,90.1806,28.7019,623.431,7910.22,1466.95,6304.68,8665.82,3336.9,3161.86
2416,3,2024-10-23 00:00:00,08:32:47,30050443,AE22-BP1220829-H2O-5x,948,0.08,22.58,0,4,4,3,3,0,5,9.05669,0.0539553,5473.12,16.7255,589.833,61506.8,95597.2,17875.8,0.469187,1853.66,10815.3,49854.5,53989.5,54010.3,0.00729764,232750,78654.8,140.476,56.8788,1210.02,15506.2,2814.3,12387.8,16898.5,6529.09,6031.2
2420,3,2024-10-24 00:00:00,08:59:21,30050443,AE22-OS220831-H2O-5x,952,0.08,22.74,2,4,4,3,3,0,5,101.655,0.475538,11070.2,34.4996,1197.7,59378.7,239200,45041.6,1.18998,4490.51,26615.3,123179,133106,132993,0.013991,570819,193495,246.719,143.774,3112.07,40110.8,7134.91,32024.3,43580.2,16847.7,15417.4
2421,3,2024-10-24 00:00:00,13:51:17,30050443,AE22-FV220827-H2O-5x,952,0.08,24.78,0,3,4,3,3,0,5,9.49263,0.0544739,120575,354.192,12451,90571.4,40904.8,7563.24,0.197391,754.111,4251.74,19515.5,20714,21232.3,0.00452498,85462.2,30605.7,79.8603,19.9102,416.901,5287.99,976.937,4249.35,5821.37,2240.11,2126.65
2427,3,2024-10-25 00:00:00,09:55:13,30050443,AE22-AC220827-H2O-5x,959,0.08,21.57,0,4,4,3,3,0,5,4.63088,0.0517637,9377.89,28.6014,976.322,156214,192038,36025.6,0.94995,3453.44,20519.9,94461.3,102350,102351,0.0113793,439158,149092,195.409,110.971,2318.83,29691.2,5350.28,23727.1,32328.6,12507.6,11532.8
2439,3,2024-10-28 00:00:00,08:49:54,30050443,NM24-FYW240903-H2O-5x,978,0.08,21.84,3,4,4,3,3,0,5,12.754,0.94967,10235.5,31.0929,1113,58221.2,221299,41743.8,1.11072,4063.03,24470.5,112710,120746,122378,0.0129885,507038,176780,203.928,141.323,3004.31,38484.5,6897.52,30775.6,41942.9,16214.7,14839
2440,3,2024-10-28 00:00:00,12:42:50,30050443,LabH2O-10-07-2024-5x,978,0.08,21.41,0,4,4,3,3,0,5,3.79432,0.0697005,13872.5,41.9804,1491.4,57017.3,290072,54843.3,1.45044,5405.51,32524,150717,162935,162487,0.0164899,700814,236689,247.698,179.918,3851.75,49520.7,8777.41,39515.4,53792.3,20826.5,18918.2
2446,3,2024-10-29 00:00:00,08:47:49,30050443,NM24-JJH240901-H2O-5x,986,0.08,20.28,0,4,4,3,3,0,5,65.6982,1.45518,8467.96,25.4012,897.541,59241.3,138612,26036.4,0.690246,2571.33,15498.1,71866.3,76694.1,77462.2,0.00929102,326725,112409,125.986,87.7223,1813.12,23418.5,4205.29,18706.4,25488.1,9895.82,9064.45
2447,3,2024-10-29 00:00:00,13:36:02,30050443,NM24-PJS240828-H2O-5x,986,0.08,20.65,0,4,4,3,3,0,5,2.45215,0.0557873,12326.9,37.9429,1330.2,51783.6,247859,46748.4,1.23744,4635.49,28168.2,130628,138886,140733,0.0146726,584907,203866,213.968,159.246,3443.94,44328.4,7892.09,35436.1,48220.4,18659.7,17079.5
2453,3,2024-10-30 00:00:00,08:46:47,30050443,NM24-SDL240902-H2O-5x,994,0.08,19.4,0,4,4,3,3,0,5,3.07087,0.0534632,11360.3,35.3637,1218.55,59624,191387,35997.8,0.949698,3397.01,20374,94482.2,101453,102015,0.0113857,432759,148478,161.363,108.363,2343.74,29826.9,5340.65,23825.3,32460.2,12578.9,11576.2
2454,3,2024-10-30 00:00:00,13:12:10,30050443,NM24-PDL240829-H2O-5x,994,0.08,20.7,4,4,4,3,3,0,5,2.71272,0.247831,1836.98,5.75051,200.892,56198.6,147663,27745.7,0.830316,3451.86,20551.3,95484.7,103257,102814,0.0114927,452182,150709,189.062,130.856,2810.68,36009.5,6469.98,28718.8,39228.7,15178.4,13975.9
2460,3,2024-10-31 00:00:00,08:18:55,30050443,NM24-RSW240903-H2O-5x,1002,0.07,22.63,4,4,4,3,3,0,5,8.83524,0.546807,3544.95,10.2637,383.113,61934.2,235020,44274.9,1.26694,3858.82,23380.8,107700,114098,116941,0.0125529,469321,168467,184.197,124.443,2685.92,34570.5,6173.11,27567.7,37574.4,14575,13351.2
2461,3,2024-10-31 00:00:00,12:50:07,30050443,NM24-MSS240906-H2O-5x,1002,0.08,21.66,0,4,4,3,3,0,5,3.51666,0.053702,11736.1,35.186,1242.29,57426.1,238243,44966.9,1.18794,4473,26932,124370,134292,134595,0.0141188,575763,195928,217.877,151.508,3244.47,41749.2,7447.41,33354.8,45435.4,17551.6,16079.3
2467,3,2024-11-01 00:00:00,09:20:38,30050443,LabH2O-10-07-2024-5x,1010,0.08,20.44,0,4,4,3,3,0,5,3.88437,0.0666818,14161.8,42.636,1509.18,57631.7,271837,51295.6,1.35653,5022.07,30219.9,140131,150405,150682,0.0156113,639569,219236,238.216,168.814,3556.84,45521.4,8077.73,36372.3,49515.6,19157.6,17468.1
2468,3,2024-11-01 00:00:00,14:07:11,30050443,NM24-BST240902-H2O-5x,1010,0.08,19.76,3,4,4,3,3,0,5,38.7239,1.88249,8705,27.9431,940.636,58706.5,206193,38785.1,1.045,3786.5,22926.8,106296,113607,114404,0.0124581,483616,165986,188.671,129.573,2777.3,35594.8,6374.38,28465.6,38812.1,15010.2,13775.6
2486,3,2024-11-04 00:00:00,10:55:08,30050443,NM24-BRH240830-H2O-5x,1036,0.08,21.73,4,4,4,3,3,0,5,3.0912,0.160946,5700.04,16.7152,607.982,51195.4,183682,34464.8,0.957311,3220.34,19394.6,89694.7,96069.3,96908,0.0109961,408361,140961,150.647,106.471,2267.94,29102.3,5239.43,23283.7,31782.7,12314.3,11299.2
2488,3,2024-11-05 00:00:00,08:16:58,30050443,AL24-TNG1-H2O-5x,1038,0.09,22.84,0,4,4,3,3,0,5,4.38564,0.0731781,14870.2,45.8999,1582.36,46417.6,281241,52940.6,1.40107,4691.73,28166.9,129475,140605,140426,0.0146678,602338,204953,218.46,162.463,3362.96,43031.4,7703.12,34351.3,46934.2,18168.8,16651.4
2494,3,2024-11-06 00:00:00,07:54:46,30050443,AL24-TNG3-H2O-5x *Ne20 Step 2 bad; Used Ne20 Step 1*,1046,0.08,21.86,0,4,4,3,3,0,5,3.7703,0.0647229,13523.8,34.8233,1405.63,55930.2,258788,48651.7,1.28179,4075.98,24474.6,112794,121034,121922,0.013066,508831,176745,182.916,123.966,2585.94,33250.2,5945.64,26511.3,36202.4,13986.3,12826.3
2495,3,2024-11-06 00:00:00,12:30:02,30050443,AL24-TNG4-H2O-5x,1046,0.08,22.3,0,4,4,3,3,0,5,6.91876,0.0923974,19805.9,59.6231,2092.6,54756.5,439383,83531.2,2.21928,8604.71,51774.1,239264,258118,258455,0.0247374,1084860,375368,411.202,305.222,6548.4,84344.2,14852.8,67413.7,91770.8,35480.3,32128.4
2496,3,2024-11-06 00:00:00,16:35:35,30050443,AL24-TNG5-H2O-5x,1046,0.08,24.26,0,4,4,3,3,0,5,8.93154,0.124939,22313.6,68.2776,2385.31,56605.9,430131,81615.8,2.16513,7845.16,47098.9,217588,235381,234701,0.0227172,999345,342144,335.226,256.276,5386.9,69189.3,12178.7,55364.4,75184.8,29136.1,26328.7
2501,3,2024-11-07 00:00:00,08:51:12,30050443,LabH2O-10-07-2024-5x,1052,0.08,21.28,0,4,4,3,3,0,5,5.14307,0.0669128,13657.5,40.9993,1455.92,58270.5,278066,52451.7,1.38834,5115.96,30705.4,141505,152059,153515,0.0157288,636339,222553,231.615,169.719,3565.76,46130,8172.93,36807.5,50218.6,19437,17772.6
2502,3,2024-11-07 00:00:00,12:43:47,30050443,AL24-TNG6-H2O-5x,1052,0.08,21.06,0,4,4,3,3,0,5,5.73059,0.0891113,16559.8,49.8209,1783.95,57525.1,337506,63875.3,1.69298,6732.57,40370.7,186918,202428,201616,0.0199264,870540,294952,330.447,247.522,5267.48,68004.5,11980.2,54337,73880.6,28581.2,25936.2
2508,3,2024-11-08 00:00:00,09:13:08,30050443,AL24-TNG7-H2O-5x,1060,0.08,23.01,0,4,4,3,3,0,5,3.43751,0.061946,12608.5,38.2566,1366.06,56789.4,307727,58152,1.54103,6369.04,38339.9,177010,191097,191208,0.0190051,812800,278340,316.158,238.849,5081.22,65185.9,11512.9,52082.6,70866.5,27448.8,24856.4
2509,3,2024-11-08 00:00:00,13:17:16,30050443,AL24-TNG8-H20-5x,1060,0,20.75,0,4,4,3,3,0,5,18.1447,0.2818,52968.3,162.742,5703.37,56939.7,669782,129037,3.44304,10449.8,63144.8,291282,311459,314092,0.0295738,1281590,453978,409.783,315.837,6664.1,86282,15163.6,68930.8,93603.7,36264.8,32799.9
2530,3,2024-11-11 00:00:00,07:50:22,30010443,NW24-PDS240831-1x,1088,0.08,11.98,4,4,4,3,3,0,1,6.53005,1.2048,9576.82,29.7702,1050.05,61654.6,205084,38618.7,1.23386,2687.74,16056.1,74488.8,80667.7,80278.8,0.00961796,354240,117874,97.9794,63.7823,1341.66,17242.8,3090.74,13793.7,18821.3,7286.88,6681.94
2531,3,2024-11-11 00:00:00,11:24:47,30010443,NM24-LMR240831-1x *Lots of H2O; Very low gas*,1088,0.08,23.28,0,4,4,3,3,0,1,0.911762,0.00320877,1172.16,3.52716,133.796,60931.5,24699,4610.76,0.121667,676.432,3996.88,18428.1,19776.8,19994.7,0.00442851,83786.3,29151.2,53.1771,23.9878,500.8,6396.69,1185.76,5103.44,7008.22,2706.55,2584.99
2537,3,2024-11-12 00:00:00,06:57:13,30010443,NM24-GLR240904-1x,1096,0.09,22.45,4,4,4,3,3,0,1,2.23149,0.352284,8190.38,25.3309,875.095,57736.5,440947,84043,2.2721,6388.84,38613.2,178896,190907,192741,0.0192217,799275,279545,230.636,167.615,3648.25,46861.6,8292.49,37409.7,51026.6,19755.6,17991
2538,3,2024-11-12 00:00:00,11:06:23,30010443,NM24-FRH240905-1x *Used Ne20 Step 1 data*,1096,0.08,23.87,3,4,4,3,3,0,1,27.8881,1.33119,37382.2,112.317,3961.98,59895.2,426089,81219.7,2.16772,5077.77,30677.9,141716,152363,153062,0.0157518,647825,222879,165.002,115.52,2473.29,31785.1,5631.14,25431.3,34644.3,13417.1,12249
2539,3,2024-11-12 00:00:00,14:33:15,30010443,NM24-VMB240826-1x,1096,0.08,23.8,0,2,2,0,3,0,1,839.65,2.33001,14258.8,43.2399,1483,67499.9,67524.1,12421.8,0.3844,567.008,3291.69,15121.2,16173.9,16403.6,0.00411272,68325.9,23591.9,39.4246,18.6561,378.987,4849.82,862.263,3864.43,5292.15,2044.08,1855.58
2544,3,2024-11-13 00:00:00,06:54:21,30010443,NM24-SDS240826-1x,1102,0.3,11.87,0,2,2,0,3,0,1,1.06963,0.0277186,12929.3,36.5589,1362.1,60465.4,51502.8,9441.29,0.247576,513.406,2990.04,13611.3,14785.9,14825.6,0.00398476,63581.8,21555.1,37.145,17.8658,361.33,4597.35,816.684,3673.09,5029.91,1939.11,1768.99
2545,3,2024-11-13 00:00:00,10:15:49,30010443,NM24-VTS240827-1x,1102,0.08,10.38,0,2,2,0,3,0,1,770.052,2.31126,7273.93,23.5559,772.338,66867,14699.1,2702.75,0.105684,188.54,1027.23,4726.53,5145.01,5161.91,0.00316712,22479.4,7507.62,25.533,6.02973,107.356,1409.96,250.721,1126.01,1536.4,592.902,551.191
2552,3,2024-11-22 00:00:00,08:32:31,30010443,H1-Karoo-20-40-2A-1x *Used Ne20 Step 1 data*,1111,0.1,14.99,4,4,4,3,3,0,1,55.5036,3.35953,35833.2,123.017,3910.44,94697.5,230427,43610.3,3.13415,2762.16,16504.1,76288.2,80717.3,82717.5,0.00973753,336617,119671,120.785,62.2975,1355.3,17463.3,3093.47,13945.8,19118,7415.7,6751.84
2553,3,2024-11-22 00:00:00,11:45:56,30010443,H1-COMINGLE-09-10-8A-1x,1111,0.08,22.03,4,4,4,3,3,0,1,86.1071,5.14914,55687.9,185.791,6061.86,106790,339183,64820.4,4.80763,4751.87,28531.6,132161,140840,142424,0.0149409,592991,207299,191.782,119.486,2527.32,32501.2,5732.45,25936.4,35510.8,13769.5,12502.4
2554,3,2024-11-22 00:00:00,15:05:33,30010443,H1-Karoo-07-45-4A-1x  *Bad Neon*,1111,0.09,11.48,4,4,4,3,3,0,1,38.2662,2.24719,18.8502,25.812,842.579,101486,166893,31495.7,2.2512,1970.14,11637.6,53861.3,57758.1,58185.8,0.00768327,248485,85008.4,98.3956,45.891,923.92,11865.5,2125.09,9493.9,12971.9,5023.29,4584.16
2560,3,2024-11-23 00:00:00,09:51:58,30010443,H1-Karoo-08-45-6A-1x,1118,0.08,14.67,4,4,4,3,3,0,1,42.3835,2.64149,29848.8,102.293,3322.29,94155.6,247317,46923.8,3.40346,3290.26,19523.9,90446.8,97291.2,97839.3,0.0110614,417122,142832,151.003,80.6925,1702.33,21891.9,3877.18,17500.5,23959,9286.83,8449.61
2563,3,2024-11-25 00:00:00,08:42:40,30010443,H1-Karoo-03-46-3A-1x *Manually ran all analyses*,1122,0.08,14.38,4,4,4,3,3,0,1,36.2198,2.37504,33162.3,111.312,3603.51,112787,218062,41241.9,2.81042,2644.33,15759,73077,78324.3,78981.8,0.00954986,340178,116593,115.671,58.2764,1266.73,16242.4,2891.39,12951.9,17796.2,6901.46,6286.21
2565,3,2024-11-26 00:00:00,12:18:38,30010443,H1-Comingle-11-50-9A-1x,1133,0.09,14.34,4,4,4,3,3,0,1,50.8955,2.97766,32200.6,108.014,3512.25,88734.3,188970,35741.6,2.62794,2162.22,12847.4,59637.8,64218.3,64384.1,0.00825584,278682,94560.8,101.661,46.822,972.593,12550.5,2243.17,10031.7,13764.6,5340.1,4873.12
2566,3,2024-11-26 00:00:00,15:28:51,30010443,H1-Karoo-11-20-1A-1x,1133,0.09,15.74,4,4,4,3,3,0,1,8.40388,0.644657,9067.13,27.4819,968.931,89654.6,367790,69953.3,2.38677,3972.6,23880.7,110685,118980,119566,0.0129875,511550,175090,138.371,82.5507,1766.88,22778.8,4061.13,18194.4,24930.4,9634.03,8811.41
2571,3,2024-11-27 00:00:00,08:11:20,30010443,H1-Basement-1A-otherend-1x,1139,0.08,14.03,0,4,4,3,3,0,1,18.2777,0.29052,50740.8,154.482,5475.16,85154.8,356952,67770.6,1.80152,3699.32,22214.6,103252,110497,111257,0.0123124,472984,162961,120.794,72.5783,1552.01,19922.6,3542.96,15911.6,21778.2,8412.58,7714.2
2572,3,2024-11-27 00:00:00,11:19:06,30010443,H1-Karoo-07-45-4A-1x,1139,0.08,13.57,4,4,4,3,3,0,1,42.5058,2.59163,27376.3,90.5493,2863.41,116610,189959,35952.9,2.60445,2300.4,13851.7,64098.3,67778,69609.5,0.00864296,282789,101262,98.3274,51.7873,1136.84,14572.5,2574.63,11656.3,15981.5,6188.18,5650.41
2580,3,2024-12-02 00:00:00,12:20:46,30010443,JS-J591-IGT2-Blank-1x,1151,0.08,5.27,0,4,4,3,3,0,1,6.20869,0.0980244,18883.2,60.0386,2061.88,80232.1,133740,25276.8,0.670767,1489.08,8844.12,40907.3,43974.4,44395.5,0.00651218,187994,65064.6,64.6872,29.3987,611.925,7815.17,1412.73,6232.98,8592.47,3327.27,3063.15
2581,3,2024-12-02 00:00:00,15:35:20,30010443,JS-J1592-IGT2-1x,1151,0.08,2.54,0,4,4,3,3,0,1,1030.68,2.01507,1139.58,2.1891,125.87,82295.2,10529.1,1950.64,0.0513762,270.166,1468.59,6801.71,7256.58,7357.53,0.00336157,30970.2,10725.5,38.5663,7.93728,172.253,2157.09,409.606,1716.2,2402.83,920.475,889.851
2586,3,2024-12-03 00:00:00,07:31:43,30010443,JS-J1592-IGT5-1x,1157,0.09,2.56,0,4,4,3,3,0,1,973.684,1.88428,631.934,1.54848,71.6733,87622.5,7403.56,1371.69,0.0358253,232.363,1223.96,5653.24,5959.95,6141.96,0.00325571,25168.2,8860.95,39.2773,7.61222,149.822,1895.33,368.673,1513.45,2075.94,807.281,789.722
2587,3,2024-12-03 00:00:00,10:38:31,30010443,JS-J1596-IGT5-1x,1157,0.09,2.84,0,4,4,3,3,0,1,1424.51,2.75598,620.415,2.17239,70.6997,85739.3,7838.29,1458.13,0.0381431,241.564,1284.89,5898.19,6354,6414.77,0.00327846,27137,9367.96,40.3741,7.39639,157.506,1993.64,384.136,1601.5,2207.48,842.143,827.673
2588,3,2024-12-03 00:00:00,13:47:51,30010443,JS-H1658-IGT4-1x,1157,0.09,92.67,0,4,4,3,3,0,1,849.171,2.60708,168152,501.252,17973.2,84382.2,1001420,196947,5.29394,12353.9,74386.1,342861,368648,370124,0.0343998,1535090,537752,341.89,258.433,5431.6,69957.3,12291,55852,76402.5,29543.4,26652.2
2589,3,2024-12-03 00:00:00,16:54:38,30010443,JS-H1660-IGT6-1x,1157,0.09,43.51,0,4,4,3,3,0,1,646.811,1.30285,1217.68,3.62258,134.924,94218.5,13722.6,2555.56,0.0668478,359.913,2033.27,9375.92,9761.61,10182.2,0.00359832,40598.4,14699.7,43.0279,12.4327,269.441,3397.24,636.339,2717.2,3753.58,1458.64,1385.91
2593,3,2024-12-04 00:00:00,06:47:20,30010443,JS-H1651-IGT6-1x,1163,0.09,20.42,0,4,4,3,3,0,1,26.4756,0.0709245,742.488,2.67226,86.7051,86500.1,10807.7,2008.62,0.0522608,322.462,1800.5,8375.47,8755.23,9050.28,0.00349671,36283.2,13138.5,46.5842,12.4477,249.609,3151.35,598.497,2512.01,3477.93,1343.9,1296.01
2594,3,2024-12-04 00:00:00,09:55:51,30010443,JS-H1654-IGT2-1x,1163,0.09,16.12,0,4,4,3,3,0,1,20.9865,0.0532797,735.804,2.15551,85.079,83759,10573.3,1968.15,0.051285,313.779,1770.26,8180.17,8636.73,8830.19,0.00349136,36153.7,12899.1,41.9653,12.0621,240.396,3023.41,570.187,2418.16,3343.31,1298.71,1245.09
2595,3,2024-12-04 00:00:00,13:02:44,30010443,JS-H1655-IGT4-1x,1163,0.09,58.84,0,4,4,3,3,0,1,4.12787,0.038711,1808.83,5.18167,198.026,81724.1,13494.3,2517.22,0.065219,267.668,1431.75,6600.75,7065.03,7130.8,0.00333972,30337.4,10421.4,35.2924,6.00045,113.554,1427.16,271.611,1148.06,1577.13,604.452,593.806
2596,3,2024-12-04 00:00:00,16:15:56,30010443,JS-H1656-IGT7-1x,1163,0.09,25.86,0,4,4,3,3,0,1,994.351,1.92381,659.176,2.20104,76.8098,82905.8,10323.2,1920.35,0.0502373,308.397,1710.98,7881.68,8411.69,8512.06,0.00345768,36312.3,12462.2,39.2185,11.0766,220.313,2787.51,535.683,2226.5,3078.97,1182.39,1157.43
2601,3,2024-12-05 00:00:00,07:43:35,30010443,JS-VacLineBlank-09-08-2016-1x,1169,0.09,0.43,0,4,4,3,3,0,1,0.446577,0.00579003,1348.96,3.6893,147.901,87660.7,4630.64,845.969,0.0218919,98.5783,453.182,2095.55,2231.48,2253.26,0.00293523,9471.54,3301.23,26.6575,2.17917,30.7312,385.627,74.3803,317.803,433.509,168.779,162.463
2602,3,2024-12-05 00:00:00,10:56:48,30010443,JS-H1651-IGT2-1x,1169,0.09,69.81,0,4,4,3,3,0,1,98.7032,1.32856,184669,579.085,20774.1,84325.1,1146600,227124,6.12389,14566.6,88487.1,407285,432746,439211,0.0405355,1745900,633969,400.396,302.569,6472.56,83444.5,14677.6,66716.7,91061,35211.5,31885.7
2603,3,2024-12-05 00:00:00,14:16:23,30010443,JS-H1658-IGT2-1x,1169,0.09,47.1,0,4,4,3,3,0,1,616.934,1.28027,2081.51,5.60524,224.03,98252.6,18763.4,3509.02,0.0917362,444.76,2512.38,11603.5,12428,12553.2,0.00380181,53278,18306.2,46.9529,15.1457,320.849,3990.1,750.567,3182.2,4403.75,1705.05,1612.02
2608,3,2024-12-06 00:00:00,07:47:01,30010443,JS-H1660-IGT7-1x,1175,0.09,32.99,0,4,4,3,3,0,1,486.65,1.00226,3648.72,10.9567,399.812,86998.9,25883.4,4852.67,0.126871,451.254,2539.92,11695.7,12633.4,12672.2,0.00381706,54824.2,18610.6,49.9964,11.8837,245.332,3101.41,580.185,2483.39,3424.15,1324.86,1258.19
2609,3,2024-12-06 00:00:00,13:59:16,30050443,BOL2023-SUL1-H2O-5x *H2O SAMPLES*,1175,0.08,19.26,0,4,4,3,3,0,5,9.92062,0.128349,7932.05,23.0739,852.41,81300.6,171012,32170.5,0.851676,3158.25,19133.2,88064.2,94489.3,95698.9,0.0108293,399039,138973,168.342,113.16,2354.06,30351.1,5488.65,24220.2,33273.3,12858.7,11897.3
2630,3,2024-12-09 00:00:00,07:43:07,30050443,LabH2O-12-06-2024-5x,1203,0.07,20.06,0,4,4,3,3,0,5,3.38472,0.0673801,13084.1,40.0733,1403.2,87821.6,289081,54698.7,1.45275,5192.88,31643.8,146168,153863,157904,0.0162391,628907,228188,246.373,176.366,3706.53,47756.8,8483.82,38158.8,52266.2,20218.7,18438.3
2631,3,2024-12-09 00:00:00,11:20:53,30050443,BOL2023-CHA4-H2O-5x,1203,0.07,20.5,0,4,4,3,3,0,5,2.18975,0.0379903,7241.16,23.1592,785.712,87697.3,132165,24852.1,0.655492,2312.07,13761.6,63607.9,68771.1,68889.9,0.00862371,295828,100893,114.882,70.7194,1486.53,19224,3479.45,15380.2,21068,8132.79,7514.38
2632,3,2024-12-09 00:00:00,15:06:03,30050443,NM24-MTZ240828-H2O-5x,1203,0.07,20.22,4,4,4,3,3,0,5,1.56366,0.450479,1918.17,6.06677,215.188,86522.2,213531,40275.9,1.18075,3882.72,23295.5,107558,116079,116337,0.0126879,496225,170349,193.897,131.231,2789.86,35868.7,6425.12,28670.7,39300.5,15219.7,13945.7
2637,3,2024-12-10 00:00:00,07:57:25,30050443,NM24-LMR240831-H2O-5x,1210,0.07,19.34,0,4,4,3,3,0,5,2.94292,0.0554454,11655.5,34.8407,1259.28,86122.2,269164,50888.4,1.3522,5032.01,30376.7,140142,151592,151464,0.0157066,650034,222066,251.266,177.91,3749.2,48212.8,8611.05,38477.7,52721.6,20416.2,18648.4
2638,3,2024-12-10 00:00:00,11:52:16,30050443,LabH2O-12-06-2024-5x,1210,0.07,20.49,0,4,4,3,3,0,5,4.58697,0.0666464,13082.4,39.6507,1409.57,86741.4,269255,50762.1,1.3459,4667.98,28067,129253,139777,139881,0.0146813,596230,204463,217.063,148.95,3202.31,41146.7,7332.92,32865.1,44977.8,17427.8,15935.2
2639,3,2024-12-10 00:00:00,15:18:51,30010443,LabAir-12-10-2024-1x *GAS SAMPLES*,1210,0.08,15.76,0,4,4,3,3,0,1,21.2863,0.344997,55641.4,168.994,6017.33,88661.4,399108,75928.5,2.01951,4022.24,24332.4,112432,119387,121667,0.0131445,494155,176440,128.393,79.4849,1692.31,21729.1,3883.84,17353.2,23788.7,9219.59,8401.7
2645,3,2024-12-12 00:00:00,11:45:08,30010443,LabAir-12-10-2024-1x,4,0.08,16.07,0,4,4,3,3,0,1,24.5738,0.38268,102979,316.813,11129.3,90233.1,411917,78541.9,2.08821,4180.05,25017.5,115252,124527,125021,0.0133796,525676,181912,152.71,83.7084,1749.65,22327.6,4000.57,17859.9,24401.5,9500.37,8630.23
2674,3,2024-12-16 00:00:00,10:32:14,30010443,LabAir-12-10-2024-1x,48,0.08,17.08,0,4,4,3,3,0,1,25.6224,0.39275,48550.6,138.199,5015.18,97622.8,427905,81664.3,2.17288,4342.96,26239.1,121212,130273,131088,0.013965,550764,191010,131.455,86.2976,1818.52,23388.2,4179.92,18716.5,25654.9,9898.99,9068.36
2675,3,2024-12-16 00:00:00,13:40:37,30010443,ES24-OLL-1-1x,48,0.09,29.66,0,4,4,3,3,0,1,46.0457,0.427521,52949.6,154.107,5486.62,97803.1,428118,81698.6,2.17417,4368.81,26229.1,120993,130823,131172,0.0139188,556216,191648,128.92,86.2931,1819.08,23457.9,4175.75,18720.3,25669.3,9948.19,9112.63
2676,3,2024-12-16 00:00:00,16:48:36,30010443,ES24-PAC-1-1x,48,0.08,18.03,0,4,4,3,3,0,1,33.5082,0.456622,59539.5,176.362,6163.9,97383.3,458268,87588.4,2.33172,4621.33,28010,128927,135545,140164,0.0146438,545819,201353,140.482,90.4887,1930.27,24898,4417.4,19894.3,27231.4,10554.6,9642.67
2680,3,2024-12-17 00:00:00,07:12:48,30010443,ES24-PCH-1-1x,54,0.09,30.94,0,4,4,3,3,0,1,39.653,0.436655,49668.1,147.059,5169.57,95643,430532,82174.5,2.18568,4475.43,26801.1,123254,133700,134032,0.014119,568463,195396,157.489,91.41,1935.59,24861.2,4459.86,19883.7,27268.3,10563.6,9684.08
2685,3,2024-12-18 00:00:00,07:31:42,30010443,ES24-RII-1-1x,62,0.14,23.22,0,4,4,3,3,0,1,1878.21,5.57816,12667.7,37.0677,1324.51,109533,459906,87770.2,2.36461,8903.91,53679.8,248418,265008,267622,0.0253776,1106800,389172,389.966,288.314,6175.23,79669.6,13957.4,63607.3,86941.6,33732,30457.7
2686,3,2024-12-18 00:00:00,10:39:53,30010443,ES24-INF-1-1x,62,0.15,23.41,0,4,4,3,3,0,1,69.4887,0.171472,283.119,1.33699,35.0301,99134.1,1508.43,260.33,0.00698606,77.9251,255.049,1166.13,1234.63,1267.87,0.00282136,5230.79,1841.47,38.2436,1.42074,28.6176,354.116,69.6977,280.262,396.637,154.964,152.149
2687,3,2024-12-18 00:00:00,14:48:26,30010443,ES24-AHU-3-1x,62,0.14,15.77,0,4,4,3,3,0,1,121.99,0.414362,22151.1,66.7545,2296,87320.2,203048,38190.2,1.01678,2096.4,12568.8,57897.5,61242.3,62889.6,0.00800344,254957,91029.4,86.3771,41.3933,873.503,11320.3,2032.87,9061.09,12487.8,4826.95,4461.67
2688,3,2024-12-18 00:00:00,17:57:33,30010443,ES24-TIL-1-1x,62,0.16,17.09,0,4,4,3,3,0,1,24.144,0.389461,56423.8,164.501,5822.29,90000.2,425810,81004.4,2.1636,4291.58,25874.6,120019,127622,129596,0.0137375,536306,188555,141.853,83.8093,1799.7,23231.2,4120.41,18560.1,25464.5,9864.44,9024.88
2693,3,2024-12-19 00:00:00,09:31:16,30010443,ES24-COP-1-1x,68,0.13,19.01,0,4,4,3,3,0,1,36.2857,0.507261,62154.4,182.914,6446.68,98800.1,470554,89652.9,2.39295,4721.16,28385.1,131660,138640,141813,0.0149081,572983,205720,155.718,93.3734,1958.15,25223.6,4469.29,20169.2,27616.2,10675.8,9774.87
2694,3,2024-12-19 00:00:00,12:37:35,30010443,ES24-TLA-1-1x,68,0.13,19.19,0,4,4,3,3,0,1,87.285,0.390017,33920.7,96.7963,3507.68,98546.6,263270,49692.7,1.32304,2685.34,16101.6,74585.4,79148.7,80528.4,0.00959797,331530,117457,104.135,54.4542,1118.17,14368.2,2562.51,11477.4,15775.2,6105.21,5620.14
2695,3,2024-12-19 00:00:00,15:44:54,30050443,ES24-INF-1-5x,68,0.13,24.43,0,3,3,0,3,0,5,295.872,0.725028,17314.6,49.4444,1791.05,98920.6,206373,38523.7,1.02472,3480.91,20430.3,94503,101492,102021,0.011433,432551,148811,183.759,116.55,2480.67,32055.8,5678.03,25592.3,35073.6,13553.8,12381.5
2700,3,2024-12-20 00:00:00,09:04:49,30010443,ES24-CHI-1-1x,74,0.13,19.13,0,4,4,3,3,0,1,195.584,1.01102,53550.1,153.061,5530.49,93404.5,462145,88624,2.35354,4871.21,29571.8,135402,145603,147988,0.0152012,601828,213251,163.137,100.973,2179.65,27998.4,5011.34,22367.2,30683.7,11874.5,10843.1
2707,3,2025-04-09 00:00:00,09:45:41,30010443,LabAir-04-07-2025-1x,88,0.05,15.09,0,4,4,3,3,0,1,22.8378,0.339687,82509.7,225.311,7801.85,77.4451,353872,64809.8,1.70666,4167.84,23497.9,106854,118439,116829,0.0127863,520298,172203,131.461,85.4253,1823.06,23211.3,3765.6,18505.7,25498.9,9866.52,8128.28
2708,3,2025-04-09 00:00:00,12:54:22,30010443,1%HeTank-3inTube-1x *1.6e-10 Quad He*,88,0.05,15.4,4,2,2,0,3,0,1,6.45502,1.22151,14244.8,36.4764,1375.27,63307.5,401400,72366.3,1.88115,92.5126,339.804,1445.13,1628.51,1645.19,0.00287089,7160.52,2342.79,33.4268,3.97508,82.3478,1041.53,169.411,818.62,1128.48,450.377,359.435
2709,3,2025-04-09 00:00:00,16:18:36,30010443,1%HeTank-1inchTube-1x  *5.7e-11 Quad He*,88,0.05,6.25,4,2,2,0,3,0,1,4.48105,0.717311,9832.45,26.0654,954.805,63422.2,123683,22019.4,0.569859,57.5661,168.806,690.374,786.016,785.994,0.00280279,3426.26,1117.77,30.0438,1.83156,36.089,431.482,71.2089,351.241,488.883,190.722,154.49
2714,3,2025-04-10 00:00:00,07:47:35,30010443,1%HeTank-3inTube-1x  *1.6e-10 Quad He*,95,0.05,16.28,4,2,2,0,3,0,1,5.84368,1.15702,450.419,36.373,1390.72,63122.4,429926,77706.1,2.02395,86.1225,274.795,1149.71,1319.85,1333.73,0.00284784,5750.63,1866.22,43.8754,3.42238,67.4878,848.999,144.152,692.54,941.714,368.393,309.153
2715,3,2025-04-10 00:00:00,11:08:22,30050443,LabAir-04-07-2025-3in-BigBulb-5x,95,0,2.69,0,4,4,3,3,0,5,19.4451,0.29121,57145.5,154.358,5465.04,86477.7,309687,56640.4,1.49333,3683.07,20667.4,93730,104190,102723,0.01157,458403,151846,117.613,72.6862,1586.51,20026.9,3300.33,15999.8,22049.3,8541.34,7119.12
2716,3,2025-04-10 00:00:00,14:16:51,30010443,1%HeTank-1.75inTube-BigBulb-1x  *1.9e-11 Quad He*,95,0,1.73,4,2,2,0,3,0,1,1.5978,0.23558,8689.75,22.427,835.178,58243.8,18914.5,3330.23,0.0851267,40.3959,64.2574,267.732,309.349,92.218,0.00277549,1356.51,438.909,29.4375,0.616655,11.6212,139.696,23.0405,113.888,150.495,61.4544,51.8673
2722,3,2025-04-11 00:00:00,08:51:30,30010443,1%HeTank-3inTube-BigBulb-1x  *3.0e-11 Quad He*,103,0,2.62,4,2,2,0,3,0,1,2.47513,0.350849,16917.3,44.6391,1613.57,51316.4,33866.9,5988.18,0.153962,41.6417,40.6324,73.3251,213.154,291.717,0.0027606,547.684,368.899,31.1452,0.587518,12.8128,154.733,26.581,128.341,174.367,66.986,54.7678
2723,3,2025-04-11 00:00:00,12:23:37,30010443,1%HeTank-6.75inTube-BigBulb-1x  *6.3e-11 Quad He*,103,0,5.5,4,2,2,0,3,0,1,3.6605,0.663538,9970.5,28.7003,960.505,52051.4,106070,18921.3,0.490402,54.8173,62.0489,116.807,353.696,440.533,0.00275743,941.057,551.597,40.0692,0.881319,22.4956,271.116,43.3555,216.705,307.146,118.82,99.6005
2724,3,2025-04-11 00:00:00,15:33:29,30010443,KD-Blue-Green-1inTube-BigBulb-1x  *4.8e-11 Quad He*,103,0.01,1.15,4,2,4,0,3,0,1,8.20904,0.536233,600.651,4.6262,76.3485,55174.2,262.425,46.9424,0.0271425,121.932,517.407,2258.72,2525.95,2517.95,0.00295308,11093,3679.92,33.5288,3.56205,72.6415,969.926,154.631,745.276,1040.25,432.051,368.662
2745,3,2025-04-14 00:00:00,08:22:02,30010443,KD-White-Black-3inTube-BigBulb-1x *Low Quad Reading*,133,0,2.38,3,3,4,0,3,0,1,16.3103,0.654635,112243,298.814,10295.8,71621,15882,2812.35,0.0853991,3273.2,18173.1,82022.7,91257.9,89791.6,0.010391,400265,131778,106.976,58.0015,1221.79,15583.7,2566.69,12378.9,17082.4,6568.63,5510.01
2746,3,2025-04-14 00:00:00,11:31:19,30010443,KD-Pink-Purple-1inTube-BigBulb-1x  *3.5e-11 Quad He*,133,0,1.03,4,2,4,0,3,0,1,6.32642,0.411485,962.588,6.65509,105.411,60538.7,258.106,42.6141,0.0209071,120.809,499.084,2196.99,2460.61,2442.22,0.00294406,10761.1,3552.57,35.0211,3.48202,61.5738,812.096,132.986,635.206,870.837,361.974,310.938
2747,3,2025-04-14 00:00:00,14:51:47,30010443,KD-Green-3inTube-BigBulb-1x  *H2O in sample - 3.5e-11 Quad He*,133,0.02,20.82,4,2,4,0,3,0,1,8.42781,0.443495,6452.62,34.2646,610.643,58468.4,1613.17,285.887,0.0980491,658.819,3573.74,16192.6,17918,17692.5,0.00425376,79367.2,26301.1,58.6474,20.8984,439.283,5637.28,924.224,4472.69,6220.18,2470.24,2097.91
2751,3,2025-04-15 00:00:00,07:52:40,30050443,LabAir-04-07-2025-3intube-BigBulb-5x,139,0,2.88,0,4,4,3,3,0,5,21.4187,0.321138,60898.1,165.114,5783.42,67902.6,328566,60298.3,1.59393,3975.57,22448.5,102173,113322,111799,0.0123733,498175,165635,123.91,79.3483,1681.67,21355.8,3601.33,17082.2,23570,9147.61,7762.47
2752,3,2025-04-15 00:00:00,11:04:15,30010443,KD-Grey-3inTube-BigBulb-1x  *2.9e-11 Quad He*,139,0,3.72,4,2,4,0,3,0,1,5.59919,0.367186,2952.06,16.5417,285.441,50886.6,1078.03,188.148,0.0672573,247.604,1241.36,5512.41,6173.26,6089.1,0.00325592,27211.6,8973.91,36.3812,7.94686,157.144,2011.92,333.444,1596.3,2231.12,879.81,761.641
2753,3,2025-04-15 00:00:00,14:11:43,30010443,KD-Purple-Blue-1inTube-BigBulb-1x  *2.3e-11 Quad He*,139,0,1.03,4,0,3,0,3,0,1,4.7555,0.284504,13215.2,62.8178,1263.81,51993.3,8960.02,1598.49,0.350019,239.416,1216.82,5437.79,6091.68,6008.36,0.00325007,26809.7,8864.94,33.9455,6.53818,125.417,1594.54,265.754,1254.49,1765.32,695.705,584.302
2754,3,2025-04-15 00:00:00,17:18:39,30010443,KD-Purple-Red-1inTube-BigBulb-1x  *1.6e-11 Quad He*,139,0,1.1,4,0,3,0,3,0,1,4.3022,0.189716,4688.95,33.0943,485.837,50148.6,3751.56,672.994,0.384055,117.65,516.242,2253.33,2532.5,2518.03,0.00294869,11140.9,3713.13,32.7762,3.70023,74.2508,932.037,152.144,730.095,1025.14,416.103,353.692
2759,3,2025-04-16 00:00:00,09:57:35,30010443,NM24-PDS240831-1inTube-BibBulb-1x  *2.5e-11 Quad He*,145,0,1.04,4,0,4,0,3,0,1,1.45489,0.305103,378.823,296.512,10765.1,42226,9987.88,1785.17,0.0556796,3686.83,20836.2,95051.3,105236,104044,0.0116903,464961,154496,151.335,99.094,2070.32,26226.4,4351.32,21033.5,29051.3,11244.2,9430.32
2760,3,2025-04-16 00:00:00,13:23:18,30010443,NM24-GLR240904-3inTube-BigBulb-1x  *7e-12 Quad He*,145,0,7.24,3,4,4,3,3,0,1,10.7552,2.12691,6933.81,19.5125,670.439,79664.7,134906,24619.4,0.659975,2527.17,14151.3,64777.1,71591.8,70628.2,0.00884129,317176,105055,117.924,67.7155,1510.51,19177.9,3276.89,15345.8,21208,8217.66,7071.75
2761,3,2025-04-16 00:00:00,16:35:34,30010443,CJ-MSPL-RC02-241026-1x,145,0.04,14.33,0,4,4,3,3,0,1,17.2414,0.192233,33915.7,93.2921,3206.99,73512.3,275942,50525,1.33271,4002.39,22480.4,102493,113253,111823,0.0123729,499000,165550,137.796,89.5325,1919.12,24389.1,4089.99,19476,26909.3,10408,8870.93
2766,3,2025-04-17 00:00:00,08:32:28,30010443,CJ-MSPL-GS-241026-1x,153,0.03,26.92,0,4,4,3,3,0,1,17.5933,0.197596,38979.6,105.041,3665.72,76709.7,251742,45985.9,1.21289,3591.9,20223.4,92072.1,102132,100763,0.0114065,449547,149109,120.259,79.9612,1711.28,21804.4,3672.41,17362.7,23994.7,9275.2,7912.87
2767,3,2025-04-17 00:00:00,12:38:07,30010443,CJ-MSPL-RC02-250403-1x,153,0.05,13.84,0,4,4,3,3,0,1,16.6246,0.196704,39475.4,109.402,3716.38,74188,275830,50460.9,1.33046,3743.26,20953.2,95622.3,105747,104362,0.011759,466296,154681,118.272,76.7046,1610.2,20396.6,3421.77,16276.4,22488.6,8706.03,7418.9
2768,3,2025-04-17 00:00:00,15:59:33,30010443,CJ-MSPL-GS-250403-1-1x,153,0.05,20.75,0,4,4,3,3,0,1,19.8935,0.221509,39137.6,105.822,3709.59,74127.8,343913,63140.8,1.67407,5284.01,29867.7,136352,150603,148451,0.0156113,660921,219939,178.292,125.886,2665.97,33873.9,5665.22,27042.9,37371.6,14474.2,12240.2
2773,3,2025-04-18 00:00:00,08:17:14,30010443,CJ-MSPL-GS-250403-2-1x,159,0.05,14.72,0,4,4,3,3,0,1,17.0083,0.190934,29454.5,79.2068,2771.52,75993.6,274073,50178.6,1.3252,4174.28,23558.5,107121,118745,117171,0.0128271,523276,173630,147.128,98.5327,2066.53,26212,4411.53,20962.8,28900.9,11182.5,9525.61
2774,3,2025-04-18 00:00:00,11:43:38,30010443,CJ-PBS2L-250406-1x,159,0.04,27.03,0,4,4,3,3,0,1,15.3125,0.234516,643.09,75.87,2932.36,82237.4,268170,49064.3,1.29403,3559.61,19995.3,91456.9,101052,99654.3,0.0113565,445361,147666,117.783,73.0443,1591.58,20121.2,3412.54,16078.7,22220.9,8606.44,7354.16
2775,3,2025-04-18 00:00:00,15:03:35,30010443,CJ-NAG4A-241115-1x,159,0.05,14.1,0,1,2,0,3,0,1,147.079,0.40253,36624.1,97.3857,3446.8,46589,101638,18239.6,0.524664,1001.5,5480.56,24852.6,27547.4,27149.5,0.00508029,122131,40201.8,68.2785,33.6841,737.804,9360.38,1568.39,7470.53,10365.2,4002.1,3360.43
2796,3,2025-04-21 00:00:00,08:58:23,30010443,CJ-SJDM-241217-1x,187,0.05,14.47,0,4,4,3,3,0,1,613.846,2.15196,12406.9,33.5069,1173.66,78665.9,114004,20685.4,0.546784,1939.42,10818.9,49470.9,54730.5,53992.4,0.00739239,241944,80126.6,88.873,44.3193,970.482,12286.4,2122.04,9802.9,13570.1,5260.33,4580.32
2797,3,2025-04-21 00:00:00,12:11:09,30010443,CJ-PBS2L-250406-1x-2nd,187,0.05,21.24,0,4,4,3,3,0,1,18.2221,0.285696,66402.7,180.861,6294.58,77216.1,370082,68213.1,1.80933,5422.09,30522.5,139472,154053,152186,0.015855,677239,225551,173.598,117.917,2516.34,32002.2,5396.97,25613.1,35279.4,13693.2,11728.6
2833,3,2025-04-30 00:00:00,08:41:53,30010443,1%HeTank-3inTube-BigBulb-1x *2.6e-11 Quad He*,261,0.01,2.64,4,0,0,0,3,0,1,2.58283,0.333362,44259.9,123.191,4294.77,8857.08,216217,39107.8,1.03393,67.0034,84.7317,358.226,428.16,437.382,0.00276694,1793.14,628.768,53.5111,0.76877,15.7092,198.922,32.8597,161.858,222.632,87.1673,71.2804
2834,3,2025-04-30 00:00:00,11:57:17,30050443,LabAir-04-24-2025-3inTube-BigBulb-5x,261,0.01,2.79,0,4,4,3,3,0,5,20.5258,0.299811,38755.9,104.61,3749.47,6895.79,353809,65567.3,1.75883,3710.9,20862.4,94574.9,105218,103826,0.0116872,460752,153454,141.162,72.7763,1539.95,19425.6,3293.42,15482.6,21454.4,8303.01,7137.32
2840,3,2025-05-01 00:00:00,07:25:18,30010443,H1-COMINGLE-09-10-8A-1inTube-BigBulb-1x *6.9e-11 Quad He*,271,0.01,1.41,4,3,4,0,3,0,1,9.47306,0.841015,2524.71,8.22353,257.475,7416.16,22626.6,4121.34,0.293999,5254.92,29713.1,135608,150082,148195,0.0155181,657797,219207,219.844,137.592,2953.56,37681.2,6144.05,30085.7,41667.4,16168,13466.3
2841,3,2025-05-01 00:00:00,10:41:59,30010443,1%HeTank-5inTube-BigBulb-1x *4.9e-11 Quad He*,271,0.01,4.41,4,2,2,0,3,0,1,3.46496,0.532666,5562.12,14.8406,563.045,8820.91,99672.1,17934.2,0.472619,78.3795,70.0554,161.535,303.8,80.0647,0.00276153,813.415,606.229,60.6753,1.51336,20.204,244.695,42.0778,199.458,270.971,101.97,92.5085
2842,3,2025-05-01 00:00:00,13:54:27,30010443,H1-COMINGLE-11-50-9A-.5inTube-BigBulb-1x *3.2e-11 Quad He*,271,0.01,0.59,4,0,4,0,3,0,1,5.65209,0.417716,24906.2,73.2834,2442.48,10119.3,7080.57,1275.96,0.0837255,1548.19,8528.56,38758.1,42997.3,42500.4,0.00637335,188904,62764.8,88.3599,33.7579,725.422,9236.38,1543.03,7419.46,10302.7,3998.88,3348.45
2843,3,2025-05-01 00:00:00,17:06:59,30010443,H1-Karoo-20-40-2A-.5inTube-BigBulb-1x * 3.7e-11 Quad He*,271,0.01,0.6,4,0,4,0,3,0,1,5.47739,0.419513,49432,149.186,4812.54,11007.2,8088.85,1463.3,0.0952884,1880.96,10479.5,47739.6,52887.9,52131.4,0.00721562,233478,77344.7,102.749,46.6468,965.419,12189.5,2021.85,9771.52,13543.3,5268.06,4406.43
2847,3,2025-05-02 00:00:00,07:46:23,30010443,H1-Karoo-03-46-3A-.5inTube-BigBulb-1x,277,0.01,0.62,4,0,3,0,3,0,1,2.42573,0.176792,396214,1145.63,38309.4,8793.04,186912,34299.7,1.90571,2035.12,11331.4,51168.4,56934.7,56154,0.00755881,249637,83062.9,115.542,43.5627,971.328,12324.5,2034.12,9812.89,13646.9,5305.97,4421.74
2848,3,2025-05-02 00:00:00,10:59:51,30010443,H1-COMINGLE-09-10-8A-.5inTube-BigBulb-1x,277,0.01,0.89,4,3,4,0,3,0,1,7.53626,0.558077,13593.1,40.4627,1320.84,7970.88,14440.7,2608.08,0.166084,3443.37,19304.4,87814.8,97268.1,96197.3,0.0109856,426423,141984,169.262,87.5191,1860.05,23537.4,3884.94,18832.4,26073.1,10142.3,8469.7
2849,3,2025-05-02 00:00:00,14:14:32,30010443,H1-Karoo-07-45-4A-.5inTube-BigBulb-1x,277,0.01,0.84,4,0,3,0,3,0,1,4.81979,0.360506,165795,506.309,16116.3,10696.8,132934,24395.8,1.7743,1637.14,8972.78,40626.4,45267.6,44680.5,0.00657022,200002,66300.9,122.155,39.4807,825.422,10455,1741.94,8343.71,11607.8,4508.17,3788.79
2869,3,2025-05-05 00:00:00,07:29:29,30010443,H1-Karoo-11-20-1A-.5inTube-BigBulb-1x,317,0.01,0.64,0,0,3,0,3,0,1,1.45493,0.0887014,870354,2457.25,86709.1,6330.11,260766,47974.9,1.3603,2820.24,15675.3,70962.5,79042,78140.5,0.00944593,347692,115657,139.641,58.115,1251.49,15700.3,2604.54,12589.4,17438.6,6724.67,5684.72
2870,3,2025-05-05 00:00:00,10:43:25,30010443,H1-Karoo-08-45-6A-.5inTube-BigBulb-1x,317,0.01,0.63,4,3,3,0,3,0,1,5.19162,0.387922,9048.4,27.582,890.427,6481.01,185213,34114.8,2.49359,2367.46,13122.7,59696.3,66327.7,65436.2,0.00838332,292705,96961.1,140.657,58.7953,1272.88,16179.5,2686.62,12873.3,17889.4,6956.04,5850.79
2871,3,2025-05-05 00:00:00,14:05:43,30010443,1%He-Tank-5.5inTube-BigBulb-1x,317,0.01,5.01,4,2,2,0,3,0,1,4.04524,0.580131,10795.6,29.8908,1067.23,8522.25,110815,19958.3,0.526222,88.2085,119.177,522.284,586.034,592.63,0.00278025,2569.53,849.869,71.5836,0.648542,14.0294,194.571,32.674,153.538,206.554,85.7321,75.5165
2876,3,2025-05-06 00:00:00,07:34:20,30010443,GL22-KT220826-1-BigBulb-1x,325,0.01,1.52,3,3,4,0,3,0,1,73.3351,2.46399,41741.8,114.828,4069.53,8042.28,47331.7,8610.26,0.245951,12721.7,72501.4,330204,363387,358662,0.0338506,1551100,528440,501.054,368.1,7777.06,99285.3,16378.5,79376.4,109531,42520,35598
2881,3,2025-05-07 00:00:00,07:19:18,30010443,LabAir-04-24-2025-3inTube-1x,335,0.05,16.74,0,4,4,3,3,0,1,26.3607,0.370745,86226.5,229.908,8359.57,5806.44,425530,79209,2.12884,4557.83,25538.4,115550,128855,127192,0.0136529,563482,187674,185.815,86.985,1890.02,23792.8,4060.73,18997.8,26313.2,10167.2,8777.57
2882,3,2025-05-07 00:00:00,11:23:32,30010443,GL22-NF220826-1-1x,335,0.05,16.44,4,4,4,3,3,0,1,1.73335,0.255343,67143.6,181.455,6513.53,7157.32,628538,118359,3.20437,9298.53,52865.7,239519,265364,262095,0.0253436,1141140,385304,378.994,246.543,5230.74,66543.6,11201.3,53089.7,73239.1,28389.4,24137.9
2883,3,2025-05-07 00:00:00,14:49:20,30010443,GL22-RF220827-2-1x,335,0.05,17.68,2,4,4,3,3,0,1,13.2265,2.15902,48924.4,135.421,4744.29,6329.09,532353,99681.5,2.68573,8332.25,47429.7,216486,238799,235347,0.0230996,1034880,347276,363.359,238.126,5049.44,64469.4,10853.6,51459.3,70801.9,27445,23398.2
2888,3,2025-05-08 00:00:00,08:47:20,30050443,LabH2O-05-07-2025-5x,342,0.05,20.34,0,4,4,3,3,0,5,4.48328,0.0659712,17247.5,47.2623,1673.32,5440.48,264920,48878.6,1.31005,4803.41,27124.5,123373,136723,134923,0.0143719,594955,198911,271.648,158.046,3315.85,41956.2,7175.18,33449.8,46233.9,17890.6,15504
2889,3,2025-05-08 00:00:00,12:44:47,30050443,LabH2O-05-07-2025-5x,342,0.05,20.86,0,4,4,3,3,0,5,4.54204,0.068184,17604.4,48.2902,1710.58,5332.07,284595,52673.9,1.4118,5319.44,30022.8,136311,151158,149099,0.0155969,659066,220134,295.334,175.322,3786.11,47782.8,8148.35,38113.5,52688.5,20397.5,17630.5
2895,3,2025-05-09 00:00:00,10:18:35,30050443,FH-RAH1-H2O-5x,349,0.04,23.27,0,4,4,3,3,0,5,3.97188,0.04554,11313.5,29.6162,1098.67,5280.43,146814,26956.2,0.720269,2693.8,14937.9,67428.4,75146,74107.7,0.00914427,328497,109559,198.558,83.2748,1784.94,22606.6,3970.66,18028.7,25061.7,9711.07,8555.74
2896,3,2025-05-09 00:00:00,14:36:58,30050443,LabH2O-05-09-2025-5x,349,0.05,23.13,0,4,4,3,3,0,5,4.72422,0.0645735,15685.7,44.4398,1528.81,4997.41,243441,44851,1.19747,4122.02,23148.3,105122,116877,115081,0.0126864,510786,170015,229.941,123.969,2619.63,33353.8,5776.79,26633.7,36891.4,14291.2,12448.4
2962,3,2025-05-19 00:00:00,08:17:21,30050443,AS-CRB23-Moscow2-H2O-5x,468,0.05,21.4,0,4,4,3,3,0,5,7.63318,0.301573,21571.1,60.0127,2159.38,5446.58,374924,71109.8,1.91003,7635.44,44132.1,199562,221972,219017,0.021676,959375,323024,433.43,285.516,6092.74,77044.1,13237.1,61581.6,85081.1,33020.3,28572.9
2963,3,2025-05-19 00:00:00,11:57:50,30050443,LabH20-05-09-2025-5x,468,0.04,21.43,0,4,4,3,3,0,5,4.78296,0.0650409,16778.8,47.3912,1682.53,5123.3,285790,53978.9,1.44714,5549.17,31884.3,144490,160799,158498,0.0164508,700244,234207,319.303,194.712,4110.35,51644.9,8848.78,41283.3,57100.7,22147.4,19198.6
2964,3,2025-05-19 00:00:00,16:08:37,30050443,AS-CRB23-Pullman8-H2O-5x,468,0.04,22.11,0,4,4,3,3,0,5,275.436,1.99463,21387.2,57.9056,2137.37,5555.6,380180,71966.8,1.9376,7733.34,44731.8,202450,225043,222446,0.0218669,970648,327097,435.945,290.373,6215.15,78570,13491.3,62707.8,86717.7,33607.8,29084.6
2968,3,2025-05-20 00:00:00,08:19:21,30050443,LabH2O-05-09-2025-5x,474,0.05,20.85,0,4,4,3,3,0,5,4.7541,0.0643376,17091.1,48.5954,1703.25,5850,281175,53007.3,1.42482,5409.1,31071.9,140725,156491,154443,0.0161129,681917,228138,304.557,184.562,3949.65,49824.6,8576.44,39813.3,55127.3,21351.4,18535.8
2969,3,2025-05-20 00:00:00,13:25:09,30050443,LabH2O-05-09-2025-5x,474,0.04,20.85,0,4,4,3,3,0,5,4.9937,0.0660098,17566.7,50.7939,1734.47,5636.32,293145,55346.5,1.48701,5691.06,32914.7,148505,165706,163562,0.0168274,717240,240895,316.655,196.343,4224.5,53501.9,9198.22,42716.5,59148.4,22924.7,19880
2974,3,2025-05-21 00:00:00,07:59:51,30050443,AS-RN042813-H2O-5x,481,0.04,21.61,0,4,4,3,3,0,5,13.4697,0.196186,46929.3,131.992,4672.67,5775.59,548524,104752,2.82498,9480.72,55063.2,247503,276837,273499,0.0262358,1182800,401924,422.102,302.376,6379.22,80336.2,13753.5,64173.9,88794.9,34422.5,29787.9
2975,3,2025-05-21 00:00:00,11:41:13,30050443,AS-RN019809-H2O-5x,481,0.04,22.33,3,4,4,3,3,0,5,3.18464,2.0517,36695.8,105.689,3662.58,5687.15,530503,101263,2.72981,9043.39,52491.3,237230,263846,260854,0.0251453,1128750,382604,408.015,283.402,6013.79,76068.5,13015,60744,84034.1,32537.5,28098.8
2976,3,2025-05-21 00:00:00,15:44:26,30050443,AS-RN044410-H2O-5x,481,0.04,21.36,0,4,4,3,3,0,5,10.1874,0.409993,33713.1,95.5592,3385.88,5971.78,460851,87841.3,2.36423,8212.86,47756.3,216585,239886,236884,0.0232608,1035660,349103,377.521,263.901,5639.05,71465.1,12205.4,57047.3,78878.4,30593.2,26435.7
2981,3,2025-05-22 00:00:00,08:23:01,30050443,LabH2O-05-21-2025-19.8C-5x  *Power glitch - Compressor issues*,488,0.04,20.03,0,4,4,3,3,0,5,4.3545,0.0647498,16901.8,46.2946,1680.76,5357,279070,52761.2,1.41622,5349.52,30809.8,138294,155242,153394,0.0158264,671579,225927,309.489,183.377,3952.2,49840.7,8620.92,39838.2,55163.5,21396.6,18625.9
3012,3,2025-05-27 00:00:00,08:20:36,30050443,AS-RN044414-H2O-5x,548,0.09,21.2,3,4,4,3,3,0,5,1.56299,1.13515,43168.2,120.155,4291.38,4943.76,511459,97908.7,2.63876,7476.86,43595.4,195698,218913,216093,0.0213266,939522,317710,325.544,213.05,4563.37,57659.3,9928.1,46047,63871.1,24751,21473.9
3013,3,2025-05-27 00:00:00,12:10:33,30050443,LabH2O-05-21-2025-19.8C-5x,548,0.08,20.93,0,4,4,3,3,0,5,4.52172,0.0650725,14421.1,41.4731,1445.87,4634.17,276488,52407.2,1.40866,5174.34,30218.4,135901,152074,150171,0.015652,658072,221463,274.161,175.382,3786.43,47933,8361.86,38229.7,53073.9,20564.8,18074.7
3014,3,2025-05-27 00:00:00,16:12:20,30050443,AS-CRB23-Moscow9-H2O-5x,548,0.09,21.1,0,4,4,3,3,0,5,199.292,2.19708,17491.2,49.9431,1754.9,5008.85,369849,70544.4,1.89824,7443.86,43380.2,195509,218264,215443,0.0212304,943359,317901,395.805,277.459,6013.64,75632.2,13073.5,60335.3,83699.5,32423.8,28389.4
3018,3,2025-05-28 00:00:00,07:58:57,30050443,AS-RN017585-H2O-5x,554,0.09,21.32,0,4,4,3,3,0,5,9.75724,0.192127,28981.3,81.8075,2883.54,5438,406927,77374.8,2.07838,6330.63,36758.7,165045,184746,182322,0.0183924,797311,268436,285.832,179.251,3841.02,48216.9,8359.86,38503,53326.6,20657.8,18050.6
3019,3,2025-05-28 00:00:00,11:47:05,30050443,LabH2O-05-21-2025-19.8C-5x,554,0.08,22.07,0,4,4,3,3,0,5,4.385,0.0664367,13686.2,36.7646,1358.61,4986.77,273283,51844.2,1.39185,4995.31,29002.6,131374,146257,144394,0.0152386,634540,213131,269.213,170.524,3585.28,45383.8,7937.56,36194,50305.5,19527.7,17160.8
3020,3,2025-05-28 00:00:00,15:39:07,30050443,CH24-Quitralco-E8-H2O-1/4tube-5x,554,0.08,20.09,0,4,4,3,3,0,5,30.4895,0.461035,74605.7,208.516,7427.34,5244.98,539874,103672,2.79503,6626.13,38637.5,174544,194790,192107,0.0193329,842221,283781,258.474,166.704,3502.68,44232.7,7635.85,35328.6,48944.1,18996.4,16535.7
3024,3,2025-05-29 00:00:00,08:03:23,30050443,CH24-Quitralco-E7-H2O-5x  *He and Ne ONLY  - LEAK TO AIR*,560,0.09,25.51,0,4,4,3,3,0,5,491.851,6.9852,974317,2898.75,102088,9216.82,0,0,0,0,0,0,0,0,0,0,0,0,0,0,0,0,0,0,0,0
3025,3,2025-05-29 00:00:00,12:17:17,30010443,"CH24-Quitralco-E7-H2O-2.5""section-1x",560,0.09,17.85,0,4,4,3,3,0,1,0.226191,0.00198718,2329.48,3.82258,58.0471,5698.62,3806.6,697.66,0.0181839,152.919,504.52,2235.96,2563.17,2531.61,0.00294622,11076.6,3751.98,63.8601,2.80265,60.0509,736.81,138.044,588.143,833.358,322.157,298.321
3026,3,2025-05-29 00:00:00,15:27:15,30050443,CH24-Quitralco-E7-H2O-lftvr-5x,560,0.08,19.92,0,3,4,0,3,0,5,0.545431,0.00612589,36718.6,103.601,3663.81,4953.27,27991.8,5214.21,0.138862,10889.6,63430.9,286064,318700,315285,0.0300799,1350490,463715,571.341,426.845,8927.94,113407,19244,90607.9,125742,48853.6,41941.3
3027,3,2025-05-30 00:00:00,08:10:10,30050443,CH24-Quitralco-E7-10in-H2O-5x,560,0.08,20.05,0,4,4,3,3,0,5,1.52201,0.0220879,5381.6,14.9071,539.724,6337.13,105713,19969.8,0.534189,2178.82,12463.4,55849.8,62802.5,62004.5,0.00810968,273284,91825.4,153.404,74.0316,1598.39,20120.6,3617.15,16056,22437.5,8679.68,7849.28
3028,3,2025-05-30 00:00:00,12:24:31,30050443,AS-RN019452-H2O-5x,560,0.08,21.78,1,4,4,3,3,0,5,6.1047,2.67768,29394.6,83.7882,2922.91,4437.36,449543,86104.2,2.32056,7802.48,45296.2,204126,228182,225457,0.0220515,977129,331638,376.196,248.04,5266.29,66510.5,11514.1,53196,73800,28599.9,24906
3049,3,2025-06-02 00:00:00,08:59:08,30050443,AS-RN042814-H2O-5x,591,0.08,21.25,0,4,4,3,3,0,5,10.3345,0.136202,25558.6,73.0793,2578.73,4586.19,452078,86624.4,2.33561,8075.41,47021.6,212428,236470,233526,0.0230062,1017960,344612,385.664,255.217,5431.8,68640.7,11897.3,54843.9,76162.8,29489.6,25793.1
3050,3,2025-06-02 00:00:00,12:55:46,30050443,LabH2O-05-21-2025-19.8C-5x,591,0.08,21.35,0,4,4,3,3,0,5,3.99741,0.0661415,12546.9,33.8544,1258.09,4660.83,282048,53673.9,1.44217,5411.4,31307.5,140771,157636,155708,0.0161563,680950,229904,297.456,185.697,3920.8,49655,8704.29,39683.7,55129.9,21361.5,18840.2
3051,3,2025-06-02 00:00:00,18:00:10,30050443,AS-RN042815-H2O-5x,591,0.07,22.5,0,4,4,3,3,0,5,9.21895,0.1477,25605.9,74.8319,2552.28,4975.9,421655,80641.6,2.17132,7327.2,42615.6,191526,214465,211938,0.0210257,924616,312875,343.497,231.054,4825.13,61346.8,10596.9,48914.8,67948.5,26356.6,22970.2
3055,3,2025-06-03 00:00:00,08:00:43,30050443,AS-CRB23-U14-H2O-5x,597,0.08,21.53,0,4,4,3,3,0,5,143.712,1.93115,17362,49.8441,1740.72,5211.65,369848,70665.2,1.90502,7628.82,44251.6,200070,222793,220010,0.0217775,961495,324838,431.255,288.278,6140.88,77626.9,13492.8,61967.9,86119.8,33379.3,29260.9
3056,3,2025-06-03 00:00:00,11:47:31,30050443,AS-RN042816-H2O-5x,597,0.07,23.02,0,4,4,3,3,0,5,9.14258,0.223848,27540.3,76.3484,2778.66,5198.75,390309,74606.2,2.00755,6601.64,38534.4,174145,193918,191452,0.0193231,837437,282422,307.034,200.989,4353.61,54888.6,9514.98,43806.5,60867.7,23552.9,20616
3057,3,2025-06-03 00:00:00,16:04:58,30050443,AS-RN042817-H2O-5x,597,0.08,22.13,0,4,4,3,3,0,5,9.93858,0.573239,30651.6,87.5735,3084.45,5604.58,461090,88572.1,2.38577,8230.38,47994.6,216543,241442,238665,0.0233147,1037550,351342,391.008,259.553,5543.25,70196.3,12136.3,55965.6,77763.8,30120,26301.4
3062,3,2025-06-04 00:00:00,08:27:45,30050443,AS-RN044411-H2O-5x,605,0.08,20.26,4,4,4,3,3,0,5,0.171322,0.506703,18492.7,50.6187,1840.16,4881.17,566285,109385,2.96529,9998.1,58451.2,263705,293829,290254,0.027878,1256550,427216,448.859,317.002,6727.09,85018.9,14723.3,67870.3,94089,36499.2,31946
3063,3,2025-06-04 00:00:00,13:46:34,30050443,AS-RN044412-H2O-newclamp-5x,605,0.08,22.32,1,4,4,3,3,0,5,13.3586,1.59208,52284.7,147.381,5275.78,5993.77,585703,113208,3.05387,9098.36,52939.8,239040,266021,262578,0.0254696,1141750,387141,402.529,262.656,5552.85,70014.2,12104.3,55866.8,77563.8,30042,26154.1
3064,3,2025-06-04 00:00:00,17:26:50,30050443,AS-CRB23-Pullman7-H2O-5x,605,0.07,20.86,1,4,4,3,3,0,5,127.712,1.33722,16250.9,46.9608,1627.44,5657.11,356737,68130.1,1.83593,7180.51,41967.4,189996,211303,208785,0.0207422,912408,307751,406.951,267.601,5686.82,71791.6,12447.6,57307.9,79455.4,30792,27017.2
3068,3,2025-06-05 00:00:00,07:53:33,30050443,AS-RN044414-Dup-H2O-5x,611,0.08,23.89,3,4,4,3,3,0,5,3.68297,2.08183,69249.1,196.902,6961.47,6651.42,713906,138930,3.7581,10732.1,62329.2,280132,312427,308610,0.0292745,1326470,452470,496.633,293.187,6175.7,77820.1,13504.6,62076.4,86057.3,33396.8,29178.5
3069,3,2025-06-05 00:00:00,11:44:08,30050443,LabH2O-05-21-2025-19.8C-5x,611,0.02,23.46,0,4,4,3,3,0,5,4.0574,0.0664345,14117.5,41.4649,1427.55,6082.7,271419,51668.9,1.38677,5047.96,29071.4,131467,146659,144552,0.0152079,637885,213524,316.804,167.132,3531.51,44743.3,7898.49,35781,49685.2,19205.4,16990.2
3070,3,2025-06-05 00:00:00,15:43:20,30050443,AS-RN042813-Dup-H2O-5x,611,0,22.82,0,4,4,3,3,0,5,10.3885,0.152522,32009.2,91.9257,3216.18,5564.7,499457,96229.3,2.59336,8969.88,52208.8,235395,262641,259314,0.0251165,1123970,381351,457.534,283.605,6047.71,76371.3,13269.6,60934.4,84514,32758.5,28677.6
3097,3,2025-06-09 00:00:00,08:44:36,30050443,AS-RN017585-Dup-H2O-5x,651,0.12,22.6,0,4,4,3,3,0,5,10.7866,0.204766,33488.2,95.5022,3379.19,5851.11,506262,97662.9,2.63495,9066.76,52881.2,237280,265522,262141,0.0254097,1133530,385943,459.962,284.402,6055.28,76450.4,13306.4,60994.5,84870,32859.7,28755.2
3102,3,2025-06-10 00:00:00,07:15:27,30010443,HCL-LabAir-06-05-2025-B-1x,659,0.007,0.019,0,2,4,0,3,0,1,1.52556,0.0248196,364416,1062.73,37378.2,7669.27,24378.7,4557.92,0.12128,5465.73,31359.3,141891,158377,156621,0.0161906,688776,231760,245.079,114.031,2432.99,30683.5,5251.67,24486.3,34166.3,13238.8,11442.2
3104,3,2025-06-10 00:00:00,13:50:40,30010443,HCL-CH-32FNESW-02-A-1x,661,0.007,0.008,0,0,0,0,3,0,1,0.111551,0.0209244,11633.8,33.8247,1171.44,6446.37,43966.1,8269.22,0.220453,293.247,985.724,4421.06,4952.24,4899.61,0.00315456,21682.6,7287.79,137.441,9.55375,211.679,2604.14,487.209,2088.89,2913.7,1132.09,1040.1
3105,3,2025-06-10 00:00:00,17:09:42,30000443,HCL-CH-32FNESW-02-B-all,661,0.007,0.008,0,3,4,0,3,0,0,4.94299,2.63055,75093,214.787,7654.86,7096,45322.9,8575.56,0.228622,20640.8,120883,546353,601764,595443,0.0547002,2476450,872611,1857.37,1448.9,30852.4,389210,66795.6,312306,429711,168317,145291
3109,3,2025-06-11 00:00:00,07:17:15,30000443,HCL-TW-CFD23-2-5-all,667,0.007,0.008,0,3,4,0,3,0,0,45.9232,2.33378,208403,608.212,21313.7,8379.01,48786.8,9211.39,0.251027,10148.3,58858,265612,295646,292163,0.0277978,1264240,430264,482.037,279.717,6019.85,76285.1,13015.9,60980.2,84710.4,32925,28340.9
3110,3,2025-06-11 00:00:00,10:39:43,30050443,HCL-LabAir-06-05-2025-C-5x  *LEAKY SAMPLE??*,667,0.01,0.05,0,4,4,3,3,0,5,9.25777,0.131942,26109.6,72.7587,2652.99,7856.51,147185,27988.8,0.750792,1709.22,9208.43,41462.5,46444.5,45882.7,0.00666181,203711,68085.8,191.379,29.9474,643.397,8023.91,1447.18,6407.35,8942.25,3467.99,3119.48
3111,3,2025-06-11 00:00:00,15:44:29,30000443,HCL-TW-LK7-1-1-A-all,667,0.006,0.007,0,3,4,0,3,0,0,172.959,1.30067,160509,459.781,16383,7683.73,36258.4,6818.77,0.183526,7697.25,44407,200343,223696,221235,0.0215784,964347,325984,360.164,187.882,4093.55,51805.6,8874.57,41386.9,57650.9,22379.1,19271.9
3116,3,2025-06-12 00:00:00,08:47:59,30000443,HCL-TW-CFD23-2-5-D809138-all,673,0.01,0.009,1,3,3,0,3,0,0,29.7952,1.71452,23795.6,67.9179,2399.33,7267.19,102583,19404.2,0.648636,1950.37,10505.7,47291.8,52997.7,52418.6,0.00720641,232019,77550.2,278.558,94.0354,1989.05,25010.7,4345.54,20003.4,27972.7,10848.4,9397.78
3117,3,2025-06-12 00:00:00,12:09:15,30000443,HCL-TW-B2-22-6-9-A-all,673,0.009,0.01,1,3,4,3,3,0,0,191.897,1.49469,196940,566.986,20062.7,8903.96,44527.7,8403.26,0.230389,655.779,2934.39,13249.8,14895.6,14667.9,0.00398959,64808.3,21753.7,163.461,10.2973,221.255,2829.14,525.639,2244.92,3164.4,1216.43,1149.28
3118,3,2025-06-12 00:00:00,16:03:23,30000443,HCL-CH-32-FNESW-02-C-all,673,0.01,0.013,0,3,4,0,3,0,0,5.31012,2.6512,101410,288.284,10277.5,7709.07,50624.5,9547.16,0.254351,21385,125191,564515,622705,615790,0.0562712,2550390,899981,1836.92,1395.66,29802.9,375600,64553.3,301415,415086,162578,140353
3120,3,2025-06-13 00:00:00,11:20:01,30000443,HCL-TW-KL10-6-1-A-all  *NU Computer Reboot.  NO KrXe*,677,0.009,0.01,0,3,4,0,3,0,0,35.4805,1.1865,110913,319.915,11212,6391.2,24373.5,4567.83,0.122124,0,0,0,0,0,0,0,0,0,0,0,0,0,0,0,0,0
3140,3,2025-06-16 00:00:00,07:41:26,30000443,HCL-Blank-Isotube-Alq-A-all,707,0.005,0.009,0,0,0,0,3,0,0,0.117611,0.00254765,60814.8,168.693,5852.39,5291.81,85546.5,15774.1,0.411858,249.554,789.158,3536.81,3952.55,3906.71,0.00306176,17134.1,5721,125.447,8.6496,180.141,2216.36,406.82,1767.56,2482.6,960.359,874.801
3141,3,2025-06-16 00:00:00,10:58:10,30000443,HCL-CH-32FNESW-03-ALQ-A-all,707,0.006,0.009,0,0,1,0,3,0,0,0.943858,0.253372,160266,460.155,16072.4,5775.08,548079,106040,2.8527,2329.93,12991.4,58317.9,65791,65149,0.00832704,284602,96208,280.307,130.061,2765.77,34732,5996.72,27741,38983.7,15125.7,13052.2
3142,3,2025-06-16 00:00:00,14:19:46,30000443,HCL-LabAir-6-13-25-Alq-A-all,707,0.007,0.01,0,4,4,0,3,0,0,7.14754,0.104418,22067.4,62.2847,2208.94,6330.5,117329,22332.8,0.598521,21483.9,125625,562786,625158,618340,0.0569772,2557880,905786,662.281,457.06,9575.81,121653,20857.7,97242,135257,52481.7,45400.5
3147,3,2025-06-17 00:00:00,07:29:07,30000443,HCL-TW-KL10-6-1-B-all,715,0.004,0.012,0,3,3,0,3,0,0,35.1537,1.17017,153671,424.175,15397.2,7374.27,664238,128911,3.47337,6447.23,37132.9,167296,186839,184552,0.0186766,808085,272607,413.176,242.001,5207.23,66049.3,11349.1,52803.6,73697.9,28576.2,24762
3148,3,2025-06-17 00:00:00,11:11:46,30000443,HCL-LabAir-6-16-25-1.5inTube-A-all,715,0.003,0.011,0,4,4,3,3,0,0,31.9531,0.488497,97756.2,283.991,9894.26,8464.44,524243,101719,2.74655,5680.29,33025.8,148523,166204,164282,0.0169512,716103,242395,244.822,112.91,2388.87,30071.8,5262.35,23943.7,33577.3,12956.5,11439.4
3149,3,2025-06-17 00:00:00,14:35:39,30000443,HCL-Blank-3/8tube-Alq-A-all *Used Step 1 for Ne20*,715,0.005,0.009,0,4,4,0,3,0,0,0.052829,0.00151466,197.654,-0.570122,19.6741,5564.36,185.496,34.0416,0.000850117,122.599,76.9634,328.525,379.938,378.885,0.00276243,1639.24,537.232,111.01,0.752571,16.8824,220.373,36.4794,177.745,249.482,93.2687,90.1374
3150,3,2025-06-17 00:00:00,17:52:33,30000440,HCL-LabAir-6-13-25-Alq-B-all,715,0,0.012,0,4,4,0,3,0,0,8.7757,0.118272,23553.8,63.5911,2348.94,5022.97,123293,23448,0.628964,22259.7,130390,584879,647816,640449,0.0591489,2639990,937978,671.427,476.088,10083.2,127842,21881.8,102166,142080,55151.7,47769.7
3169,3,2025-06-20 00:00:00,07:46:43,30000443,HCL-32FNESW-03-ALQ-B-all,743,0.007,0.012,0,0,1,0,3,0,0,1.74457,0.269209,587799,1712.73,59108.8,7470.9,1211260,239266,6.39551,3222.54,17988.7,80257.5,90746.9,89471.7,0.0104052,392867,132095,323.163,154.332,3267.59,41278.5,7151.03,32916.5,46169.3,17831,15593.7
3170,3,2025-06-20 00:00:00,11:18:01,30000443,HCL-Blank-3/8tube-ALQ-B-all,743,0.006,0.012,0,0,1,0,3,0,0,1.46168,0.0141702,450381,1272.26,44285.2,9131.72,532899,100889,2.65044,926.393,4539.4,20002.5,22668.8,22323.8,0.00464484,97766.6,32634.4,164.837,21.8539,479.49,5888.94,1037.3,4693.71,6594,2534.9,2195.81
3171,3,2025-06-20 00:00:00,14:36:31,30000443,HCL-Blank-Isotube-ALQ-B-all,743,0.004,0.015,0,3,4,0,3,0,0,2.11115,0.0290873,64649.7,179.887,6282.18,7661.3,8158.35,1484.94,0.0382733,1710.65,9120.19,40142.2,45464.4,44731.6,0.00657284,195195,65506.6,172.341,39.4436,807.312,10121.6,1764.6,8024.42,11311.3,4347.78,3790.34
3190,3,2025-06-23 00:00:00,07:31:33,30000443,HCL-Blank-3/8tube-ALQ-C-all,769,0.01,0.015,0,3,3,0,3,0,0,2.79912,0.033239,74062.7,205.581,7164.26,6773.43,221465,41564.5,1.09441,1986.49,10732.4,47483.1,53519.6,52667.6,0.0072729,231453,77176,203.655,41.6793,890.567,11165.6,1944.33,8908.91,12455.8,4840.25,4174.77
3191,3,2025-06-23 00:00:00,11:12:44,30010443,JM-AT50-33-5295-IGT2-1x,769,0.124,43.833,2,3,4,0,3,0,1,2048.78,3.49385,163193,462.413,16604.8,8280.76,49186.8,9359.58,0.259379,12472.6,72766.1,327948,365252,361444,0.0339466,1546740,532206,599.449,364.187,7837.08,99166.2,17002.6,79180.3,110601,42934.8,37138.4
3192,3,2025-06-23 00:00:00,14:42:37,30010443,JM-AT50-33-5291-IGT2-1x,769,0.123,27.339,2,3,4,0,3,0,1,1163.51,1.98844,358852,1043.28,36725.5,10595.8,94351.2,18007.3,0.48626,19390.4,113727,511123,566575,560244,0.0512825,2337530,821123,713.496,476.3,10217.1,129363,22183.2,103441,143773,55844.1,48345.3
3197,3,2025-06-24 00:00:00,08:19:10,30050443,FE-434474-H2O-5x,777,0.11,19.72,0,4,4,3,3,0,5,64.3978,10.3562,25976,71.7437,2630.73,7036,565315,110440,2.98857,12082.2,70942.6,319599,356151,351824,0.0329933,1511020,518347,653.013,459.586,9697.72,122329,21427.9,97694.5,136032,52775.5,46388.3
3198,3,2025-06-24 00:00:00,12:10:32,30050443,LabH20-6-24-2025-A-20.2C-5x,777,0.113,24.259,0,4,4,3,3,0,5,4.55413,0.0659916,16167.3,47.6655,1638.67,6433.71,257333,49436.1,1.3277,4697.74,27097.5,122271,136298,134774,0.0143507,591948,199000,335.935,150.75,3221.03,40418.7,7181.51,32189.9,45085.7,17415.7,15566.5
3199,3,2025-06-24 00:00:00,15:59:03,30050443,FE-434464-H2O-5x *Ion Counting Trip - Bad KrXe*,777,0.001,25.063,4,4,4,0,3,0,5,2.73393,0.560568,2662.93,7.99163,275.203,6243.52,98593.1,18837.6,0.538087,1280.6,7039.56,28001.4,36004.1,36989.7,0.00569401,142544,54173.7,252.703,31.6274,699.055,8761.1,3789.17,7068.26,9851.13,3855.66,8208.04
3203,3,2025-06-25 00:00:00,09:04:45,30050443,LabH2O-6-25-2025-20.2C-B-5x,783,0.009,24.142,0,4,4,3,3,0,5,4.04798,0.0644854,15175.9,46.3843,1563.37,6490.57,276513,53263.4,1.43371,5313.22,30460.8,137011,153601,151498,0.0158084,663644,224273,403.403,176.443,3719.47,46666.1,8248.84,37158.5,52190.5,20223.7,17884
3204,3,2025-06-25 00:00:00,13:29:26,30010443,FE-434475-H2O-1x,783,0.005,25.921,0,4,4,3,3,0,1,34.1669,10.0401,6562.88,19.0099,673.172,7517.52,112183,21439.2,0.577882,2303.31,12542.1,56590.8,63342.7,62584.4,0.0081053,276917,92809.2,279.616,73.76,1538.36,19391.2,3524.16,15475.3,21775.8,8424.77,7626.56
3209,3,2025-06-26 00:00:00,07:50:36,30050443,LabH2O-6-24-25-20.2C-C-5x,791,0,24.188,0,4,4,3,3,0,5,4.69875,0.0662489,16052.6,45.9764,1617.85,7009.84,277002,53349.4,1.43523,5173.63,29875.7,134463,150643,149070,0.0155693,648434,219824,367.796,168.664,3587.55,45121,7979.77,35931.3,50407.9,19506.5,17321.9
3210,3,2025-06-26 00:00:00,11:40:06,30050443,TH24-1200C-J2-1684-H2O-5x,791,0.002,26.247,3,4,4,3,3,0,5,120.289,1.8062,3976.4,12.0383,400.729,6288.39,91853.8,17581.2,0.582837,2023.45,11066.6,49583.7,55700.6,54910.3,0.00747809,242722,81559.7,238.908,67.3365,1431.55,17899.8,3244.79,14284.4,20077.6,7786.7,7023.97
3211,3,2025-06-26 00:00:00,15:34:30,30050443,TH24-U1496-C-J2-1682-Cu2-H2O-5x,791,0.008,24.227,4,4,4,3,3,0,5,35.1236,0.180809,3956.37,11.8454,401.503,6142.42,126256,24220.2,0.906849,2792.08,15619.9,70244.7,78834.5,77834.1,0.00944812,343038,115462,274.24,88.7876,1915.83,24053.9,4348.86,19222.1,27028.5,10461.9,9454.19
3222,3,2025-09-11 00:00:00,07:36:27,30010443,1%HeTank-4.25inTube-BigBulb-1x,809,0,4.076,4,0,0,0,3,0,1,3.90612,0.504613,137653,377.219,13221.6,2992.61,482337,87438.2,2.316,211.291,750.87,3319.05,3743.17,3693.89,0.00306761,16123.8,5435.73,81.393,3.96114,82.9371,1004.14,159.191,811.215,1142.08,442.038,355.336
3223,3,2025-09-11 00:00:00,11:18:06,30050443,LabAir-9-4-2025-3inTube-BigBulb-5x,809,0,2.768,0,4,4,3,3,0,5,19.0713,0.287676,43347.1,118.913,4291.8,2646.69,326523,59850.6,1.61088,3373.12,18502.4,82873,93147.4,91909.7,0.0108109,401999,136246,153.229,66.5979,1397.08,17464.2,2862.57,13915.2,19661.8,7627.1,6219.48
3224,3,2025-09-11 00:00:00,14:46:33,30010443,1%HeTank-3inTube-BigBulb-1x,809,0,3.828,4,0,0,0,3,0,1,3.44277,0.482837,138241,379.008,13344,3219.22,363469,65439.4,1.72918,97.2052,172.99,747.054,855.321,839.343,0.00280126,3707.1,1221.17,62.424,1.02629,22.3446,291.549,42.1812,235.82,327.617,128.304,98.3936
3251,3,2025-09-15 00:00:00,09:19:55,30010443,Pulsar-JetStr-2-7B-BigBulb-1x,847,0,1.889,4,4,4,3,3,0,1,4.68505,0.753163,36.1768,0.598599,27.8586,1849.17,770.673,138.062,0.0483204,94.7709,60.9504,263.337,299.379,300.409,0.00276447,1320.33,447.643,82.4623,0.139766,5.56685,63.2737,12.068,52.0284,73.8205,32.5263,25.8285
3252,3,2025-09-15 00:00:00,12:49:33,30010443,Pulsar-JetStr-1D-1C-BigBulb-1x,847,0,0.641,0,0,0,0,3,0,1,0.667692,0.0119241,754641,2125.16,74853.5,2556.78,2852250,585245,16.1065,2679.03,14731.1,65353,74307.9,73359.9,0.00912437,320331,108906,145.985,54.2166,1176.07,14675.3,2443.59,11691.8,16539.6,6387.4,5268.26
3253,3,2025-09-15 00:00:00,16:09:21,30010443,Pulsar-JetStr-2-1C-BigBulb-1x,848,0,0.646,0,3,4,0,3,0,1,0.757869,0.0122744,58684.1,159.21,5712.18,3330.47,11420.8,2054.33,0.0541971,2764.96,15277.4,68032.4,76839.5,75978.3,0.00937244,330248,112643,139.699,55.6863,1207.99,15288,2513.68,12219.3,17219.8,6664.45,5486.89
3255,3,2025-09-16 00:00:00,12:46:00,30050443,LabAir-9-4-2025-3inTube-BigBulb-5x,4,0,2.85,0,4,4,3,3,0,5,20.9158,0.306689,57589.3,156.282,5615.93,2166.92,356097,65641.4,1.77309,3767.82,20807.8,93169,105064,103627,0.0118236,455250,154332,170.602,73.1754,1564.87,19611.9,3358.23,15655.6,22057.1,8564.82,7251.14
3261,3,2025-09-17 00:00:00,08:18:39,30010443,1%HeTank-2inTube-LLTBulb-1x,14,0,1.56,4,0,0,0,3,0,1,1.61883,0.204699,76952.5,207.18,7422.22,2723.86,94186.4,16825.8,0.445688,80.9744,48.2339,196.123,240.667,226.789,0.00275375,980.388,328.86,72.6839,0.109886,5.92504,72.3324,11.0129,55.6625,79.5445,31.3,27.5443
3262,3,2025-09-17 00:00:00,11:35:02,30010443,Pulsar-JetStr-2-7B-LLTBulb-1x,14,0,1.033,4,3,3,0,3,0,1,3.10417,0.505298,1447.03,4.58044,148.495,2458.23,7680.86,1381.38,0.545266,176.526,591.998,2580.16,2951.2,2932,0.00298086,12701.8,4319.2,74.6531,2.59437,57.8286,724.9,122.341,579.884,827.902,333.609,286.259
3263,3,2025-09-17 00:00:00,14:56:35,30010443,1%HeTank-4inTube-LLTBulb-1x,14,0,2.964,4,0,0,0,3,0,1,2.6305,0.370616,115014,316.641,11170.9,3639.08,222769,40152.3,1.06708,77.1536,67.7036,262.472,311.738,309.604,0.0027657,1361.54,433.513,67.8804,0.436623,2.19158,96.6137,12.3418,76.602,108.005,31.0446,3.0704
3275,3,2025-10-28 00:00:00,08:11:17,30020443,LabAir-09-4-2025-MedBulb-2x,33,0,9.375,0,4,4,3,3,0,2,27.6701,0.400295,58424.5,158.326,5832.5,2476.32,453851,83353.1,2.25191,4807.5,25898.2,116387,130385,128543,0.0141006,564647,191258,258.584,96.4574,1999.82,25259.6,4127.22,20125.4,28419.1,10978.5,8929.68
3277,3,2025-10-28 00:00:00,16:38:12,30010443,LabAir-10-28-25-MedBulb-H20TrapOpen-1x,35,0.017,7.415,0,4,4,3,3,0,1,10.3622,0.15621,24440.8,64.7994,2408.47,2053.26,174804,31616.3,0.852932,1948.38,9951.47,44494.4,50079.8,49356.2,0.00709023,215508,73570.1,192.034,33.6285,728.205,9051.28,1504.65,7224.65,10237.4,3952.7,3307.42
3281,3,2025-10-29 00:00:00,07:20:11,30050443,"LabAir-10-28-2025-1.5""tube-5x",41,0,4.693,0,4,4,3,3,0,5,33.0359,0.489942,84154.3,225.277,8194.71,2290.45,560856,103770,2.80781,5976.19,32368.2,145484,162999,160897,0.0169667,701190,239211,309.578,120.732,2505.95,31678.9,5176.71,25256.4,35619.1,13788.1,11282.6
3282,3,2025-10-29 00:00:00,11:06:48,30050443,LabH20-10-24-2025-5x,41,0,18.756,0,4,4,3,3,0,5,4.30214,0.0681364,13535.5,34.6114,1317.3,2073.11,288817,52711.5,1.41757,5250.18,28247.5,127035,142073,140060,0.0151289,614923,208518,382.819,172.859,3709.18,46548.1,7645.1,36989.9,52119.2,20243.9,16663.9
3283,3,2025-10-29 00:00:00,15:06:04,30050443,LabH2O-10-24-2025-5x,41,0,17.999,0,4,4,3,3,0,5,5.43981,0.0785448,15229.8,39.6602,1494.71,2022.43,317217,58065.8,1.5645,5814.16,31378,141429,157818,155748,0.0165454,683345,231953,407.318,191.027,4105.87,51791.3,8515.04,41249.9,58064.1,22470.7,18527.8
3288,3,2025-10-30 00:00:00,08:29:46,30050443,FE-441675-H2O-5x,49,0,18.677,4,4,4,3,3,0,5,7.58354,1.32445,39718.6,104.123,3778.47,2297.48,828971,155774,4.36113,12560.6,68822.1,309029,344533,340495,0.0328855,1444580,502717,529.978,285.37,6091.35,76928.4,12601.9,61274.2,85962.1,33282.3,27581.3
3289,3,2025-10-30 00:00:00,16:22:57,30010443,FE-434464-H2O-1x,49,0.006,18.928,0,4,4,3,3,0,1,265.454,53.4204,1285.07,3.38156,141.145,3330.61,52316.9,9436.38,0.2705,1447.59,6805.74,30999.5,34515.4,34055.6,0.00571691,150604,50705.5,272.277,49.2976,1038.25,12976.3,2278.98,10330.7,14648.1,5663.93,4964.65
3294,3,2025-10-31 00:00:00,12:02:52,30010443,FE-441674-H2O-1x,56,0.002,18.329,4,3,4,3,3,0,1,2.13923,0.202048,118342,321.564,11377.6,2234.83,135160,24457.3,0.66581,2708.77,14022.6,63072.9,70572.5,69571,0.00887779,307366,104081,293.055,85.2707,1791.72,22509.7,3877.07,17927.5,25394,9850.12,8465.83
3295,3,2025-10-31 00:00:00,15:46:31,30010443,FE-440347-H2O-1x,56,0,17.988,0,4,4,3,3,0,1,3.22782,0.974124,6550.54,18.5992,633.698,1638.79,126769,22923.1,0.617017,2532.45,13044.2,58775.9,65610.1,64786.5,0.00843318,284871,96535,278.754,82.7167,1730.92,21837.6,3800.17,17423.3,24641.9,9530.39,8238.22
3306,3,2025-11-03 00:00:00,13:27:22,30010443,FE-441677-H2O-1x,73,0,19.191,4,3,4,3,3,0,1,5.00903,1.00396,21029.5,53.5685,2062.27,1707.11,77759.4,14067.1,0.450521,1728.55,8693.73,38877,43766.7,43191.6,0.00656235,189480,64651.1,216.41,43.6023,929.132,11584.4,2074.67,9232.51,13111,5088.8,4508.22
3311,3,2025-11-04 00:00:00,07:22:33,30050443,LabH2O-10-24-2025-5x,81,0,18.07,0,4,4,3,3,0,5,4.60213,0.0684331,12621.8,33.6975,1227.65,1923.98,283160,51805.9,1.3982,5323.88,28323,127060,142419,140353,0.0151085,617438,209877,424.922,166.137,3539.17,44522.7,7595.27,35562.2,50012.6,19380.5,16618.1
3312,3,2025-11-04 00:00:00,11:11:59,30010443,FE-441673-H2O-1x,81,0,20.354,4,3,4,3,3,0,1,15.0144,0.836085,61801.9,171.274,5893.55,2586.72,151573,27588.4,0.815342,2750.34,14108.1,63493,71251.9,70350.3,0.00892256,310768,105415,315.713,80.1129,1695.87,21488.5,3734.01,17136.1,24208.6,9371.11,8143.65
3318,3,2025-11-05 00:00:00,07:39:22,30010443,FE-441676-H2O-1x,88,0,19.499,4,3,4,3,3,0,1,10.8956,0.208059,91901.6,251.594,8864.16,2131.51,119031,21646.9,0.602193,2201.77,11289.6,50594.4,56866,56117.4,0.00767637,247105,83980.3,232.996,35.2553,750.601,9420.55,1661.6,7504.72,10618.4,4117.32,3615.01
3319,3,2025-11-05 00:00:00,12:47:10,30010443,FE-439495-H2O-1x,88,0.01,18.188,0,3,4,3,3,0,1,1.78558,0.0242529,108231,293.955,10504.2,2027.01,120164,21790.9,0.587532,2484.64,13018,58265.2,65594,64672.6,0.00845088,284814,96817.4,261.92,75.6578,1609.94,20226.5,3564.44,16128.1,22839.2,8833.18,7796.32
3325,3,2025-11-06 00:00:00,08:25:22,30010443,FE-434472-H2O-1x,97,0,23.494,4,3,4,3,3,0,1,27.8126,1.80366,163263,454.909,15657.2,3116.9,355999,65562.7,2.02618,5737.71,31059.3,140006,156464,154405,0.0163831,678780,230829,370.996,138.009,2957.13,37299.9,6345.55,29694.1,41879.5,16158.7,13942.2
3326,3,2025-11-06 00:00:00,13:04:14,30050443,LabH2O-10-24-2025-5x,97,0.01,18.648,0,4,4,3,3,0,5,4.97767,0.0691588,11265.7,30.1842,1112.75,2092.36,290945,53349.9,1.44195,5568.43,30161.4,136130,151821,149955,0.0160021,655881,223727,396.02,181.83,3849.51,48623.1,8293.16,38722.2,54495,21145.2,18189.3
3332,3,2025-11-07 00:00:00,09:24:46,30050443,ES24-LV-1-H2O-5x,106,0,17.988,0,3,4,3,3,0,5,18.2543,0.201255,163588,447.338,16058.4,2523.97,122563,22230,0.599133,2264.02,11623,51979.3,58514.7,57726.9,0.00783414,253981,86533,262.544,58.4025,1295.16,16259.5,2859.12,12960.4,18361.6,7096.15,6279.76
3333,3,2025-11-07 00:00:00,14:18:37,30050443,ES24-LV-2-H2O-5x,106,0.044,17.945,0,3,4,3,3,0,5,52.5368,0.694659,145270,399.32,14606.4,2401.14,126578,22974.7,0.619784,2441.95,12522.6,56134.6,63105.3,62303.2,0.0082385,275094,93362.5,295.283,68.8893,1443.01,18198,3204.84,14507.8,20561.7,7974.08,7022.46
3353,3,2025-11-10 00:00:00,07:12:00,30010443,LabAir-10-24-2025-4.5inTube-1x,138,0.01,25.985,0,4,4,3,3,0,1,38.3134,0.580873,69781.7,189.498,7018.55,2410.07,615839,115006,3.12112,6644.1,35865.7,160546,179819,177846,0.0184536,768677,264224,445.873,123.826,2593.42,32682.2,5573.64,26055.9,36776.4,14237.9,12250.8
3354,3,2025-11-10 00:00:00,10:36:31,30010443,ES24-LAS-3D-1x,138,0.01,11.924,0,4,4,3,3,0,1,24.7154,0.329209,40821.2,110.534,4132.24,2442.4,371330,68547.9,1.85517,4199.24,21777.4,97750.7,109871,108561,0.0122976,474143,161731,418.349,74.4809,1591.7,20120.4,3483.89,16044.3,22641.1,8762.71,7588.46
3355,3,2025-11-10 00:00:00,13:48:59,30010443,ES24-OJO-5-1x,138,0.01,8.602,0,3,3,0,3,0,1,337.29,1.19878,3216.46,8.58461,319.945,2205.26,34819.9,6244.61,0.180847,1326.32,5624.44,25190.8,28246.5,27852.4,0.00518283,122097,41543.7,397.02,46.4261,980.93,12345.7,2096.8,9834.47,13922.4,5388.17,4584.24
3356,3,2025-11-10 00:00:00,17:01:07,30010443,ES24-LAS-3G-1x,138,0.009,13.559,0,4,4,3,3,0,1,25.9611,0.370254,48045.3,134.898,4822.42,2614.33,415552,76772.5,2.08071,4613.48,24414.9,109453,122824,121274,0.0134213,530496,180763,403.368,83.7911,1795.59,22568.4,3881.42,17970.3,25396.2,9822.77,8526.89
3368,3,2025-11-12 00:00:00,10:53:30,30010443,ES24-LAS-1-1x,156,0.172,10.719,0,4,4,3,3,0,1,20.594,0.295264,39265.7,104.25,3925.97,2258.59,323527,59780.2,1.61972,3498.22,18955,84833.8,95593.4,94420.3,0.0110601,413734,141043,228.01,64.7151,1378.63,17176.7,3004.32,13701,19391.5,7514.2,6533.46
3369,3,2025-11-12 00:00:00,14:16:55,30010443,ES24-LAS-2-1x,156,0,14.772,0,4,4,3,3,0,1,22.1336,0.320667,44967.3,123.266,4515.22,2165.85,366755,67957.3,1.8401,3926.38,21542.6,96648.6,108430,107122,0.0122222,466473,159949,223.17,72.1408,1555,19676,3425.02,15640.8,22158.8,8579.21,7463.19
3370,3,2025-11-12 00:00:00,17:29:08,30010443,ES24-OJO-1-1x,156,0.008,20.987,0,3,4,3,3,0,1,317.754,1.16323,158178,441.752,15966,2643.66,53405.8,9680.83,0.261905,753.046,3405.01,15242.5,17228.3,16931.1,0.00424713,74550.1,25473.4,160.101,11.5539,256.899,3191.69,579.08,2539.82,3631.48,1417.87,1272.95
3374,3,2025-11-13 00:00:00,07:14:12,30010443,TZ25-IBD20250719-1x,162,0.011,27.213,4,4,4,3,3,0,1,71.0843,1.961,10535.4,30.2091,1024.05,2484.18,416711,77723.5,3.62997,5609.49,31057,139882,156597,154706,0.0164148,678826,231179,289.762,125.104,2665.23,33637.9,5751.42,26809.6,37777.7,14653.5,12650
3375,3,2025-11-13 00:00:00,10:41:03,30010443,TZ21-EY-20210206-S1-BigBulb-1x,162,0.02,9.928,0,0,0,0,3,0,1,0.150468,0.00278749,121630,335.554,12238.7,2933.3,1308120,252556,6.89049,2224.25,11731,52640.6,59253.2,58546.8,0.00790448,258425,87664.1,251.202,70.0335,1471.73,18584.1,3154.13,14787.7,21007.3,8122.53,6875.08
3376,3,2025-11-13 00:00:00,13:53:23,30010443,"TZ25-IBD-20250719-BigBulb-1.5""tube-1x",162,0.03,1.55,4,3,4,3,3,0,1,21.4747,0.434261,52525.1,149.079,5114.5,3498.04,34084.3,6203.56,0.286593,597.039,2533.07,11201.1,12668.9,12511.3,0.00385051,54854.5,18770.9,172.254,9.49917,194.539,2463.34,450.537,1962.99,2799.18,1084.44,995.015
3377,3,2025-11-13 00:00:00,17:17:09,30050443,"TZ21-EY20210206-S1-3""tube-smallbulb-5x",162,0.003,24.784,0,4,4,3,3,0,5,3.13848,0.0499064,6718.81,17.332,658.811,2475.82,109833,20097,0.541787,2002.93,10445.2,46895.5,52803.4,52002.6,0.00736237,229426,78204,224.474,53.5699,1152.44,14414,2575.09,11519.8,16327.4,6333.18,5637.15
3382,3,2025-11-14 00:00:00,09:17:26,30010443,TZ25-BLL-20250701-BigBulb-1x,168,0.01,17.751,4,4,4,3,3,0,1,7.62474,1.84737,4364.06,11.6899,427.677,2328.27,144540,26634.5,1.2472,1870.8,9734.93,43572.1,49244.6,48616.3,0.00702688,212749,72790.9,202.499,37.9779,781.951,9724.48,1725.52,7762.91,11073.5,4266.79,3789.31
3383,3,2025-11-14 00:00:00,12:32:49,30010443,TZ25-GNG-20250623-BigBulb-1x,168,0.02,2.154,4,3,4,3,3,0,1,2.89118,1.38244,53354.1,152.572,5165.07,3323.97,56836.2,10363.3,0.417945,840.643,3762.01,16847,18943.1,18639.8,0.00439958,82612.7,28119.6,182.251,14.7798,287.889,3542.56,643.492,2822.87,4022.8,1567.25,1413.03
3384,3,2025-11-14 00:00:00,15:48:39,30010443,TZ25-TKW-20250623-BigBulb-1x,168,0.02,10.148,4,3,4,3,3,0,1,1.74441,1.17173,89657.4,249.896,8766.68,3040.22,91732,16838.1,0.605356,1210.78,5991.43,26744.3,30225.2,29864.3,0.00536531,130546,44755.2,184.127,21.4234,450.253,5709.06,1026.99,4544.73,6489.51,2507.66,2238.08
3403,3,2025-11-17 00:00:00,07:46:16,30010443,TZ25-KND-20250627-LLTbulb-1x,196,0.037,5.09,4,3,4,2,3,0,1,0.111268,0.0548945,114278,323.461,11625.5,2619.03,44281.6,8107.89,0.225563,2138.05,11210,50189.7,56598.3,55942.6,0.00767575,244544,83919.4,212.694,42.732,894.947,11253.6,1953.92,8965.17,12798,4952.39,4270.41
3404,3,2025-11-17 00:00:00,11:01:22,30010443,TZ25-MSL2-20250622-Dup-LLT-1.5inTube-1x,196,0.01,16.921,3,3,3,0,3,0,1,3.51508,1.22668,13468.7,35.0796,1337.86,2304.92,178544,33082.7,1.25186,3860.15,20905.2,94081.5,105617,104392,0.011943,458478,156305,353.983,137.845,2931.72,36925.1,6287.23,29490.1,41787,16253.8,13818.5
3405,3,2025-11-17 00:00:00,14:14:34,30010443,TZ25-BLL-20250701-LLT-1.5inTube-1x,196,0.02,5.735,4,3,4,0,3,0,1,4.80115,0.88215,35703.7,102.205,3520.05,3910.47,39503.8,7292.82,0.338839,9389.79,52363.1,236615,263433,260867,0.0258519,1130970,389595,448.136,224.071,4824.33,61194,10285,48852,68895.9,26754.9,22719.1
3408,3,2025-11-18 00:00:00,08:05:24,30010443,TZ25-GNG-20250623-LLT-1.5inTube-1x,202,0.02,0.676,4,3,4,0,3,0,1,1.70694,0.675585,23218,68.8764,2275.1,3123.39,15049.7,2744.01,0.109446,3770.84,20630.5,92338.8,104174,102894,0.0117976,451059,154030,251.91,86.3677,1763.61,22186.6,3758.16,17689.5,25153.7,9743.85,8309.55
3409,3,2025-11-18 00:00:00,11:17:02,30010443,TZ25-TKW-20250623-LLT-1.5inTube-1x,202,0.03,1.851,4,3,4,0,3,0,1,1.03684,0.469031,33041.2,94.8843,3240.43,3569.48,21014.2,3832.53,0.137872,5328.67,29355.1,132171,148173,146580,0.0156325,643018,219601,314.716,123.976,2649.2,33406.5,5661.37,26698.9,37765.7,14655.5,12468.2
3410,3,2025-11-18 00:00:00,14:30:53,30010443,TZ25-BLL-2-250701-LLT-.5inTube-1x,202,0.023,0.894,4,3,3,0,3,0,1,2.504,0.406722,15616.7,43.492,1547.05,3800.01,153135,28355.7,1.32469,2051.84,10830,48429.9,54603.3,53963.4,0.00748667,235687,80646.3,211.262,45.6572,980.563,12327.3,2100.77,9846.67,13964,5412.85,4634.77
3411,3,2025-11-19 00:00:00,07:52:32,30010443,TZ25-GNG-20250623-LLT-.5inTube-1x,204,0.02,0.312,4,3,3,0,3,0,1,0.937832,0.329863,14437.9,40.3546,1433.76,3310.05,124747,22952.9,0.929288,1676.74,8759.52,38968.3,44192.7,43537.6,0.00657549,191547,65323.4,185.524,34.0535,738.349,9226.84,1591.43,7373.15,10540.8,4093.2,3499.54
3412,3,2025-11-19 00:00:00,11:04:33,30010443,TZ25-BLN-20250701-LLT-.5inTube-1x,204,0.027,8.091,4,3,3,0,3,0,1,2.61438,0.717973,22246.3,66.9604,2198.96,3515.33,408140,76476.4,3.76589,4793.11,26295.1,117887,132502,131155,0.0142919,570877,195617,322.696,113.37,2364.48,29834.5,5027.92,23826.4,33793.1,13138.1,11160.6
3413,3,2025-11-19 00:00:00,14:18:00,30010443,1%HeTank-4inTube-LLT-1x,204,0.02,2.058,4,0,0,0,3,0,1,1.69232,0.270347,98665.2,265.714,9794.99,5385.24,134311,24360.3,0.648047,152.026,32.6935,79.8597,131.546,488.462,0.00274216,453.278,469.483,144.675,0.576211,11.2227,143.971,24.667,112.426,158.1,65.0811,53.9886
3414,3,2025-11-19 00:00:00,17:30:26,30010443,TZ25-EYD-20250706-LLT-.5inTube-1x,204,0.011,13.94,4,3,3,0,3,0,1,1.25042,0.413479,38531.6,106.604,3803.53,3423.04,381021,71271.2,2.77434,4262.74,23639.8,106178,119303,117810,0.0131591,517765,176627,246.069,94.2997,2009.35,25236.9,4307.52,20172.7,28682,11120.2,9470.03
3418,3,2025-11-20 00:00:00,07:21:39,30010443,1%HeTank-5.75inTube-LLT-1x,210,0.018,2.789,4,0,0,0,3,0,1,2.42811,0.371507,107671,296.265,10664.6,3873.78,219156,39970.5,1.06634,153.764,94.7136,414.309,486.645,499.065,0.00278593,2138.63,704.827,143.865,0.697689,12.5639,147.882,10.874,125.358,174.117,68.0214,59.7336
3419,3,2025-11-20 00:00:00,10:33:24,30010443,TZ25-MPD-20250630-LLT-.5inTube-1x,210,0.013,0.51,4,3,3,0,3,0,1,-0.0386897,0.322683,13706.4,40.491,1350.44,2941.85,124861,23048.4,0.951992,1682.25,8733.8,38750.3,43993.3,43517.9,0.00657447,189981,65140.4,194.424,34.7622,732.976,9150.38,1582.15,7320.15,10457.2,4054.1,3478.67
3420,3,2025-11-20 00:00:00,13:45:52,30010443,1%HeTank-8inTube-LLT-1x,210,0.015,3.982,4,0,0,0,3,0,1,3.57941,0.491787,122845,343.272,12303,5176.34,329676,60434.1,1.61462,157.131,43.2849,102.278,179.824,576.995,0.0027736,592.301,606.477,143.134,0.627919,16.5628,175.205,34.2792,139.172,195.635,79.6092,68.8016
3421,3,2025-11-20 00:00:00,16:55:52,30020443,1%HeTank-8in-Pumped-LLT-2x,210,0.011,2.612,4,0,0,0,3,0,2,3.92712,0.630611,155014,431.272,15506.8,4761.52,473020,87414.5,2.33787,173.154,141.819,578.809,660.988,670.344,0.00280766,2932.4,965.44,148.806,0.947367,17.2542,201.729,34.1734,163.263,229.501,91.9726,78.6822
3426,3,2025-11-21 00:00:00,09:03:01,30010443,TZ25-BLN-20250701-LLT-.25inTube-1x,216,0.02,5.492,4,3,3,0,3,0,1,0.579956,0.327822,13684.6,40.4672,1344.1,2214.87,194706,36360.3,1.78812,2574.76,13845.6,61707.3,69721,69051.5,0.00885113,302179,103564,219.051,56.9949,1235.6,15604.8,2674.77,12482.5,17798.5,6923.59,5975.19
3427,3,2025-11-21 00:00:00,12:21:45,30040443,1%HeTank-1.5inTube-LLT-4x,216,0.02,0.878,4,0,0,0,3,0,4,2.8604,0.450224,130365,356.93,12967.8,4914.51,281202,51465.8,1.37411,155.555,114.516,253.993,436.271,712.859,0.0027922,1179.05,888.53,130.993,0.60643,18.0886,200.113,36.3208,163.069,233.067,95.1644,82.1137
3428,3,2025-11-21 00:00:00,16:01:01,30010443,1%HeTank-7inTube-LLT-1x,216,0.02,3.39,4,0,0,0,3,0,1,3.27113,0.439653,119632,327.789,11942.3,4365.88,269931,49384.4,1.31789,168.42,83.3387,168.049,293.406,540.309,0.00277501,827.622,722.216,146.469,0.69218,16.8675,196.355,36.1678,162.439,217.884,91.4116,81.2232
3448,3,2025-11-24 00:00:00,07:31:00,30010443,TZ25-MSR-20250705-LLT-.5inTube-1x,246,0.02,6.612,4,3,3,0,3,0,1,3.57041,0.575341,14869.6,48.141,1496.11,2976.24,395904,74999.1,5.03447,5094.89,28335,127595,142938,141669,0.0153483,618330,212411,281.135,128.529,2713.58,34249,5841.61,27398.2,38912.7,15177,13004.2
3449,3,2025-11-24 00:00:00,10:45:05,30010443,TZ25-MSL-20250622-LLT-.5inTube-1x,246,0.02,12.803,4,3,3,0,3,0,1,0.703256,0.280552,34006.9,92.9434,3386.22,4541.46,412179,77857.6,2.9293,4827.66,26983,120510,135620,134256,0.0146257,581648,200812,255.897,110.581,2278.04,28873,4917.73,23011.8,32626.8,12703.2,10873.2
3450,3,2025-11-24 00:00:00,14:00:28,30010443,TZ25-EYM1-20250706-LLT-.5inTube-1x,246,0.02,6.76,4,3,3,0,3,0,1,0.888479,0.219489,21910.9,63.9649,2205.5,4545.17,323461,60988.6,2.36715,4355.53,24068.5,108284,121593,120344,0.0134203,527744,180848,256.32,105.494,2227.8,28132.1,4804.38,22436,31882.2,12393.8,10666.2
3455,3,2025-11-25 00:00:00,07:27:55,30010443,TZ25-MSL3-20250622-LLT-.5inTube-1x,254,0.02,4.663,4,3,3,0,3,0,1,0.57996,0.186644,24651.9,69.6602,2498.41,2699.41,246789,46376.1,1.7264,3243.77,17806.4,79738.8,90009.9,88911.7,0.0106424,390476,133814,203.016,73.1033,1560.78,19756.4,3385.47,15755.7,22491.5,8723.54,7510.17
3456,3,2025-11-25 00:00:00,10:50:47,30010443,TZ25-TKW-20250603-LLT-.5inTube-1x,254,0.02,0.985,4,3,3,0,3,0,1,0.451166,0.205468,19242.5,55.5586,1907.67,3567.22,129886,24185.9,0.870502,1777.95,9359.72,41959.2,47430.5,46975,0.00690747,204983,70492.3,171.803,37.7537,799.134,10051.5,1734.41,8027.65,11430.1,4439.66,3835.61
3457,3,2025-11-25 00:00:00,14:05:40,30010443,TZ25-MSR-20250705-LLT-.25inTube-1x,254,0.02,1.569,4,3,3,0,3,0,1,2.3976,0.402291,9363.67,30.3399,937.634,3753.87,96240.8,18014.2,1.19895,1595.02,8305.5,37281.1,42079.5,41613.5,0.0064417,182323,62656.6,171.896,40.7764,868.144,10834.1,1869.68,8705.09,12361.8,4830.1,4182.67
3458,3,2025-11-25 00:00:00,17:17:24,30010443,TZ21-SGD-20210219-LLT-.5inTube-1x,254,0.016,3.975,4,3,3,0,3,0,1,0.596038,0.222797,23156.1,63.0942,2327.82,4124.68,237102,44516.7,1.70955,3136.11,17214.6,76816,86838.9,85780.9,0.0103575,376082,128937,223.765,70.0632,1529.67,19249.7,3305.66,15390.9,21926.3,8494.62,7332.43
3462,3,2025-11-26 00:00:00,07:27:18,30010443,TZ24-KN1-071124-1-LLT-.5inTube-1x,260,0.02,1.893,0,0,0,0,3,0,1,0.222677,0.00418143,167847,466.623,17018.4,3176.5,1192470,232026,6.34033,1720.09,8914.15,39724.3,45029.5,44579.1,0.0066996,193092,66783.7,202.83,39.8777,835.977,10495.9,1811.83,8369.8,12012.3,4685.57,4017.46
3463,3,2025-11-26 00:00:00,10:40:07,30010443,TZ21-MNR-20210215-S1-LLT-.5inTube-1x,260,0.02,0.994,4,3,3,0,3,0,1,3.55907,0.581879,9290.6,29.277,923.025,3685.16,145558,27224.2,1.81906,2099.89,11021.8,48744.2,55533.7,54857.8,0.00757602,240418,82440.7,234.582,52.4093,1071.52,13361.2,2306.3,10722.8,15265.6,5929.8,5152.84
3464,3,2025-11-26 00:00:00,13:54:55,30010443,TZ21-EY-20210206-S2-LLT-.5inTube-1x,260,0.021,1.916,0,0,0,0,3,0,1,0.0881124,0.00187417,18240.2,50.3366,1815.6,4040.39,61866.7,11474.5,0.308606,347.078,1004.22,4426.53,5036.17,4993.08,0.00318807,21757.1,7511.91,180.903,4.75358,114.424,1414.57,255.12,1130.57,1625.72,635.874,566.89
3470,3,2025-12-01 00:00:00,07:57:33,30010443,TZ21-MNR-20210215-S1-LLT-1/4inTube-1x,268,0.011,1.942,4,3,3,0,3,0,1,2.25408,0.347257,6614.42,20.7028,658.735,10209.3,90749.3,17020,1.14056,1557.86,7932.06,35099.5,40133.8,39628.5,0.00625668,172608,59683.2,225.014,36.8441,819.175,10069.9,1748.8,8026.8,11600.1,4526.03,3926.05
3471,3,2025-12-01 00:00:00,11:18:38,30010443,TZ21-EY-20210205-S5-.5inTube-1x,268,0.032,17.11,4,4,4,3,3,0,1,3.27599,1.41941,2963.27,8.12226,300.846,3568.02,88671.7,16522.9,0.632827,1261.56,6207.15,27655.8,31354.5,30930.5,0.00548617,135596,46605.3,184.971,23.2456,487.79,6052.22,1123.09,4811.01,6948.57,2688.19,2446.92
3472,3,2025-12-01 00:00:00,14:31:50,30010443,TZ24-KN1-071124-1-1x,268,0.004,23.968,0,4,4,3,3,0,1,10.4722,0.152257,22545.8,63.3575,2218.38,2850.89,234471,43745.7,1.18318,3100.34,16829.1,75025.9,84839.2,83796.8,0.0101757,367219,125838,226.836,61.6469,1303.21,16308.9,2921.56,13009.5,18604.1,7166.46,6417.95
3477,3,2025-12-02 00:00:00,07:32:26,30010443,TZ21-EY-20210206-S2-1x,276,0,24.664,0,3,3,0,3,0,1,1.21202,0.0176067,48656.7,131.45,4815.65,2959.41,448999,84852.5,2.29747,6489.48,36561.9,163760,183783,181703,0.0188874,787600,271998,348.318,186.878,3927.59,49323.1,8453.16,39450.2,55966.9,21672,18673.8
3478,3,2025-12-02 00:00:00,10:44:19,30010443,TZ25-MSS-20250710-1x,276,0.01,28.109,4,4,4,3,3,0,1,8.96409,0.218402,18079.2,48.4145,1761.5,3714.75,300086,56427.2,1.55212,3774.03,20793.5,93300.2,105020,103493,0.0120037,455553,155711,234.301,74.9314,1587.96,20016.8,3542.7,15970.9,22681.4,8767.97,7833.62
3479,3,2025-12-02 00:00:00,13:58:04,30010443,TZ24-KN2-071124-2-1x,276,0,19.371,0,3,3,0,3,0,1,0.731371,0.00816196,26817.4,75.7317,2615.37,3199.23,374632,70398.6,1.90468,6849.09,38474.8,172118,193319,191071,0.0197162,827925,285658,451.872,258.548,5548.86,69865.6,11973.3,55723.8,78952.9,30595.6,26390.7
3484,3,2025-12-03 00:00:00,07:39:56,30010443,TZ21-NATR-20210208-S1-dup-1x,282,0.006,15.884,2,4,4,3,3,0,1,66.9094,2.41179,64594.6,180.654,6403.81,3158.33,407305,77051.7,2.1417,4771.21,26235.5,117491,132188,130507,0.0143263,570550,195928,331.563,96.003,2028.26,25425.6,4505.34,20249.1,28807.2,11135.6,9916.27
3485,3,2025-12-03 00:00:00,10:51:53,30010443,TZ25-NTB1-20250714-1x,282,0,28.601,4,4,4,3,3,0,1,42.2761,1.23946,16508.7,46.5431,1627.53,3046.3,435677,82570.1,2.41225,5301.07,29560.4,132572,149071,147142,0.015796,643424,220828,283.462,104.955,2299.44,28889.4,5121.59,22997,32704.3,12689.5,11263.7
3486,3,2025-12-03 00:00:00,14:05:32,30010443,TZ24-KN3-071124-3-1x,282,0.018,23.868,0,4,4,3,3,0,1,2.87342,0.0387037,6029.65,15.8961,583.042,2693.31,82700.8,15343.7,0.413306,1547.01,8020.68,35713,40384.5,39847.7,0.00626511,175275,59950.5,191.291,39.6416,851.682,10662,1969.35,8485.44,12107,4677.86,4307.09
3491,3,2025-12-04 00:00:00,07:33:52,30010443,TZ25-KSK-20250720-1-1x,288,0.01,26.802,3,4,4,2,3,0,1,278.535,1.85477,2119.32,5.17709,210.203,2799.09,44670,8304.2,0.312956,3340.15,18244.8,81988.7,92104.4,90903,0.0108,400669,136691,268.214,98.6677,2143.9,27084.2,4730.97,21629.4,30732.1,11900.2,10395.2
3492,3,2025-12-04 00:00:00,10:49:21,30010443,TZ21-NATR-20210210-S6-1x,288,0.008,26.972,4,4,4,3,3,0,1,211.663,1.13112,13850.8,35.9859,1358.56,2999.06,340083,64289.9,1.99977,3990.47,22113,98912.9,111547,110129,0.012471,481941,165320,243.368,78.3363,1673.55,21249.9,3762.52,16927.6,24018.8,9318.33,8302.13
3493,3,2025-12-04 00:00:00,15:54:58,30010443,TZ25-LHI-20256008-C1-1x,288,0,14.694,4,3,3,0,3,0,1,2.27588,0.165153,26706.6,73.8515,2615.34,2849.52,444332,84150.3,2.69934,6506.54,36768.1,164438,184684,182662,0.0189196,792004,273450,363.643,186.347,3948.75,49761.2,8591.62,39757.8,56494.7,21919.8,18937.3
3498,3,2025-12-05 00:00:00,08:56:50,30010443,TZ25-KSK-20250720-4-1x,296,0.002,14.15,3,3,4,2,3,0,1,268.271,1.76312,41989.8,118.947,4134.35,3394.11,41551.4,7705.17,0.292486,3149.63,17160.8,77080.9,86440.9,85331,0.0103163,373659,128097,261.135,95.1896,2039.05,25504,4435.61,20269.9,28925.3,11182.6,9803.75
3499,3,2025-12-05 00:00:00,12:09:42,30010443,TZ25-NTB1-20250714-BigBulb-.5inTube-1x,296,0.01,0.683,3,3,3,0,3,0,1,100.594,2.13063,35892.6,100.01,3524.55,3528.6,282637,53300.4,1.55217,3486.85,19274.2,86544.6,97299.1,96247.4,0.0112577,420587,144161,218.949,74.0261,1589.07,20169.5,3486.97,16085.8,22878.2,8874.85,7685.24
3500,3,2025-12-05 00:00:00,15:24:31,30010443,TZ21-EY-20210205-S5-BigBulb-.5inTube-1x,296,0.02,6.053,4,3,4,2,3,0,1,1.10713,0.405002,28394,83.2801,2873.87,4573.05,32552.5,6077.71,0.233434,1923.1,10338.9,46466.3,52198.5,51752.1,0.00730668,226369,77666.1,180.147,45.5596,951.722,11921.3,2087.05,9489.38,13575.5,5281.78,4616.81
3520,3,2025-12-08 00:00:00,07:37:07,30010443,TZ21-NATR-20210210-S6-BigBulb-1/2inTube-1x,326,0.01,0.976,3,3,3,0,3,0,1,418.799,1.7199,37927.3,106.181,3813.42,2308.67,265171,50039.7,1.55726,3228.15,17825.8,79588.2,89750.2,88714.2,0.0106611,389742,133745,217.423,71.9758,1517.86,18869,3300.13,15056.6,21594.4,8377.33,7277.86
3521,3,2025-12-08 00:00:00,10:59:13,30010443,TZ25-NTB2-20250715-BigBulb-.5inTube-1x,326,0.653,8.099,3,3,3,0,3,0,1,634.167,2.60346,42033.7,116.547,4293.56,3836.23,356634,67643.5,2.23204,4403.67,24698.3,110849,124380,122886,0.0136502,538138,184841,246.97,100.831,2124.58,26870.2,4651.84,21405.4,30632.4,11849.6,10313.3
3522,3,2025-12-08 00:00:00,14:54:23,30010443,NZ25-MS250312-2-1x,326,0.01,14.972,1,0,2,0,3,0,1,152.611,3.62481,73551.2,211.475,7395.61,4503.51,125627,23441.3,0.910262,1084.42,5558.09,24866.6,28059.8,27702.3,0.00519932,121668,41671.3,179.554,49.7368,1036.09,12982,2270.2,10344.2,14847.5,5757.92,5038.14
3527,3,2025-12-09 00:00:00,07:52:32,30010443,NZ25-MS250312-1-1x,334,0.005,26.73,2,0,2,0,3,0,1,62.0083,1.37769,54632.9,152.734,5487.48,3550.15,159481,29883.2,1.08,1420.8,7549.85,33823.3,38128.1,37708.4,0.0060712,165240,56640.4,189.131,65.2793,1392.51,17422,3062.59,13889,19931.9,7700.63,6759.8
3528,3,2025-12-09 00:00:00,11:31:17,30010443,NZ25-TP250312-1-1x,334,0.001,14.841,2,0,2,0,3,0,1,176.98,1.60076,66321.4,190.045,6768.21,3958.74,186440,35047.4,1.38775,1722.89,9108.78,40813.8,45948.3,45409.2,0.0067679,200242,68546.8,226.009,83.6904,1829.82,22836.7,3986.81,18255.1,26136,10146.1,8825.6
3529,3,2025-12-09 00:00:00,14:48:05,30010443,NZ25-TP250313-4-hightemp-1x,334,0.001,14.934,2,0,2,0,3,0,1,139.799,1.18171,94807.8,265.171,9700.21,4235.92,336051,63525.5,2.41656,3120.93,17179.2,77200.8,86569.8,85635.2,0.0103341,377525,129083,340.296,180.833,3842.97,48396.5,8396.16,38641.6,55174.3,21391.8,18652.3
3534,3,2025-12-10 00:00:00,07:27:06,30010443,NZ25-TP250313-3-cold-1x,342,0.012,26.769,2,0,2,0,3,0,1,124.225,1.42154,124076,350.917,12743,3673.73,382310,72513.7,2.39553,2812.2,15587.2,69775.3,78529.6,77525.4,0.00960756,340854,116767,270.158,123.727,2640.17,33058.9,5752.09,26455.5,37698.3,14618.3,12741.8
3535,3,2025-12-10 00:00:00,10:53:46,30010443,NZ25-OTO250322-1-1x,342,0.006,14.65,2,0,3,0,3,0,1,133.096,1.77685,385034,1106.58,39629.1,4995.19,414152,78213,2.33672,7338.98,41379.3,184509,208084,205571,0.0208394,890131,307081,479.821,291.841,6045.91,76700.1,13239.2,61123.7,86766.8,33621.6,29222.5
3536,3,2025-12-10 00:00:00,14:07:26,30010443,NZ25-ORB250319-1x,342,0,17.335,0,0,3,0,3,0,1,621.205,1.2975,425150,1216.06,44083.7,6013.69,542875,103695,2.83921,10077.3,57241.9,257048,287518,284611,0.0279829,1221350,425253,568.541,369.476,7819.11,99116.4,17094.8,79123.1,112052,43485.7,37740.3
3541,3,2025-12-11 00:00:00,09:44:54,30010443,NZ25-TPH250323-1x,348,0.001,15.05,2,0,2,0,3,0,1,141.606,1.16654,109525,306.219,10981.3,3803.81,422214,80066.1,2.88885,3630.87,20077.8,89902.8,101381,100058,0.0116158,439289,150729,380.477,199.932,4302.59,54249.9,9415.24,43264,61779.5,23923.7,20883.8
3542,3,2025-12-11 00:00:00,13:00:05,30010443,NZ25-BP250227-2-1x,348,0.188,23.041,0,4,4,3,3,0,1,311.57,1.21978,14295.1,39.8415,1443.38,3819.07,224813,42558.3,1.1572,3463.25,19159.8,85553.9,96530.1,95322.6,0.0111893,414159,143186,236.511,83.7089,1778.13,22368.5,4027.62,17864.9,25449.1,9839.84,8895.42
3543,3,2025-12-11 00:00:00,16:12:16,30010443,NZ25-GF250311-1x,348,0.004,14.844,3,0,2,0,3,0,1,165.339,0.889553,218801,626.852,22424,4191.22,662382,127391,4.62385,4366.77,24312.9,109440,123001,121582,0.013527,533790,183156,380.38,203.051,4340.18,54697.5,9490.07,43623.2,62094.9,24068.9,21011.4
3570,3,2025-12-15 00:00:00,07:46:06,30010443,NZ25-RL250228-2-1x,390,0.006,14.945,0,2,3,0,3,0,1,63.4701,0.150004,86513.3,237.977,8666.35,3333.67,208144,39219.5,1.0599,3506.63,19468.3,86822.7,98124.5,96808.8,0.0113655,422269,145582,266.546,102.902,2212.48,28027.8,4885.35,22402.5,31962.2,12359.1,10818.4
3571,3,2025-12-15 00:00:00,11:33:48,30010443,Pulsar-JS-1020-3-4ltrCan-.5inTube1x,390,0.012,0.199,4,0,0,0,3,0,1,1.38778,0.194907,2789.13,16.3914,282.861,4039.22,4747.74,897.957,1.3338,155.575,164.76,684.499,782.608,792.96,0.0028041,3489.68,1177.33,135.096,1.1342,16.6564,231.821,42.7163,194.515,281.66,121.609,101.881
3572,3,2025-12-15 00:00:00,16:20:33,30010443,1%HeTank-2.75inTube-4ltrCan-1x,390,0.011,0.65,4,0,0,0,3,0,1,0.730963,0.0909556,48549.2,134.674,5090.44,4075.73,32329.8,5904.63,0.15666,112.736,66.6308,275.759,310.428,311.217,0.002776,1363.8,458.773,99.3299,0.220551,5.98172,83.0032,16.3162,70.9248,100.974,40.3609,38.1103
3577,3,2025-12-16 00:00:00,10:01:26,30010443,Pulsar-JS-1220-3-4ltrCan-.5inTube1x,398,0.012,0.228,4,0,0,0,3,0,1,1.60491,0.227584,4837.66,25.0481,495.643,4242.29,6547.18,1215.19,1.614,150.803,175.744,735.972,871.834,876.262,0.00282789,3795.49,1283.98,118.006,1.02367,22.5974,253.679,46.5265,208.586,293.452,111.789,107.989
3578,3,2025-12-16 00:00:00,13:12:54,30010443,Pulsar-JS-1420-2-4ltrCan-.5inTube-1x,398,0.012,0.171,4,0,0,0,3,0,1,1.24566,0.172677,2685.09,16.7151,276.686,4147,3417.59,642.604,1.11107,136.13,139.268,597.167,685.47,702.352,0.00280229,2988.04,1009.75,108.144,0.962709,15.8918,196.006,33.7191,169.5,230.856,87.1074,92.1771
3579,3,2025-12-16 00:00:00,16:28:38,30010443,Pulsar-JS-1020-3-4ltrCan-1inTube-1x,398,0.012,0.313,4,0,0,0,3,0,1,2.13379,0.318042,4787.87,28.9516,501.617,4592.45,8291.2,1554.26,2.48334,145.622,210.183,909.264,1078.65,1092.7,0.00283513,4636.32,1580.55,111.209,1.05413,25.6871,332.597,61.2773,263.414,376.321,154.974,136.672
3584,3,2025-12-17 00:00:00,08:21:03,30010443,1%HeTank-4ltrCan-6inTube-1x,402,0.012,1.353,4,0,0,0,3,0,1,1.34787,0.19097,74507.6,210.166,7715.24,3951.99,78616.7,14539.3,0.387443,114.48,83.494,345.116,417.509,422.421,0.00276652,1807.85,604.069,103.067,0.176599,8.60288,113.669,20.4512,97.066,134.862,51.9228,48.65
3585,3,2025-12-17 00:00:00,11:33:17,30010443,Pulsar-JS-1420-2-4ltrCan-1inTube-1x,402,0.012,0.307,4,0,0,0,3,0,1,1.76605,0.322974,4916.4,28.0323,513.723,3907.31,6797.33,1270.51,2.53391,158.318,202.274,854.709,998.544,1018.3,0.00282304,4413.76,1484.49,121.684,1.90683,26.204,310.404,55.602,247.262,352.565,141.609,133.593
3591,3,2025-12-18 00:00:00,07:53:49,30010443,LabAir-12-15-25-1x,409,0.001,14.62,0,4,4,3,3,0,1,22.9937,0.355669,48019.5,136.259,4962.59,3536.3,373482,71422.8,1.94353,4083.34,23004.4,102430,115949,114659,0.0129578,494991,171990,225.045,75.4655,1605.1,20109,3633.06,15993.4,22877.5,8849.24,7932.89
3592,3,2025-12-18 00:00:00,11:08:41,30010443,NZ25-TPC250323-1x,409,0.01,28.46,2,0,2,0,3,0,1,113.18,1.34734,157042,449.123,16276.2,4250.03,442995,84746.2,2.67367,2989.24,16682.4,74481.7,84197.6,83235.1,0.0101347,364682,125384,276.577,119.99,2552.07,32167.1,5602.47,25666.6,36724.7,14219.7,12469
3599,3,2025-12-19 00:00:00,09:26:24,30010443,NZ25-WT250227-1x,420,0.02,22.662,0,4,4,3,3,0,1,32.9322,0.279189,34989.2,98.9743,3631.42,3551.91,260638,49597.6,1.34804,2950.8,16082.3,71766.8,81174.5,80063.6,0.00987354,351376,120752,221.176,54.7547,1123.81,14042.1,2540.74,11182.6,16004.5,6197.36,5614.99
3600,3,2025-12-19 00:00:00,12:49:54,30010443,NZ25-OS250313-1-1x,420,0.002,15.127,2,3,3,0,3,0,1,72.6486,1.26449,136336,391.683,14241.6,4064.61,887398,173678,4.90673,9700.54,55240,246211,277349,274189,0.0271904,1177240,410659,465.424,264.024,5480.72,69175.2,12022.4,55198.7,78513,30458.5,26538.6
3620,3,2025-12-22 00:00:00,07:56:51,30010443,NZ25-250227-1-1x,450,0,22.315,0,3,3,0,3,0,1,45.2569,0.160118,46815.9,131.227,4813.28,3353.91,747524,145837,3.99068,11585.6,66252.5,295466,332263,329207,0.0322372,1392880,491316,581.203,348.468,7501.95,94140.5,16339.3,75104.9,106983,41428.8,36201.3
3621,3,2025-12-22 00:00:00,11:19:44,30010443,NZ25-RL250228-1-1x,450,0.015,28.402,0,0,0,0,3,0,1,220.24,0.458061,48374.9,137.123,4973.5,5150.26,255735,48434.3,1.32855,703.463,3304.7,14629.9,16606.3,16440.5,0.00420732,71392,24717.6,154.526,19.6682,434.343,5432.59,975.786,4338.31,6240.78,2415.06,2142.11
3622,3,2025-12-22 00:00:00,15:43:01,30010443,NZ25-PS250228-1-1x,450,0.01,16.108,0,0,4,0,3,0,1,23.7288,0.064121,249674,724.301,26114.5,5006.34,5750.8,1057.85,0.0279367,2477.06,13437.8,59656.3,67466,66701.9,0.00870655,290913,100553,232.707,76.0617,1578.84,19772.8,3458.78,15819.5,22716.8,8818.02,7707.39
3627,3,2025-12-23 00:00:00,07:36:24,30010443,NZ25-MNS250324-1x,458,0.004,15.693,2,0,2,0,3,0,1,71.8613,1.67516,107358,302.368,11052,4747.35,272646,51766.2,1.73557,2101.8,11428.2,51034.8,57680.8,56917.2,0.00780801,249821,85695.8,237.535,89.8811,1980.27,24778.2,4340.1,19726.5,28372.8,10982.3,9631.07
3628,3,2025-12-23 00:00:00,11:06:42,30010443,NZ25-TRS250326-1x,458,0.011,15.388,0,3,3,0,3,0,1,19.0782,0.623964,35672.6,102.837,3708.95,4344.16,932084,183778,5.03055,16586.8,95721.7,428437,478079,473412,0.0453821,1977790,704954,803.479,558.169,11771.3,148867,25781.5,118953,168428,65452.8,57096.5
3629,3,2025-12-23 00:00:00,14:30:31,30010443,NZ25-UT250312-1x,458,0.01,14.059,2,0,2,0,3,0,1,205.213,1.87889,98530.5,295.012,10288.4,6586.25,282386,53935.9,1.93125,2176.16,11933.4,53145.9,60096.4,59446.8,0.00802255,259216,89563,245.127,97.7295,2088.05,26261,4600.85,20954.8,30002.8,11657.2,10212
3634,3,2025-12-24 00:00:00,07:24:17,30010443,NZ25-PolySpa250227-1x,462,0.004,14.323,0,0,2,0,3,0,1,400.352,0.865598,41497.5,116.351,4176.2,3876.4,115519,21878,0.596075,1211.73,6238.06,27590,31449.1,31047.2,0.00549648,133832,46748.9,178.127,42.3333,924.751,11498.1,2032.94,9151.07,13206.9,5108.77,4519.32
3635,3,2025-12-24 00:00:00,10:37:27,30010443,NZ25-KE250311-1x,462,0.01,23.85,2,0,2,0,3,0,1,31.6425,1.56105,193726,560.677,20146,4697.8,273107,52103.4,1.69621,1933.3,10402.2,46431.5,52497.9,51857.9,0.00738147,226394,78223,229.473,81.3375,1747.01,21964.5,3869.3,17540.2,25258.8,9793.77,8610.54
3649,3,2025-12-26 00:00:00,07:26:46,30010443,NZ25-MS250314-1x,480,0,14.399,2,3,4,0,3,0,1,261.223,1.29477,259890,730.972,26309.4,4622.44,82651.1,15562.7,0.435155,19893.1,114317,509678,568565,561285,0.053432,2336590,836397,892.062,637.57,13529,171314,29685.6,136902,193975,75519.7,65813.2
3671,3,2025-12-29 00:00:00,12:27:33,30010443,NZ25-WAK250318-1x,514,0,16.189,0,4,4,3,3,0,1,24.0379,0.360027,50037.3,144.503,5243.5,3680.25,373537,71928.3,1.96224,4075.04,23130.8,103055,116725,115260,0.0130603,501890,173801,213.228,74.9212,1595.95,20080.9,3629.13,16003.4,22961.6,8860.57,8018.61
3672,3,2025-12-29 00:00:00,16:01:42,30010443,NZ25-RKL250319-1x,514,0.003,14.778,0,0,2,0,3,0,1,251.025,0.524387,61119.9,169.131,6135.53,3538.12,106016,19984.9,0.543936,948.97,4850.97,21562.7,24450.3,24171,0.00491359,105248,36466.6,154.029,31.2397,662.728,8194.69,1457.67,6555.85,9454.96,3668.01,3231.73
3677,3,2025-12-30 00:00:00,07:54:10,30010443,NZ25-HGT250320-1x,522,0,29.072,0,0,2,0,3,0,1,328.832,0.68737,100652,282.113,10127.4,4551.22,167829,31775.9,0.863964,1250.83,6374.99,28218.4,32101.8,31664.4,0.00556915,138652,47862.8,198.05,37.3942,759.54,9423.5,1680.68,7534.07,10831.1,4204.52,3714.85
3678,3,2025-12-30 00:00:00,11:10:25,30010443,NZ25-WRR250321-1x,522,0.02,27.358,0,3,4,0,3,0,1,1047.96,2.19558,112972,321.415,11440,4804.52,50379.3,9476,0.256185,14564.8,83955.2,376217,419633,414712,0.0401618,1757470,620750,660.123,443.06,9381.42,118334,20533.7,94420.1,134449,52145.9,45731.6
3679,3,2025-12-30 00:00:00,14:22:07,30010443,NZ25-PuarStr250227-1x,522,0,14.582,0,0,2,0,3,0,1,529.322,1.16141,103351,293.225,10438.3,6147.45,263550,50342,1.37419,2092.71,11412.9,51031.6,57665.9,57011.3,0.00780893,250297,86110,207.448,77.0934,1608.85,20143,3558.35,16056.2,23054.6,8958.61,7887.82
3680,3,2025-12-30 00:00:00,17:37:15,30010443,NZ25-OTO250322-2-1x,522,0.01,15.089,2,0,2,0,3,0,1,131.979,1.78496,203034,577.336,20261.2,6130.36,295940,56328.6,2.14706,1889.46,10339.1,45786.4,51858.9,51425.8,0.00729002,222013,77160.4,209.138,85.0012,1778.94,22324.2,3949.98,17829.1,25649,9958.64,8769.84
3684,3,2025-12-31 00:00:00,07:29:19,30010443,NZ25-RTK250319-1x,528,0.007,14.555,0,3,4,0,3,0,1,117.265,0.261772,40104.7,109.643,4044.25,3735.41,22808.3,4280.1,0.115134,8315.06,47586.9,212610,239431,236821,0.0239064,1020220,355880,428.304,268.168,5606.93,71106.6,12377.4,56692.9,80839.9,31409,27582.3
3685,3,2025-12-31 00:00:00,10:42:22,30010443,NZ25-OKK250319-1x,528,0.008,15.173,2,3,3,2,3,0,1,316.243,0.659549,39961.7,112.347,3992.32,4836.77,430098,82854.8,2.28302,1606.78,8728.02,38694,43999.5,43464,0.00659867,190118,65581.3,160.929,49.1603,1031.84,12838.7,2308.78,10275.2,14779.5,5719.33,5121.69
3686,3,2025-12-31 00:00:00,13:55:03,30010443,NZ25-KUP250320-1x,528,0.007,14.69,0,3,3,0,3,0,1,269.715,0.761638,41202.3,113.02,4092.83,4421.33,519214,100632,2.74597,9327.79,53839.9,240588,269954,267527,0.0266862,1140220,400386,522.037,355.796,7465.89,94182.5,16464.5,75128.9,107227,41562.8,36452.5
3699,3,2026-01-02 00:00:00,07:47:32,30010443,NZ25-NWA250325-1x,544,0.014,15.671,2,3,3,0,3,0,1,238.049,1.12146,8021.59,22.6007,812.01,2867.32,364792,70419.8,2.363,11090.7,63850.8,284239,320378,316711,0.0311694,1353950,476555,912.336,667.627,14320.6,180268,31487.1,143768,205326,79904.5,70156.6
3700,3,2026-01-02 00:00:00,11:00:04,30010443,NZ25-OL250313-2-1x,544,0.005,14.78,2,3,2,0,3,0,1,135.26,1.75652,18519.4,51.4147,1869.97,4605.22,318343,60821.3,2.24076,1802.17,9969.24,44051.1,50334.4,49734.4,0.0071427,214985,74836.6,180.831,73.8654,1553.06,19609.7,3474.11,15664.7,22566.8,8750.54,7737.3
3701,3,2026-01-02 00:00:00,14:12:41,30010443,NZ25-KDF250324-1-1x,544,0.004,15.301,0,4,4,3,3,0,1,24.4655,0.354039,49946.4,138.572,5237.69,4938.88,368651,71163.9,1.94021,4007.15,22992.7,102318,115495,114382,0.0129859,494951,172083,173.324,75.7281,1590.82,19795.7,3591.82,15792.6,22699.9,8795.52,7917.42
3721,3,2026-01-05 00:00:00,07:15:00,30010443,NZ25-KDF250324-2-1x,573,0.887,15.07,2,3,2,0,3,0,1,32.7892,1.69603,13009.5,38.1581,1302.13,3201.02,396873,76232.3,2.36347,2699.98,14962.8,66228.8,75324.3,74400.6,0.00939376,320769,111845,247.397,115.002,2445.37,30486.4,5414.38,24321,35163.1,13577.8,11984.7
3722,3,2026-01-05 00:00:00,10:27:40,30010443,NZ25-TP250312-2-1x,573,0.029,12.244,0,4,4,3,3,0,1,16.9896,0.254952,39997.1,114.977,4183.06,4329.1,291257,56100.4,1.52886,3239.41,18173.9,81250.1,91909.9,90725.1,0.0109112,396144,137227,164.317,57.1443,1246.92,15461.9,2840.02,12318.5,17791.9,6872.92,6270.79
3728,3,2026-01-06 00:00:00,08:58:57,30010443,NZ25-PS250228-2-1x,583,0.001,22.312,0,3,3,0,3,0,1,8.43125,0.030588,22188.1,62.255,2266.06,3729.15,170268,32343.9,0.87509,2802.77,15612.8,69461.6,78847.1,77870.7,0.00972601,336340,117185,183.285,78.9795,1682.8,20944.5,3680.23,16687.5,24095.3,9330.25,8204.69
3729,3,2026-01-06 00:00:00,12:11:31,30010443,ITA25-SB1-250519-1x,583,0.01,14.786,0,0,0,0,3,0,1,30.202,0.501445,24199.5,65.1727,2469.08,4315.36,160491,30529.8,0.865312,492.166,2314.63,10221.1,11687.6,11521.7,0.00377267,50211.7,17396.6,108.857,14.851,313.661,3870.75,706.842,3055.23,4459.38,1726.06,1557.35
3730,3,2026-01-06 00:00:00,15:28:41,30010443,ITA25-GI-250407-1x,583,0.005,20.276,0,3,2,0,3,0,1,20.6898,0.678758,7724.47,21.2012,763.639,3820.35,262842,50385.5,1.38091,2047.11,11255.4,49758.6,56734.3,56070.7,0.00775995,243675,84569.5,197.559,77.1756,1607.54,20077.3,3568.04,16006.4,23181.6,8982.62,7944.47
3735,3,2026-01-07 00:00:00,07:25:28,30010443,ITA25-SB-250519-1x,589,0.01,24.938,0,1,1,0,3,0,1,32.9305,0.545445,33864.1,94.3602,3452.61,3412.21,287993,54982.2,1.51679,1146.29,6050.5,26748.2,30432.6,30076.1,0.00542549,129862,45282.5,147.039,39.23,868.466,10676.2,1902.72,8524.78,12333.3,4785.13,4228.67
3736,3,2026-01-07 00:00:00,10:48:37,30010443,AEO24-BO-240617-1x,589,0.009,36.297,0,3,2,0,3,0,1,359.837,1.30093,9287.41,26.4037,934.183,3553.69,344441,66320.7,1.83299,2347.16,13019.2,57658.1,65559,64774.7,0.0085197,280192,97810.1,196.897,74.7464,1575.18,19533.1,3461.83,15575.2,22488.5,8741.1,7668.05
3737,3,2026-01-07 00:00:00,14:00:28,30010443,GRL25-GUS-250426-1x,589,0.01,22.958,4,4,4,3,3,0,1,5.63755,2.01426,14552.4,41.3155,1479.67,4631.22,570978,111615,3.35714,8000.9,46280.7,206359,232341,229892,0.0233952,986060,345229,333.028,185.911,3960.06,49486.1,8818.3,39526.3,56622.1,21942.8,19570.6
3738,3,2026-01-07 00:00:00,17:12:18,30010443,NZ25-KA-61-1x,589,0,26.163,0,0,1,0,3,0,1,43.8287,0.157228,92244.5,260.398,9314.93,4746.28,225491,43007.4,1.18151,946.522,4790.32,21171.3,24106.2,23880.3,0.00487962,104056,36021,153.13,29.6227,620.129,7696.78,1375.79,6121.5,8928.51,3458.34,3074.79
3742,3,2026-01-08 00:00:00,07:12:37,30010443,NZ25-KA-45-1x,595,0.007,22.179,0,3,3,0,3,0,1,82.3034,0.268017,17475.2,48.3818,1753.76,3860.92,183127,34928.7,0.950982,3654.39,20467.9,91433.7,103150,102043,0.011911,443995,153857,260.781,125.339,2666.07,33326.1,5870.84,26547.6,38207.8,14780.5,13073.1
3743,3,2026-01-08 00:00:00,10:25:51,30010443,GRL25-GUS-250426-BigBulb-.5inTube-1x,595,0.011,6.915,4,3,3,0,3,0,1,0.888509,0.193453,37114.7,106.659,3818.63,4967.26,722654,142388,4.29291,9676.3,55595.5,245164,280052,277121,0.0273813,1180350,416675,430.32,246.591,5230.19,66062.9,11558.9,52704.9,75509.1,29316.6,25733.6
3744,3,2026-01-08 00:00:00,13:37:43,30010443,NZ25-KA-46-1x,595,0.01,28.76,0,3,2,0,3,0,1,53.37,0.185029,6454.22,17.347,645.068,5732.97,207795,39701.5,1.08611,1712.34,9104.44,40371.8,46024.1,45378.2,0.00680522,198266,68699.7,200.699,60.8525,1301.03,16225.4,2891.86,12921.4,18659.9,7226.03,6417.21
3745,3,2026-01-08 00:00:00,16:53:42,30010443,NZ25-RK-17-1x,595,0.01,27.449,0,3,2,0,3,0,1,269.86,0.579245,11527,32.6354,1153.49,4988.82,287806,55257.9,1.50944,2033.8,11228.1,49614.4,56616.6,55961.8,0.00773491,241784,84523.7,199.621,69.8363,1458.21,18111.6,3219.68,14441.5,20891,8089.95,7154.74
3750,3,2026-01-09 00:00:00,08:47:20,30010443,NZ25-PK-7-1x,603,0.01,22.98,0,2,1,0,3,0,1,42.9537,0.157571,29803.6,83.5162,3042.18,4463.03,372117,71657.2,1.96583,1402.83,7428.75,32709.8,37392.5,36955.5,0.00605181,161015,55953.1,177.501,47.1616,983.451,12226.6,2175.54,9740.52,14110.6,5470.87,4840.36
3751,3,2026-01-09 00:00:00,12:06:00,30010443,1%HeTank-BigBulb-3.75inTube-1x,603,0.01,2.979,4,0,0,0,3,0,1,2.29181,0.42429,155457,452.204,16373.3,6555.64,228209,43115,1.15444,149.801,163.826,740.513,858.263,867.306,0.00280958,3723.16,1281.02,124.511,1.04061,20.2371,247.017,45.0355,193.995,284.673,111.993,100.939
3752,3,2026-01-09 00:00:00,16:38:01,30010443,GRL25-GUS-250426-BigBulb-.5inTube-1x,603,0.01,4.392,4,3,3,0,3,0,1,0.889402,0.19571,39785.1,116.325,4095,4323.03,709507,140077,4.22964,9990.19,57283.1,255235,288469,285700,0.0284795,1215240,430031,452.579,256.586,5615.63,70522.1,12376.6,56362.6,80945.2,31381.1,27654.7
3771,3,2026-01-12 00:00:00,07:27:01,30010443,NZ25-RK-27-1x,631,0,23.671,0,3,3,0,3,0,1,236.581,0.514576,16817.3,48.0664,1661.96,3470.31,127685,24363.3,0.664306,2755.93,14912,65769.3,75237.3,74451.2,0.00939664,320840,112260,306.183,92.5572,1949.39,24384.1,4348.34,19504.1,28234.1,10927.5,9647.9
3772,3,2026-01-12 00:00:00,10:45:07,30010443,NZ25-RK-29-1x,631,0,30.56,0,3,3,0,3,0,1,92.961,0.235117,9591.2,24.8293,949.709,4115.03,66244.5,12540.7,0.342616,1673.94,8560.85,37750.4,43043.5,42605.8,0.00654786,185646,64389,250.304,44.9013,960.383,11993.1,2134.2,9572.73,13852.5,5356.42,4756.41
3773,3,2026-01-12 00:00:00,13:57:51,30010443,NZ25-RK-33-1x,631,0,31.084,0,0,1,0,3,0,1,56.9034,0.139462,95135.2,267.045,9579.02,5018.35,205545,39099.3,1.0738,878.205,4046.63,17781.9,20372.1,20126.3,0.00453355,86868.2,30434.4,216.679,23.7353,519.563,6381.23,1147.91,5094.01,7435.83,2882.91,2554.18
3774,3,2026-01-12 00:00:00,17:09:55,30010443,NZ25-RK-36-1x,631,0,35.961,0,3,3,0,3,0,1,105.122,0.266822,13869.8,36.9547,1365.31,4174.4,65874.4,12387.4,0.338288,1480.83,7610,33516.4,38268.1,37802.3,0.00612541,164407,57237.8,222.578,41.4815,898.745,11079.9,2002,8868.86,12883.2,4985.36,4428.56
3778,3,2026-01-13 00:00:00,07:13:33,30010443,NZ25-RK-34-1x,637,0,24.308,0,3,3,0,3,0,1,191.665,0.428527,8713.5,23.483,867.311,3949.37,50747.4,9599.96,0.261738,1360.06,6812.95,30025,34354.1,33883.4,0.00577972,147122,51163.9,226.871,34.5872,713.382,8850.71,1595.74,7069.96,10227.9,3970.82,3523.7
3779,3,2026-01-13 00:00:00,10:25:21,30010443,NZ25-RK-35-1x,637,0,27.557,0,3,3,0,3,0,1,207.711,0.458999,22660.3,67.2045,2272.97,4350.18,232432,44510.6,1.21321,4456.28,24815.8,109945,124976,123471,0.0138197,535151,186555,371.144,151.786,3165.08,39566.7,7011.25,31659.5,45669.5,17632.7,15620
3780,3,2026-01-13 00:00:00,13:38:59,30010443,NZ25-DB-B-1x,637,0,14.689,0,0,0,0,3,0,1,0.104821,0.00287639,16137,45.7437,1654.13,4984.8,38824.7,7292.56,0.197495,278.479,609.279,2646.49,3036.47,2996.43,0.00302026,13024.9,4564.05,178.488,3.00024,57.4821,691.886,136.659,557.671,817.89,315.645,290.89
3781,3,2026-01-13 00:00:00,16:52:26,30010443,GRL25-GUS-250426-BibBulb-.5inTube-1x,637,0.002,8.57,4,3,3,0,3,0,1,0.592846,0.183771,39685.5,114.46,4052.68,4307.51,704477,138748,4.19785,9637.8,54936,242886,276027,273673,0.0272627,1159820,410916,494.822,253.341,5447.09,68302.4,11997,54488.5,78356.8,30411.1,26747.4
3790,3,2026-01-15 00:00:00,07:24:40,30010443,LabAir-12-15-25-1x,649,0.009,16.439,0,4,4,3,3,0,1,24.6051,0.373259,54378.9,156.429,5611.22,4232.55,388026,75059.7,2.0492,4353,24283.1,107205,122196,120895,0.0135738,518764,181945,295.49,79.5683,1670.97,20898.3,3800.8,16679,24131.9,9328.95,8455.34
3797,3,2026-01-16 00:00:00,08:30:08,30010443,LabAir-12-15-25-3.25inTube-1x-*NEW AIR STANDARD*,13,0.01,17.54,0,4,4,3,3,0,1,27.1409,0.406839,54199.9,155.246,5687.17,4337.95,415453,80523.6,2.19761,4631.18,26120.8,115596,131454,129981,0.0144175,559253,195949,271.233,84.1485,1803.04,22652.3,4110.65,18066.9,26055,10086.4,9098.59
3798,3,2026-01-16 00:00:00,12:21:29,30050443,LabH2O-1-13-26-5x,13,0,18.358,0,4,4,3,3,0,5,4.4153,0.0700367,11311.6,30.3849,1175.14,3942.05,241887,46398.4,1.26033,4519.12,25343,112197,127564,125814,0.0140752,547151,190203,349.658,134.632,2878.91,36029.6,6597.65,28672,41404.3,16033.4,14578.2
3799,3,2026-01-16 00:00:00,16:01:43,30050443,LabH2O-1-13-26-5x,13,0,18.414,0,4,4,3,3,0,5,4.0731,0.0696876,11538,33.8583,1194.76,3514.75,265849,51107.6,1.39248,5173.74,29361,130265,148132,146392,0.0158951,633673,220990,368.477,165.607,3551.09,44412.6,8052.13,35354.3,51018.9,19732.5,17874.5
3826,3,2026-01-20 00:00:00,08:28:40,30050443,NZ25-NWA-250325-H2O-5x,53,0,18.093,0,3,3,0,3,0,5,166.359,0.799854,20550.9,59.2578,2035.98,3640.48,401922,77065.4,2.27232,10309.2,58952.6,261692,295544,291918,0.0290155,1237340,438364,911.785,613.874,13015.1,163544,28732.9,130391,187058,72592.3,63944.8
3827,3,2026-01-20 00:00:00,13:22:22,30050443,CR17-SI170217-H2O-5x,53,0,17.852,0,4,4,3,3,0,5,19.8101,0.578495,12530.6,36.0589,1261.97,4226.59,211607,40535.2,1.10342,3742.47,20920.8,92085.5,105260,103944,0.0120772,451040,157091,301.455,108.899,2240.7,27799.4,5117.28,22141.1,32142.6,12388.1,11344.3
3828,3,2026-01-20 00:00:00,17:03:51,30050443,CR17-SG170216-H2O-5x,53,0,16.915,0,4,4,3,3,0,5,14.7752,0.385759,10906.3,30.0978,1108.53,3769.42,190551,36537.2,0.996301,3504.8,19716.4,87654.8,99485.8,98343.1,0.0116369,425554,148676,269.251,99.4734,2189.04,27208.8,5038.71,21672.5,31429.5,12140.3,11126.3
3832,3,2026-01-21 00:00:00,07:59:25,30050443,CR17-SR170216-H2O-5x,59,0,31.754,0,4,4,3,3,0,5,34.0339,0.570336,71058,197.413,7362.62,4310.04,553255,107860,2.94499,6558.87,37689.6,166282,189217,187532,0.0195512,795450,281536,316.718,138.591,3032.94,37744.1,6793.16,30084.8,43436.6,16820.2,15059.1
3833,3,2026-01-21 00:00:00,11:40:27,30050443,CR17-RS170216-H2O-5x,59,0,20.199,0,4,4,3,3,0,5,29.4319,0.662376,29906.5,82.8345,3040.99,4052.49,367226,70849.2,1.92844,5976.94,34168.2,151430,171642,169788,0.0180298,725667,255293,365.571,175.693,3703.93,46255.6,8340.13,36851.9,53107.4,20546.1,18546.5
3834,3,2026-01-21 00:00:00,16:03:59,30050443,LabH2O-1-13-26-5x,59,0,18.015,0,4,4,3,3,0,5,4.51014,0.070119,12186,33.8017,1255.87,3968.23,280803,54114,1.47419,5435.03,30946.8,136128,155838,154076,0.016525,658437,232388,363.307,179.617,3758.72,46857.3,8541.59,37335.2,53949.3,20894.4,18940.5
3839,3,2026-01-22 00:00:00,08:30:57,30010443,FE-434464-H2O-1x,67,0,18.555,4,3,4,3,3,0,1,1.18501,0.21461,129305,370.87,13416,4629.53,98603.1,18793.4,0.529826,1824,9652.34,42474.5,48768.5,48228.1,0.00707958,207333,73050.5,239.918,52.6327,1170.05,14459.5,2744.9,11539.8,16837.8,6475.79,6064.99
3840,3,2026-01-22 00:00:00,12:13:47,30010443,FE-442918-H2O-1x,67,0,18.096,4,3,4,3,3,0,1,1.06804,0.200754,20617.5,61.9521,2103.22,3674.61,41793.6,7901.32,0.229298,1069.03,5305.87,23309.6,26681.5,26391.6,0.00512229,113034,40045.2,208.3,35.4332,730.242,8976.19,1727.39,7158.94,10445.7,4019.29,3845.24
3853,3,2026-03-25 00:00:00,07:45:12,30010443,LabAir-3-13-26-1x  CharcMin 12.6,89,0.03,15.713,0,4,4,3,3,0,1,24.4544,0.350865,62027.1,169.016,6224.89,2730.94,387352,70816.7,1.91889,4174.09,21649.2,97575.8,109005,107528,0.0125456,470558,163581,282.382,81.0034,1652.53,20765.7,3410.44,16602.7,23813,9211.31,7574.38
3856,3,2026-03-26 00:00:00,15:18:10,30010443,1%HeTank-3inTube-LLT-1x,93,0.02,1.483,4,0,0,0,3,0,1,1.29298,0.183541,128609,345.254,12161.5,3443.07,196519,34891.4,0.926868,311.908,446.381,1940.08,2207.88,2165.35,0.00292844,9471.05,3256.43,219.01,1.79603,31.0654,377.641,62.9086,306.658,443.067,168.298,142.626
3861,3,2026-03-27 00:00:00,08:53:39,30010443,SBOO-PK1-009-LLT-.5inTube-1x,99,0.02,0.29,4,3,3,0,3,0,1,0.57405,0.452955,25032.9,69.7973,2480.79,2564.96,80611.9,14541.9,0.672138,1189.05,5203.58,23181,26199.5,25858.7,0.00510664,112434,39496.7,258.013,21.9151,467.691,5807.33,958.275,4659.44,6749.92,2633.01,2174.17
3862,3,2026-03-27 00:00:00,12:12:25,30010443,"SBOO-PK1-020-LLT-.25""Tube-1x",99,0.015,0.259,4,3,3,0,3,0,1,0.426939,1.38003,3261.82,24.6406,354.509,3519.19,26191.2,4722.52,0.692417,698.836,2397.97,10736.5,12122.3,12008.1,0.0038335,52463.2,18277.8,274.177,14.1891,266.444,3356.99,552.822,2686.18,3930.09,1541.87,1269.51
3863,3,2026-03-27 00:00:00,15:27:03,30010443,SBOO-PK1-001-LLT-.25inTube-1x,99,0.02,0.209,4,3,3,0,3,0,1,0.160523,0.291006,17765.1,52.3027,1758.84,3807.48,49097.1,8814.48,0.389234,899.428,3503.34,15641,17565.3,17377.1,0.00432813,76582.4,26642.5,267.535,15.109,307.489,3848.99,638.278,3065.18,4455.97,1734.22,1436.41
3875,3,2026-03-30 00:00:00,08:13:55,30010443,5%HeTank-3-24-26-LLT-1inTube-1x,117,0.015,0.572,4,0,0,0,3,0,1,2.41911,0.408929,49898.8,132.466,4752.11,2973.17,10419.6,1771.8,0.04488,173.111,31.4893,125.825,144.118,141.419,0.00275395,634.927,230.382,173.247,0.0784815,2.7395,33.415,7.86588,28.8742,43.3558,16.1687,17.8223
3876,3,2026-03-30 00:00:00,11:27:07,30010443,5%HeTank-3-24-26-LLT-.5inTube-1x,117,0.015,0.334,4,0,0,0,3,0,1,1.44194,0.224516,31922.8,83.5755,3103.33,2821.81,5006.59,852.943,0.0216172,192.78,9.76663,23.4657,43.9461,58.1729,0.00274659,130.255,112.155,183.784,0.12279,1.68903,23.3913,4.02062,18.2726,29.9185,11.411,10.5594
3877,3,2026-03-30 00:00:00,14:55:09,30010443,1%HeTank-3-18-26-4ltrCan-6.75inTube-1x,117,0.02,1.582,4,0,0,0,3,0,1,1.19983,0.197801,242420,654.407,23193.1,2874.81,265782,47539.2,1.26459,289.22,719.114,3129.82,3541.58,3506,0.0030511,15125,5244.97,169.183,2.3764,47.4252,591.995,99.0569,470.143,691.289,260.716,224.289
3882,3,2026-03-31 00:00:00,08:39:21,30010443,1%HeTank-3-24-26-4ltrcan-2inTube-1x,125,0.01,0.511,4,0,0,0,3,0,1,0.553235,0.0692736,53821.7,145.508,5275.34,3641.69,21220.1,3733.23,0.0982432,202.656,35.5639,130.578,165.413,178.867,0.00274531,638.32,262.517,207.361,0.0934121,3.78853,48.727,8.39035,41.2453,56.6597,22.817,20.585
3883,3,2026-03-31 00:00:00,11:51:32,30010443,SBOO-PK1-001-4ltrcan-.25inTube-1x,125,0.013,0.109,4,3,3,0,3,0,1,0.118309,0.135473,9261.7,27.0857,914.827,2568.43,18472.4,3295.6,0.14472,525.605,1600.71,7188.17,8105.64,8011.7,0.00348555,35164.3,12343.5,229.953,4.95095,136.102,1670.46,287.979,1347.76,1971.19,768.039,644.552
3884,3,2026-03-31 00:00:00,15:11:42,30010443,5%HeTank-3-24-26-4ltrcan-.5inTube-1x,125,0.01,0.18,4,0,0,0,3,0,1,0.543713,0.114137,22852.2,61.2299,2239.76,3762.72,2476.72,422.18,0.0106588,191.595,19.461,59.7272,87.0666,82.8757,0.00273264,325.936,138.48,188.215,0.127358,1.7879,20.5863,2.72733,15.1615,26.0134,11.9553,9.28051
3889,3,2026-04-01 00:00:00,07:47:36,30010443,SBOO-PK1-020-4ltrcan-.25inTube-1x,131,0.014,0.132,4,3,3,0,3,0,1,0.24522,0.538497,3027.59,15.7642,313.609,2641.17,12306.1,2216.75,0.287234,468.322,1322.83,5889.61,6649.67,6562.04,0.0033156,28658.6,10064.7,222.531,6.58924,135.117,1726.08,292.132,1395.46,2021.64,806.552,682.274
3902,3,2026-04-03 00:00:00,08:19:36,30010443,5%HeTank-3-24-26-4ltrcan-3inTube-1x,153,0.01,0.753,4,0,0,0,3,0,1,2.71783,0.498464,163915,440.093,15907.9,3607.33,82903.4,14471.1,0.379607,256.647,426.924,1882.16,2136.78,2090.72,0.00294926,9225.68,3179.68,177.429,1.32146,29.4321,356.97,54.4681,287.718,419.616,160.203,145.614
3903,3,2026-04-03 00:00:00,11:31:58,30010443,SBOO-PK1-020-4ltrcan-.125intube-1x,153,0.01,0.105,4,3,3,0,3,0,1,0.357535,0.503836,2290.25,14.1879,204.601,2872.25,7574.77,1362.04,0.197979,362.843,934.154,4197.52,4760.91,4695.7,0.00318155,20743.4,7207.94,198.369,5.21829,106.704,1299.52,220.016,1028.34,1512.36,595.396,511.197
3904,3,2026-04-03 00:00:00,14:41:58,30010443,SBOO-PK1-020-4ltrcan-reanalysis-1x,153,0.01,0.094,4,3,3,0,3,0,1,0.44444,0.434934,13.0629,5.95871,104.417,2649.62,6389.11,1149.41,0.165947,350.717,836.75,3690.98,4191.62,4131.86,0.00311623,18254.7,6354.8,209.709,4.27774,90.2953,1125.12,192.745,902.187,1327.37,519.445,452.532
3913,3,2026-04-08 00:00:00,11:29:35,30010443,NZ25-RK-34-1x,185,0.021,27.603,0,3,3,0,3,0,1,192.583,0.419584,15126.5,41.8894,1446.37,4055.15,51372,9261.53,0.250682,1203.97,5543.77,24862.3,28013.8,27509.6,0.0052619,122758,42501.2,218.342,28.7337,596.151,7521.55,1268.82,5968.72,8677.49,3365.02,2858.02
3914,3,2026-04-08 00:00:00,14:42:08,30010443,LabAir-3-13-26-1x,185,0.03,16.801,0,4,4,3,3,0,1,24.2792,0.37496,94314.4,261.479,9333.57,4592.32,414073,76403,2.0771,4456.06,23557.6,106744,118753,117198,0.0135322,521123,180812,273.066,81.0184,1729.35,21746.3,3746.07,17363.5,25043,9748.35,8460.43
3919,3,2026-04-09 00:00:00,08:17:11,30050443,LabH2O-1-13-26-5x,193,0.019,18.657,0,4,4,3,3,0,5,4.97441,0.0719373,21768.4,59.5161,2129.03,3991.92,277099,50689.2,1.3738,5082.46,26859.7,121983,135225,133397,0.0150464,593003,205308,403.453,158.747,3331.08,42187,7286.03,33661.7,48487.8,18727.4,16361.5
3920,3,2026-04-09 00:00:00,11:59:53,30010443,FE-447022-H2O-1x,193,0.02,19.04,0,3,4,2,3,0,1,2.50819,0.0266096,103285,281.164,10160.3,4240.46,48264.1,8669.6,0.23383,3519.47,18248.5,82972.7,92161.3,90687.9,0.0111209,405305,140385,328.355,115.132,2464.31,31144.1,5285.63,24863.8,35879.1,13912,11944.8
3921,3,2026-04-09 00:00:00,15:45:58,30010443,FE-442916-H2O-1x,193,0.018,18.48,2,4,4,3,3,0,1,30.9856,1.75207,319689,873.612,31888.6,4956.06,1253460,241409,6.65036,16463.5,89660.8,405358,448941,442594,0.04361,1898980,675281,499.036,239.651,5204.77,65980.4,11130.3,52542,75283.4,29203.5,25064
3926,3,2026-04-10 00:00:00,08:19:13,30050443,LabH2O-1-13-26-5x,199,0.02,17.515,0,4,4,3,3,0,5,4.72509,0.0707341,24603.3,66.2016,2401.54,3847.51,276325,50645.9,1.37362,5282.07,27686.1,125588,139607,137503,0.0153902,613413,212043,432.883,163.379,3507.13,44344.8,7647.96,35356.1,50889,19661.9,17198.2
3927,3,2026-04-10 00:00:00,11:59:09,30050443,NZ25-NGT250328-H2O-5x,199,0.021,20.34,0,3,4,3,3,0,5,49.7459,0.183387,302181,823.307,29715.7,4596.66,126356,22954.9,0.621856,2751.03,14016.5,63403.5,70839,69881.3,0.00916151,311525,108133,306.089,92.2101,1970.36,24968.8,4427.08,19926.9,28851.1,11156.5,9972.14
3928,3,2026-04-10 00:00:00,15:46:44,30050443,NZ25-AWK250322-H2O-5x,199,0.017,18.209,2,4,4,3,3,0,5,13.332,0.982025,18332.7,48.8709,1797.98,3443.01,238785,43656.7,1.18615,4842.15,25463.6,115607,128533,126627,0.0143945,565379,195491,401.651,149.401,3201.57,40524,7009.7,32271.4,46528.9,18013,15781.4
3947,3,2026-04-13 00:00:00,08:17:03,30050443,NZ25-PW250327-H2O-5x,227,0.01,19.476,2,4,4,3,3,0,5,206.778,0.814221,24133.3,66.4755,2346.53,2989.03,337481,62109.7,1.69006,6491.31,34671.1,157068,174520,171757,0.0185575,765173,265170,488.253,216.732,4610.81,58472.9,10043.1,46626.4,67056.7,25927.9,22620.7
3948,3,2026-04-13 00:00:00,12:05:35,30050443,NZ25-ARM250327-H2O-5x,227,0.01,19.891,0,4,4,3,3,0,5,599.033,1.62065,15637.5,42.1461,1526.92,3544.97,204904,37469.7,1.01753,4377.12,22840.6,103126,115052,113302,0.0131207,504179,175000,420.943,146.206,3243.15,40911.4,7126.73,32631,47044,18207.1,16066.9
3949,3,2026-04-13 00:00:00,15:48:49,30050443,NZ25-ARR250327-H2O-5x,227,0.01,20.422,1,4,4,3,3,0,5,337.511,0.932674,13868.9,36.9308,1338.52,2909.37,168556,30786.9,0.835294,3628.96,18692,84433.5,94320.1,92970.6,0.0112383,415821,143956,384.199,121.562,2617.54,33013.4,5788.8,26301,38017.1,14712.3,13082
3954,3,2026-04-14 00:00:00,08:21:58,30050443,NZ25-ORK250319-H2O-5x,235,0.01,18.682,0,4,4,3,3,0,5,11.2829,0.0621957,12539.3,34.5689,1215.32,3346.61,83053.1,15017.1,0.40379,1584.8,6830.31,30801.6,34530.8,33912.1,0.00586635,151343,52509,358.734,33.7782,704.722,8844.89,1608.64,7053.45,10222.4,3962.1,3626.41
3955,3,2026-04-14 00:00:00,12:03:24,30050443,NZ25-TRS250326-H2O-5x,235,0.01,21.344,0,4,4,3,3,0,5,3.26438,0.102934,2475.22,7.00856,264.854,3493.98,64540.7,11699.1,0.315834,2359.04,11065.8,49904.9,55846.9,55005.2,0.00780421,244752,85035.7,462.86,94.3068,2015.1,25382,4595.91,20247.1,29359,11367.6,10368
3956,3,2026-04-14 00:00:00,15:48:32,30050443,NZ25-ARD250327-H2O-5x,235,0.009,21.205,1,4,4,3,3,0,5,317.004,0.870996,18020.5,48.136,1761.69,3180.1,228732,41930.4,1.13932,4822.59,24881.2,112560,125557,123593,0.0140856,550184,190989,506.602,161.171,3477.98,43838.6,7631.62,34921,50413.4,19511.2,17217.4
3961,3,2026-04-15 00:00:00,08:09:16,30050443,LabH2O-1-13-26-5x,243,0.01,18.984,0,4,4,3,3,0,5,4.53106,0.0692452,24320.6,65.769,2377.39,3371.81,279518,51392.6,1.39289,5549.06,28037.1,126997,141338,139271,0.0155337,618322,214642,653.66,166.966,3492.44,44332.2,7714.32,35394.3,50934.1,19675.3,17348.9
3962,3,2026-04-15 00:00:00,11:55:17,30050443,NZ25-TPH250323-H2O-5x,243,0.019,20.525,0,4,4,3,3,0,5,13.5934,0.135707,15366.9,41.6869,1508.03,3084.27,105465,19125.7,0.515936,2037.95,8663.99,39049.2,43710.2,43020.2,0.00670244,192318,66539.1,515.602,40.5539,870.847,10942.5,1980.95,8738.07,12660.3,4885.48,4439.41
3963,3,2026-04-15 00:00:00,15:42:33,30050443,NZ25-TPC250323-H2O-5x,243,0.006,20.826,0,4,4,3,3,0,5,34.6707,0.42191,14969.8,43.1117,1463.62,2747.88,164013,29918.1,0.813003,3317.01,16450.9,74023.1,83037,81768.2,0.0102479,363753,126375,443.294,99.128,2036.79,25730.5,4545.66,20497.3,29644.4,11466.5,10271.8
3968,3,2026-04-16 00:00:00,08:04:09,30050443,NZ25-ATM250318-H2O-5x,251,0.004,18.81,0,4,4,3,3,0,5,16.9481,0.0862883,13836.1,36.9844,1343.22,3229.84,117738,21416.7,0.577968,2334.26,10990,49621,55359.4,54524.1,0.00776881,243897,84357.6,399.178,62.0743,1276.96,16197.8,2911.63,12902.8,18754.7,7236.49,6540.67
3969,3,2026-04-16 00:00:00,11:54:52,30050443,NZ25-WK250227-H2O-5x,251,0.005,19.336,0,3,4,0,3,0,5,3.57468,0.0328971,152701,425.355,14835.6,3571.29,37421.6,6733.91,0.179657,11605.8,61866.4,280549,310520,306403,0.0309274,1340890,470234,918.607,449.068,9578.16,122122,20435.9,97499.7,139686,54267.1,46194.3
3970,3,2026-04-16 00:00:00,15:52:52,30050443,NZ25-RK29-H2O-5x,251,0.005,18.432,0,3,3,0,3,0,5,11.5992,0.0501114,99726,264.593,9627.09,4138.33,414979,76115.1,2.05144,6406.71,33536.2,151535,168375,165993,0.0179697,736743,255174,615.479,240.72,5055.17,64297.9,10784.1,51287.4,73750.6,28557.4,24334.6
3974,3,2026-04-17 00:00:00,08:19:52,30050443,NZ25-TKT250320-H2O-5x,257,0.006,19.561,0,4,4,3,3,0,5,26.2964,0.090138,12453.9,35.7822,1230.62,2856.87,95828.7,17438.4,0.469846,1827.42,8273.77,37265.7,41803.6,41087.9,0.00655342,183283,63654.4,360.472,41.0793,891.606,11123.2,2015.4,8896.13,12965.1,5004.77,4556.54
3975,3,2026-04-17 00:00:00,12:02:12,30050443,NZ-RS170216-H2O-16intubew/crimp-5x,257,0.011,22.277,1,4,4,3,3,0,5,22.8896,0.571684,72549.7,196.479,7079.93,3547.87,470243,87115.4,2.36634,8101.56,40679.4,183288,204526,201469,0.0212112,886059,309232,1006.29,210.451,4546.02,57334.9,9863.58,45671.6,65832,25466.1,22232.3
3976,3,2026-04-17 00:00:00,15:43:04,30050443,NZ25-KUR250320-H2O-5x,257,0.002,20.38,0,4,4,3,3,0,5,25.7258,0.110687,14688.2,40.4953,1442.44,3105.16,104335,18965,0.511547,1955.66,8831.6,39865.1,44574.8,43881.8,0.00677582,195822,67971.2,404.44,41.9293,893.576,11240.1,2037.83,8931.93,13029.4,5018.66,4550.36
3996,3,2026-04-20 00:00:00,08:06:04,30050443,NZ25-WBW250321-H2O-5x,287,0,17.543,0,4,4,3,3,0,5,4.54409,0.0544884,13688.6,39.4448,1361.25,2464.61,87527.8,15901.9,0.428886,1514.57,6951.94,31227.8,35003.1,34497.2,0.00594129,153210,53469.8,283.886,31.135,654.541,8172.23,1493.78,6556.35,9540.45,3688.49,3370.97
3997,3,2026-04-20 00:00:00,11:48:06,30050443,LabH2O-1-13-26-5x,287,0,17.944,0,4,4,3,3,0,5,4.69059,0.0698667,24431.4,65.1862,2403.82,2605.69,272394,50193.7,1.36303,5232.42,27498.4,124364,138517,136564,0.0153491,605335,210926,466.181,157.418,3384.32,42767.3,7470.79,34099.9,49331.4,19068.6,16886.2
4003,3,2026-04-21 00:00:00,08:06:31,30050443,AEO24-CF240622-H2O-5x,295,0,20.647,0,4,4,3,3,0,5,180.232,0.674919,13989.8,37.46,1379.54,2793.89,129840,23758.9,0.642878,2536.02,12588.3,56838.9,63598.4,62575.2,0.00854648,280093,97221.8,337.038,65.9004,1411.75,17793.7,3184.77,14168.5,20612,7957.01,7203.77
4004,3,2026-04-21 00:00:00,11:46:05,30050443,AEO24-CGY240625-H2O-5x,295,0.002,20.711,0,2,3,0,3,0,5,56.0087,0.191326,284126,783.026,28042.7,3363.37,303254,55699.6,1.51483,4737.35,24638.4,111563,124420,122643,0.0140356,546017,189697,413.726,136.378,2978.91,37843.5,6418.33,30198.7,43689.8,16937.3,14556.6
4005,3,2026-04-21 00:00:00,15:40:19,30050443,AEO24-HTV240624-H2O-5x,295,0.01,18.506,0,4,4,3,3,0,5,50.8224,0.21808,13118.3,34.7464,1280.9,3267.12,123642,22531.3,0.607006,2207.22,10941.7,49315,55139,54312,0.00775293,241702,84105.1,295.803,50.8982,1109.32,13966,2509.15,11130.8,16230.2,6276.18,5666.69
4010,3,2026-04-22 00:00:00,08:34:35,30050443,GRL25-GUS250426-H2O-5x  *Quad He = 7e-11*,301,0.001,18.333,4,4,4,3,3,0,5,2.90006,0.774016,17178.4,44.5136,1704.05,2832.21,295450,54665.4,1.6239,6504.56,34592.4,156345,174081,171494,0.0185513,760579,264928,549.391,233.741,4907.34,61982.9,10713.8,49355.4,71286,27579,24265.3
4011,3,2026-04-22 00:00:00,12:15:41,30050443,AEO24-VL1240623-H2O-5x,301,0.002,18.26,0,4,4,3,3,0,5,6.08236,0.0631649,18728.9,50.7433,1830.05,2731.99,178896,32800.7,0.888459,3247.34,16700.4,75478.6,84239.3,82959.1,0.0103928,371037,128713,342.849,82.6287,1765.43,22294.3,3971.11,17736.2,25756.7,9931.55,8943.51
4017,3,2026-04-23 00:00:00,07:47:10,30050443,AEO24-VSS240622-H2O-5x,309,0.001,17.524,2,4,4,3,3,0,5,203.813,0.744497,19567.6,52.4368,1939.25,3144.7,214981,39611.5,1.07356,4164.18,21482.9,96988.5,108326,106523,0.0125663,474654,164895,454.611,118.868,2547.04,32050.5,5667.15,25496.6,36897.6,14261.8,12760.6
4018,3,2026-04-23 00:00:00,11:30:01,30050443,AEO24-P3V240625-H2O-5x,309,0.008,19.279,0,4,4,3,3,0,5,161.654,0.623466,11062,30.7362,1096.88,3039.47,76625.3,14018.6,0.378109,1564.9,6611.31,29775.8,33420.1,32882,0.00578005,146295,51055.1,434.668,30.9077,645.017,8133.66,1492.41,6458.67,9470.08,3639.18,3387.83
4019,3,2026-04-23 00:00:00,15:27:12,30050443,AEO24-TCP240624-H2O-5x,309,0.001,20.34,0,4,4,3,3,0,5,4.06424,0.0632579,18582.4,51.0897,1844.45,2942.27,141681,25918.6,0.700751,2448.58,12018.3,54119.5,60651.4,59669.8,0.00826177,266192,92653.1,339.108,52.6979,1159.13,14505.6,2603.85,11549.8,16882.6,6499.28,5873.67
4024,3,2026-04-24 00:00:00,08:11:23,30050443,AEO24-VPG240624-H2O-5x,317,0.004,17.804,0,4,4,3,3,0,5,3.97818,0.0581801,17909.1,50.1167,1776.08,3120.24,210924,38951.4,1.05476,4124.82,21100.1,95094.5,106464,104900,0.0123919,466876,162442,464.543,116.151,2503.06,31440.8,5585.94,25100,36332.9,14069.2,12573.3
4025,3,2026-04-24 00:00:00,12:20:57,30050443,LabH2O-1-13-26-5x,317,0.004,19.366,0,4,4,3,3,0,5,5.05586,0.0702608,24356.3,70.5514,2402.9,2702.98,259235,47823.8,1.296,4840.2,25492.2,114991,128473,126618,0.0144301,561293,195632,433.804,144.743,3050.75,38582.2,6806,30803.6,44633.2,17233.4,15332.5
4045,3,2026-04-27 00:00:00,08:03:59,30050443,AEO24-RMV240625-5x,347,0.003,18.371,0,4,4,3,3,0,5,3.70253,0.0582936,19953.4,57.0983,1991.84,2646.27,237515,44028.6,1.1971,4752.44,24803,111955,125064,123231,0.0141554,546673,191013,468.026,141.255,3087.21,38890.7,6886.01,31057,45012.7,17402.5,15580.1
4046,3,2026-04-27 00:00:00,11:53:46,30050443,AEO24-VL5240623-H2O-5x,347,0.01,19.034,0,4,4,3,3,0,5,4.63754,0.0540077,16669.3,46.7613,1668.12,2664.5,168144,31024.3,0.841156,3369.38,17042.2,76961,85971.6,84832.6,0.0106008,377415,131490,411.444,91.8382,1983.67,24856.9,4457.83,19834.4,28855.3,11140.1,10092
4047,3,2026-04-27 00:00:00,15:40:18,30050443,GRL25-GUS250426-H2O-5x  *3in Tube run*,347,0.014,15.613,4,4,4,3,3,0,5,0.726835,0.16312,5152.33,14.143,507.06,2656.29,81682,14991.9,0.440392,2113.92,10297.4,46535.9,52009.1,51260.3,0.00751472,228950,79982.8,317.376,64.7864,1403.47,17642.6,3225.39,14051.6,20499.6,7946.05,7263.97
4052,3,2026-04-28 00:00:00,08:13:26,30050443,TW-GLS1-1-H2O-5x,353,0.008,18.726,0,4,4,3,3,0,5,5.28745,0.0755149,30078.1,80.6414,2984.42,2830.55,419875,78306.1,2.12959,8791.13,47583.5,214348,238908,235770,0.0245308,1036130,363765,619.809,306.068,6448.26,81240.3,14161.8,64707.5,93806.5,36318,32053.1
4053,3,2026-04-28 00:00:00,11:57:53,30050443,TW-GLS5-2-H2O-5x,353,0.152,18.854,0,4,4,3,3,0,5,6.0718,0.08927,34406.1,95.4758,3418.31,2990.77,440451,82189.5,2.2302,8585.12,46575.5,210302,233720,230328,0.0241039,1011370,354810,568.737,262.956,5624.34,71140.6,12361.5,56660,81843.4,31660.8,27950.8
4058,3,2026-04-29 00:00:00,07:46:13,30010443,ITA25-VA250510-1x,359,0.01,15.1,0,3,3,0,3,0,1,104.111,1.22713,106692,283.221,10179.9,2951.55,188099,34016.4,0.918428,1973.93,9166.1,40756.3,45831.2,45172.3,0.00690606,199410,69356.4,318.312,32.762,733.137,9111.78,1586.53,7269.05,10647.9,4121.19,3549.81
4059,3,2026-04-29 00:00:00,10:58:50,30010443,Helix-Weil-1-LLT-1.5intube-1x,359,0.02,1.829,4,3,3,0,3,0,1,10.602,0.256784,2760.73,14.4136,271.248,4247.07,6286.3,1148.62,0.920818,456.346,718.742,3113.95,3567.39,3559.22,0.00305542,15429.2,5389.18,330.784,4.06215,79.4671,1008.26,170.497,804.865,1192.76,477.628,422.382
4060,3,2026-04-29 00:00:00,14:12:54,30010443,1%HeTank-3-24-26-LLT-3inTube-1x,359,0.02,1.573,4,0,0,0,3,0,1,1.69567,0.218818,179516,504.764,18188.7,5805.1,96910.6,17476.6,0.466204,284.778,84.2687,331.01,430.325,432.61,0.00278135,1802.45,623.829,279.233,0.281143,9.08457,114.762,21.2793,92.3206,131.781,52.8494,47.0376
4065,3,2026-04-30 00:00:00,07:53:15,30010443,Helix-Darwin-1-LLT-1.5inTube-1x,365,0.02,2.003,4,0,3,0,3,0,1,12.2459,0.288445,35206.8,187.505,3365.45,4850.27,6211.95,1151.47,1.01455,473.071,768.599,3256.04,3792,3779.49,0.00308196,16303.1,5735.5,328.259,3.97777,85.937,1090.6,192.311,849.279,1260.35,511.323,451.774
4066,3,2026-04-30 00:00:00,11:08:25,30010443,Helix-Linda-1-LLT-1.5inTube-1x,365,0.028,1.86,4,3,3,0,3,0,1,11.6274,0.272615,3312.36,14.0345,317.387,5170.2,6992.52,1287.89,0.942941,465.154,758.472,3335.76,3806.61,3777.66,0.00308504,16488,5777.88,330.119,3.42891,81.6434,1063.79,183.661,837.81,1243.61,500.836,436.435
4067,3,2026-04-30 00:00:00,14:55:51,30010443,Pulsar-JS4-4-17-26-LLT-1/2intube-1x,365,0.02,0.321,0,0,2,0,3,0,1,5.59903,1.109,625096,1751.8,63360.1,5621.08,330803,61435.5,1.79712,1569.16,6988.82,31196.1,35327.2,34789.9,0.00595784,154146,54315.7,326.392,24.2753,530.652,6601.48,1140.23,5297.16,7793.93,3012.51,2618.54
4072,3,2026-05-01 00:00:00,07:59:01,30010443,Pulsar-JS4-4-22-26-LLT-.5inTube-1x,371,0.02,0.349,0,2,2,0,3,0,1,9.87756,1.17884,163557,449.039,16254.2,3736.97,371219,69095.8,1.88332,1753.6,7746.18,34801.7,39211.2,38638.4,0.00631856,171614,60196.9,367.822,27.4069,612.87,7564.79,1312.54,6020.54,8890.61,3451.2,2984.66
4073,3,2026-05-01 00:00:00,11:22:47,30010443,LabAir-3-13-26-3.25inTube-1x,371,0.01,18.037,0,4,4,3,3,0,1,27.0222,0.408799,122882,346.587,12248.4,4271.11,428795,80213.5,2.18494,5009.49,25781.6,115961,130152,128326,0.0145808,567604,198827,456.184,86.005,1860.85,23259,4115.84,18537.8,26967,10406.6,9327.34
4088,3,2026-05-04 00:00:00,07:43:47,30010443,PO241217-G1-UNA41-1x,393,0.02,0.291,0,2,3,0,3,0,1,755.638,1.58853,167262,457.151,15947.8,3997.64,154056,28059.2,0.75803,2554.07,11901.6,53183.7,59902.1,58977.4,0.00815596,261001,91021,487.82,66.0123,1396.57,17613,3039.33,13980.5,20529.6,7884.46,6832.64
4089,3,2026-05-04 00:00:00,11:07:04,30010443,LabAir-3-13-26-1x,393,0.01,15.999,0,4,4,3,3,0,1,24.3738,0.368895,104664,285.922,10447.3,4195.39,382082,71431.7,1.94211,4459.32,22809,102659,115093,113364,0.0132136,503903,175928,453.645,76.6318,1626.76,20408.2,3616.08,16288.1,23787.6,9143.85,8192.65
4090,3,2026-05-04 00:00:00,14:27:58,30010443,PO250122-G2-UNA148-1x,393,0.02,0.156,0,2,3,0,3,0,1,160.571,0.320327,84009.9,232.742,8175.19,3781.04,89675.6,16261.3,0.434088,1828.67,8460.61,37893.2,42524,41862.5,0.00661228,186357,64927,354.901,48.3131,1031.69,12789.3,2202.52,10187.1,14904.8,5763.12,5007.15
4095,3,2026-05-05 00:00:00,07:29:48,30010443,PO241120-G2-1x,399,0.02,0.553,2,2,3,0,3,0,1,499.784,1.08567,247646,676.238,24479.1,4533.43,405492,75470.9,2.07142,7370.35,38933.7,174923,195798,193221,0.0204633,851220,298295,630.786,213.75,4627.13,58680,9974.75,46777.2,67822.8,26246.1,22629
4096,3,2026-05-05 00:00:00,10:46:55,30010443,Helix-ProductionGas-3/8inTube-1x,402,0.02,0.28,4,0,0,0,3,0,1,139.5,3.24317,51670.6,293.763,4722.25,7296.66,1528.38,278.086,0.00702363,382.873,27.4333,121.354,137.947,142.219,0.00274766,616.553,216.66,391.565,0.117609,2.91396,29.1238,6.87558,24.0922,38.547,14.6313,13.8743
4102,3,2026-05-06 00:00:00,07:29:55,30010443,LabAir-3-13-26-1x,12,0.01,16.52,0,4,4,3,3,0,1,24.8414,0.384205,108381,297.038,10936.5,4135.59,397634,74423,2.02558,4755.4,23860.4,107619,120369,118607,0.0137016,525297,183688,562.732,80.1568,1694.79,21383.7,3804.61,17084.5,24822.6,9569.42,8584.42
4103,3,2026-05-06 00:00:00,10:42:16,30010443,LabAir-5-6-26-1x,12,0.01,15.317,0,4,4,3,3,0,1,22.8486,0.343756,102655,288.067,10294.2,4009.17,366904,68629.7,1.86631,4378.26,21902.7,98934.8,110662,108775,0.012832,484708,169269,528.568,71.2793,1556.86,19547.4,3477.83,15571.7,22660.9,8772.43,7856.77
4104,3,2026-05-06 00:00:00,13:54:00,30010443,1%HeTank-3-24-26-LLT-1.87inTube-1x,12,0.02,1.097,4,0,0,0,3,0,1,1.19941,0.149172,127147,360.359,13027.5,5520.75,60930.8,11044,0.292802,369.99,80.1888,347.585,404.674,408.208,0.00277808,1762.58,611.082,358.632,0.567388,8.97307,103.619,20.3752,83.6674,121.641,48.6931,47.2093
4109,3,2026-05-07 00:00:00,07:34:18,30010443,PO230628-G2-UNA71-1x  *NudeTrapOff - Helium + Neon ONLY*,20,0.021,1.73,0,3,4,0,3,0,1,174.102,0.462568,339718,933.347,32964.9,4614.5,0,0,0,0,0,0,0,0,0,0,0,0,0,0,0,0,0,0,0,0
4111,3,2026-05-07 00:00:00,15:00:22,30010443,PO241003-CD1-1x,22,0.02,0.266,0,2,3,0,3,0,1,224.401,0.506744,273744,760.233,26880.9,5070.83,187396,34252.6,0.921076,3223.38,14627,65576.2,73365.4,72247.5,0.00937185,320308,111499,679.117,86.9369,1864.81,23477.5,4034.55,18698.7,27255.2,10537.2,9125.92
4116,3,2026-05-08 00:00:00,07:30:19,30010443,PO210324-G2-UNA20-1x,28,0.02,0.246,1,2,3,0,3,0,1,445.744,0.94323,105965,288.646,10309.1,4285.86,158688,29004.7,0.777833,3277.85,15344.6,68755.7,77043,75990.3,0.0097219,336981,117373,662.279,119.326,2485.83,31481.8,5427.33,25098.2,36531.5,14156.5,12219.7
4117,3,2026-05-08 00:00:00,10:41:00,30010443,PO241120-G1-1x,28,0.02,0.641,2,2,3,0,3,0,1,522.623,1.14517,271225,761.56,26946.8,5699.25,481871,90251.4,2.47304,8576.59,44547.7,200534,223895,220950,0.0230359,972327,341111,891.577,267.106,5692.78,71805.4,12258.5,57261,82974.4,32139.4,27783.6
4118,3,2026-05-08 00:00:00,13:54:36,30010443,PO210304-G1-UNA58-1x,28,0.02,0.932,2,2,3,0,3,0,1,317.881,0.706256,465723,1297.74,45838.5,7013.13,586167,109335,2.94877,7576.78,39531,178009,198045,194967,0.0207055,859943,299823,766.44,223.276,4736.62,59959.8,10192.9,47662.1,69082.8,26726.3,22961.3
4138,3,2026-05-11 00:00:00,07:23:27,30010443,PO230628-G2-UNA71-1x,58,0.02,1.865,0,3,3,0,3,0,1,185.004,0.489101,340227,938.66,33148.1,4258.9,842919,158120,4.24222,7426.31,39068.4,174355,195212,192086,0.0204604,839579,293879,556.946,160.178,3371.71,42730,7318.17,33938,49425.4,19073.9,16333.7
4139,3,2026-05-11 00:00:00,10:35:20,30010443,POU260326-1x,58,0.001,19.965,0,4,4,3,3,0,1,30.9961,0.228065,61570.7,167.127,6238.5,5300.64,246761,46094.4,1.25376,3128.21,15228.6,68375.6,77109,76023.8,0.00976069,337419,118240,453.944,53.5366,1125.96,14010.5,2525.45,11206.6,16329.8,6320.08,5694.71
4140,3,2026-05-11 00:00:00,13:47:04,30010443,BRR260323-1x,58,0.01,14.379,0,3,3,0,3,0,1,112.226,0.246018,46342.1,129.551,4620.1,4374.26,556628,105041,2.87625,11932.5,64463.6,290726,323816,320015,0.0323851,1388200,493387,909.168,433.042,9357.06,118526,20210,94598.5,137015,53252.3,45912.9
4141,3,2026-05-11 00:00:00,16:58:29,30010443,SCR260327-1x,58,0.01,14.615,2,2,3,0,3,0,1,435.331,1.35128,41777.7,122.086,4173.09,6166.54,92194.2,16961.9,0.602453,2426.59,11710.1,52471.6,58889.8,58069.8,0.00809165,258364,90474.7,440.617,75.675,1644.07,20744.9,3591.48,16527.4,24217.4,9391.04,8159.87
4145,3,2026-05-12 00:00:00,07:31:15,30010443,ETH-ERT-009-CT2-1x,64,0.001,24.78,0,4,4,3,3,0,1,43.8069,0.338928,90692,255.223,9169.11,4430.5,341076,63942.4,1.73996,4005.29,20538.7,92468.9,103548,102130,0.0122298,452267,158708,423.932,70.3024,1438.94,18182.7,3247.34,14474.2,21181.7,8187.8,7368.68
4146,3,2026-05-12 00:00:00,10:56:03,30010443,50%HeTank-5-11-26-4LtrCan-.25inTube-1x,64,0.02,0.117,4,0,0,0,3,0,1,2.77114,0.628066,11591,30.0994,1167.16,5883.97,1448.52,264.208,0.0068665,334.344,74.2884,334.6,380.274,376.286,0.00276791,1637.08,583.478,324.878,0.519221,11.1545,108.174,25.2364,106.305,152.905,62.9822,56.8753
4147,3,2026-05-12 00:00:00,14:07:39,30010443,SBOO-PK1-020-4ltrcan-.25inTube-1x,64,0.02,0.169,4,3,3,0,3,0,1,0.418686,0.702518,6541.66,32.9779,682.991,4356.84,16843.6,3083.02,0.420279,619.857,1789.2,7909.05,9018.36,8931.36,0.00355764,39315,13935.1,318.736,9.40517,192.508,2395.13,430.336,1914.47,2840.82,1131.1,988.744
4152,3,2026-05-13 00:00:00,07:25:58,30010443,ETH-ERT22-CT4-1x,72,0.028,11.53,0,4,4,3,3,0,1,60.7924,0.352065,86316.6,244.751,8721.09,4054.3,327093,61297.9,1.66638,3836.72,19797.1,89173.5,99963.9,98557.5,0.0118903,437685,153290,354.363,67.0095,1422.39,17936.5,3207.2,14313.4,20940,8091.09,7284.54
4153,3,2026-05-13 00:00:00,11:06:13,30010443,ETH-HayliGubbi-1x,72,0.044,15.324,0,4,4,3,3,0,1,22.7202,0.343123,96939.4,278.818,9825.65,3899.8,361857,67914.5,1.84676,4230.55,21665,97398.1,109453,107777,0.0127333,478485,167673,429.424,70.5082,1521.45,19167.2,3438.15,15293.1,22311.2,8628.68,7773.36
4154,3,2026-05-13 00:00:00,14:39:50,30010443,ETH-ERT-009-CT1-1x,72,0.011,17.17,0,4,4,3,3,0,1,25.7854,0.388558,108183,303.548,10982.3,4314.78,402728,75767.9,2.05945,4695.66,24294.5,109640,122762,121124,0.0139781,535668,187911,437.492,81.4769,1732.38,21660.7,3835.37,17212.8,25177.1,9754.92,8777.44
4159,3,2026-05-14 00:00:00,06:53:14,30010443,ETH-ERT22-CT3-1x,78,0.011,16.863,0,4,4,3,3,0,1,23.4592,0.367446,104541,293.467,10585.9,4434.12,387411,72860.5,1.98008,4675.85,23445.5,105581,118131,116500,0.0135353,515731,180771,567.134,80.4438,1652.78,20736.9,3721.74,16539.7,24140.6,9342.99,8446.98
4160,3,2026-05-14 00:00:00,10:04:59,30010443,TF-NV26-1B-1x,78,0,27.095,0,3,3,0,3,0,1,110.804,0.298532,67731.8,187.272,6694.09,4428.21,384670,71502.9,1.92664,6284.39,32242.6,144567,161919,159611,0.0174429,700772,245549,744.722,201.686,4281.59,54093.9,9302.56,43007.8,62653.6,24193.5,20956.8
4161,3,2026-05-14 00:00:00,13:16:12,30010443,TF-NV26-2B-1x,78,0.005,22.08,0,3,3,0,3,0,1,233.615,0.639629,122825,351.348,12190.5,5957.81,806360,153131,4.15041,12558.6,67516.9,303289,337872,333248,0.0335671,1441700,511050,1037.46,445.24,9508.1,119892,20489.8,95553,138226,53586.5,46267.4
4166,3,2026-05-15 00:00:00,09:18:56,30010443,TF-NV26-3B-1x,86,0.016,24.417,0,3,3,0,3,0,1,317.621,0.911103,244982,693.594,24742.6,5456.56,838066,159959,4.35644,10018.8,52848,236805,265424,262171,0.026916,1139880,403514,867.115,267.373,5715.57,72070.9,12352.7,57449.6,83529.7,32366.2,27938.5
4167,3,2026-05-15 00:00:00,12:31:11,30010443,Pulsar-JStr4H-0905-LLT-.5inTube-1x,86,0.02,0.409,0,0,2,0,3,0,1,0.528032,0.02002,789593,2272.96,82227.8,7849.9,475760,89665.7,2.43767,2232.43,9672.24,43203.5,48889.6,48331.5,0.00718349,213589,75109.2,537.023,37.4705,748.492,9443.39,1648.34,7513.35,11052.7,4274.9,3720.88
4168,3,2026-05-15 00:00:00,15:43:21,30010443,Pulsar-JS4H-2300-.5inTube-1x,86,0.02,17.821,0,4,4,3,3,0,1,4.86178,0.126155,21754.4,61.6406,2215.53,5446.78,83236.5,15445,0.41735,1320.9,5033.58,22450.8,25354.8,24991.2,0.00506409,110356,39030,419.057,16.481,343.328,4308.57,801.162,3447.82,5103.36,1980.12,1838.65
4187,3,2026-05-18 00:00:00,07:09:58,30000443,HCL-LabAir-4-24-26-Alq-A-all,114,0.015,0.062,0,4,4,3,3,0,0,29.3147,0.420323,69693.5,193.446,6899.13,3844.23,221607,40838.1,1.09676,2412.61,11056.7,48993.8,55692.5,54845.7,0.00779491,240189,84648.7,491.658,33.5328,716.644,8881.76,1628.64,7080.77,10381.3,3995.61,3637.55
4188,3,2026-05-18 00:00:00,10:22:17,30000443,HCL-LabAir-4-24-26-Alq-B-all,114,0.016,0.023,0,4,4,3,3,0,0,7.68375,0.113003,32257.4,90.7307,3274.53,3651.95,119109,22073.4,0.595769,1763.75,6810.25,30352.6,34447.5,33852.6,0.0058853,149774,52848.1,579.82,21.9502,460.651,5686.88,1060.93,4538.46,6694.63,2586.27,2394.88
4189,3,2026-05-18 00:00:00,13:34:44,30000443,HCL-LabAir-4-24-26-Alq-C-all,114,0.018,0.02,0,4,4,3,3,0,0,6.31939,0.0977501,30498.5,84.6107,3111.4,3678.83,113462,20990.8,0.567737,1771.27,6550.12,29233.4,33063.8,32572.1,0.00577571,143936,50878.2,646.797,19.6958,441.592,5447.03,1017.33,4332.41,6444.34,2472.25,2297.57
4190,3,2026-05-18 00:00:00,17:05:07,30010443,HCL-CHEV-L42M-Alq-B-1x,114,0.018,5.625,0,4,4,3,3,0,1,12.2733,0.196966,36424.1,99.6091,3649.93,3756.76,124921,22990.2,0.619516,1704.57,6742.77,29946.1,33908.2,33369.2,0.00585838,147086,51917.6,495.584,20.3128,437.881,5466.48,1025.18,4335.27,6454.79,2484.94,2291.48
4194,3,2026-05-19 00:00:00,08:56:15,30000443,HCL-TW-BHA1-1-Alq-A-all,120,0.019,0.031,4,4,4,2,3,0,0,55.6866,0.258578,7925.03,21.9625,767.347,4448.98,24911.7,4533.86,0.566286,1734.94,5929.83,26487.6,29807.1,29371.9,0.00545936,129225,45445,712.211,44.6771,938.312,11648.9,2033.38,9218.33,13673.1,5277.6,4629.66
4195,3,2026-05-19 00:00:00,12:08:28,30000443,HCL-CHEV-Q58-Alq-A-all,120,0.018,0.022,0,2,3,0,3,0,0,2.91614,0.91857,283898,802.233,28050.8,5831.71,150423,27486,0.740635,1949.75,7450.99,32999.5,37489.7,36957.6,0.00613672,162299,57041,673.899,26.3884,569.514,7068.48,1241.94,5632.34,8329.19,3212.32,2795.22
4196,3,2026-05-19 00:00:00,15:24:01,30050443,HCL-Blank-4-24-26-Alq-A-5x,120,0.018,0.47,0,4,4,3,3,0,5,9.40563,0.125102,17538.1,45.0319,1709.85,4738.24,42439.3,7648.6,0.201083,889.182,1758.62,7683.13,8786.48,8579.28,0.00352544,37571.2,13202.8,573.894,4.68679,98.6013,1193.18,223.849,939.918,1402.86,545.334,518.166
4201,3,2026-05-20 00:00:00,07:16:35,30000443,HCL-Blank-4-24-26-Alq-B-all,128,0.02,0.021,0,0,0,0,3,0,0,0.113474,0.00158099,4652.81,13.7273,452.558,4434.61,587.297,107.072,0.00275361,749.645,127.725,556.213,632.552,625.672,0.00279659,2738.54,962.069,727.208,0.724337,18.5163,234.669,26.9284,182.93,273.707,103.237,91.5294
4202,3,2026-05-20 00:00:00,10:28:02,30000443,HCL-CHEV-C21M-Alq-A-all,128,0.02,0.023,0,2,3,0,3,0,0,1.5956,0.29384,125573,350.098,12151.3,4554.19,71972.1,13025.3,0.360009,1919.89,6649.49,29567.4,33417.9,32840.8,0.00577541,145175,51102.9,780.347,61.267,1313.4,16323.3,2855.77,13019.1,19281,7454.5,6512.91
4203,3,2026-05-20 00:00:00,13:40:40,30000443,HCL-CHEV-C21M-Alq-B-all,128,0.018,0.021,0,2,3,0,3,0,0,0.307295,0.275156,14038.8,37.4974,1337.64,4714.62,9058.37,1649.1,0.0535631,1335.92,3471.89,15473.4,17633.3,17362.5,0.00433231,76530,27142,731.327,45.9086,972.219,12071.5,2172.39,9636.66,14305.9,5537.94,4983.57
4204,3,2026-05-20 00:00:00,16:50:57,30000443,HCL-CHEV-Q58-Alq-B-all,128,0.018,0.021,0,2,3,0,3,0,0,3.10277,0.929757,245550,698.971,24301.2,5540.68,125395,22878.5,0.618472,1805.05,6462.82,28574.5,32410.9,31942.4,0.00568752,140478,49497.6,658.166,24.4476,514.003,6338.35,1114.96,5040.76,7487.76,2890.65,2511.48
4208,3,2026-05-21 00:00:00,07:39:35,30000443,HCL-TW-BHH1-1-Alq-A-all,134,0.019,0.035,3,4,4,3,3,0,0,418.298,1.8919,10339.7,28.5557,1013.83,4582.06,28975.7,5249.42,0.253682,795.659,1448.15,6367.06,7219.45,7105.87,0.00338934,31058.3,10979,531.344,6.51773,125.827,1548.6,292.951,1217.29,1832.88,711.006,663.1
4209,3,2026-05-21 00:00:00,10:51:05,30000443,HCL-TW-BHH1-1-Alq-B-all,134,0.018,0.039,3,4,3,0,3,0,0,407.082,1.86229,14112.1,37.2876,1370.56,4036.69,766052,143250,6.29581,6151.54,31238.9,138272,155645,152951,0.0168158,668010,233602,698.081,135.296,2871.79,36113.4,6160.17,28640.3,41881.8,16196.3,13867.6
4210,3,2026-05-21 00:00:00,14:03:42,30000443,HCL-LabAir-5-21-26-Alq-A-all  *leak checked clamps*,134,0.017,0.021,0,4,4,3,3,0,0,6.29728,0.103236,31860.3,87.9059,3253.44,6610.83,118093,21870.3,0.591702,1781.33,6781.36,30380.1,34275.8,33807.4,0.00587995,149064,52781.4,589.967,21.2961,461.677,5676.15,1049.65,4519.07,6711.35,2592.09,2389.02
4211,3,2026-05-21 00:00:00,17:16:06,30000443,HCL-LabAir-5-21-26-Alq-B-all  *leak checked clamps*,134,0.01,0.021,0,4,4,3,3,0,0,6.72286,0.106394,31436.5,89.5349,3233.73,5237.1,117827,21858.3,0.590425,1676.29,6748.06,30026.4,34116.9,33586.4,0.00585502,148433,52507.9,501.945,21.1392,454.897,5638.49,1051.84,4488.58,6646.01,2579.94,2390.67
4215,3,2026-05-22 00:00:00,07:13:38,30000443,HCL-Blank-5-21-24-Alq-A-all  *leak checked clamps*,140,0.019,0.02,0,0,0,0,3,0,0,0.0152651,0.0016573,8923.6,24.7868,889.035,4305.82,2518.61,451.358,0.0115364,536.511,164.599,731.518,837.608,809.104,0.00280288,3594.5,1281.26,493.84,1.2863,27.4715,326.762,60.1604,268.577,400.945,151.492,134.711
4216,3,2026-05-22 00:00:00,10:24:45,30000443,HCL-TW-BHH1-1-2nd-Alq-A-all *Low Ne20 *leak checked clamps*,140,0.018,0.019,3,4,3,0,3,0,0,245.685,1.14668,621.667,2.29455,64.1721,3714.4,32335.2,5925.67,1.47694,1097.56,3200.92,14070.4,16066.8,15857.5,0.00420069,69324.8,24600,546.618,32.1695,682.171,8567.01,1484.88,6792.15,10123.1,3920.4,3423.7
4217,3,2026-05-22 00:00:00,13:37:48,30000443,HCL-CHEV-C21M-2nd-annulus-A-all  ,140,0.018,0.02,0,0,0,0,3,0,0,0.541038,0.169636,171985,467.139,16634.2,6547.65,239360,43834,1.27385,1003.52,2961.36,13039.5,14901.6,14634.9,0.00409294,64167.3,22836.2,512.539,31.6513,690.725,8397.75,1499.86,6699.82,10017,3872.96,3452.22
4218,3,2026-05-22 00:00:00,16:49:24,30000443,HCL-CHEV-L42M-2nd-annulus-A-all ,140,0.018,0.019,0,0,0,0,3,0,0,0.791875,0.75689,92873.1,259.116,9121.87,5827.31,92296.5,16754.1,0.485929,492.648,892.68,3936.87,4491.07,4418.05,0.00315041,19309.8,6894.45,330.312,6.46101,130.466,1631.62,309.217,1305.29,1952.62,752.355,692.602
4231,3,2026-08-11 00:00:00,11:25:36,30010443,LabAir-5-6-26-1x,170,0.02,18.583,0,4,4,3,3,0,1,29.5729,0.440645,108330,292.223,10499.5,3001.03,450653,83562.2,2.28248,5688.53,27272.1,119609,136738,135386,0.0149471,568715,203334,876.369,98.3192,2104.09,25764.2,4420.82,20545.1,29878.4,11577.6,9721.92
4232,3,2026-08-11 00:00:00,14:38:03,30010443,Pulsar-JS4H-1200-3inTube-1x,170,0.02,17.462,0,4,4,3,3,0,1,29.9257,0.408802,101580,274.518,9884.44,3072.65,418998,77483.7,2.11718,5276.76,25200,110390,125968,125250,0.014028,514532,187584,813.409,92.2125,1946.4,23815.6,4097.68,18965.2,27619.1,10669.1,8992.06
4237,3,2026-08-12 00:00:00,08:06:45,30010443,Pulsar-JS4H-1130-1x,178,0.02,18.168,0,4,4,3,3,0,1,29.3984,0.417604,104002,279.755,10102.5,2990.95,426014,78917.2,2.1556,5355.99,25681.3,112766,128223,127517,0.0142766,524608,191337,850.959,91.0413,1966.09,24142.3,4135.29,19213.5,28005.5,10856.8,9138.69
4238,3,2026-08-12 00:00:00,11:19:47,30010443,Pulsar-JS4H-1830-1x,178,0.014,16.577,0,4,4,3,3,0,1,27.6413,0.385294,95651.7,260.065,9310.61,2954.67,393565,72791.4,1.98876,5029.9,23707.7,103999,118963,117770,0.0133964,495734,177480,862.618,83.8307,1791.76,22149.8,3811.85,17620.1,25658.6,9901.88,8426.15
4239,3,2026-08-12 00:00:00,14:32:49,30010443,Pulsar-JS4H-NoName-1x,178,0.01,18.066,0,4,4,3,3,0,1,30.3579,0.422444,105187,287.817,10176.3,3051.86,429320,79475.1,2.17343,5427.58,26180.5,115270,131224,129791,0.0145276,551045,195750,811.117,93.2367,1983.93,24445.4,4209.37,19467.7,28391.9,10970.5,9295.21
4244,3,2026-08-13 00:00:00,07:36:48,30000443,HCl-LabAir-6-30-26-Alq-all,184,0.012,0.078,0,4,4,3,3,0,0,40.4023,0.539397,76420,208.475,7264.32,2816.71,257641,46780.7,1.26028,2919.04,12738.1,55569.6,63719.3,62721.4,0.00842898,266546,94543.5,653.75,43.2153,896.992,11033,1931.65,8783.8,12849.2,4937.7,4199.19
4245,3,2026-08-13 00:00:00,10:46:48,30000443,HCL-Blank-5-21-26-Alq-B-all,184,0.015,0.021,0,4,4,3,3,0,0,0.822485,0.00951595,741.23,3.79342,135.414,2446.71,2341.37,416.587,0.0106923,670.443,167.784,703.234,806.178,798.235,0.00281076,3283.61,1196.5,646.376,0.59911,14.0717,164.942,28.0416,131.749,197.279,76.1428,68.6249
4274,3,2026-08-17 00:00:00,08:31:09,30000443,HCL-Blank-7-9-26-Alq-A-all,226,0.014,0.068,0,4,4,3,3,0,0,25.6975,0.319526,37907.4,98.398,3519.12,2739.86,110923,19824.5,0.524905,1574.55,4928.67,21256.4,24528.8,24142.6,0.00491381,100662,36128.8,684.774,18.6721,398.948,4863.9,863.719,3835.48,5664.75,2175.68,1891.02
4275,3,2026-08-17 00:00:00,11:45:22,30000443,HCL-LabAir-7-8-26-Alq-A-all,226,0.016,0.119,0,4,4,3,3,0,0,60.8259,0.825813,109649,293.151,10345,3320.69,334530,60827.5,1.64108,3769.16,16815.3,73321,83898.9,82756.8,0.0102571,347979,124570,743.376,55.1265,1161.37,14327,2493.02,11377.3,16670.2,6446.03,5476.82
4276,3,2026-08-17 00:00:00,15:30:59,30000443,HCl-LabAir-8-17-26-Alq-A-all,226,0.016,0.019,0,4,4,3,3,0,0,7.04589,0.112466,30393.8,83.7281,2946.95,3232.04,117006,21399.1,0.581818,2022.9,7152.57,31365.6,35763.4,35435,0.00597699,147539,53798.7,750.691,24.2233,519.034,6317.03,1137.18,5019.74,7424.89,2873.06,2514.59
4281,3,2026-08-18 00:00:00,07:25:51,30000443,HCl-LabAir-8-17-26-Alq-B-all,234,0.013,0.019,0,4,4,3,3,0,0,7.25033,0.113346,31159.2,83.1475,3046.05,4064.73,117086,21397.7,0.581762,2086.15,7243.14,31648.6,36417.7,36034.7,0.00600445,152878,54831.4,806.21,24.7575,518.825,6408.93,1144.14,5119.3,7510.49,2910.6,2556.78
4282,3,2026-08-18 00:00:00,10:38:14,30010443,GJ-MIA-260312-a-1x,234,0.01,18.363,3,3,3,0,3,0,1,4.13694,2.38942,30294.9,82.6639,2902.05,3886.79,169818,30812,0.880533,4240.64,18985.3,83250.2,94738.7,93830.8,0.0112394,393419,141699,965.07,160.858,3402.06,42350.8,7121.53,33742,49258.1,19097.8,15886.1
4283,3,2026-08-18 00:00:00,13:49:50,30000443,HCL-Blank-8-18-26-Alq-A-all,234,0.019,0.019,0,0,0,0,3,0,0,0.0272635,0.00210936,61946.1,163.537,5943.87,4525.43,60743,10936.6,0.29347,904.998,579.973,2515.3,2899.45,2865.93,0.00298179,11873.6,4352.42,819.389,2.65872,53.4175,629.208,113.89,502.474,744.41,286.068,254.05
4284,3,2026-08-18 00:00:00,17:02:07,30000443,HCL-TW-BHA1-1-3rd-Alq-A-all,234,0.059,0.019,3,3,3,0,3,0,0,400.973,1.63766,3356.43,11.0281,328.704,3660.3,17977.7,3296.94,1.63127,1178,2737.68,11855.4,13671.1,13550.1,0.00394876,56908.9,20478.9,725.188,34.2828,728.009,8933.49,1521.68,7121.46,10542.2,4120.72,3445.14
4288,3,2026-08-19 00:00:00,07:43:20,30000443,HCL-Blank-8-18-26-Alq-B-all,240,0.013,0.019,0,0,0,0,3,0,0,0.0914824,0.00236061,54744,142.004,5135.9,3862.45,47891.9,8509.08,0.224926,997.712,497.767,2145.94,2480.68,2454.85,0.0029517,10205.6,3694.53,921.261,2.30534,53.109,628.587,114.7,496.429,738.168,289.228,247.875
4289,3,2026-08-19 00:00:00,10:58:57,30000443,HCL-TW-BHA1-1-3rd-Alq-B-all,240,0.014,0.019,3,0,3,0,3,0,0,395.957,1.64,44335.2,144.426,4217.77,3957.71,18020.2,3272.89,1.63332,1281.59,2741.28,11898.2,13723.8,13644.1,0.00396709,57171.3,20674.2,811.814,35.0022,738.263,8983.79,1526.07,7156.83,10617.4,4119.19,3463.42
4290,3,2026-08-19 00:00:00,14:11:30,30000443,HCL-TW-BHI1-1-3rd-Alq-A-all,240,0.014,0.02,0,0,2,0,3,0,0,53.1374,0.280141,221040,594.769,20682,5270.82,82977.8,14809.2,0.473129,1094.94,2031.64,8778.61,10094.9,10007.3,0.0036362,40720.4,14971.5,749.417,17.2377,369.341,4424.3,770.999,3528.95,5222.37,2026.57,1704.28
4295,3,2026-08-20 00:00:00,07:29:35,30000443,HCL-TW-BHC1-1-3rd-Alq-A-all,246,0.016,0.129,3,4,4,3,3,0,0,143.617,1.52518,80551.9,214.494,7500.42,4080.93,239533,43118.1,1.2044,2823.03,10700,46559.8,53272.7,52484.8,0.00746963,221016,78492.4,891.31,32.437,688.307,8464.62,1488.37,6700.08,9824.93,3782.85,3258.31
4296,3,2026-08-20 00:00:00,10:41:21,30000443,HCL-TW-BHC1-1-3rd-Alq-B-all,246,0.014,0.02,3,0,3,0,3,0,0,139.446,1.47947,288102,796.708,27170.5,4654.79,52787.4,9491.59,1.07521,1609.94,4003.98,17414.6,19973.1,19749.1,0.00451918,83207.1,29749.9,926.248,41.7346,871.083,10676.6,1823.94,8495.78,12582.3,4887.1,4090.33
4297,3,2026-08-20 00:00:00,13:53:04,30000443,HCL-TW-BHJ1-1-3rd-Alq-A-all,246,0.013,0.019,0,0,3,0,3,0,0,69.5028,2.03374,2562030,7839.23,279055,6188.58,588673,109249,3.02935,6596.01,32367.3,141688,161915,160559,0.0172183,673388,242716,869.781,128.011,2717.66,33600.6,5664.22,26797.5,39194.4,15156.9,12605.7
4298,3,2026-08-20 00:00:00,17:06:43,30000443,HCl-TW-BHJ1-1-3rd-Alq-B-all,246,0.013,0.019,0,3,3,0,3,0,0,67.755,2.0359,218843,591.787,21098.2,6124.8,601610,111812,3.09826,6645.55,32907.7,145177,164550,163184,0.0175347,686964,246169,821.705,130.26,2749.54,34023.1,5721.84,27138.4,39531.7,15326.9,12720.1
4303,3,2026-08-21 00:00:00,08:58:57,30000443,HCl-TW-BHI1-1-3rd-Alq-B-all,254,0.012,0.019,0,0,2,0,3,0,0,53.4711,0.28384,318247,853.235,29898.5,5214.29,119619,21372.6,0.653706,1036.42,2659.97,11611.8,13269.1,13091.3,0.00392162,55043.8,19700.1,562.06,16.5181,372.946,4563.27,793.703,3616.6,5347.75,2082.52,1748.77
4304,3,2026-08-21 00:00:00,12:12:17,30000443,HCL-TW-BHA1-1-2nd-Alq-A-all,254,0.012,0.068,4,4,4,3,3,0,0,30.4978,0.124932,38508.8,102.318,3639.15,4256.88,107764,19259,0.679837,1491.47,4868.51,21034.3,24075.4,23816.5,0.00488552,97681,35699.2,603.157,17.0327,362.031,4424.15,790.348,3503.09,5174.81,1991.31,1736.32
4305,3,2026-08-21 00:00:00,15:37:10,30000443,HCL-TW-BHH1-1-2nd-Alq-B-all,254,0.04,0.023,3,3,3,0,3,0,0,283.846,1.24619,84116.3,224.375,7864.76,4119.79,196430,35303.4,2.26891,2291.56,9849.84,42744.3,48879.4,48250.5,0.00711465,199874,72415,574.484,58.196,1232.03,15143.9,2562.47,12050.8,17703.9,6879.75,5723.15
4312,3,2026-08-31 00:00:00,12:32:52,30010443,TF-Svartsengi-16-1x,264,0.016,0.2,3,0,2,0,3,0,1,564.597,0.612207,441272,1224.44,42790.2,7793.56,54184.6,9789.94,0.276655,763.906,1758.75,7653.71,8773.3,8675.8,0.00353532,36687.4,13268.5,454.505,10.1079,227.652,2733.42,480.904,2196.92,3285.34,1268.88,1091.67
4313,3,2026-08-31 00:00:00,15:50:13,30000443,HCL-TW-BHB1-1-3rd-Alq-A-all  *Low Ne20*,264,0.013,0.018,2,3,2,0,3,0,0,134.189,1.43534,1248.68,3.44157,115.586,4855.23,11234.7,2038.44,0.649488,514.74,663.877,2872.89,3330.61,3313.61,0.00303409,13903,5014.63,414.318,9.13438,187.699,2262.82,401.4,1836.29,2729.38,1061.26,906.823
4317,3,2026-09-01 00:00:00,07:30:53,30000443,HCL-TW-BHB1-1-3rd-Alq-B-all,270,0.017,0.058,2,3,4,0,3,0,0,137.509,1.49476,617050,1673.28,59047.7,3805.1,83053.3,14828.3,0.408136,12127.6,63725.1,279526,313247,310858,0.0312362,1263640,464488,664.99,204.688,4327.84,53653.2,9013.77,42496.6,62022.2,23919.2,19954.9
4318,3,2026-09-01 00:00:00,11:52:07,30000443,HCL-TW-BHD1-1-3rd-Alq-A-all  *Low Ne20*,270,0.018,0.018,3,3,3,0,3,0,0,246.005,1.06688,208.097,5.75189,180.57,3740.22,12894.1,2373.82,1.15943,823.197,2119.87,9283.6,10563.3,10580.7,0.00370608,43527.7,16042.8,477.356,27.652,602.1,7398.43,1271.54,5896.59,8811.83,3437.84,2898.22
4319,3,2026-09-01 00:00:00,15:14:48,30000443,HCL-TW-BHF1-1-3rd-Alq-A-all,270,0.014,0.018,2,0,2,0,3,0,0,114.507,1.28496,26999.4,77.9772,2572.25,4732.57,14885,2695.01,0.584761,553.1,728.856,3122.7,3592.54,3588.79,0.00306603,14673.4,5428.02,444.186,8.46499,181.018,2206.62,386.482,1761.98,2643.89,1029.17,876.887
4324,3,2026-09-02 00:00:00,07:31:12,30000443,HCL-TW-BHD1-1-3rd-Alq-B-all,276,0.014,0.019,3,0,3,0,3,0,0,246.479,1.06022,295501,810.715,28025.1,3948.32,68913.2,12395.7,1.45838,1327.32,4647.82,20236.2,23191.7,22944.1,0.00483258,95968.6,34823.8,534.313,40.5742,869.461,10608.9,1817.63,8433.55,12503.3,4855.9,4108.17
4325,3,2026-09-02 00:00:00,10:48:34,30000443,HCL-TW-BHF1-1-3rd-Alq-B-all,276,0.063,0.069,2,4,4,0,3,0,0,123.745,1.37223,37606.7,94.978,3526.23,4291.88,106533,19034.5,0.520079,15576.7,82290,361226,403718,400108,0.039568,1619830,596620,789.924,269.157,5625.79,70038.3,11756.5,55532.3,80848.8,31101.1,26009.5
4326,3,2026-09-02 00:00:00,14:05:01,30000443,HCL-TW-BHG1-1-3rd-Alq-A-all,276,0.014,0.019,0,0,2,0,3,0,0,90.405,2.39771,80241.1,217.768,7734.21,5791.08,136246,24922.7,0.884724,1368.07,5083.22,22423.5,25424.4,25227.3,0.00504616,105389,38504.2,482.004,28.8845,604.465,7463.15,1291.15,5973.59,8840.52,3415.16,2923.43
4327,3,2026-09-02 00:00:00,17:22:34,30000443,HCL-TW-BHE1-1-3rd-Alq-A-all,276,0.011,0.018,2,0,2,0,3,0,0,223.216,2.3833,112754,309.939,11026.7,4882.94,92174.5,16923.7,1.67859,881.508,2744.73,12029.1,13693.6,13589.8,0.0039833,56981.5,20751.7,408.004,23.1042,490.179,6090.13,1055.84,4860.5,7220.41,2805.13,2403.05
4331,3,2026-09-03 00:00:00,07:06:36,30000443,"HCL-TW-BHG1-1-3rd-Alq-B-all  *Power Problems- No Ar, Kr, or Xe*",282,0.017,0.018,0,2,3,0,3,0,0,92.0438,2.43844,324531,868.289,30712.2,4402.31,0,0,0,0,0,0,0,0,0,0,0,0,0,0,0,0,0,0,0,0
4337,3,2026-09-04 00:00:00,07:46:51,30000443,HCL-TW-BHH1-1-3rd-Alq-A-all,292,0.013,0.017,2,0,2,0,3,0,0,565.783,2.35292,15181.2,55.7176,1431.43,3530,24344.8,4445.93,2.20275,861.752,1634.09,7029.88,8072.21,8126.68,0.00347254,32404.8,12242.8,579.815,20.14,432.312,5299.72,926.447,4199.09,6258.63,2453.43,2104.03
4338,3,2026-09-04 00:00:00,11:11:03,30000443,HCL-TW-BHE1-1-3rd-Alq-B-all,292,0.044,0.019,2,0,2,0,3,0,0,223.255,2.39987,242041,661.909,23476.6,4697.23,149750,27224.2,1.94747,1354.35,4017.29,17476.3,20047.8,19896.9,0.00453882,81797.3,30263.4,659.083,34.0866,745.981,9134.62,1579.44,7273.07,10875.7,4201.23,3592.97
4339,3,2026-09-04 00:00:00,14:32:30,30000443,HCL-TW-BHH1-1-3rd-Alq-B-all,292,0.02,0.019,2,0,2,0,3,0,0,563.967,2.36195,137056,393.872,13774.5,4879.26,115223,21234.9,2.74854,1259.11,3410.67,14910.2,17060.9,16966.9,0.00427508,70429.1,25825.2,675.249,27.4034,566.833,6901.79,1201.67,5509.09,8207.35,3191.77,2707.83
4367,3,2026-09-08 00:00:00,07:24:33,30010443,RP-3-BAG-051526-1x,332,0.014,31.229,2,4,4,3,3,0,1,157.445,1.9193,84914.5,238.877,8365.12,3706.22,570340,107138,2.94513,10713.4,54606.9,239773,273135,270886,0.0274935,1132810,411845,1167.66,248.695,5275.41,65514.3,11356.7,52180.6,76422.9,29619.7,25521.8
4368,3,2026-09-08 00:00:00,10:37:47,30010443,RP-6-BBW4-052826-1x,332,0.019,50.245,4,4,4,3,3,0,1,228.075,0.519305,42087.2,118.94,4144.15,4004.48,492051,92129.9,2.66577,11350.2,58067.1,256810,289059,287773,0.029161,1181410,436081,1320.6,342.2,7247.7,89851.9,15572.2,71660.8,104590,40563.6,35046.5
4369,3,2026-09-08 00:00:00,13:49:50,30000443,HCl-CHEV-L56J-A-annulus-all,332,0.02,0.018,0,3,3,0,3,0,0,4.80677,0.402337,212261,581.86,20593.7,4643.77,560620,103667,2.81442,5908.57,27977.9,122954,139747,138035,0.0153641,586417,209698,925.112,93.606,1965.1,24408,4172.99,19462.4,28527.9,11019.1,9294.46
4370,3,2026-09-08 00:00:00,17:18:36,30010443,RP-6-BBW4-052826-1intube-1x,332,0.013,23.813,4,4,4,3,3,0,1,52.6544,0.121846,12139.6,31.8615,1216.1,5011.55,132113,24302.3,0.698892,3429.63,14686.2,64681.4,73847.4,73201.3,0.00945261,308070,111927,885.134,83.0427,1788.28,21930.1,3898.44,17528.8,25856.8,10027.5,8746.24
4374,3,2026-09-09 00:00:00,08:00:55,30000443,HCL-CHEV-L56J-A-annulus-B-all,338,0.02,0.018,0,3,3,0,3,0,0,4.95625,0.400593,225159,613.033,21832.4,4814.5,555394,102724,2.78761,5797.69,27637.4,120991,138202,136697,0.0151972,579119,207431,913.706,91.5922,1925.23,23899.1,4078.5,19018.5,27936.4,10784.7,9092.95
4375,3,2026-09-09 00:00:00,11:13:07,30000443,HCL-CHEV-L41-Deep-A-all,338,0.02,0.021,0,4,4,0,3,0,0,5.82607,0.244008,15641.5,41.8968,1527.03,5284.28,52898.1,9614.82,0.25888,11178.8,57258,252092,284657,282662,0.0286615,1168520,428199,1049.71,202.209,4315.62,53704.3,9069.94,42790.3,62509.7,24173.4,20398.8
4376,3,2026-09-09 00:00:00,15:13:23,30000443,HCL-CHEV-L46A-B-annulus-A-all,338,0.02,0.021,1,0,0,0,3,0,0,2.01079,1.53115,67469,184.643,6561.88,6050.41,319406,58648.1,1.75489,1547.25,4036.07,17552.5,20193.7,20025.7,0.0045525,82685.3,30390.1,832.435,30.4333,648.518,7951.63,1400.18,6338.66,9454.83,3651.77,3135.21
4381,3,2026-09-10 00:00:00,07:26:28,30000443,HCL-CHEV-L41-Deep-B-all,346,0.02,0.021,0,4,4,0,3,0,0,5.22592,0.244772,14512.7,39.118,1409.48,4616.18,52368.8,9529.36,0.256439,11195.5,57632,254374,286146,284625,0.0288955,1169300,430039,1112.05,203.684,4353.41,54296,9186.21,43228.7,63166.9,24448.3,20624.7
4382,3,2026-09-10 00:00:00,10:39:56,30000443,HCL-CHEV-L46A-B-annulus-B-all,346,0.02,0.021,1,0,0,0,3,0,0,2.57671,1.52647,74017,205.115,7183.59,6779.01,328019,60340.3,1.79552,1711.2,4352.34,18994.1,21713.5,21573.8,0.00470832,89291.2,32724.9,956.33,35.3599,723.196,8836.16,1558.71,7023.9,10456,4055.9,3485.13
4383,3,2026-09-10 00:00:00,13:52:28,30000443,HCL-CHEV-Q31-B-annulus-A-all,346,0.02,0.021,0,4,4,0,3,0,0,6.72166,0.0987915,24104.5,62.9756,2353.27,5141.88,87889.9,16008.5,0.430865,16810,87666.9,385047,434431,430367,0.0422569,1766050,647033,1291.53,289.038,6200.75,77258.7,13055,61408.6,89352.1,34532.2,29104.9
4384,3,2026-09-10 00:00:00,17:10:42,30000443,HCL-CHEV-Q58-A-annulus-A-all,346,0.02,0.021,0,4,4,1,3,0,0,4.96063,0.104718,18019.5,48.4396,1782.87,6630.6,64909.5,11829.4,0.319203,7156.03,34908.1,154099,174725,173163,0.0185701,730816,263372,992.158,120.253,2566.69,32033.4,5438.98,25526,37321.4,14449.3,12210.6
4388,3,2026-09-11 00:00:00,08:29:16,30000443,HCL-CHEV-Q31-B-annulus-B-all,352,0.02,0.021,0,4,4,1,3,0,0,6.79078,0.0983889,23560.2,64.9112,2331.78,4286.14,87777.9,16051.8,0.43079,8678.92,43160.7,190084,215390,212983,0.0222677,902134,323150,1036.22,143.529,3031.75,37462.3,6369.14,29787.3,43599.5,16772.7,14250.3
4389,3,2026-09-11 00:00:00,11:40:44,30000443,HCL-CHEV-L56J-Tubing-A-all,352,0.02,0.021,0,0,0,0,3,0,0,1.29154,0.816335,6127.13,18.3626,597.091,5089.88,6627.34,1181.7,0.0528704,826.944,207.956,882.338,1035.03,1028.24,0.00282499,4228.59,1556.44,790.29,1.51885,34.7099,430.057,80.3896,338.057,506.904,196.284,177.438
4390,3,2026-09-11 00:00:00,14:53:32,30000443,HCL-CHEV-L42M-tubing-A-all,352,0.017,0.02,0,0,0,0,3,0,0,0.802732,0.687228,26525.3,72.4341,2544.91,4396.94,92152.9,16750.4,0.501657,982.827,1739.87,7497.6,8745.66,8709.93,0.00352175,35852.2,13218.6,708.078,16.9346,333.557,3988.51,720.829,3182.19,4792.58,1849.13,1622.97
4410,3,2026-09-14 00:00:00,07:11:27,30000443,HCL-CHEV-Q58-A-annulus-B-all,382,0.02,0.021,0,4,4,1,3,0,0,5.82332,0.104895,16761.9,44.671,1653.94,3267.12,64387.5,11769.1,0.317344,6893.85,34852.3,152560,174516,172994,0.0185848,728475,263869,749.39,122.948,2563.42,31847.7,5471.91,25369.4,37303.2,14438.7,12294.4
4411,3,2026-09-14 00:00:00,10:23:20,30000443,HCL-CHEV-K24-shallow-A-all,382,0.02,0.021,0,4,4,1,3,0,0,6.87324,0.124429,28853.5,82.7065,2857.1,4396.76,116771,21490.5,0.583771,12510.2,65724.8,289538,326575,325600,0.0327203,1323500,493528,1000.23,233.317,5032.04,62874.6,10773.6,50175.3,73410.3,28464.9,24262.5
4412,3,2026-09-14 00:00:00,13:39:19,30000443,HCL-CHEV-Q58-Tubing-A-all,382,0.02,0.021,0,0,0,0,3,0,0,0.24989,0.0653811,20328.8,55.8835,1940.69,5116.64,33996.1,6135.88,0.194015,855.88,1031.13,4473.98,5170.78,5120.34,0.0032006,21194.3,7807.7,683.116,12.4288,281.877,3388.52,618.533,2683.97,4057.8,1574.42,1415.11
4413,3,2026-09-14 00:00:00,17:05:04,30000443,HCL-CHEV-F13-Deep-A-all,382,0.02,0.021,0,4,4,1,3,0,0,7.84888,0.114088,25923.3,71.0666,2565.83,3985.14,114734,21094.7,0.57387,12164.7,64676.1,286103,321837,321190,0.0324192,1306520,487399,828.29,232.118,4976.79,62107,10638.7,49537.9,72709.7,28177.7,24037.3
4417,3,2026-09-15 00:00:00,08:11:13,30010443,SBOO-PK1-017-4ltrcan-1/4inTube-1x,388,0.018,0.154,0,0,0,0,3,0,1,0.224906,0.00778991,264581,741.968,26382.6,4818.95,527428,98352.9,2.89255,1185.24,3556.13,15331.4,17767.1,17665.3,0.00433614,72781.7,27014.6,560.695,13.1905,284.546,3443.49,609.806,2752.94,4121.43,1612.37,1385.52
4418,3,2026-09-15 00:00:00,11:23:16,30050443,SBOO-PK1-017-1/4inTube-5x,388,0.013,4.077,0,4,4,3,3,0,5,32.6606,1.2952,97883,273.868,9737.13,4894.18,430852,80425.4,2.37164,5894.76,29632.4,129787,148870,147120,0.016247,623100,225174,690.739,106.388,2224.07,27361,4837.41,21824.2,32178.8,12495.6,11003.5
4419,3,2026-09-15 00:00:00,14:42:05,30010443,FE-453132-SStube-1x  *Low Neon*,388,0.017,1.353,2,4,4,1,3,0,1,3.70935,2.80518,1961.62,6.29117,165.621,4167.82,55018,10079.7,0.272984,12137.5,64751.2,286356,322558,319910,0.0321946,1329680,485982,1113.21,483.594,10309.6,128182,22008.6,102235,149343,57855.7,49411.1
4424,3,2026-09-16 00:00:00,07:21:11,30010443,FE-453134-SStube-1x,394,0.016,1.538,3,3,4,1,3,0,1,2.36148,2.07954,31494.9,86.0141,3132.54,4103.81,69575.8,12755.6,0.346617,15526.2,82921.7,365993,412031,409575,0.0403683,1670530,619051,1360.68,603.736,12818.3,160018,27474.7,127682,186075,72226.4,61713.8
4425,3,2026-09-16 00:00:00,10:32:45,30010443,FE-453135-SStube-1x,394,0.017,1.492,3,3,4,2,3,0,1,2.59817,2.81725,34184,92.1224,3384.13,5034.78,69386.3,12686.3,0.345613,7152.68,36471.4,161783,182469,180741,0.0193171,765942,275216,923.484,258.212,5584.85,69249.7,12054.2,55178.5,80966,31353.9,27119.3
4426,3,2026-09-16 00:00:00,13:43:32,30010443,FE-453138-SStube-1x,394,0.014,1.249,3,3,4,2,3,0,1,1.47144,1.34796,29141.8,80.4929,2900.66,4604.18,60885,11153.9,0.302476,6544.34,33020.8,146208,164596,163831,0.0176927,677182,248075,896.067,243.232,5118.45,63461.4,11077.6,50578.9,74364.7,28776.6,24954
4427,3,2026-09-16 00:00:00,16:54:54,30010443,FE-453131-SStube-1x,394,0.02,1.341,2,3,4,2,3,0,1,4.09057,3.33989,28303.4,78.2779,2804.76,4583.73,54394.3,9980.29,0.269382,5656.65,28528.1,126118,142139,141331,0.0156096,588954,214098,790.273,200.298,4272.61,52979,9298.77,42203.1,62004.2,23972.3,20851.9
4432,3,2026-09-17 00:00:00,10:17:38,30010443,FE-453133-SStube-1x,402,0.016,1.433,3,3,4,2,3,0,1,2.30909,2.49588,35247.9,99.9326,3527.79,4341.12,63904.6,11703.9,0.317286,6664.62,33670.5,148516,168650,166663,0.017992,710374,255059,914.735,234.401,4962.55,61613.1,10758.2,49128.4,72217.3,27935.7,24259.3
4433,3,2026-09-17 00:00:00,14:35:30,30010443,FE-453137-SStube-1x,402,0.014,1.22,3,3,4,2,3,0,1,1.33689,1.15241,35854.9,101.348,3600.29,4193.66,61881.7,11289.7,0.306269,6533.1,32709.5,144475,164198,162407,0.0175688,691229,248238,894.115,226.586,4761.76,59225.2,10364.6,47170.9,69561.3,26895.1,23364.5
4439,3,2026-09-18 00:00:00,09:37:36,30010443,FE-45316-SStube-1x,410,0.02,1.255,3,3,4,2,3,0,1,2.0052,2.15393,24892.6,65.9104,2492.74,4258.21,57769.8,10597.7,0.286397,6348,31418.5,138340,156950,155898,0.0169351,650116,236879,1009.38,220.134,4719.26,58371.7,10274.1,46567.7,68446.3,26478.7,23035.1
4440,3,2026-09-18 00:00:00,12:49:16,30000443,HCL-Blank-9-18-26-A-all,410,0.016,0.019,0,0,0,0,3,0,0,0.0728459,0.00180855,1150.74,8.98756,323.127,3923.48,2245.04,404.14,0.0107545,738.308,193.086,820.082,960.036,947.186,0.00280318,3882.81,1438.1,694.146,1.56244,34.7998,409.34,71.4915,323.89,491.033,188.475,172.708
4441,3,2026-09-18 00:00:00,16:01:00,30000441,HCL-Blank-9-18-26-B-all,410,0.018,0.019,0,4,4,1,3,0,0,-0.210073,0.00174028,146.55,0.472973,19.5233,3157.3,95.4925,22.2595,0.000601232,593.711,81.0338,332.345,390.213,383.472,0.00277401,1590.33,579.542,564.424,0.505877,14.652,173.793,33.1336,128.658,206.417,78.1871,74.7817
4460,3,2026-09-21 00:00:00,07:46:57,30010443,DB-8-BongwanaBeach-1x,434,0.018,15.543,2,0,0,0,3,0,1,433.743,1.57903,115119,319.466,10936.7,3975.16,266510,48355,3.29266,881.483,1886.73,7984.68,9381.92,9293.1,0.00357145,38192.8,14103.8,555.651,9.47061,201.408,2440.02,436.808,1954.17,2924.45,1147.76,982.685
4461,3,2026-09-21 00:00:00,10:59:45,30000443,FE-453132-SStube-2nd-all,434,0.023,0.111,4,4,4,3,3,0,0,0.425764,0.24896,9226.84,25.5794,924.544,3755.08,423106,79163.3,2.16938,11402.3,60750.9,265412,301826,300650,0.0304413,1214790,455328,1081.63,448.234,9604.12,118290,20785.2,94167.1,138919,53765.5,46665.4
4462,3,2026-09-21 00:00:00,14:18:13,30010443,FE-449870-SStube-1x,434,0.014,80.966,0,4,4,4,3,0,1,127.025,2.13781,354453,997.173,35875.2,5102.02,986727,189951,5.25212,941.265,2390.17,10023.6,11923.7,11850.9,0.00381192,47098.7,17854.6,506.047,6.9881,146.308,1730.37,352.6,1382.39,2098.41,815.857,789.166
4463,3,2026-09-21 00:00:00,17:30:29,30014000,5%HeTank-1/2inTube-LLT-1x,434,0.01,0.502,4,0,0,0,3,0,1,1.89025,0.328205,39864.3,110.391,3988.66,4714.08,13851,2408.41,0.0622343,539.163,505.333,2171.31,2536.52,2500.95,0.00295847,10336.8,3802.28,447.188,1.75983,46.913,546.933,101.417,430.499,649.406,246.597,227.473
4464,3,2026-09-21 00:00:00,20:40:29,30013000,5%HeTank-1/2inTube-LLT-1x,434,0.01,0.499,3,0,0,0,3,0,1,52.6644,8.77468,42968.2,120.275,4302.58,5168.4,13810.9,2409.07,0.0620379,483.112,159.741,667.576,793.697,791.993,0.00280203,3202.31,1190.12,461.877,0.782468,14.4424,207.906,39.5319,165.359,251.143,93.7826,84.6053
4465,3,2026-09-21 00:00:00,23:50:29,30014000,5%HeTank-1/2inTube-LLT-1x,434,0.01,0.5,4,0,0,0,3,0,1,1.83062,0.329825,41517.4,114.117,4115.45,4161.14,14230,2493.02,0.0639107,494.415,131.005,550.817,645.037,658.833,0.00278608,2361.44,962.666,463.166,0.46057,15.4734,174.812,31.4825,134.251,211.245,82.1526,67.3619
4466,3,2026-09-22 00:00:00,03:00:29,30013000,5%HeTank-1/2inTube-LLT-1x,434,0.01,0.49,3,0,0,0,3,0,1,52.162,8.76647,41506.7,114.432,4151.3,4681.36,14054.1,2457.74,0.0632828,473.649,109.41,454.149,527.099,531.453,0.00278221,2147.69,787.253,467.637,0.63397,12.0627,137.932,11.1987,111.172,166.972,62.2085,50.5146
4467,3,2026-09-22 00:00:00,08:11:10,30010443,DB-9-BongwanaBeach-RiverBank-1x,434,0.018,15.542,2,0,0,0,3,0,1,405.53,1.51348,25234.9,77.2417,2381.51,3637.2,73610.4,13433.8,2.22062,649.542,838.361,3576.47,4162.9,4151.03,0.00311463,17088.9,6252.57,500.878,5.05251,108.29,1352.69,153.815,1084.09,1623.17,638.156,543.551
4468,3,2026-09-22 00:00:00,11:23:24,30010443,DB-10-BongwanaRiver-Bridge-1x,434,0.006,32.098,2,0,1,0,3,0,1,562.972,2.01341,160510,456.689,15882,4633.51,514138,95980.3,4.16465,2060.67,8779.24,38027.5,43813.1,43584.9,0.00672,178475,66262.7,552.451,52.5859,1085.67,13220.8,2338.98,10543.3,15914.1,6160.78,5311.43
4469,3,2026-09-22 00:00:00,14:46:39,30010443,DB-12-BakerFarm-1x,434,0.013,14.558,2,0,1,0,3,0,1,412.919,1.54066,179795,508.097,17346.9,5392.87,344306,63234,2.8185,1487.86,5528.49,23855.3,27573,27394.7,0.00522795,113054,41497.2,527.822,36.516,775.52,9435.64,1671.12,7534.92,11322.8,4389.67,3756.28
4474,3,2026-09-23 00:00:00,07:35:11,30010443,DB-7-MSA2900-B-1x,442,0.01,15.88,3,3,3,0,3,0,1,0.896585,1.14811,18557.2,51.5059,1860.35,3972.14,105864,19543.1,1.08391,2388.31,10427.6,45536.3,52440.3,51993.3,0.00749767,219937,79906,578.605,54.9802,1173.3,14438.1,2531.29,11596.6,17713,7438.49,6717.48
4475,3,2026-09-23 00:00:00,12:25:28,30010443,DB-11-BongwanaRiver-Bridge-1x,442,0.011,17.259,2,0,1,0,3,0,1,570.398,2.05815,166043,468.886,16444.5,5216.13,504214,94213.1,4.2714,1951.53,8526.21,37175.7,42786.9,42481.2,0.00663617,176655,64761.1,496.197,51.4725,1059.36,12857,2253.36,10232.4,15337.2,5941.74,5107.19
4476,3,2026-09-23 00:00:00,15:38:44,30010443,DB-13-BakerFarm-1x,442,0.014,14.155,2,0,1,0,3,0,1,449.673,1.64084,205002,572.75,19908.2,6097.7,458204,84572.9,3.48319,1729.71,7182.32,31077.8,35746.7,35613.7,0.00599262,144120,53936.5,504.273,43.9438,944.759,11614.6,2045.53,9263.98,13858,5360.25,4597.94
4481,3,2026-09-24 00:00:00,08:26:19,30014000,1%HeTank-1inTube-LLT-1x,448,0.01,0.75,4,0,0,0,3,0,1,0.810854,0.100116,0,0,0,0,0,0,0,0,0,0,0,0,0,0,0,0,0,0,0,0,0,0,0,0
