sheet,row,col,value
Samples,4,BJ,3.756967297861524e-11
Samples,5,BJ,6.226395252799174e-11
Samples,6,BJ,6.658188712648801e-11
Samples,7,BJ,1.3753366701398075e-11
Samples,8,BJ,1.6595282096280686e-11
Samples,9,BJ,3.198695038612251e-11
Samples,10,BJ,2.1451329210270755e-11
Samples,11,BJ,2.204099105161836e-11
Samples,12,BJ,6.005407390800604e-11
Samples,17,BJ,4.212982882639333e-08
Samples,19,BJ,2.6135061632961895e-08
Samples,20,BJ,4.858536979886325e-08
Samples,21,BJ,9.479982761173694e-08
Samples,26,BJ,5.39318417924833e-10
Samples,28,BJ,5.318901788405585e-10
Samples,29,BJ,4.5153213866532723e-08
Samples,30,BJ,2.4625412737571653e-09
Samples,32,BJ,4.0082319416510486e-08
Samples,34,BJ,4.197250283754373e-08
Samples,35,BJ,4.994551823751394e-09
Samples,37,BJ,4.456765595193004e-08
Samples,39,BJ,4.94223577021344e-08
Samples,41,BJ,6.705840314708273e-10
Samples,42,BJ,5.874313370004725e-10
Samples,44,BJ,2.9412750605859278e-08
Samples,55,BJ,4.774211724228797e-08
Samples,56,BJ,3.973271702665067e-08
Samples,58,BJ,1.205093023120165e-10
Samples,59,BJ,3.8119600660048475e-10
Samples,60,BJ,1.1349065113289046e-10
Samples,61,BJ,2.516499442183907e-10
Samples,62,BJ,2.404498139492604e-10
Samples,63,BJ,1.336368946282922e-10
Samples,64,BJ,2.60995846466326e-10
Samples,65,BJ,3.2113663998739476e-10
Samples,66,BJ,2.5617558235655376e-10
Samples,67,BJ,2.7235358370264273e-10
Samples,68,BJ,2.4859218253091124e-10
Samples,69,BJ,2.1598490970915354e-11
Samples,70,BJ,1.8030034110159237e-11
Samples,71,BJ,5.541711884502459e-10
Samples,72,BJ,4.531031519479822e-11
Samples,73,BJ,9.527279922282704e-11
Samples,74,BJ,1.128684420706164e-09
Samples,75,BJ,1.7011470397055102e-09
Samples,76,BJ,4.780979941556144e-14
Samples,77,BJ,4.134754572824485e-11
Samples,78,BJ,4.448387698613535e-13
Samples,79,BJ,2.8043232286755245e-11
Samples,80,BJ,2.7665829102960414e-13
Samples,81,BJ,3.016110690149209e-10
Samples,82,BJ,1.0581054936469418e-11
Samples,83,BJ,2.5274061484463802e-11
Samples,84,BJ,8.171214856597035e-12
Samples,85,BJ,1.0391636183457681e-08
Samples,86,BJ,2.6519237341787673e-12
Samples,87,BJ,3.835746963109279e-12
Samples,88,BJ,2.6195647735769106e-12
Samples,89,BJ,4.411431840780468e-11
Samples,91,BJ,6.275722612191982e-10
Samples,93,BJ,8.602554570957345e-11
Samples,94,BJ,4.399737686421451e-08
Samples,95,BJ,4.808904087836592e-08
Samples,96,BJ,1.188072855789523e-07
Samples,98,BJ,8.428868898310943e-10
Samples,100,BJ,5.317134874359024e-10
Samples,101,BJ,2.4386093781969456e-11
Samples,102,BJ,5.741856592464318e-10
Samples,103,BJ,3.110188197431476e-11
Samples,106,BJ,1.658743358406889e-10
Samples,107,BJ,4.01587784189198e-08
Samples,109,BJ,1.4856452112286067e-11
Samples,113,BJ,6.511078291584062e-08
Samples,115,BJ,2.1263856348872822e-11
Samples,118,BJ,1.9111993330748465e-12
Samples,119,BJ,5.736649900137293e-11
Samples,120,BJ,1.677616847373376e-11
Samples,121,BJ,4.588613017570766e-12
Samples,122,BJ,1.0397266961642515e-11
Samples,123,BJ,2.3456995950909765e-12
Samples,124,BJ,6.8754910841292916e-12
Samples,125,BJ,1.452324022315652e-11
Samples,126,BJ,2.510248796784777e-10
Samples,127,BJ,3.862396894435126e-12
Samples,128,BJ,4.437987151906046e-12
Samples,129,BJ,4.155846063153854e-12
Samples,130,BJ,4.202371843885734e-12
Samples,131,BJ,9.850036699278502e-14
Samples,132,BJ,9.704323418286474e-14
Samples,133,BJ,9.724052370402221e-14
Samples,134,BJ,8.852250387443945e-14
Samples,136,BJ,8.441210029844999e-13
Samples,137,BJ,5.013390763227798e-12
Samples,138,BJ,4.078700988030798e-12
Samples,139,BJ,1.4674512375726985e-13
Samples,140,BJ,1.459945794821591e-13
Samples,141,BJ,1.0692994203249968e-13
Samples,142,BJ,2.5435709705721447e-11
Samples,143,BJ,2.247712339935831e-11
Samples,144,BJ,1.252549661007927e-13
Samples,145,BJ,3.197770970017715e-11
Samples,146,BJ,1.0947843477241903e-11
Samples,147,BJ,6.032532393919724e-12
Samples,148,BJ,3.187428957005217e-13
Samples,149,BJ,9.040931965131633e-12
Samples,150,BJ,1.2895610980062807e-12
Samples,151,BJ,1.1110150883621026e-12
Samples,152,BJ,6.02864714934732e-12
Samples,153,BJ,2.0942737236301063e-13
Samples,154,BJ,1.3707124408275425e-13
Samples,155,BJ,9.021879533877463e-13
Samples,156,BJ,2.2495166976405434e-11
Samples,158,BJ,-1.710796803215856e-13
Samples,159,BJ,4.2702015920753045e-10
Samples,160,BJ,1.089687296798789e-08
Samples,161,BJ,2.1697054402388684e-11
Samples,164,BJ,-1.6777636638971537e-11
Samples,165,BJ,1.4563114929256308e-10
Samples,166,BJ,2.7510450726747698e-11
Samples,167,BJ,1.4417743650984325e-10
Samples,169,BJ,2.4256016947081305e-11
Samples,171,BJ,3.3596190718677443e-09
Samples,172,BJ,2.369553580999404e-11
Samples,174,BJ,2.18728359327144e-11
Samples,175,BJ,2.0105889245742573e-12
Samples,176,BJ,1.3516053072101614e-13
Samples,177,BJ,1.1101214298559861e-12
Samples,178,BJ,1.0223836762874499e-11
Samples,179,BJ,9.42595026474452e-13
Samples,181,BJ,3.107729273450407e-12
Samples,182,BJ,5.350051842101271e-13
Samples,183,BJ,5.2743241111664544e-12
Samples,184,BJ,4.178223769144684e-11
Samples,185,BJ,1.4073086808205126e-12
Samples,186,BJ,1.7066171302979961e-12
Samples,187,BJ,1.225060896765128e-12
Samples,188,BJ,1.2709779653667104e-13
Samples,189,BJ,5.003150065413784e-11
Samples,190,BJ,8.91118464840335e-12
Samples,191,BJ,-2.9901697837894818e-15
Samples,192,BJ,4.140539275354479e-12
Samples,193,BJ,7.030682807583289e-11
Samples,194,BJ,1.2975839788678515e-10
Samples,195,BJ,4.557614945181741e-12
Samples,196,BJ,1.202539083347797e-13
Samples,197,BJ,5.058037634324136e-12
Samples,198,BJ,2.445712187975092e-11
Samples,199,BJ,1.5319261807644398e-09
Samples,200,BJ,7.815324032189232e-10
Samples,201,BJ,1.1788470760208658e-13
Samples,202,BJ,1.9080424631424673e-10
Samples,203,BJ,4.136365407266182e-11
Samples,204,BJ,4.583684625585286e-14
Samples,205,BJ,8.480855515524568e-12
Samples,206,BJ,3.2645176246248275e-11
Samples,207,BJ,4.597422256652657e-14
Samples,208,BJ,3.3153244771734366e-10
Samples,209,BJ,3.0845753887359415e-12
Samples,210,BJ,3.9087878811628546e-14
Samples,211,BJ,3.885463328408762e-10
Samples,212,BJ,2.7046032661763564e-11
Samples,213,BJ,6.133017042186125e-14
Samples,214,BJ,5.544436462770145e-11
Samples,215,BJ,1.3367800439442767e-13
Samples,216,BJ,4.938649428053321e-14
Samples,217,BJ,4.653236416558537e-10
Samples,218,BJ,1.2143704798169614e-13
Samples,219,BJ,2.8831612659938525e-12
Samples,220,BJ,1.9297343483339059e-13
Samples,221,BJ,2.0815786193970922e-12
Samples,222,BJ,1.1125533001008803e-11
Samples,223,BJ,9.297015831411817e-13
Samples,224,BJ,9.157228462742489e-14
Samples,225,BJ,4.315353084323792e-13
Samples,226,BJ,6.784237918361045e-14
Samples,227,BJ,2.2590823800969643e-11
Samples,228,BJ,3.897267780436606e-12
Samples,229,BJ,4.212166388223379e-11
Samples,230,BJ,1.0270173343379037e-11
Samples,231,BJ,1.0798163515599408e-13
Samples,232,BJ,9.905884480093232e-13
Samples,233,BJ,5.081432920880375e-12
Samples,234,BJ,3.710118286840507e-13
Samples,235,BJ,1.1838351936912556e-13
Samples,236,BJ,1.4392186091640119e-11
Samples,237,BJ,5.663569028303885e-13
Samples,238,BJ,1.213156695548719e-13
Samples,239,BJ,2.0525180997045333e-12
Samples,240,BJ,2.2502740659406297e-12
Samples,241,BJ,9.237992258330373e-14
Samples,242,BJ,7.310820490187907e-13
Samples,243,BJ,3.2940151391896313e-12
Samples,244,BJ,3.24204726260686e-12
Samples,245,BJ,8.009365983002927e-12
Samples,246,BJ,1.0275243386854944e-13
Samples,247,BJ,1.2212550892906588e-12
Samples,248,BJ,1.2596094577326686e-13
Samples,249,BJ,2.7466886513481686e-12
Samples,250,BJ,2.736653544888229e-12
Samples,251,BJ,3.874233955379421e-12
Samples,252,BJ,1.2274961758208905e-13
Samples,253,BJ,6.202376851269569e-13
Samples,254,BJ,1.542640008669814e-12
Samples,255,BJ,3.635612352419474e-11
Samples,256,BJ,1.1929959077068704e-09
Samples,257,BJ,1.324139475096138e-09
Samples,258,BJ,2.83054791929314e-10
Samples,259,BJ,6.27370561778308e-11
Samples,260,BJ,1.745222726943299e-10
Samples,261,BJ,7.37133306387517e-10
Samples,262,BJ,6.39480387020327e-10
Samples,263,BJ,3.893967007235749e-10
Samples,264,BJ,7.1125677398970154e-09
Samples,265,BJ,2.1750274826544188e-10
Samples,266,BJ,4.113802426755569e-12
Samples,267,BJ,2.6322154400591672e-11
Samples,268,BJ,4.105299198292827e-11
Samples,269,BJ,1.1324449664606913e-09
Samples,270,BJ,5.278097777445992e-11
Samples,271,BJ,6.805065789230853e-10
Samples,272,BJ,1.8649916072106733e-10
Samples,273,BJ,5.263537628078507e-10
Samples,274,BJ,3.5688070690323195e-10
Samples,275,BJ,1.938926126671296e-11
Samples,276,BJ,4.394234197179287e-10
Samples,277,BJ,1.9332630131066883e-11
Samples,278,BJ,1.1943928776013092e-13
Samples,279,BJ,1.2646985240230114e-11
Samples,280,BJ,2.7858927344496445e-11
Samples,281,BJ,2.0070001021841873e-13
Samples,282,BJ,2.383327564725989e-12
Samples,283,BJ,1.9366102930681743e-13
Samples,284,BJ,1.6934760264424777e-12
Samples,285,BJ,1.103693928566365e-12
Samples,286,BJ,7.298149143132772e-12
Samples,287,BJ,1.2082351776705015e-13
Samples,288,BJ,2.7903164805580472e-12
Samples,289,BJ,1.728781009932144e-13
Samples,290,BJ,1.8266894806651433e-13
Samples,291,BJ,1.189026128955941e-10
Samples,292,BJ,2.5329150933977764e-12
Samples,293,BJ,1.9294316807912943e-13
Samples,294,BJ,1.6013908034181421e-09
Samples,295,BJ,1.5306884014139763e-09
Samples,296,BJ,1.64304679487099e-09
Samples,297,BJ,1.0692054488032552e-09
Samples,298,BJ,1.7925259769745987e-10
Samples,299,BJ,2.8365376282484584e-12
Samples,300,BJ,7.833512403026747e-14
Samples,301,BJ,2.112930698340863e-11
Samples,302,BJ,1.554972047457649e-10
Samples,303,BJ,1.1388188536927107e-09
Samples,304,BJ,1.328371018611663e-10
Samples,305,BJ,2.5612599413297277e-10
Samples,306,BJ,1.0731298116059821e-10
Samples,307,BJ,1.2654430994213616e-10
Samples,308,BJ,1.231198994185432e-13
Samples,311,BJ,1.2196330699803928e-08
Samples,319,BJ,3.264420443624597e-08
Samples,320,BJ,1.9762190386538568e-08
Samples,323,BJ,6.154408455648173e-11
Samples,324,BJ,2.3556428756243537e-10
Samples,325,BJ,4.365963607082725e-09
Samples,326,BJ,2.873374677637258e-09
Samples,327,BJ,4.351551455791434e-09
Samples,328,BJ,1.2925965654218406e-09
Samples,329,BJ,3.00632121947584e-09
Samples,330,BJ,2.772517325215228e-09
Samples,331,BJ,3.856840309131015e-09
Samples,332,BJ,6.725273395333965e-12
Samples,333,BJ,3.86965511226404e-09
Samples,334,BJ,4.4431550809380706e-09
Samples,335,BJ,2.9391646921727256e-09
Samples,336,BJ,4.843429277239584e-09
Samples,337,BJ,4.2910100667411715e-13
Samples,338,BJ,1.1061096481038846e-09
Samples,339,BJ,3.0765298691861454e-10
Samples,340,BJ,1.969771597533308e-09
Samples,341,BJ,3.059291423798656e-10
Samples,342,BJ,9.683012952637157e-10
Samples,343,BJ,6.298745406588582e-09
Samples,344,BJ,3.978089763478436e-09
Samples,345,BJ,4.661347961059014e-09
Samples,346,BJ,8.28078956791081e-09
Samples,347,BJ,5.636036479257318e-09
Samples,348,BJ,7.076123246731749e-08
Samples,349,BJ,2.5133120311349936e-09
Samples,350,BJ,2.4320323804323125e-09
Samples,351,BJ,3.096145763724624e-09
Samples,352,BJ,1.2232787426629756e-08
Samples,353,BJ,7.339164484279922e-09
Samples,354,BJ,2.445350274920937e-11
Samples,355,BJ,4.272933744762712e-14
Samples,356,BJ,3.511262899103908e-10
Samples,357,BJ,3.798867220970465e-09
Samples,358,BJ,7.703701602576872e-12
Samples,359,BJ,3.153479585551281e-08
Samples,361,BJ,3.7170033430868324e-09
Samples,362,BJ,3.873384292712851e-09
Samples,363,BJ,4.6628601025033846e-09
Samples,364,BJ,8.781291630157231e-09
Samples,365,BJ,2.259536262660518e-08
Samples,367,BJ,1.9118296762726797e-09
Samples,368,BJ,1.4142391378670894e-08
Samples,370,BJ,5.899583724284313e-12
Samples,374,BJ,5.765074431691932e-10
Samples,375,BJ,3.562360767016367e-10
Samples,376,BJ,2.449564742488431e-10
Samples,377,BJ,4.788230132346135e-10
Samples,378,BJ,4.429930378821136e-10
Samples,379,BJ,3.0527512256480427e-10
Samples,380,BJ,4.991310096924406e-10
Samples,381,BJ,2.47629638630804e-10
Samples,382,BJ,2.675403378877277e-10
Samples,383,BJ,3.5390903508958064e-11
Samples,384,BJ,4.520040127682059e-10
Samples,385,BJ,2.3810799928464633e-09
Samples,386,BJ,1.2574564896362237e-09
Samples,387,BJ,1.740434071962842e-09
Samples,388,BJ,7.590223265877114e-10
Samples,389,BJ,1.2032231992366288e-09
Samples,390,BJ,1.1875245647246593e-09
Samples,391,BJ,5.375265366878532e-10
Samples,392,BJ,8.456267795644468e-10
Samples,393,BJ,6.731682760421724e-10
Samples,394,BJ,1.1760064716428654e-09
Samples,395,BJ,3.831491830415987e-09
Samples,396,BJ,1.8169344000727237e-09
Samples,397,BJ,1.5830864324022094e-09
Samples,398,BJ,1.4931093555060808e-09
Samples,399,BJ,2.851860816377018e-10
Samples,400,BJ,6.537591068130826e-12
Samples,401,BJ,6.6353678456122525e-12
Samples,402,BJ,6.9643132409434706e-12
Samples,403,BJ,2.5987837021514343e-09
Samples,404,BJ,7.705070221888524e-10
Samples,405,BJ,8.500273701712091e-10
Samples,406,BJ,1.0100698150240535e-09
Samples,407,BJ,9.639913246215778e-10
Samples,408,BJ,7.281000965867414e-12
Samples,409,BJ,8.415391083655512e-12
Samples,410,BJ,7.440366081987708e-12
Samples,411,BJ,1.6532274954258238e-11
Samples,412,BJ,7.120508310886576e-11
Samples,413,BJ,3.7999377380773195e-11
Samples,414,BJ,1.6974746772340803e-11
Samples,415,BJ,1.1892961441515816e-12
Samples,416,BJ,5.2275022075578694e-12
Samples,417,BJ,4.131809887449091e-11
Samples,418,BJ,1.4683196417847502e-11
Samples,419,BJ,7.192718160028503e-11
Samples,420,BJ,2.2660690717396452e-13
Samples,421,BJ,6.791020859053741e-10
Samples,422,BJ,1.7449213088037987e-10
Samples,423,BJ,5.592779550672286e-10
Samples,424,BJ,1.9313357759201614e-13
Samples,425,BJ,1.098491966347662e-10
Samples,426,BJ,2.6899679694327946e-11
Samples,427,BJ,8.25984416924294e-10
Samples,428,BJ,5.3216521786105704e-08
Samples,429,BJ,1.9774372402527895e-13
Samples,430,BJ,1.8179709210710581e-13
Samples,431,BJ,1.2858730533884177e-13
Samples,432,BJ,8.11479418225905e-13
Samples,433,BJ,4.653846804698362e-13
Samples,434,BJ,2.539894925907379e-13
Samples,435,BJ,9.904911728899258e-14
Samples,436,BJ,1.2285881097751907e-13
Samples,437,BJ,8.498826400931147e-13
Samples,438,BJ,2.10654577315141e-13
Samples,439,BJ,1.55035843476671e-13
Samples,440,BJ,8.080251277793806e-14
Samples,441,BJ,1.1064134996236382e-12
Samples,442,BJ,1.1766287545267804e-13
Samples,443,BJ,1.6117958426517558e-13
Samples,444,BJ,2.2879359351078794e-12
Samples,445,BJ,3.858280038228601e-12
Samples,446,BJ,5.109904211357082e-12
Samples,447,BJ,7.37209208717097e-12
Samples,448,BJ,1.7598209691843768e-13
Samples,449,BJ,1.7759669250761524e-13
Samples,450,BJ,1.2438603311226149e-11
Samples,451,BJ,2.225119719382423e-12
Samples,452,BJ,8.357798538403299e-11
Samples,453,BJ,7.610527135526096e-10
Samples,454,BJ,2.615941723493315e-11
Samples,455,BJ,5.486949361732941e-12
Samples,456,BJ,8.95006037993403e-11
Samples,457,BJ,9.808288777587448e-11
Samples,458,BJ,1.317023448041623e-10
Samples,459,BJ,1.957423361626539e-13
Samples,460,BJ,4.1355731746531186e-11
Samples,461,BJ,1.724267705703295e-13
Samples,462,BJ,1.6914993750288741e-13
Samples,463,BJ,2.16235643803264e-13
Samples,464,BJ,3.689400541134951e-13
Samples,465,BJ,2.1969086328304799e-13
Samples,466,BJ,2.761085041680323e-13
Samples,467,BJ,1.917917616905703e-13
Samples,468,BJ,1.6043872600392086e-13
Samples,469,BJ,6.401603338861472e-11
Samples,470,BJ,1.9687862357979345e-13
Samples,471,BJ,4.164803081096414e-11
Samples,472,BJ,1.5815181150606723e-11
Samples,473,BJ,9.577000009095708e-12
Samples,474,BJ,8.56787227210487e-12
Samples,475,BJ,2.1272074289824772e-13
Samples,476,BJ,2.5870054450280114e-14
Samples,477,BJ,1.2549434316311237e-11
Samples,478,BJ,1.3633292300444921e-11
Samples,479,BJ,4.37778749123992e-12
Samples,480,BJ,9.18570017043499e-13
Samples,481,BJ,1.4190115834110051e-13
Samples,482,BJ,5.707623104839255e-13
Samples,483,BJ,1.7746244545045035e-13
Samples,484,BJ,3.072859884130266e-13
Samples,485,BJ,3.6950184860629866e-13
Samples,486,BJ,1.8422284483877843e-11
Samples,487,BJ,3.528741901557729e-13
Samples,488,BJ,1.9685957610452774e-13
Samples,489,BJ,7.968225891363854e-12
Samples,490,BJ,1.6215175487690018e-13
Samples,491,BJ,2.9985937737226653e-12
Samples,492,BJ,1.079437385694646e-13
Samples,493,BJ,1.4447399319492566e-13
Samples,494,BJ,3.807709696585097e-11
Samples,495,BJ,1.1469091571879552e-10
Samples,496,BJ,1.4840250796182565e-13
Samples,497,BJ,1.7395764296775397e-13
Samples,498,BJ,2.681447663760121e-11
Samples,499,BJ,4.1411655763399735e-11
Samples,500,BJ,1.7601109321046708e-13
Samples,501,BJ,1.5778401896252668e-13
Samples,502,BJ,2.8538813386168636e-13
Samples,503,BJ,3.3905407114287824e-13
Samples,504,BJ,2.218425428685024e-13
Samples,505,BJ,2.5000531194691807e-13
Samples,506,BJ,1.36480673746459e-13
Samples,507,BJ,8.047443400441593e-13
Samples,508,BJ,8.020384986143754e-10
Samples,509,BJ,1.7224813304019013e-13
Samples,510,BJ,1.4389328339508506e-10
Samples,511,BJ,7.983830889038421e-11
Samples,512,BJ,1.6328504341594382e-10
Samples,513,BJ,4.0833246200998096e-13
Samples,514,BJ,3.4486053719511084e-10
Samples,515,BJ,5.481908799209183e-09
Samples,516,BJ,5.770804611882456e-09
Samples,517,BJ,4.938971029016289e-09
Samples,518,BJ,4.271069096828765e-09
Samples,519,BJ,3.7232797932104374e-09
Samples,520,BJ,5.252156035265098e-09
Samples,521,BJ,7.860857003146041e-10
Samples,522,BJ,6.029086619070868e-12
Samples,523,BJ,4.632683802038696e-09
Samples,524,BJ,5.4780437582133826e-12
Samples,525,BJ,1.9326619699916894e-09
Samples,526,BJ,1.8183903481052405e-09
Samples,527,BJ,2.389490271951816e-09
Samples,528,BJ,4.2309806580401996e-11
Samples,529,BJ,6.87137043136551e-11
Samples,530,BJ,5.997192379210217e-12
Samples,531,BJ,6.026296653372718e-12
Samples,532,BJ,3.205474209495965e-13
Samples,533,BJ,1.7798842301733708e-10
Samples,534,BJ,5.441894392764694e-12
Samples,535,BJ,6.527697113996568e-12
Samples,536,BJ,6.053447200723342e-11
Samples,537,BJ,6.822861591003273e-11
Samples,538,BJ,4.750187008112082e-13
Samples,539,BJ,1.541169321155934e-13
Samples,540,BJ,9.683362025212034e-14
Samples,541,BJ,2.2178789890531187e-11
Samples,542,BJ,1.387228904016201e-13
Samples,543,BJ,2.0519102138286655e-13
Samples,544,BJ,6.249012876107651e-12
Samples,545,BJ,7.076288909634603e-12
Samples,546,BJ,6.940416673354058e-12
Samples,547,BJ,7.176205250290151e-12
Samples,548,BJ,8.599694671942885e-12
Samples,549,BJ,5.922550054320657e-12
Samples,550,BJ,3.753912558739652e-10
Samples,551,BJ,1.3772298506234578e-11
Samples,552,BJ,3.5990643725382454e-11
Samples,553,BJ,6.566283470543175e-12
Samples,554,BJ,8.854725189312957e-12
Samples,555,BJ,2.1114298947346518e-11
Samples,556,BJ,1.1231742640103932e-11
Samples,557,BJ,4.7475006737946526e-11
Samples,558,BJ,6.990800446650092e-12
Samples,559,BJ,6.145814835786543e-10
Samples,560,BJ,1.0529761878722307e-09
Samples,561,BJ,5.258182029524744e-10
Samples,562,BJ,6.6536067019599985e-12
Samples,563,BJ,1.3206715563711161e-09
Samples,564,BJ,1.364905947033193e-09
Samples,565,BJ,9.674057830411114e-10
Samples,566,BJ,1.0539883658763466e-08
Samples,567,BJ,4.661953170390059e-10
Samples,568,BJ,8.975288152346698e-09
Samples,569,BJ,5.931472310878297e-10
Samples,570,BJ,6.846894939967031e-12
Samples,571,BJ,2.197359839537393e-09
Samples,572,BJ,6.730485052482078e-09
Samples,573,BJ,5.6956484465853296e-09
Samples,574,BJ,1.9946353335924943e-09
Samples,575,BJ,1.0091019998839289e-10
Samples,576,BJ,5.551103906873543e-12
Samples,577,BJ,3.0103607386411087e-12
Samples,578,BJ,5.546044787311237e-12
Samples,579,BJ,4.423163913884894e-12
Samples,580,BJ,5.334013457378879e-12
Samples,581,BJ,2.6093812633714443e-12
Samples,582,BJ,4.827545079246501e-11
Samples,583,BJ,1.9635787037982242e-10
Samples,584,BJ,3.9570209457412244e-12
Samples,585,BJ,1.4199889901265733e-09
Samples,586,BJ,6.796856992975777e-12
Samples,587,BJ,9.911361448412288e-09
Samples,588,BJ,1.1438471995174556e-09
Samples,589,BJ,1.4227653592899385e-08
Samples,590,BJ,1.355069179267359e-08
Samples,591,BJ,5.7431877868933364e-09
Samples,592,BJ,1.252868297067919e-08
Samples,593,BJ,8.466294426068422e-09
Samples,594,BJ,1.0320328947589157e-11
Samples,595,BJ,1.2216612352649368e-08
Samples,596,BJ,1.1774017162940645e-09
Samples,597,BJ,3.3110158046990777e-09
Samples,598,BJ,7.273390285496155e-12
Samples,599,BJ,1.5157230479325363e-10
Samples,600,BJ,1.535803042339944e-11
Samples,601,BJ,2.0179081469373214e-13
Samples,602,BJ,1.9935357830696943e-13
Samples,603,BJ,1.5594123420700923e-13
Samples,604,BJ,1.8702895770599127e-13
Samples,605,BJ,3.278900507879426e-13
Samples,606,BJ,2.0433951501470258e-13
Samples,607,BJ,1.1512322967659456e-11
Samples,608,BJ,2.088555679865553e-13
Samples,609,BJ,2.1937781045962944e-13
Samples,610,BJ,5.741892229354643e-13
Samples,611,BJ,1.921446467003007e-12
Samples,612,BJ,4.3888328034239023e-13
Samples,613,BJ,1.9887555860861105e-13
Samples,614,BJ,9.807703262277215e-13
Samples,615,BJ,1.980719716363235e-13
Samples,616,BJ,8.749454974905165e-12
Samples,617,BJ,4.2205008464208745e-13
Samples,618,BJ,1.820673898423905e-13
Samples,619,BJ,1.403689797021476e-12
Samples,620,BJ,1.7849833478118794e-11
Samples,621,BJ,4.693675415755061e-14
Samples,622,BJ,2.3248594864466754e-14
Samples,623,BJ,6.821481545217352e-14
Samples,624,BJ,5.208995904546384e-13
Samples,625,BJ,4.4840372669817046e-13
Samples,626,BJ,1.7141838290362837e-13
Samples,627,BJ,3.773291867774075e-13
Samples,628,BJ,6.179375384071975e-12
Samples,629,BJ,3.657095525736461e-13
Samples,630,BJ,4.139423440867943e-13
Samples,631,BJ,1.8355848198298604e-12
Samples,632,BJ,1.1167149605239475e-12
Samples,633,BJ,1.1455656501939344e-11
Samples,634,BJ,2.0843345908895483e-12
Samples,635,BJ,1.5791024506379295e-13
Samples,636,BJ,4.181651018228215e-13
Samples,637,BJ,4.408281633443548e-13
Samples,638,BJ,5.689687984311152e-10
Samples,639,BJ,3.047589373550854e-10
Samples,640,BJ,1.8420166654452355e-10
Samples,641,BJ,1.725522160740883e-09
Samples,642,BJ,2.1248273070541868e-10
Samples,643,BJ,6.5035084628274235e-09
Samples,645,BJ,1.4590331354242609e-08
Samples,646,BJ,6.600330558236818e-11
Samples,647,BJ,1.3327582504352899e-09
Samples,648,BJ,6.781775421588468e-13
Samples,649,BJ,1.1262988214295577e-11
Samples,650,BJ,8.903924660891305e-11
Samples,651,BJ,1.6505835818242346e-10
Samples,652,BJ,1.5001100247791123e-10
Samples,653,BJ,6.904313157976152e-14
Samples,654,BJ,2.7362917874782075e-11
Samples,655,BJ,1.278096272467627e-11
Samples,656,BJ,8.877490410183438e-12
Samples,657,BJ,7.062943417321612e-12
Samples,658,BJ,2.071356983993884e-11
Samples,659,BJ,9.628393574562112e-10
Samples,660,BJ,8.781483032415648e-10
Samples,661,BJ,3.02763066072625e-12
Samples,662,BJ,1.722729343293404e-13
Samples,663,BJ,3.15774198518643e-11
Samples,664,BJ,1.5301558839903508e-13
Samples,665,BJ,6.073588615199577e-12
Samples,666,BJ,1.7749005980192336e-13
Samples,667,BJ,6.250875446712532e-11
Samples,668,BJ,4.263550686179784e-10
Samples,669,BJ,1.3940740480517191e-09
Samples,670,BJ,6.341521628654811e-12
Samples,671,BJ,1.3062349758454502e-09
Samples,672,BJ,3.6149858566514537e-09
Samples,673,BJ,4.477775869697592e-12
Samples,674,BJ,5.08706437127796e-12
Samples,675,BJ,6.756168006823683e-12
Samples,676,BJ,1.4844324649276915e-09
Samples,677,BJ,4.358084740262e-09
Samples,678,BJ,1.2836483762886e-09
Samples,679,BJ,6.7964365867311115e-12
Samples,680,BJ,6.4329974879484195e-12
Samples,681,BJ,6.485650332681746e-12
Samples,682,BJ,2.093844509060308e-13
Samples,683,BJ,2.7650625273110194e-13
Samples,684,BJ,1.1880740738680373e-10
Samples,685,BJ,6.470444821020196e-11
Samples,686,BJ,1.6814872078201044e-10
Samples,687,BJ,8.161109005756159e-13
Samples,688,BJ,3.8067614471581374e-10
Samples,689,BJ,2.32650103216002e-13
Samples,690,BJ,1.0824352491707295e-09
Samples,691,BJ,8.189989843211941e-10
Samples,692,BJ,4.4158354998896963e-13
Samples,693,BJ,1.7395430655478455e-09
Samples,694,BJ,2.4414974030920293e-13
Samples,695,BJ,9.339316591321567e-13
Samples,696,BJ,2.705368767415625e-12
Samples,697,BJ,6.796190703307969e-12
Samples,698,BJ,9.55204505487759e-12
Samples,699,BJ,1.810660181573865e-10
Samples,700,BJ,8.822842573967506e-12
Samples,701,BJ,8.98747709134743e-12
Samples,702,BJ,6.897721543443311e-12
Samples,703,BJ,6.986029191889833e-11
Samples,704,BJ,3.843760096944667e-09
Samples,705,BJ,4.887810307943374e-14
Samples,706,BJ,2.07502846692915e-08
Samples,707,BJ,1.1515334114614424e-13
Samples,708,BJ,6.287959900565321e-10
Samples,709,BJ,1.9627056007852214e-09
Samples,710,BJ,2.468946145572506e-10
Samples,711,BJ,1.9160986458685084e-11
Samples,712,BJ,1.3996037951921443e-11
Samples,713,BJ,1.2247750175002167e-09
Samples,714,BJ,3.727741934252514e-09
Samples,715,BJ,8.012723177446022e-10
Samples,716,BJ,4.154472653332344e-09
Samples,717,BJ,4.4979201536969325e-09
Samples,718,BJ,4.688749606143759e-10
Samples,719,BJ,1.1893426732338068e-09
Samples,720,BJ,1.2732235353886887e-10
Samples,721,BJ,1.2655530623311728e-09
Samples,722,BJ,-2.4928307257482105e-10
Samples,723,BJ,1.3111621071740418e-09
Samples,724,BJ,1.0982611528915526e-09
Samples,725,BJ,1.437601413431656e-10
Samples,726,BJ,1.2072000095052262e-09
Samples,727,BJ,1.4087953709520059e-09
Samples,728,BJ,7.87034814096455e-10
Samples,729,BJ,7.5736032460097e-11
Samples,730,BJ,1.8408795701277837e-10
Samples,731,BJ,1.6942954572490874e-10
Samples,732,BJ,6.187532303569668e-10
Samples,733,BJ,2.2349526235022737e-09
Samples,734,BJ,2.046793807352535e-10
Samples,735,BJ,4.36404999819665e-13
Samples,736,BJ,5.309489525547213e-09
Samples,737,BJ,1.0376567846192475e-13
Samples,738,BJ,1.6834296966076847e-09
Samples,739,BJ,2.784162990872164e-10
Samples,740,BJ,2.0071252199468754e-12
Samples,741,BJ,2.181826142679427e-13
Samples,742,BJ,4.671619000597779e-10
Samples,743,BJ,1.6333733424526933e-13
Samples,744,BJ,8.6503766452267e-11
Samples,745,BJ,2.1732394745899427e-09
Samples,746,BJ,5.469746276926004e-13
Samples,747,BJ,7.090869298053105e-10
Samples,748,BJ,1.1551242425807964e-08
Samples,749,BJ,2.2341016168656042e-10
Samples,750,BJ,1.2933045415863637e-09
Samples,751,BJ,1.0191928291750155e-08
Samples,752,BJ,2.590042626581962e-10
Samples,753,BJ,2.9571755430769815e-08
Samples,754,BJ,5.809586518342549e-09
Samples,755,BJ,9.511175663818877e-11
Samples,756,BJ,4.7626913606285794e-11
Samples,757,BJ,2.4491629287183314e-10
Samples,758,BJ,1.922448401372219e-10
Samples,759,BJ,9.533482147099219e-11
Samples,760,BJ,1.8663618861197524e-10
Samples,761,BJ,1.6529724732184396e-10
Samples,762,BJ,1.9322953519901344e-10
Samples,763,BJ,6.288330125395191e-11
Samples,764,BJ,7.598321735859354e-10
Samples,765,BJ,1.9584957352544222e-11
Samples,766,BJ,1.056494856062456e-08
Samples,767,BJ,1.5788952263841318e-09
Samples,768,BJ,1.0626049048074765e-08
Samples,769,BJ,1.1109855918323351e-08
Samples,770,BJ,1.0211477678674612e-08
Samples,771,BJ,1.4294587152808542e-09
Samples,772,BJ,8.584404518883887e-09
Samples,773,BJ,7.241316791334366e-12
Samples,774,BJ,8.168679659110594e-11
Samples,775,BJ,6.7002656034608526e-12
Samples,776,BJ,9.860498807984836e-11
Samples,777,BJ,9.34625278032419e-12
Samples,778,BJ,3.5782717723642134e-11
Samples,779,BJ,6.786672188646411e-12
Samples,780,BJ,9.40294388444647e-11
Samples,781,BJ,5.709728116734757e-12
Samples,782,BJ,2.9998684078736474e-10
Samples,783,BJ,1.289633464193672e-10
Samples,784,BJ,2.7225684654309492e-11
Samples,785,BJ,3.7259967595759317e-10
Samples,786,BJ,6.836601187243202e-12
Samples,787,BJ,7.836048405777307e-11
Samples,788,BJ,5.2170549533640405e-11
Samples,789,BJ,1.768257229209884e-10
Samples,790,BJ,1.6743716231808457e-10
Samples,791,BJ,1.7973042825885932e-10
Samples,792,BJ,3.716917736573771e-11
Samples,793,BJ,4.283068866098362e-10
Samples,794,BJ,8.47234006669323e-11
Samples,795,BJ,3.1225819032056626e-10
Samples,796,BJ,1.879900409430499e-10
Samples,797,BJ,7.364206606651121e-12
Samples,798,BJ,4.74240733747565e-11
Samples,799,BJ,6.398994166959001e-12
Samples,800,BJ,1.7338435826493835e-12
Samples,801,BJ,9.414788706235885e-12
Samples,802,BJ,4.697984766627715e-12
Samples,803,BJ,6.085509131968517e-12
Samples,804,BJ,4.573768812512376e-11
Samples,805,BJ,3.586647416106621e-10
Samples,806,BJ,7.71980662130853e-12
Samples,807,BJ,1.7114300252536167e-11
Samples,808,BJ,1.7972146372367398e-10
Samples,809,BJ,8.556090731821452e-12
Samples,810,BJ,4.536107662141551e-11
Samples,811,BJ,8.617191943669019e-12
Samples,812,BJ,1.1135855071159706e-09
Samples,813,BJ,2.834576314725338e-10
Samples,814,BJ,4.6096300934318665e-11
Samples,815,BJ,1.4025592246485386e-11
Samples,816,BJ,8.438016037428476e-12
Samples,817,BJ,1.3479079084540749e-11
Samples,818,BJ,3.636443399262581e-11
Samples,819,BJ,3.4763121852544604e-11
Samples,820,BJ,1.8633892170485175e-14
Samples,821,BJ,9.40274913997952e-11
Samples,822,BJ,6.895571973201289e-12
Samples,823,BJ,7.130175143227558e-12
Samples,824,BJ,2.196108981077575e-13
Samples,825,BJ,2.0179760291432023e-13
Samples,826,BJ,8.480730798296722e-12
Samples,827,BJ,1.0214515603153059e-12
Samples,828,BJ,8.03412580678908e-13
Samples,829,BJ,9.875265446561388e-13
Samples,830,BJ,1.3422488552457042e-12
Samples,831,BJ,2.2864928281876725e-13
Samples,832,BJ,9.03907210453728e-11
Samples,833,BJ,8.316967197260766e-11
Samples,834,BJ,7.1796890788366894e-12
Samples,835,BJ,1.255033964006756e-09
Samples,836,BJ,2.8813436674939963e-09
Samples,837,BJ,2.3009775954844063e-09
Samples,838,BJ,8.958522677294137e-10
Samples,839,BJ,6.272174059396926e-09
Samples,840,BJ,6.4431359983959675e-09
Samples,841,BJ,1.0877160937026256e-09
Samples,842,BJ,1.4916694284365828e-09
Samples,843,BJ,1.1164969717602182e-09
Samples,844,BJ,4.313597041778066e-09
Samples,845,BJ,2.491328329838525e-09
Samples,846,BJ,5.293768255136982e-09
Samples,847,BJ,4.834597473257417e-09
Samples,848,BJ,6.99044348861278e-09
Samples,849,BJ,3.220148732838272e-11
Samples,850,BJ,6.66572421917908e-12
Samples,851,BJ,2.439883659189363e-13
Samples,852,BJ,5.972937823907126e-13
Samples,853,BJ,3.442565255322952e-11
Samples,854,BJ,2.4678085230987265e-13
Samples,855,BJ,2.25670086821188e-12
Samples,856,BJ,3.0005413245659774e-12
Samples,857,BJ,4.363159439080716e-11
Samples,858,BJ,2.7796868065844965e-11
Samples,859,BJ,3.0841913257572604e-11
Samples,860,BJ,5.552542051938236e-13
Samples,861,BJ,1.392036680849572e-13
Samples,862,BJ,2.7896260115040953e-11
Samples,863,BJ,2.181099267202879e-13
Samples,864,BJ,6.09547835427679e-13
Samples,865,BJ,1.5343627984365965e-12
Samples,866,BJ,8.29227618671356e-13
Samples,867,BJ,1.6843700417642408e-13
Samples,868,BJ,5.784732636234146e-13
Samples,869,BJ,1.2385197238946715e-12
Samples,870,BJ,1.913945571331594e-12
Samples,871,BJ,1.1626663146597862e-12
Samples,872,BJ,2.365866332481845e-13
Samples,873,BJ,2.3883198287524793e-13
Samples,874,BJ,8.051589904489147e-12
Samples,875,BJ,2.4932156272090917e-12
Samples,876,BJ,2.532822794538156e-12
Samples,877,BJ,4.583770145737269e-11
Samples,878,BJ,3.050529407613453e-13
Samples,879,BJ,4.777442871061573e-11
Samples,880,BJ,7.73706609067439e-12
Samples,881,BJ,1.822964142789156e-13
Samples,882,BJ,2.0383861174485496e-13
Samples,883,BJ,2.3874607121355644e-13
Samples,884,BJ,1.8368961877238702e-13
Samples,885,BJ,2.2270063325861398e-13
Samples,886,BJ,1.2857725275209122e-11
Samples,887,BJ,2.5837524188059275e-13
Samples,888,BJ,2.972898017327197e-13
Samples,889,BJ,3.181294825208722e-11
Samples,890,BJ,8.58901501802719e-09
Samples,891,BJ,1.5639478694271818e-09
Samples,892,BJ,9.055517117215849e-09
Samples,893,BJ,9.304997658529674e-09
Samples,894,BJ,8.51118502680869e-11
Samples,895,BJ,1.37859137733978e-10
Samples,896,BJ,6.90322313976077e-12
Samples,897,BJ,1.2861886758255695e-08
Samples,898,BJ,7.019028930209633e-12
Samples,899,BJ,5.44491978776309e-09
Samples,900,BJ,1.9259926836434714e-08
Samples,901,BJ,7.894427435329523e-07
Samples,902,BJ,6.928183320821985e-12
Samples,903,BJ,6.872114682629771e-12
Samples,904,BJ,1.576967840681375e-09
Samples,905,BJ,4.69823292467475e-10
Samples,906,BJ,4.20714970703328e-09
Samples,907,BJ,1.839501829235661e-08
Samples,908,BJ,1.7286144510098126e-08
Samples,909,BJ,7.158905092637324e-09
Samples,910,BJ,4.624494663059064e-10
Samples,911,BJ,7.151679294887561e-12
Samples,912,BJ,3.601448476782503e-11
Samples,913,BJ,6.12225865731902e-10
Samples,914,BJ,8.146928308987532e-12
Samples,915,BJ,4.135807989578972e-08
Samples,916,BJ,3.6865195650158163e-09
Samples,917,BJ,2.436335994789359e-11
Samples,918,BJ,6.845493869820374e-12
Samples,919,BJ,6.919925835915052e-12
Samples,920,BJ,6.409220025523196e-12
Samples,921,BJ,1.8857073344098055e-11
Samples,922,BJ,4.8809209103248664e-11
Samples,923,BJ,6.00379300483632e-11
Samples,924,BJ,5.722361164244771e-12
Samples,925,BJ,1.2481158471325776e-12
Samples,926,BJ,2.3422431232442724e-11
Samples,927,BJ,4.104075927317169e-11
Samples,928,BJ,1.1798495548895932e-10
Samples,929,BJ,1.0060153023680368e-11
Samples,930,BJ,5.564272947489365e-08
Samples,931,BJ,2.6992281967824575e-11
Samples,932,BJ,1.910558797821506e-11
Samples,933,BJ,2.5571120669055423e-12
Samples,934,BJ,1.943395091009862e-11
Samples,935,BJ,3.2823263472861296e-12
Samples,936,BJ,3.83295105736364e-11
Samples,937,BJ,1.4539410304277411e-08
Samples,938,BJ,1.0780584068823858e-08
Samples,939,BJ,5.878458107846284e-11
Samples,940,BJ,2.2831359742909658e-11
Samples,941,BJ,-1.1366559807077013e-12
Samples,942,BJ,1.3662382642995268e-07
Samples,943,BJ,9.319182908968681e-12
Samples,944,BJ,2.8072680791011732e-11
Samples,945,BJ,7.337761161234416e-12
Samples,946,BJ,7.902668134175014e-12
Samples,947,BJ,7.461201598732683e-12
Samples,948,BJ,7.685825679093015e-12
Samples,949,BJ,7.744355858342998e-12
Samples,950,BJ,2.2998086811350416e-11
Samples,951,BJ,4.870660636788578e-12
Samples,952,BJ,1.7866787763667277e-11
Samples,953,BJ,2.2194491598748606e-11
Samples,954,BJ,8.776484913563626e-11
Samples,955,BJ,4.5163968195150685e-11
Samples,956,BJ,1.520779868489183e-11
Samples,959,BJ,2.8832976419249924e-13
Samples,960,BJ,4.404091597988749e-08
Samples,961,BJ,3.328096448507158e-10
Samples,962,BJ,7.066722726363868e-10
Samples,963,BJ,1.292234523335162e-08
Samples,964,BJ,4.3539707431045223e-10
Samples,965,BJ,4.2444089180286136e-10
Samples,966,BJ,2.870583960437763e-10
Samples,967,BJ,6.525685297907369e-09
Samples,969,BJ,2.0930592438258239e-07
Samples,970,BJ,4.493359250805755e-09
Samples,971,BJ,5.615327014094515e-10
Samples,973,BJ,4.792597563282824e-09
Samples,974,BJ,2.7413089282816017e-08
Samples,975,BJ,3.452933472194736e-09
Samples,976,BJ,6.797084273875551e-10
Samples,977,BJ,5.3396186574658115e-09
Samples,978,BJ,3.460179596235552e-09
Samples,979,BJ,2.3687894210740036e-08
Samples,982,BJ,1.0358075407514793e-10
Samples,983,BJ,6.6822678249085656e-09
Samples,985,BJ,3.2534473820648584e-09
Samples,987,BJ,2.1741548614220036e-10
Samples,988,BJ,1.4946159707472763e-10
Samples,989,BJ,1.9484304216028954e-10
Samples,990,BJ,1.924998830723071e-10
Samples,991,BJ,2.510998235674434e-10
Samples,992,BJ,1.848651305315948e-10
Samples,993,BJ,2.5369951919025376e-10
Samples,994,BJ,4.68657495608551e-11
Samples,995,BJ,9.493675692764207e-12
Samples,996,BJ,2.1731205496507757e-10
Samples,997,BJ,2.568009500504527e-10
Samples,998,BJ,7.687900233591129e-12
Samples,999,BJ,2.934960750133979e-10
Samples,1000,BJ,6.0858015415148046e-12
Samples,1001,BJ,7.404257613673635e-12
Samples,1002,BJ,5.6334167908572e-11
Samples,1003,BJ,1.0380505620185613e-10
Samples,1004,BJ,1.1805945385606317e-10
Samples,1005,BJ,7.876517916065594e-11
Samples,1006,BJ,6.290189461154476e-11
Samples,1007,BJ,1.0897486307314304e-10
Samples,1008,BJ,7.304836841395302e-11
Samples,1009,BJ,1.0824839385442212e-10
Samples,1010,BJ,3.4301163354266335e-13
Samples,1011,BJ,-9.611923229295945e-12
Samples,1012,BJ,5.738446603032597e-10
Samples,1013,BJ,5.1857569403131766e-11
Samples,1014,BJ,7.235897445320726e-12
Samples,1015,BJ,5.5187036606543166e-09
Samples,1016,BJ,7.3405531505008695e-09
Samples,1017,BJ,5.362114731872319e-09
Samples,1018,BJ,7.406787543942166e-09
Samples,1019,BJ,5.365493331422781e-10
Samples,1020,BJ,3.603246239010945e-10
Samples,1021,BJ,5.830990299937591e-10
Samples,1022,BJ,3.658464282191725e-12
Samples,1023,BJ,6.792718820333131e-10
Samples,1024,BJ,6.531482653639817e-10
Samples,1025,BJ,1.5222986997082983e-09
Samples,4,BK,7.524403736629969e-06
Samples,5,BK,1.7891151752306473e-05
Samples,6,BK,1.2936350378113788e-05
Samples,7,BK,4.99289280326137e-06
Samples,8,BK,5.7791908179310126e-06
Samples,9,BK,1.4358223479319835e-05
Samples,10,BK,9.647775890809244e-06
Samples,11,BK,0.0004183335760867118
Samples,12,BK,6.788965888279624e-05
Samples,17,BK,0.5807656144922504
Samples,19,BK,0.3631120288202282
Samples,20,BK,0.7561798284299366
Samples,21,BK,1.3638662893896514
Samples,26,BK,7.071130507816693e-05
Samples,28,BK,6.954689790213151e-05
Samples,29,BK,0.6614724424388405
Samples,30,BK,0.03533674443140411
Samples,32,BK,0.576670597726057
Samples,34,BK,0.6157647030154293
Samples,35,BK,0.0053006123370886275
Samples,37,BK,0.6504736848132435
Samples,39,BK,0.7325857038540464
Samples,41,BK,0.010017861291676254
Samples,42,BK,0.006956554932988122
Samples,44,BK,0.3059810646367859
Samples,55,BK,0.6735710952568885
Samples,56,BK,0.6182930550180616
Samples,58,BK,1.0852481687504232e-05
Samples,59,BK,2.5648173615579242e-05
Samples,60,BK,7.689337989494928e-06
Samples,61,BK,1.7155483634521744e-05
Samples,62,BK,1.659493859814331e-05
Samples,63,BK,9.256940213975866e-06
Samples,64,BK,1.7389102644557678e-05
Samples,65,BK,2.1031911032892398e-05
Samples,66,BK,1.7458048204479214e-05
Samples,67,BK,1.832697828004169e-05
Samples,68,BK,1.6483784700321033e-05
Samples,69,BK,4.3757015294725565e-06
Samples,70,BK,3.7419458803200604e-06
Samples,71,BK,0.0001179963634241957
Samples,72,BK,3.296206696496641e-05
Samples,73,BK,3.2094407377140466e-05
Samples,74,BK,0.0003335266080883327
Samples,75,BK,0.0013998102602808989
Samples,76,BK,8.822278992094576e-09
Samples,77,BK,1.724756946277308e-05
Samples,78,BK,7.464435901997168e-07
Samples,79,BK,2.2952681594010043e-05
Samples,80,BK,5.1520111403992205e-08
Samples,81,BK,5.311127992979275e-05
Samples,82,BK,6.6523247993140075e-06
Samples,83,BK,3.866573008786437e-06
Samples,84,BK,6.503377820681596e-06
Samples,85,BK,0.0014393692541194005
Samples,86,BK,3.375979708778485e-06
Samples,87,BK,4.036775462117034e-06
Samples,88,BK,2.641718597882911e-06
Samples,89,BK,5.6968611800962194e-05
Samples,91,BK,0.009115597457866153
Samples,93,BK,0.0009622698013178313
Samples,94,BK,0.5096657206317167
Samples,95,BK,0.5510738390698445
Samples,96,BK,0.6910353578443723
Samples,98,BK,0.010478501176184509
Samples,100,BK,0.006060872933611269
Samples,101,BK,0.00016205367957306365
Samples,102,BK,0.004105608356962319
Samples,103,BK,2.3269161863203264e-05
Samples,106,BK,0.0014886537027108688
Samples,107,BK,0.6138886288435006
Samples,109,BK,3.21650305656047e-05
Samples,113,BK,0.7964838956468315
Samples,115,BK,9.289694517097928e-05
Samples,118,BK,4.492795769939012e-06
Samples,119,BK,6.3058133712587586e-06
Samples,120,BK,3.257733514179348e-06
Samples,121,BK,4.8732785382167255e-06
Samples,122,BK,3.7930393592392543e-06
Samples,123,BK,2.042773507318332e-06
Samples,124,BK,4.48182904408972e-06
Samples,125,BK,6.314620232487433e-06
Samples,126,BK,2.4609693257793793e-05
Samples,127,BK,5.922080419561955e-06
Samples,128,BK,4.821627122473493e-06
Samples,129,BK,9.235212025431302e-06
Samples,130,BK,5.817638295345247e-06
Samples,131,BK,1.1553285031206998e-07
Samples,132,BK,1.1266343923329926e-07
Samples,133,BK,1.1696861593747664e-07
Samples,134,BK,1.1065516936394958e-07
Samples,136,BK,2.5096993904369173e-07
Samples,137,BK,9.716125831553382e-07
Samples,138,BK,1.0286612033957666e-06
Samples,139,BK,1.6467906056613522e-07
Samples,140,BK,1.50397694884235e-07
Samples,141,BK,1.469371462192713e-07
Samples,142,BK,0.0006362249803716873
Samples,143,BK,0.0005423784850141763
Samples,144,BK,1.5174784225468407e-07
Samples,145,BK,2.5777934938105276e-06
Samples,146,BK,2.0972523954540275e-06
Samples,147,BK,0.00012908452311631902
Samples,148,BK,1.7765063824674267e-07
Samples,149,BK,0.0002697110905196084
Samples,150,BK,2.9651957577104414e-07
Samples,151,BK,2.7315401718120734e-07
Samples,152,BK,8.072565174842487e-07
Samples,153,BK,1.6529223421892347e-07
Samples,154,BK,1.5492443661845829e-07
Samples,155,BK,1.8506099898173682e-07
Samples,156,BK,2.8357005458512595e-05
Samples,158,BK,-1.4880579387995145e-08
Samples,159,BK,0.007302528800299232
Samples,160,BK,0.11354502441944436
Samples,161,BK,0.00014686210002954773
Samples,164,BK,-5.883030894157341e-06
Samples,165,BK,0.0015956781194138303
Samples,166,BK,0.0007829763427148525
Samples,167,BK,0.0010749670398657865
Samples,169,BK,3.0316563713066185e-05
Samples,171,BK,0.046751984714498686
Samples,172,BK,0.0004156554965443224
Samples,174,BK,1.5014575133364314e-06
Samples,175,BK,6.767130164584727e-07
Samples,176,BK,1.536148042465862e-07
Samples,177,BK,1.215584783159362e-07
Samples,178,BK,7.85866948226281e-07
Samples,179,BK,3.400918730514068e-07
Samples,181,BK,3.0320987878233584e-07
Samples,182,BK,1.4955530223224585e-07
Samples,183,BK,3.0957480900378906e-07
Samples,184,BK,2.7807823143524035e-06
Samples,185,BK,1.9793177958337377e-07
Samples,186,BK,2.2171085326644453e-07
Samples,187,BK,2.382244925815803e-07
Samples,188,BK,1.5015827054371343e-07
Samples,189,BK,3.593779120040945e-06
Samples,190,BK,1.1019957605532898e-06
Samples,191,BK,-1.7540698070374627e-10
Samples,192,BK,7.113518512759178e-07
Samples,193,BK,3.4184241834188175e-06
Samples,194,BK,9.788172474147391e-06
Samples,195,BK,4.540847793508098e-07
Samples,196,BK,1.3742158761815277e-07
Samples,197,BK,6.425376100026766e-06
Samples,198,BK,5.3624878828908985e-05
Samples,199,BK,7.341625820379911e-05
Samples,200,BK,5.0126698929727246e-05
Samples,201,BK,1.5333859256382449e-07
Samples,202,BK,0.00010010596168937185
Samples,203,BK,1.4767581912948078e-05
Samples,204,BK,5.870731667594381e-08
Samples,205,BK,1.3370974137981159e-05
Samples,206,BK,3.962347787539585e-05
Samples,207,BK,5.786696757502526e-08
Samples,208,BK,0.00013922296332716862
Samples,209,BK,1.3950347609252773e-06
Samples,210,BK,5.2103424690202616e-08
Samples,211,BK,0.00016253462370024126
Samples,212,BK,3.124940736234637e-05
Samples,213,BK,6.699908151608197e-08
Samples,214,BK,6.594874333282465e-05
Samples,215,BK,1.7580790191544777e-07
Samples,216,BK,5.000641462755528e-08
Samples,217,BK,2.0941300365454475e-05
Samples,218,BK,1.452505748912785e-07
Samples,219,BK,4.955992322889476e-06
Samples,220,BK,2.7831624231833673e-07
Samples,221,BK,9.450251107986124e-07
Samples,222,BK,7.395619602844972e-06
Samples,223,BK,1.1090513272562072e-06
Samples,224,BK,1.2479532340408488e-07
Samples,225,BK,4.80827034739096e-07
Samples,226,BK,6.668394399795395e-08
Samples,227,BK,2.705270249296658e-05
Samples,228,BK,9.0535159427474e-06
Samples,229,BK,9.134731990008203e-05
Samples,230,BK,4.3942508595139284e-05
Samples,231,BK,1.3175940972811213e-07
Samples,232,BK,1.1390754442513982e-06
Samples,233,BK,1.055448621607279e-05
Samples,234,BK,7.765692589508174e-07
Samples,235,BK,1.4988504304460033e-07
Samples,236,BK,1.811463405553205e-05
Samples,237,BK,8.674827898950153e-07
Samples,238,BK,1.2399063685057306e-07
Samples,239,BK,2.3241339784708755e-05
Samples,240,BK,1.996414671963774e-05
Samples,241,BK,1.1979811007249705e-07
Samples,242,BK,1.839219904577564e-06
Samples,243,BK,3.7012625271155386e-05
Samples,244,BK,3.1456942286854404e-05
Samples,245,BK,3.947686538198898e-05
Samples,246,BK,1.42230977783296e-07
Samples,247,BK,2.732255196782149e-06
Samples,248,BK,5.704232859625155e-07
Samples,249,BK,1.0492088326674527e-05
Samples,250,BK,5.598662527524297e-06
Samples,251,BK,7.93901934932447e-06
Samples,252,BK,1.4814934865977472e-07
Samples,253,BK,1.8310463212489533e-06
Samples,254,BK,1.9319434333021692e-06
Samples,255,BK,2.2442008277892744e-06
Samples,256,BK,7.761461952309964e-05
Samples,257,BK,8.897982551188678e-05
Samples,258,BK,2.0836606783270654e-05
Samples,259,BK,7.091532706954733e-06
Samples,260,BK,1.548636840400684e-05
Samples,261,BK,6.221679740521575e-05
Samples,262,BK,5.179774686330979e-05
Samples,263,BK,2.9670047823149956e-05
Samples,264,BK,0.0005763056374421392
Samples,265,BK,2.3638269536481675e-05
Samples,266,BK,2.6071214904546325e-06
Samples,267,BK,3.6392507163086906e-06
Samples,268,BK,7.793153347487205e-06
Samples,269,BK,8.242545050491008e-05
Samples,270,BK,4.078620520771949e-06
Samples,271,BK,0.0028438111383134995
Samples,272,BK,0.0005218741159656729
Samples,273,BK,0.0023172879329426306
Samples,274,BK,0.001389244005032258
Samples,275,BK,1.4383946527307429e-06
Samples,276,BK,3.610235499611713e-05
Samples,277,BK,1.0463173917241792e-06
Samples,278,BK,3.6844162119277903e-08
Samples,279,BK,1.3569307094627523e-06
Samples,280,BK,3.483326364175457e-06
Samples,281,BK,1.5011743642766054e-07
Samples,282,BK,2.8923723510320365e-07
Samples,283,BK,1.5455418376246695e-07
Samples,284,BK,2.72831508019582e-07
Samples,285,BK,8.415622676046866e-08
Samples,286,BK,1.0539868088561455e-06
Samples,287,BK,1.0612827678233757e-07
Samples,288,BK,5.364888749282707e-07
Samples,289,BK,1.3589385734836972e-07
Samples,290,BK,1.3865433098238955e-07
Samples,291,BK,0.00043234267594085613
Samples,292,BK,7.064977725536517e-06
Samples,293,BK,1.554408019009822e-07
Samples,294,BK,0.0034340377290442473
Samples,295,BK,0.004509969651837269
Samples,296,BK,0.004402847960569252
Samples,297,BK,0.00222892035806238
Samples,298,BK,0.001984115576325874
Samples,299,BK,5.272651129891976e-06
Samples,300,BK,4.7091564702337276e-08
Samples,301,BK,7.208885739739054e-06
Samples,302,BK,0.0007766902378469919
Samples,303,BK,0.0008951481578175096
Samples,304,BK,0.0007213889516082153
Samples,305,BK,0.0014752339697482854
Samples,306,BK,0.00030188670330904296
Samples,307,BK,9.593597209084229e-05
Samples,308,BK,2.106949660434164e-07
Samples,311,BK,0.10255907278510838
Samples,319,BK,0.1672320862889705
Samples,320,BK,0.10526859663937901
Samples,323,BK,0.0003933383355383754
Samples,324,BK,0.0013685978676664663
Samples,325,BK,0.02757197175335458
Samples,326,BK,0.019887947877052562
Samples,327,BK,0.027558644563853155
Samples,328,BK,0.011426932969737314
Samples,329,BK,0.020257291616180752
Samples,330,BK,0.0187692909961476
Samples,331,BK,0.025081081243786673
Samples,332,BK,5.053322647703711e-06
Samples,333,BK,0.00034494569347688137
Samples,334,BK,0.0003979829016742436
Samples,335,BK,0.00026183972082661334
Samples,336,BK,0.0004216431149760255
Samples,337,BK,2.1253366521428562e-07
Samples,338,BK,0.0006365790563645319
Samples,339,BK,2.9316007264201683e-05
Samples,340,BK,0.00019371863920872114
Samples,341,BK,2.8289549625368e-05
Samples,342,BK,8.807700995377125e-05
Samples,343,BK,0.0005849493652711293
Samples,344,BK,0.00036239529512257276
Samples,345,BK,0.0004252847301417778
Samples,346,BK,0.0007485686497321613
Samples,347,BK,0.0005654422778422762
Samples,348,BK,0.0059164241353581865
Samples,349,BK,0.0003273059471283917
Samples,350,BK,0.0002306361483410556
Samples,351,BK,0.00034649429772660295
Samples,352,BK,0.0012515705689348023
Samples,353,BK,0.0007948262763852959
Samples,354,BK,2.3458022209926837e-06
Samples,355,BK,-2.748089203833414e-09
Samples,356,BK,3.358444045531824e-05
Samples,357,BK,0.0003469903590289317
Samples,358,BK,2.2309897596973734e-06
Samples,359,BK,0.0028934087185639957
Samples,361,BK,0.0004833479441895015
Samples,362,BK,0.00038763260797840905
Samples,363,BK,0.0004255747645807652
Samples,364,BK,0.0007959112747558108
Samples,365,BK,0.001966624744891453
Samples,367,BK,0.00019214305843272684
Samples,368,BK,0.0012368551513747593
Samples,370,BK,3.4794462738678506e-06
Samples,374,BK,6.283065142092556e-05
Samples,375,BK,3.589843130807249e-05
Samples,376,BK,2.9995716947048272e-05
Samples,377,BK,5.2526952115224734e-05
Samples,378,BK,4.876760755076902e-05
Samples,379,BK,3.51386382356867e-05
Samples,380,BK,5.6586682380001595e-05
Samples,381,BK,2.536194410457208e-05
Samples,382,BK,2.7509017592754704e-05
Samples,383,BK,7.60020309015491e-06
Samples,384,BK,2.0172502750683162e-05
Samples,385,BK,0.00612540670543347
Samples,386,BK,0.002954519118918938
Samples,387,BK,0.0037111247797943117
Samples,388,BK,0.0014784324144643992
Samples,389,BK,0.0024933170397845495
Samples,390,BK,0.0024174292381817235
Samples,391,BK,0.0012918991449318302
Samples,392,BK,0.002800980634868204
Samples,393,BK,0.0020649586059350174
Samples,394,BK,0.002246807718600186
Samples,395,BK,0.009140977236521042
Samples,396,BK,0.004852286660064289
Samples,397,BK,0.0033662748524388247
Samples,398,BK,0.002220264802940886
Samples,399,BK,0.0026714098464747866
Samples,400,BK,5.159416143710159e-06
Samples,401,BK,5.0920963711197836e-06
Samples,402,BK,5.256455778441739e-06
Samples,403,BK,0.0077203770840218
Samples,404,BK,0.0030585458028232716
Samples,405,BK,0.0037451772724351887
Samples,406,BK,0.003928965253505495
Samples,407,BK,0.0035336951518040068
Samples,408,BK,2.3594826642609597e-06
Samples,409,BK,2.4896980006304157e-06
Samples,410,BK,5.090516886923469e-06
Samples,411,BK,1.6750057583138685e-06
Samples,412,BK,8.089982681279893e-06
Samples,413,BK,5.859320949556847e-06
Samples,414,BK,1.757542893398477e-06
Samples,415,BK,5.733514337258913e-07
Samples,416,BK,-2.5035397908437198e-08
Samples,417,BK,6.434496986925257e-06
Samples,418,BK,1.4775266792237371e-06
Samples,419,BK,8.056068565617546e-06
Samples,420,BK,1.1314527481588627e-07
Samples,421,BK,0.0003048256275197076
Samples,422,BK,8.026587611454526e-05
Samples,423,BK,0.0003220638314953834
Samples,424,BK,1.0139723957372667e-07
Samples,425,BK,5.193387908052782e-05
Samples,426,BK,0.0003995759905697061
Samples,427,BK,0.0005460101793759947
Samples,428,BK,0.03605862684371672
Samples,429,BK,1.3818494480945745e-07
Samples,430,BK,1.287033604339177e-07
Samples,431,BK,9.767936214871377e-08
Samples,432,BK,2.9574828601923364e-07
Samples,433,BK,2.6910684141169643e-07
Samples,434,BK,1.5312050442244756e-07
Samples,435,BK,6.985774723045576e-08
Samples,436,BK,1.4047368861004604e-07
Samples,437,BK,4.4375196888534973e-07
Samples,438,BK,1.0763676264517298e-07
Samples,439,BK,1.1900487940676434e-07
Samples,440,BK,6.91845149405967e-08
Samples,441,BK,5.070828691003894e-07
Samples,442,BK,7.712869490321613e-08
Samples,443,BK,1.416218937231933e-07
Samples,444,BK,6.265806123951618e-06
Samples,445,BK,3.9881524294305094e-05
Samples,446,BK,5.271919104226093e-05
Samples,447,BK,3.896140417371475e-06
Samples,448,BK,2.5164705052083373e-07
Samples,449,BK,1.516345521596674e-07
Samples,450,BK,2.969817718661122e-06
Samples,451,BK,2.449543353584598e-05
Samples,452,BK,0.0034824753966957393
Samples,453,BK,0.02644367779304667
Samples,454,BK,0.0030380033374757163
Samples,455,BK,5.336545399806908e-07
Samples,456,BK,7.996418590431713e-06
Samples,457,BK,8.85350055589155e-06
Samples,458,BK,1.2384085079079089e-05
Samples,459,BK,1.823993634931118e-07
Samples,460,BK,8.1608229060596e-06
Samples,461,BK,1.4202403651807275e-07
Samples,462,BK,1.5258175854461966e-07
Samples,463,BK,1.3870043247908644e-07
Samples,464,BK,1.0852800227950693e-06
Samples,465,BK,1.637064956084342e-07
Samples,466,BK,2.3166331347130165e-07
Samples,467,BK,1.5838719102001923e-07
Samples,468,BK,1.338419308714528e-07
Samples,469,BK,0.0006391426892466174
Samples,470,BK,1.4453160435987267e-07
Samples,471,BK,1.5540662444900767e-05
Samples,472,BK,4.780980770218546e-06
Samples,473,BK,3.0803830251054716e-06
Samples,474,BK,5.14641767282448e-06
Samples,475,BK,1.3561648699158394e-07
Samples,476,BK,1.4783436071774388e-08
Samples,477,BK,3.273957366477434e-06
Samples,478,BK,1.0539510289291037e-05
Samples,479,BK,8.304642749731554e-07
Samples,480,BK,2.1837681815128617e-07
Samples,481,BK,1.2567137309299672e-07
Samples,482,BK,1.1565860398387143e-07
Samples,483,BK,1.52158315970167e-07
Samples,484,BK,5.2977250575036234e-08
Samples,485,BK,1.0433083819291078e-07
Samples,486,BK,4.198425197509501e-06
Samples,487,BK,9.598531562820795e-08
Samples,488,BK,1.0463393942943018e-07
Samples,489,BK,2.9054126019811245e-05
Samples,490,BK,1.4335167987243777e-07
Samples,491,BK,3.245299194145444e-06
Samples,492,BK,1.1813724972537023e-07
Samples,493,BK,1.2035433781202616e-07
Samples,494,BK,0.00017164590009897536
Samples,495,BK,0.0003476220793539314
Samples,496,BK,1.0824920268548342e-07
Samples,497,BK,1.4349318867729514e-07
Samples,498,BK,6.374356561345216e-05
Samples,499,BK,0.00010572032609767722
Samples,500,BK,1.412994189762028e-07
Samples,501,BK,1.3008069991089122e-07
Samples,502,BK,1.8368685072857892e-07
Samples,503,BK,2.2950517637591263e-07
Samples,504,BK,1.3829912547446446e-07
Samples,505,BK,1.874780606843921e-07
Samples,506,BK,1.1809397940468427e-07
Samples,507,BK,6.08445810725061e-07
Samples,508,BK,0.00727417068069928
Samples,509,BK,1.2570585162909943e-08
Samples,510,BK,0.001127611697194335
Samples,511,BK,0.00018636361148197456
Samples,512,BK,2.2136930259104997e-05
Samples,513,BK,5.029979035792147e-07
Samples,514,BK,5.0568838193841965e-05
Samples,515,BK,0.01622716705020084
Samples,516,BK,0.016875053934145314
Samples,517,BK,0.01418574922854771
Samples,518,BK,0.013019226936639795
Samples,519,BK,0.011942384403614045
Samples,520,BK,0.015027521031735491
Samples,521,BK,0.002955482876577636
Samples,522,BK,4.666164705043144e-06
Samples,523,BK,0.013814860472838426
Samples,524,BK,4.17663697668886e-06
Samples,525,BK,0.00018457525159495903
Samples,526,BK,0.00017188510233823902
Samples,527,BK,0.0002258774606547412
Samples,528,BK,6.3467217168198755e-06
Samples,529,BK,6.757671165397342e-06
Samples,530,BK,7.65593835108913e-07
Samples,531,BK,7.226975474515877e-07
Samples,532,BK,1.4125884233826088e-07
Samples,533,BK,1.68207979064264e-05
Samples,534,BK,2.570075307807589e-06
Samples,535,BK,4.291692792068952e-06
Samples,536,BK,6.133275806259319e-06
Samples,537,BK,6.857804661922611e-06
Samples,538,BK,2.973543408876439e-07
Samples,539,BK,1.4772490315204106e-07
Samples,540,BK,7.965156472117695e-08
Samples,541,BK,0.0003203946511134566
Samples,542,BK,1.253067213058001e-07
Samples,543,BK,1.4299336283362376e-07
Samples,544,BK,4.934946744221131e-06
Samples,545,BK,5.3708032659858555e-06
Samples,546,BK,5.185316092052781e-06
Samples,547,BK,3.2462890884594704e-06
Samples,548,BK,5.713444453266731e-06
Samples,549,BK,3.17837563650723e-06
Samples,550,BK,5.4492596895285165e-05
Samples,551,BK,1.6441281430133395e-06
Samples,552,BK,5.951684785726654e-06
Samples,553,BK,5.16293909845136e-06
Samples,554,BK,6.036952166168809e-06
Samples,555,BK,4.592547821114847e-06
Samples,556,BK,1.3423351805081602e-06
Samples,557,BK,1.1978817890257512e-05
Samples,558,BK,5.065314205055703e-06
Samples,559,BK,0.0057175977506855455
Samples,560,BK,0.008303495940545556
Samples,561,BK,0.005121642636939464
Samples,562,BK,4.851198742141987e-06
Samples,563,BK,0.009719698833084147
Samples,564,BK,0.009584019571025183
Samples,565,BK,0.008656733110593687
Samples,566,BK,0.0337288056533185
Samples,567,BK,0.0009147247684728816
Samples,568,BK,0.028615197132496436
Samples,569,BK,0.0015277487780138467
Samples,570,BK,4.9999102544323e-06
Samples,571,BK,0.007066070863983065
Samples,572,BK,0.019743471118771016
Samples,573,BK,0.012285989220763642
Samples,574,BK,0.020978973095899828
Samples,575,BK,0.0009789492063526405
Samples,576,BK,3.0038447999908493e-06
Samples,577,BK,1.641299194342126e-06
Samples,578,BK,3.1858846973235002e-06
Samples,579,BK,2.392655652376244e-06
Samples,580,BK,2.906064101779341e-06
Samples,581,BK,1.9437430323075737e-06
Samples,582,BK,6.43104591532693e-06
Samples,583,BK,3.362897740888248e-05
Samples,584,BK,3.0205272663944647e-06
Samples,585,BK,0.00906909581539622
Samples,586,BK,4.8337070578076e-06
Samples,587,BK,0.04313123665525731
Samples,588,BK,0.008680488180524705
Samples,589,BK,0.05158974440690482
Samples,590,BK,0.050934522840335644
Samples,591,BK,0.020630400034735267
Samples,592,BK,0.04548044158979523
Samples,593,BK,0.03109045025924718
Samples,594,BK,3.106983814100278e-05
Samples,595,BK,0.04480322460015889
Samples,596,BK,0.008321970178158992
Samples,597,BK,0.0054383250732614845
Samples,598,BK,4.984258543297997e-06
Samples,599,BK,0.0011127074465358336
Samples,600,BK,0.00012288617911074599
Samples,601,BK,1.4240842732291363e-07
Samples,602,BK,1.4364650641399487e-07
Samples,603,BK,8.471113059883744e-08
Samples,604,BK,1.2246180180221884e-07
Samples,605,BK,6.331235302323789e-07
Samples,606,BK,1.3312305986107386e-07
Samples,607,BK,4.0729043679423825e-06
Samples,608,BK,1.353739045078605e-07
Samples,609,BK,1.3893359880005972e-07
Samples,610,BK,4.062727688380624e-07
Samples,611,BK,6.134356968910969e-05
Samples,612,BK,8.634092956610363e-07
Samples,613,BK,1.4178944829681497e-07
Samples,614,BK,3.580984352822415e-05
Samples,615,BK,1.3663921771224333e-07
Samples,616,BK,4.713054785051663e-06
Samples,617,BK,4.04154823500587e-07
Samples,618,BK,1.323540313072971e-07
Samples,619,BK,1.0349990420898767e-06
Samples,620,BK,1.2392122284870443e-05
Samples,621,BK,9.073833194129109e-10
Samples,622,BK,9.572347324377555e-09
Samples,623,BK,4.5565492619707975e-08
Samples,624,BK,1.1246846890675305e-05
Samples,625,BK,2.861358460757266e-07
Samples,626,BK,1.3620822864549493e-07
Samples,627,BK,2.931857838593784e-07
Samples,628,BK,4.0571324562081055e-06
Samples,629,BK,4.3621367941845605e-07
Samples,630,BK,1.1687855528017426e-06
Samples,631,BK,0.00036001768143349277
Samples,632,BK,6.521535677435536e-06
Samples,633,BK,5.858256930401649e-06
Samples,634,BK,5.827160716210129e-05
Samples,635,BK,1.241623681327786e-07
Samples,636,BK,2.977069187732852e-07
Samples,637,BK,4.0704347610560175e-07
Samples,638,BK,0.0004304861104302691
Samples,639,BK,0.0042872938482898535
Samples,640,BK,0.004833860718825961
Samples,641,BK,0.004288123009362871
Samples,642,BK,0.000146633306666662
Samples,643,BK,0.0023883114211854534
Samples,645,BK,0.005550591408664234
Samples,646,BK,0.0016239448385690308
Samples,647,BK,0.002178361378090122
Samples,648,BK,2.905133380765538e-07
Samples,649,BK,0.0001541363893699186
Samples,650,BK,6.283132172453095e-05
Samples,651,BK,0.0002685414670368778
Samples,652,BK,0.0001118482948737411
Samples,653,BK,-1.8438439122414785e-07
Samples,654,BK,1.7830869099377972e-05
Samples,655,BK,9.8306443996832e-05
Samples,656,BK,3.755841442016908e-06
Samples,657,BK,4.5424066921478835e-06
Samples,658,BK,1.1520227531552322e-05
Samples,659,BK,8.023787241001417e-05
Samples,660,BK,7.330840893569891e-05
Samples,661,BK,2.381792951348803e-05
Samples,662,BK,1.1970459746596317e-07
Samples,663,BK,0.00032082074323876473
Samples,664,BK,1.1695372718300261e-07
Samples,665,BK,8.736122437065058e-05
Samples,666,BK,1.1997658802303409e-07
Samples,667,BK,4.5859502914649645e-05
Samples,668,BK,0.00010631006749684942
Samples,669,BK,0.00887521646389894
Samples,670,BK,4.656903912066124e-06
Samples,671,BK,0.009040837410312284
Samples,672,BK,0.028619204087873423
Samples,673,BK,3.5215741924198673e-06
Samples,674,BK,3.6166209975760977e-06
Samples,675,BK,4.823847059462986e-06
Samples,676,BK,0.009354361009569193
Samples,677,BK,0.03506745078436717
Samples,678,BK,0.008951624559315636
Samples,679,BK,4.792112212815738e-06
Samples,680,BK,4.703996507994431e-06
Samples,681,BK,4.690878252340722e-06
Samples,682,BK,1.5926298882503545e-07
Samples,683,BK,1.920466310994746e-07
Samples,684,BK,0.0010191460231219961
Samples,685,BK,0.0006367310701614526
Samples,686,BK,0.000785836767018336
Samples,687,BK,1.219011918322094e-05
Samples,688,BK,0.003757473326496537
Samples,689,BK,1.6604982882112564e-07
Samples,690,BK,0.002949246138253189
Samples,691,BK,0.0007607875981098005
Samples,692,BK,2.771491621385752e-07
Samples,693,BK,0.0055187762665520335
Samples,694,BK,1.6274578179761577e-07
Samples,695,BK,4.998866054073493e-07
Samples,696,BK,1.745647448639386e-06
Samples,697,BK,5.027157306985246e-06
Samples,698,BK,6.1959941496668965e-06
Samples,699,BK,3.141826174132366e-05
Samples,700,BK,6.1311094407469145e-06
Samples,701,BK,6.273156249718494e-06
Samples,702,BK,4.866807228595197e-06
Samples,703,BK,1.2485228620382e-05
Samples,704,BK,0.005182733576599195
Samples,705,BK,1.9844605033569428e-08
Samples,706,BK,0.02046886335944398
Samples,707,BK,8.73573599755481e-08
Samples,708,BK,0.00748568925602618
Samples,709,BK,0.046553917622609464
Samples,710,BK,0.008311890723816693
Samples,711,BK,0.0007544998811243157
Samples,712,BK,0.0002415595323655113
Samples,713,BK,0.011083798987034477
Samples,714,BK,0.07390086137965529
Samples,715,BK,0.01845953350212107
Samples,716,BK,0.033445344861753774
Samples,717,BK,0.08082166095232107
Samples,718,BK,0.006390043904502528
Samples,719,BK,0.009478410841297394
Samples,720,BK,0.002126293803613096
Samples,721,BK,0.009598243895528815
Samples,722,BK,0.046445138469582446
Samples,723,BK,0.008886410515768047
Samples,724,BK,0.00869713973563964
Samples,725,BK,0.004286010492272668
Samples,726,BK,0.009400177927434587
Samples,727,BK,0.00934738707071046
Samples,728,BK,0.006259883226607872
Samples,729,BK,0.0015685972945609502
Samples,730,BK,0.0023230162363490274
Samples,731,BK,0.002863131414908577
Samples,732,BK,0.015179422158904164
Samples,733,BK,0.01860040624436826
Samples,734,BK,0.004014948618464953
Samples,735,BK,2.728325278670642e-07
Samples,736,BK,0.042849734543288054
Samples,737,BK,-4.94649807256959e-09
Samples,738,BK,0.012869830016374378
Samples,739,BK,0.005972977868544989
Samples,740,BK,1.414980397213613e-06
Samples,741,BK,1.434887327188591e-07
Samples,742,BK,0.0005544292014161031
Samples,743,BK,7.27272975984896e-08
Samples,744,BK,0.00015243433550486584
Samples,745,BK,0.0031137671207216986
Samples,746,BK,3.4789561908839104e-07
Samples,747,BK,0.00023066255041400224
Samples,748,BK,0.003013663762836365
Samples,749,BK,0.0007994400291792794
Samples,750,BK,0.00041519837020637904
Samples,751,BK,0.01054977673561062
Samples,752,BK,0.004808075546476336
Samples,753,BK,0.005931752448106947
Samples,754,BK,0.001165330599041132
Samples,755,BK,0.00011042786618059851
Samples,756,BK,5.170275482589333e-05
Samples,757,BK,0.00010820727957168502
Samples,758,BK,7.934936072111319e-05
Samples,759,BK,5.32868700557621e-05
Samples,760,BK,0.00012173256394407198
Samples,761,BK,1.6856730368110232e-05
Samples,762,BK,7.772530032830039e-05
Samples,763,BK,1.2019521792008877e-05
Samples,764,BK,0.0001994998574066552
Samples,765,BK,2.2357881601528434e-06
Samples,766,BK,0.07426815930630125
Samples,767,BK,0.010027444383671874
Samples,768,BK,0.07518364052694214
Samples,769,BK,0.07728564835216836
Samples,770,BK,0.07557892219196984
Samples,771,BK,0.010145286497175552
Samples,772,BK,0.07831923703138025
Samples,773,BK,5.457758523469603e-06
Samples,774,BK,4.7496455579139505e-05
Samples,775,BK,2.7620067640475033e-06
Samples,776,BK,8.383893753770592e-05
Samples,777,BK,1.5989958596379136e-06
Samples,778,BK,3.6242253824795264e-06
Samples,779,BK,8.71538899942679e-07
Samples,780,BK,0.00010711450820940188
Samples,781,BK,9.123973008538552e-06
Samples,782,BK,0.00013418288385601553
Samples,783,BK,1.360419457541283e-05
Samples,784,BK,6.568428566116777e-05
Samples,785,BK,9.017817816473263e-05
Samples,786,BK,4.989183590874353e-06
Samples,787,BK,7.975656554123596e-06
Samples,788,BK,5.317837911431878e-06
Samples,789,BK,1.8098181614665498e-05
Samples,790,BK,1.7934242279450396e-05
Samples,791,BK,0.00011876098737287733
Samples,792,BK,4.02866752276546e-06
Samples,793,BK,4.355375224922748e-05
Samples,794,BK,1.167001940060068e-05
Samples,795,BK,7.181529266480853e-05
Samples,796,BK,0.00011927128742883066
Samples,797,BK,5.191824209345695e-06
Samples,798,BK,0.00011996617512852748
Samples,799,BK,4.672193547821326e-06
Samples,800,BK,2.8985083849002205e-07
Samples,801,BK,7.624925031437139e-06
Samples,802,BK,7.5308469120444615e-06
Samples,803,BK,4.917756489801411e-06
Samples,804,BK,8.073882200203213e-06
Samples,805,BK,0.006310503951570456
Samples,806,BK,1.3389049453693943e-06
Samples,807,BK,2.706908631774226e-06
Samples,808,BK,0.0019964531037752835
Samples,809,BK,1.4365259935025786e-06
Samples,810,BK,4.745552870474556e-06
Samples,811,BK,1.5283905842698209e-06
Samples,812,BK,0.010237498694347494
Samples,813,BK,0.003182549458175022
Samples,814,BK,4.8847751330254615e-06
Samples,815,BK,1.7211117951991972e-06
Samples,816,BK,9.980296343970435e-07
Samples,817,BK,1.6614680613432099e-06
Samples,818,BK,3.958353864398535e-06
Samples,819,BK,3.7410620285945087e-06
Samples,820,BK,1.4750576581924279e-08
Samples,821,BK,0.0015274008783126409
Samples,822,BK,5.097644127732859e-06
Samples,823,BK,5.209815444738527e-06
Samples,824,BK,1.6738516824623342e-07
Samples,825,BK,1.660209312390475e-07
Samples,826,BK,1.9893913574479833e-06
Samples,827,BK,1.4569131427176273e-06
Samples,828,BK,1.0236310326327677e-06
Samples,829,BK,8.07481593504079e-07
Samples,830,BK,1.4749535511002366e-06
Samples,831,BK,1.7077820566010611e-07
Samples,832,BK,0.0008249002481370338
Samples,833,BK,0.0007907223075201351
Samples,834,BK,5.0183930291815955e-06
Samples,835,BK,0.008933847803588604
Samples,836,BK,0.1202145940648702
Samples,837,BK,0.4064452067121109
Samples,838,BK,0.1100723588124242
Samples,839,BK,0.052584769737631216
Samples,840,BK,0.05021594113052929
Samples,841,BK,0.00902458734831626
Samples,842,BK,0.009675139204794656
Samples,843,BK,0.10011586475688161
Samples,844,BK,0.04750429319267649
Samples,845,BK,0.3272352684742324
Samples,846,BK,0.04809271134214613
Samples,847,BK,0.3802049199785246
Samples,848,BK,0.37096551320282817
Samples,849,BK,3.415365985904961e-06
Samples,850,BK,5.016871002074312e-06
Samples,851,BK,1.694704770669524e-07
Samples,852,BK,2.928263569638509e-07
Samples,853,BK,9.520983226116469e-05
Samples,854,BK,1.7744017223557415e-07
Samples,855,BK,4.028719805054827e-07
Samples,856,BK,1.0822018197800587e-05
Samples,857,BK,8.382175744001014e-06
Samples,858,BK,3.672813289294156e-06
Samples,859,BK,4.159048746475729e-06
Samples,860,BK,1.4562760397209485e-07
Samples,861,BK,2.1359405031024776e-07
Samples,862,BK,3.7398023165911156e-06
Samples,863,BK,1.6006921490614355e-07
Samples,864,BK,2.9431224973267873e-07
Samples,865,BK,9.099638833686965e-07
Samples,866,BK,2.0237942677940385e-07
Samples,867,BK,7.229492522149879e-08
Samples,868,BK,1.1798176842087202e-07
Samples,869,BK,2.0350820474803899e-07
Samples,870,BK,2.3339885534617027e-06
Samples,871,BK,2.4077653302634816e-07
Samples,872,BK,1.3518163221684495e-07
Samples,873,BK,1.708196844852938e-07
Samples,874,BK,1.4703534058896872e-06
Samples,875,BK,4.125778518539864e-07
Samples,876,BK,5.271905406415474e-07
Samples,877,BK,0.0006061783960240031
Samples,878,BK,1.513242466105458e-07
Samples,879,BK,8.512355257789202e-06
Samples,880,BK,1.454901271110968e-06
Samples,881,BK,1.3604765304813165e-07
Samples,882,BK,1.4258537210421494e-07
Samples,883,BK,1.5922765243055234e-07
Samples,884,BK,1.3845489302588002e-07
Samples,885,BK,1.235180593867562e-07
Samples,886,BK,0.00014873609724823744
Samples,887,BK,1.7736788567739073e-07
Samples,888,BK,2.106966358515457e-07
Samples,889,BK,1.8312782030069113e-05
Samples,890,BK,0.01013873581938082
Samples,891,BK,0.010050767904332994
Samples,892,BK,0.010398073474603576
Samples,893,BK,0.010633303700862039
Samples,894,BK,0.0008295559910694615
Samples,895,BK,0.0008068339058448213
Samples,896,BK,5.090704567141335e-06
Samples,897,BK,0.0013204853421314013
Samples,898,BK,5.176685124512869e-06
Samples,899,BK,0.0005280572895456309
Samples,900,BK,0.0020421508868518003
Samples,901,BK,0.8971113612692306
Samples,902,BK,5.22247722678366e-06
Samples,903,BK,5.036915443253969e-06
Samples,904,BK,0.009839311162567272
Samples,905,BK,6.0794273437787584e-05
Samples,906,BK,0.0004628497991239285
Samples,907,BK,0.0018994981469114137
Samples,908,BK,0.0018489937650483263
Samples,909,BK,0.0007756608930119468
Samples,910,BK,5.9556517930513124e-05
Samples,911,BK,2.554930839995148e-06
Samples,912,BK,3.831570253406377e-06
Samples,913,BK,9.279228293782859e-05
Samples,914,BK,3.067562760923932e-06
Samples,915,BK,0.4645296514468396
Samples,916,BK,0.3383700180244215
Samples,917,BK,6.866119877153233e-06
Samples,918,BK,5.0364722027861784e-06
Samples,919,BK,5.082166361188559e-06
Samples,920,BK,4.892191135667859e-06
Samples,921,BK,2.469092347933766e-06
Samples,922,BK,6.51562770895317e-06
Samples,923,BK,8.403829660553626e-06
Samples,924,BK,1.0496945350558908e-05
Samples,925,BK,1.5741496253139786e-06
Samples,926,BK,1.63706276694327e-05
Samples,927,BK,2.9183019211755035e-05
Samples,928,BK,8.81160992884021e-05
Samples,929,BK,7.845985827879435e-06
Samples,930,BK,0.012549309640830284
Samples,931,BK,0.00042141456488135637
Samples,932,BK,1.2293778547022984e-05
Samples,933,BK,-6.15561683679868e-07
Samples,934,BK,0.00017894225881601302
Samples,935,BK,0.00016748943523365572
Samples,936,BK,0.000568743437044539
Samples,937,BK,0.0032122668503686887
Samples,938,BK,0.0024090978419271285
Samples,939,BK,4.6580089018416436e-05
Samples,940,BK,1.7466152777775943e-05
Samples,941,BK,-4.752333330745902e-07
Samples,942,BK,0.031130742191902018
Samples,943,BK,0.00015421248101278912
Samples,944,BK,0.0013883408997316703
Samples,945,BK,5.330647494812261e-06
Samples,946,BK,5.261484225675538e-06
Samples,947,BK,5.1661917156234394e-06
Samples,948,BK,5.22059509549304e-06
Samples,949,BK,5.25297301847542e-06
Samples,950,BK,1.4975570162441498e-05
Samples,951,BK,2.3293721592566417e-06
Samples,952,BK,1.0815951825253962e-05
Samples,953,BK,1.4709564203153392e-05
Samples,954,BK,6.776454395696569e-05
Samples,955,BK,3.415198094745292e-05
Samples,956,BK,0.0004338884144422694
Samples,959,BK,1.3635014331296921e-07
Samples,960,BK,0.008909219205099767
Samples,961,BK,8.527255762855052e-05
Samples,962,BK,0.00036658122721551967
Samples,963,BK,0.006696773338600973
Samples,964,BK,0.0006227286693069347
Samples,965,BK,0.0006233906822307704
Samples,966,BK,7.406250408053068e-05
Samples,967,BK,0.0012888832442476544
Samples,969,BK,0.011062678622851525
Samples,970,BK,0.0023475854616283125
Samples,971,BK,0.0002981585797196795
Samples,973,BK,0.0026266264443791584
Samples,974,BK,0.005755909448494423
Samples,975,BK,0.0018701894043983988
Samples,976,BK,0.0008811370942174714
Samples,977,BK,0.0027857882533482235
Samples,978,BK,0.0044805848777202196
Samples,979,BK,0.004812936023189842
Samples,982,BK,6.169216843080906e-05
Samples,983,BK,0.0007413024376630691
Samples,985,BK,0.0003626255972913955
Samples,987,BK,0.00044518947639087415
Samples,988,BK,0.005686160842588024
Samples,989,BK,0.00044659441492923645
Samples,990,BK,0.005668759170872078
Samples,991,BK,0.00017814725485147773
Samples,992,BK,0.00018904564261012247
Samples,993,BK,0.00017740690373165482
Samples,994,BK,0.0014976557837800355
Samples,995,BK,0.00042007924037329745
Samples,996,BK,0.00018937113229767496
Samples,997,BK,0.00022529268911491385
Samples,998,BK,0.0001167080421000352
Samples,999,BK,0.0002062763678777342
Samples,1000,BK,9.741814632073653e-06
Samples,1001,BK,1.4354954204871954e-05
Samples,1002,BK,0.002107374876436485
Samples,1003,BK,0.004552954592053886
Samples,1004,BK,0.006366179914596835
Samples,1005,BK,0.0036352421687284734
Samples,1006,BK,0.0025378408392385168
Samples,1007,BK,0.005870314087018806
Samples,1008,BK,0.0031818383627071115
Samples,1009,BK,0.005811913617082909
Samples,1010,BK,-6.569865294139572e-08
Samples,1011,BK,-3.226393541304679e-07
Samples,1012,BK,0.00010202715278723578
Samples,1013,BK,0.0016471424628574853
Samples,1014,BK,5.9509141820223465e-06
Samples,1015,BK,0.047724819256267835
Samples,1016,BK,0.059836827857241544
Samples,1017,BK,0.04815753147103856
Samples,1018,BK,0.06090172005671091
Samples,1019,BK,9.779287144289728e-05
Samples,1020,BK,6.295152146651634e-05
Samples,1021,BK,0.00010625195700562561
Samples,1022,BK,0.00024089193921660184
Samples,1023,BK,0.00011973415792987823
Samples,1024,BK,0.00011640267988697116
Samples,1025,BK,0.009549652423114967
Samples,4,BL,1.7382996034090151e-06
Samples,5,BL,3.120697456677536e-06
Samples,6,BL,2.6935142973539925e-07
Samples,7,BL,2.0310841522052997e-07
Samples,8,BL,4.4779387222034455e-08
Samples,9,BL,2.697535556349414e-07
Samples,10,BL,1.1128088541476594e-07
Samples,11,BL,1.1398332482522961e-07
Samples,12,BL,0.00012268971895407855
Samples,17,BL,2.317927483345186e-05
Samples,19,BL,1.9658519901284578e-05
Samples,20,BL,5.338321121669363e-06
Samples,21,BL,3.3105161439880666e-06
Samples,26,BL,1.1904233994939643e-06
Samples,28,BL,1.043965776002649e-06
Samples,29,BL,1.6427272904404513e-06
Samples,30,BL,-5.778819121869175e-09
Samples,32,BL,4.572030215524622e-06
Samples,34,BL,8.950553390436974e-07
Samples,35,BL,3.033719072190998e-06
Samples,37,BL,2.0186705907114523e-06
Samples,39,BL,1.2326969516181339e-06
Samples,41,BL,1.683905533140429e-05
Samples,42,BL,1.587002016624994e-05
Samples,44,BL,9.24165863895477e-06
Samples,55,BL,1.680068060821801e-06
Samples,56,BL,7.705291906037247e-07
Samples,58,BL,2.5275023991804276e-06
Samples,59,BL,2.522647328937112e-07
Samples,60,BL,2.4273065911214737e-08
Samples,61,BL,1.3984012426797623e-08
Samples,62,BL,6.689883681243681e-08
Samples,63,BL,3.0825178224144906e-08
Samples,64,BL,1.513929230882727e-08
Samples,65,BL,4.878966614186461e-08
Samples,66,BL,4.5658225152069056e-08
Samples,67,BL,4.0558560827971e-08
Samples,68,BL,3.654683806005279e-08
Samples,69,BL,1.0220635713543842e-08
Samples,70,BL,6.387061392198579e-09
Samples,71,BL,4.747929338603925e-06
Samples,72,BL,2.648436975047937e-08
Samples,73,BL,7.845618523031075e-06
Samples,74,BL,1.1237939588809401e-06
Samples,75,BL,1.3785706299773148e-06
Samples,76,BL,3.614197673824254e-09
Samples,77,BL,8.718952629736051e-06
Samples,78,BL,1.085503982998287e-08
Samples,79,BL,4.988746645426506e-08
Samples,80,BL,6.944568819646607e-09
Samples,81,BL,6.426257782026855e-06
Samples,82,BL,8.198997185705462e-06
Samples,83,BL,1.6754416188319412e-07
Samples,84,BL,8.47128395670118e-06
Samples,85,BL,2.9046934560665834e-06
Samples,86,BL,2.0016038777500744e-06
Samples,87,BL,2.3028004201349815e-06
Samples,88,BL,1.7850499145705115e-06
Samples,89,BL,6.000912690136787e-05
Samples,91,BL,4.240568460115777e-06
Samples,93,BL,1.5718813399958423e-06
Samples,94,BL,2.935319926512014e-06
Samples,95,BL,1.2229293634309622e-06
Samples,96,BL,1.357352029729173e-06
Samples,98,BL,5.762336158300539e-06
Samples,100,BL,2.3066122701194163e-06
Samples,101,BL,3.9794899844169865e-06
Samples,102,BL,1.210005187736976e-05
Samples,103,BL,5.4872809458979275e-05
Samples,106,BL,7.769678175409206e-06
Samples,107,BL,1.2120962944695077e-06
Samples,109,BL,8.573036246625643e-06
Samples,113,BL,3.0082761368856146e-08
Samples,115,BL,7.851800182185852e-06
Samples,118,BL,3.2124150955661957e-08
Samples,119,BL,5.3387663932320445e-09
Samples,120,BL,1.4018166728981871e-08
Samples,121,BL,7.832271347892627e-06
Samples,122,BL,1.2116024528526305e-08
Samples,123,BL,3.0225758374541147e-06
Samples,124,BL,7.057747131555609e-08
Samples,125,BL,3.7316713339095566e-08
Samples,126,BL,-2.3369420769920094e-08
Samples,127,BL,8.03500582547713e-06
Samples,128,BL,8.159641294825738e-06
Samples,129,BL,8.206697529355357e-06
Samples,130,BL,7.957892807655485e-06
Samples,131,BL,-2.451860453671503e-10
Samples,132,BL,2.1181417718825826e-07
Samples,133,BL,2.3493426762340743e-07
Samples,134,BL,2.1297926848662608e-07
Samples,136,BL,7.862904017822407e-08
Samples,137,BL,1.5797988627137924e-07
Samples,138,BL,3.754652621466594e-07
Samples,139,BL,3.5164539989863466e-07
Samples,140,BL,3.318210208655062e-07
Samples,141,BL,3.184334042061764e-07
Samples,142,BL,3.5245694062172556e-07
Samples,143,BL,9.955895187229498e-08
Samples,144,BL,3.1417465234939527e-07
Samples,145,BL,1.389000613625415e-07
Samples,146,BL,4.4506264144017723e-07
Samples,147,BL,5.5144028730850106e-08
Samples,148,BL,3.3758270041673e-07
Samples,149,BL,4.7643810319547155e-08
Samples,150,BL,2.7633995250510606e-07
Samples,151,BL,1.3791003008685386e-07
Samples,152,BL,7.972763227201133e-07
Samples,153,BL,2.703718424201611e-07
Samples,154,BL,3.1299617271536405e-07
Samples,155,BL,2.4653842786793014e-07
Samples,156,BL,4.7804628718291627e-05
Samples,158,BL,1.1567951729154595e-09
Samples,159,BL,3.0902313628401768e-06
Samples,160,BL,1.0019244184476897e-06
Samples,161,BL,6.44203683991615e-07
Samples,164,BL,4.970040623451766e-07
Samples,165,BL,7.683964791840038e-06
Samples,166,BL,1.8823358876494007e-06
Samples,167,BL,1.1284254903466738e-05
Samples,169,BL,4.9972734464936076e-05
Samples,171,BL,1.1680594125776325e-06
Samples,172,BL,1.0761291798314014e-05
Samples,174,BL,1.4677046017486917e-07
Samples,175,BL,3.9141481287885044e-07
Samples,176,BL,2.8335124275827455e-07
Samples,177,BL,2.884792784148555e-08
Samples,178,BL,1.2269354645294882e-07
Samples,179,BL,4.1220625859519564e-07
Samples,181,BL,1.5277788858765694e-07
Samples,182,BL,1.5671236141546195e-07
Samples,183,BL,5.8743173049934e-08
Samples,184,BL,1.8351195944170867e-07
Samples,185,BL,2.2131462665494018e-07
Samples,186,BL,2.2569694302862724e-07
Samples,187,BL,3.4321597173115616e-07
Samples,188,BL,2.666078543606481e-07
Samples,189,BL,1.210801624259817e-07
Samples,190,BL,7.26008869220819e-08
Samples,191,BL,-5.911759855137016e-09
Samples,192,BL,3.4678223747944865e-07
Samples,193,BL,1.223083877420556e-07
Samples,194,BL,1.3438435874068714e-07
Samples,195,BL,8.278527660820338e-08
Samples,196,BL,2.2657593022781037e-07
Samples,197,BL,2.314578314012885e-08
Samples,198,BL,8.138391372495795e-08
Samples,199,BL,1.8407141860957586e-06
Samples,200,BL,2.0594512926051227e-06
Samples,201,BL,2.751871996147038e-07
Samples,202,BL,8.79793205547304e-08
Samples,203,BL,1.0282128685972016e-07
Samples,204,BL,1.1091834852023318e-07
Samples,205,BL,1.5071056028200048e-07
Samples,206,BL,3.012912355599553e-08
Samples,207,BL,1.1883351702896559e-07
Samples,208,BL,3.7643156284094756e-08
Samples,209,BL,1.672642326462758e-07
Samples,210,BL,1.0618687608473806e-07
Samples,211,BL,4.085624619340639e-08
Samples,212,BL,3.6913526212081026e-08
Samples,213,BL,1.3553035559588399e-07
Samples,214,BL,3.8095948545805726e-08
Samples,215,BL,1.1642945013532406e-07
Samples,216,BL,1.0646676387881838e-07
Samples,217,BL,4.347173203649974e-08
Samples,218,BL,2.7115871148237953e-07
Samples,219,BL,1.216385786624472e-07
Samples,220,BL,4.4129402506962594e-07
Samples,221,BL,1.9452149494992867e-07
Samples,222,BL,6.173255391833235e-08
Samples,223,BL,1.818183343217664e-08
Samples,224,BL,1.445442523096504e-07
Samples,225,BL,5.687904827616454e-09
Samples,226,BL,2.229050814015836e-08
Samples,227,BL,1.442913805521355e-07
Samples,228,BL,1.4676061701026327e-07
Samples,229,BL,3.6863453622794765e-08
Samples,230,BL,1.0239275314339323e-07
Samples,231,BL,2.394157767855e-07
Samples,232,BL,1.0574424379346847e-06
Samples,233,BL,2.3265702034404335e-07
Samples,234,BL,1.4755082503104394e-07
Samples,235,BL,8.134654104378706e-08
Samples,236,BL,1.2248331587721152e-07
Samples,237,BL,3.6056825919807494e-07
Samples,238,BL,2.1519814449324487e-07
Samples,239,BL,2.522214013172575e-07
Samples,240,BL,8.142184260352206e-08
Samples,241,BL,2.2012421369260518e-07
Samples,242,BL,2.0216394052859772e-07
Samples,243,BL,2.555796031124237e-07
Samples,244,BL,1.4883190885643218e-07
Samples,245,BL,1.453329929125599e-07
Samples,246,BL,2.7642487842294847e-08
Samples,247,BL,2.2656018532201296e-07
Samples,248,BL,8.266055442375278e-08
Samples,249,BL,1.1161659879063471e-07
Samples,250,BL,1.8915924373904436e-07
Samples,251,BL,1.3685547240309131e-07
Samples,252,BL,2.6256425254602233e-07
Samples,253,BL,1.0771666033312695e-07
Samples,254,BL,1.589787581701841e-07
Samples,255,BL,2.247115977427203e-07
Samples,256,BL,3.0136086731968423e-06
Samples,257,BL,5.742024984659933e-06
Samples,258,BL,9.597662173846593e-07
Samples,259,BL,1.1363234898312949e-06
Samples,260,BL,1.4690653286329514e-07
Samples,261,BL,1.6766381608179576e-06
Samples,262,BL,1.6279241902102355e-06
Samples,263,BL,3.0965174773197703e-06
Samples,264,BL,6.886542065014245e-07
Samples,265,BL,1.2263786006349587e-06
Samples,266,BL,4.025064942453448e-06
Samples,267,BL,2.3094965306884446e-06
Samples,268,BL,2.2660929226492907e-06
Samples,269,BL,3.3500125795732453e-06
Samples,270,BL,3.935774024514161e-06
Samples,271,BL,9.453675644568442e-07
Samples,272,BL,6.842882771369204e-06
Samples,273,BL,1.065087973627534e-06
Samples,274,BL,5.8936242787261156e-06
Samples,275,BL,5.13156317876463e-08
Samples,276,BL,3.0763106783234083e-06
Samples,277,BL,2.0822788017727316e-07
Samples,278,BL,6.966904130745353e-08
Samples,279,BL,1.2165804954502524e-07
Samples,280,BL,4.339886231696609e-06
Samples,281,BL,3.6570207298073344e-07
Samples,282,BL,5.98543273143853e-07
Samples,283,BL,3.7370042180660884e-07
Samples,284,BL,1.9595322741923825e-07
Samples,285,BL,4.621591998089226e-08
Samples,286,BL,2.500777251110924e-07
Samples,287,BL,1.309111676538371e-07
Samples,288,BL,2.682153759143102e-07
Samples,289,BL,3.987642602119645e-07
Samples,290,BL,3.2227421820185265e-07
Samples,291,BL,2.598148458630023e-08
Samples,292,BL,1.216102735804025e-06
Samples,293,BL,3.8415098727632003e-07
Samples,294,BL,2.6915541243581115e-09
Samples,295,BL,3.6356903333856253e-09
Samples,296,BL,4.27553870755034e-09
Samples,297,BL,2.2738112167969426e-07
Samples,298,BL,3.237369669416266e-07
Samples,299,BL,2.3016232558787362e-07
Samples,300,BL,8.566426287746077e-08
Samples,301,BL,9.15889068146592e-08
Samples,302,BL,3.637013041311489e-11
Samples,303,BL,4.603410690147745e-06
Samples,304,BL,7.663950597600199e-07
Samples,305,BL,3.434010431180445e-07
Samples,306,BL,1.7110611463756806e-06
Samples,307,BL,2.6078401702058113e-06
Samples,308,BL,1.8503035055508839e-07
Samples,311,BL,6.754475348555559e-07
Samples,319,BL,8.751595207884598e-07
Samples,320,BL,5.960562580510276e-07
Samples,323,BL,1.940013091004639e-06
Samples,324,BL,3.3472961922517605e-06
Samples,325,BL,1.1664505027258882e-06
Samples,326,BL,1.3185868827337722e-06
Samples,327,BL,1.7339467400953778e-06
Samples,328,BL,5.181878752341302e-07
Samples,329,BL,8.297979005292547e-07
Samples,330,BL,1.3524865431748153e-06
Samples,331,BL,8.169315027362636e-07
Samples,332,BL,1.132855901327496e-05
Samples,333,BL,1.1039348480288636e-06
Samples,334,BL,8.689666139271547e-07
Samples,335,BL,1.2784463478753874e-06
Samples,336,BL,1.386828416011801e-06
Samples,337,BL,1.2470446990395963e-09
Samples,338,BL,3.0936916496234355e-09
Samples,339,BL,7.572742489290708e-10
Samples,340,BL,1.7978613591214307e-08
Samples,341,BL,6.760801988225009e-10
Samples,342,BL,4.075128280228024e-09
Samples,343,BL,6.117397934651006e-09
Samples,344,BL,2.4132746744691735e-09
Samples,345,BL,5.452792446993336e-11
Samples,346,BL,3.1224903767886804e-06
Samples,347,BL,3.857872880008266e-09
Samples,348,BL,2.2285079795483027e-07
Samples,349,BL,4.323587557360521e-09
Samples,350,BL,2.05063777738821e-08
Samples,351,BL,2.1576279892517685e-09
Samples,352,BL,1.0010252657164976e-07
Samples,353,BL,4.083261833397599e-08
Samples,354,BL,7.557840805573724e-09
Samples,355,BL,1.2261972538124172e-09
Samples,356,BL,4.782434062982246e-07
Samples,357,BL,7.45543717000469e-07
Samples,358,BL,4.623493383592009e-08
Samples,359,BL,9.777626051792487e-08
Samples,361,BL,1.2826398073011127e-09
Samples,362,BL,5.020569505717489e-09
Samples,363,BL,1.7185537922229275e-09
Samples,364,BL,6.126270464302968e-09
Samples,365,BL,5.608289239621836e-10
Samples,367,BL,8.436444253147343e-08
Samples,368,BL,1.8147419743096315e-08
Samples,370,BL,2.0000986709904562e-07
Samples,374,BL,7.3990663846638045e-06
Samples,375,BL,1.0370363786545325e-05
Samples,376,BL,9.013603556300153e-06
Samples,377,BL,3.128005012349425e-06
Samples,378,BL,3.35825329515858e-06
Samples,379,BL,3.710143843905312e-06
Samples,380,BL,2.086694923850694e-06
Samples,381,BL,1.0248516667071029e-05
Samples,382,BL,8.65226477292451e-06
Samples,383,BL,1.2038230965195595e-05
Samples,384,BL,2.4747373568916866e-06
Samples,385,BL,2.1125200347430706e-07
Samples,386,BL,1.3519289071788198e-08
Samples,387,BL,3.555795990297438e-08
Samples,388,BL,7.143675636465849e-09
Samples,389,BL,9.187475038535945e-09
Samples,390,BL,8.132149607808399e-09
Samples,391,BL,6.742333472293701e-09
Samples,392,BL,1.9556367078589303e-08
Samples,393,BL,1.8766004759868772e-08
Samples,394,BL,2.559648312665355e-08
Samples,395,BL,1.68655049858725e-07
Samples,396,BL,1.5565460273901188e-07
Samples,397,BL,2.5079430365875965e-08
Samples,398,BL,5.036417923175759e-08
Samples,399,BL,3.1334235998409824e-07
Samples,400,BL,1.0729213648571845e-05
Samples,401,BL,1.0426202818056276e-05
Samples,402,BL,1.0756895755327948e-05
Samples,403,BL,1.758845040618821e-08
Samples,404,BL,3.043860736774627e-09
Samples,405,BL,3.3407944588537978e-09
Samples,406,BL,3.3728477172951564e-09
Samples,407,BL,3.810456752824832e-09
Samples,408,BL,4.137053174080371e-09
Samples,409,BL,1.3552169777917448e-08
Samples,410,BL,1.014142174973506e-05
Samples,411,BL,1.3735844889951533e-09
Samples,412,BL,2.1162461251986514e-08
Samples,413,BL,-3.546881550575985e-10
Samples,414,BL,3.832843412238969e-08
Samples,415,BL,9.985534231012969e-07
Samples,416,BL,8.343321821713461e-06
Samples,417,BL,2.6720441890597947e-06
Samples,418,BL,7.544616520367886e-08
Samples,419,BL,5.7177971799126284e-08
Samples,420,BL,2.4036548833457093e-10
Samples,421,BL,1.3354082255505128e-09
Samples,422,BL,3.7316557127468856e-10
Samples,423,BL,8.245357207480897e-10
Samples,424,BL,5.719426037340015e-10
Samples,425,BL,6.8427813040542e-10
Samples,426,BL,6.432252486374249e-08
Samples,427,BL,3.298189055087011e-09
Samples,428,BL,1.2252717475870843e-06
Samples,429,BL,3.5047307418052307e-07
Samples,430,BL,3.069950034383697e-07
Samples,431,BL,2.2383004211019476e-07
Samples,432,BL,1.6306115706075703e-07
Samples,433,BL,1.7701585073535998e-07
Samples,434,BL,1.7685101189285337e-07
Samples,435,BL,1.9065071341237439e-07
Samples,436,BL,3.50652985598356e-07
Samples,437,BL,1.7243183263804532e-07
Samples,438,BL,1.206075336648703e-07
Samples,439,BL,2.0302646640963554e-07
Samples,440,BL,1.6753662243346043e-07
Samples,441,BL,2.091104129024441e-07
Samples,442,BL,1.9791207020621538e-07
Samples,443,BL,3.8663756098736134e-07
Samples,444,BL,1.2340103248364532e-07
Samples,445,BL,2.4767153222610014e-07
Samples,446,BL,5.999126707353453e-08
Samples,447,BL,1.593654122486359e-07
Samples,448,BL,1.2159514591536732e-07
Samples,449,BL,3.6184919042753395e-07
Samples,450,BL,2.359677275617665e-07
Samples,451,BL,2.3069118410757558e-07
Samples,452,BL,2.6675572188028453e-08
Samples,453,BL,4.4395513578638983e-07
Samples,454,BL,3.6242509271146855e-08
Samples,455,BL,5.77729952379907e-08
Samples,456,BL,2.828305683425645e-07
Samples,457,BL,1.9138525700322259e-07
Samples,458,BL,2.0616159056880704e-07
Samples,459,BL,4.6287205083315006e-07
Samples,460,BL,6.966731281681197e-07
Samples,461,BL,3.381067764771009e-07
Samples,462,BL,4.5467177583622164e-07
Samples,463,BL,3.8326690835804943e-07
Samples,464,BL,3.926509910424702e-07
Samples,465,BL,5.057551256350826e-07
Samples,466,BL,5.323033300555628e-07
Samples,467,BL,4.924768582228661e-07
Samples,468,BL,3.649123913856476e-07
Samples,469,BL,1.2726674770143257e-07
Samples,470,BL,4.372990451095334e-07
Samples,471,BL,4.204887216783218e-07
Samples,472,BL,4.566326959313055e-07
Samples,473,BL,4.880405932414712e-07
Samples,474,BL,4.5324610235146484e-07
Samples,475,BL,3.6443976219825593e-07
Samples,476,BL,3.252340322481083e-08
Samples,477,BL,1.3963342336709989e-07
Samples,478,BL,2.143908400743544e-07
Samples,479,BL,1.904313555305064e-07
Samples,480,BL,2.035327070176539e-07
Samples,481,BL,3.075732995043697e-07
Samples,482,BL,4.5104874858554685e-08
Samples,483,BL,4.1975171989920544e-07
Samples,484,BL,2.105826194337579e-08
Samples,485,BL,1.4211762502613546e-07
Samples,486,BL,2.9226474394632453e-07
Samples,487,BL,1.3816876615506314e-07
Samples,488,BL,2.599873572545888e-07
Samples,489,BL,2.808792953077707e-07
Samples,490,BL,3.9088402515241676e-07
Samples,491,BL,2.4902507381727935e-07
Samples,492,BL,3.593457979043084e-07
Samples,493,BL,3.519794334047049e-07
Samples,494,BL,4.716537537231909e-08
Samples,495,BL,8.943811161915938e-08
Samples,496,BL,3.2577430011556157e-07
Samples,497,BL,4.182018792099108e-07
Samples,498,BL,2.6297563790022195e-07
Samples,499,BL,1.5411121484403726e-07
Samples,500,BL,3.9332254832753584e-07
Samples,501,BL,3.7301070087748174e-07
Samples,502,BL,5.386334912512074e-07
Samples,503,BL,5.584365613078044e-07
Samples,504,BL,3.8707496854802667e-07
Samples,505,BL,4.757874361154192e-07
Samples,506,BL,3.2987636874981685e-07
Samples,507,BL,1.5547859264624771e-06
Samples,508,BL,2.398681247097721e-06
Samples,509,BL,1.2192255082315046e-07
Samples,510,BL,1.086861452160816e-06
Samples,511,BL,4.775969472664259e-06
Samples,512,BL,2.522399055436142e-08
Samples,513,BL,4.680550957174057e-08
Samples,514,BL,2.9130085157737772e-08
Samples,515,BL,7.312346865050946e-06
Samples,516,BL,7.728026825227374e-06
Samples,517,BL,-6.1472702037332e-08
Samples,518,BL,6.207703957141839e-06
Samples,519,BL,7.0425666480564525e-06
Samples,520,BL,6.860785510842536e-06
Samples,521,BL,1.72426903783617e-06
Samples,522,BL,1.1074807689952658e-05
Samples,523,BL,6.153098787689663e-06
Samples,524,BL,1.0986319745670458e-05
Samples,525,BL,1.1093163768256621e-06
Samples,526,BL,4.759821486089377e-07
Samples,527,BL,4.147022800377144e-07
Samples,528,BL,5.549104918880848e-06
Samples,529,BL,6.83528451410302e-08
Samples,530,BL,7.44681518209672e-08
Samples,531,BL,9.316821704238928e-08
Samples,532,BL,8.130416615445386e-08
Samples,533,BL,4.8856350116710105e-08
Samples,534,BL,9.910462977947257e-06
Samples,535,BL,8.093418393718707e-06
Samples,536,BL,1.193562569015331e-07
Samples,537,BL,3.162955511604126e-07
Samples,538,BL,2.451700816577136e-07
Samples,539,BL,3.929516462490547e-07
Samples,540,BL,2.094752573404368e-07
Samples,541,BL,5.073118521309704e-08
Samples,542,BL,3.622671042419402e-07
Samples,543,BL,3.8462600939842804e-07
Samples,544,BL,1.0809178122120024e-05
Samples,545,BL,1.965769688126894e-05
Samples,546,BL,8.693660078582662e-06
Samples,547,BL,5.4532236576710656e-06
Samples,548,BL,1.0106680418095766e-05
Samples,549,BL,4.9015050727168586e-06
Samples,550,BL,1.6465103844831995e-06
Samples,551,BL,4.6607087312642625e-09
Samples,552,BL,4.287765814455526e-06
Samples,553,BL,1.0152499646746158e-05
Samples,554,BL,1.0032611879680273e-05
Samples,555,BL,5.405518175782293e-06
Samples,556,BL,1.9920089857278033e-08
Samples,557,BL,8.583640575760964e-06
Samples,558,BL,1.6735155588043874e-05
Samples,559,BL,3.893910211117236e-08
Samples,560,BL,6.601543950084155e-08
Samples,561,BL,5.334055349541765e-10
Samples,562,BL,1.2943494538545851e-05
Samples,563,BL,2.0838109189247203e-07
Samples,564,BL,2.7169401716860623e-07
Samples,565,BL,7.548924363023775e-08
Samples,566,BL,1.322148406252241e-08
Samples,567,BL,6.67322101508555e-06
Samples,568,BL,2.9639027348142486e-08
Samples,569,BL,1.2738830721255082e-08
Samples,570,BL,1.288693169037362e-05
Samples,571,BL,3.104412089275487e-08
Samples,572,BL,1.2073206082237326e-07
Samples,573,BL,3.8718354224525085e-08
Samples,574,BL,1.2091730561122059e-09
Samples,575,BL,2.825621547712987e-06
Samples,576,BL,7.208808813922954e-06
Samples,577,BL,4.4071354395629364e-06
Samples,578,BL,8.70376136274532e-06
Samples,579,BL,5.748372170073176e-06
Samples,580,BL,6.091612995579705e-06
Samples,581,BL,4.4824374746804715e-08
Samples,582,BL,5.0202791559783315e-08
Samples,583,BL,2.579992440061172e-06
Samples,584,BL,9.552346311426312e-06
Samples,585,BL,1.604798935932718e-07
Samples,586,BL,8.476504892027868e-06
Samples,587,BL,2.3064912579341374e-07
Samples,588,BL,5.157747213516158e-08
Samples,589,BL,4.0770125872900514e-07
Samples,590,BL,7.994250800923733e-07
Samples,591,BL,6.224888597752911e-06
Samples,592,BL,2.1506113605312844e-06
Samples,593,BL,1.912701599698728e-06
Samples,594,BL,1.3244481153984692e-05
Samples,595,BL,2.0129766697987394e-06
Samples,596,BL,9.008497630460605e-08
Samples,597,BL,3.8969259150225844e-06
Samples,598,BL,1.5762074159930834e-05
Samples,599,BL,1.2488172484700828e-05
Samples,600,BL,8.447869294367516e-06
Samples,601,BL,5.127082790760625e-07
Samples,602,BL,5.103917383518933e-07
Samples,603,BL,2.915025355077784e-07
Samples,604,BL,4.093208134384451e-07
Samples,605,BL,6.111771059818837e-07
Samples,606,BL,4.729329167693605e-07
Samples,607,BL,5.861393564960578e-07
Samples,608,BL,4.955357545675353e-07
Samples,609,BL,5.092831315756865e-07
Samples,610,BL,1.3243536058318265e-06
Samples,611,BL,1.0006293270128406e-06
Samples,612,BL,9.605439358685209e-07
Samples,613,BL,5.098200904751371e-07
Samples,614,BL,1.2441848808712124e-06
Samples,615,BL,4.159839851119773e-07
Samples,616,BL,5.022361047190154e-07
Samples,617,BL,8.282252901541637e-07
Samples,618,BL,3.7396780298446963e-07
Samples,619,BL,2.273992041251889e-06
Samples,620,BL,2.3448905356360346e-05
Samples,621,BL,3.5865148799879917e-07
Samples,622,BL,5.213718431409503e-08
Samples,623,BL,1.573180715829746e-07
Samples,624,BL,8.219418143900951e-07
Samples,625,BL,7.316362156460642e-07
Samples,626,BL,3.538490682682091e-07
Samples,627,BL,6.918271693423726e-07
Samples,628,BL,4.882479262629916e-07
Samples,629,BL,7.277306559646423e-07
Samples,630,BL,8.43779814924553e-07
Samples,631,BL,5.53262519671632e-07
Samples,632,BL,1.4318114366895066e-06
Samples,633,BL,4.7104340536790683e-07
Samples,634,BL,1.7734005604474794e-06
Samples,635,BL,3.620939144678213e-07
Samples,636,BL,8.517140029456862e-07
Samples,637,BL,9.048563875254086e-07
Samples,638,BL,0.0012959157918888107
Samples,639,BL,0.0001091889353570511
Samples,640,BL,8.653856163345131e-05
Samples,641,BL,0.00024067587956400375
Samples,642,BL,0.00039564792930845506
Samples,643,BL,0.00018529929337417648
Samples,645,BL,0.0002274219895674698
Samples,646,BL,3.898904170063198e-05
Samples,647,BL,0.0001279547999371973
Samples,648,BL,1.1838931342433692e-06
Samples,649,BL,4.17046093552143e-06
Samples,650,BL,0.00018144226969403943
Samples,651,BL,2.2174122177351984e-05
Samples,652,BL,0.000304062773578917
Samples,653,BL,-3.120440769980683e-07
Samples,654,BL,4.8450614964847924e-05
Samples,655,BL,9.187797685218787e-06
Samples,656,BL,5.865776766451826e-06
Samples,657,BL,6.769425603351897e-06
Samples,658,BL,1.7069459114382337e-05
Samples,659,BL,5.286687278302707e-07
Samples,660,BL,1.8685461686267573e-06
Samples,661,BL,8.028639519709024e-07
Samples,662,BL,4.0345540803085286e-07
Samples,663,BL,5.8972995143875895e-08
Samples,664,BL,3.7853386571020434e-07
Samples,665,BL,7.455844655368567e-07
Samples,666,BL,3.9985302044772205e-07
Samples,667,BL,8.69401774243548e-08
Samples,668,BL,9.370691666731289e-08
Samples,669,BL,3.232753028534687e-07
Samples,670,BL,9.528258220428547e-06
Samples,671,BL,3.456919681625577e-07
Samples,672,BL,-3.425939382701671e-07
Samples,673,BL,1.1286076248190182e-05
Samples,674,BL,1.2828138679647692e-05
Samples,675,BL,1.2312132952951344e-05
Samples,676,BL,4.715211649295368e-07
Samples,677,BL,1.6464757664503417e-07
Samples,678,BL,3.713123604903396e-07
Samples,679,BL,9.493512137980528e-06
Samples,680,BL,1.0005888802373473e-05
Samples,681,BL,1.0940921197756944e-05
Samples,682,BL,4.3353234983444523e-07
Samples,683,BL,5.093694817979771e-07
Samples,684,BL,1.293237535287025e-06
Samples,685,BL,1.6774513487320701e-07
Samples,686,BL,9.137980404172538e-07
Samples,687,BL,1.0720930821418104e-06
Samples,688,BL,1.5356718668267004e-07
Samples,689,BL,4.190483633924459e-07
Samples,690,BL,4.2886502279811176e-07
Samples,691,BL,6.665784804878603e-07
Samples,692,BL,8.424093268605747e-07
Samples,693,BL,9.839749832511302e-07
Samples,694,BL,3.6175304255469624e-07
Samples,695,BL,2.5754499797960375e-07
Samples,696,BL,2.2977361104167065e-07
Samples,697,BL,8.190680683443543e-06
Samples,698,BL,1.0419893228254425e-05
Samples,699,BL,4.899990057826378e-08
Samples,700,BL,1.0793074317530398e-05
Samples,701,BL,1.1319166679061547e-05
Samples,702,BL,9.262687046587772e-06
Samples,703,BL,1.0675625546710136e-06
Samples,704,BL,1.157167492353e-06
Samples,705,BL,1.1748233979889586e-07
Samples,706,BL,4.877340923213396e-06
Samples,707,BL,1.5979714611216337e-07
Samples,708,BL,7.099287803023798e-07
Samples,709,BL,3.5291097721663095e-06
Samples,710,BL,1.2519114893884771e-06
Samples,711,BL,3.20024801041155e-06
Samples,712,BL,1.1086846425969064e-07
Samples,713,BL,8.798046902011403e-07
Samples,714,BL,4.9656450979925786e-06
Samples,715,BL,2.5538218932349217e-06
Samples,716,BL,2.5023059959977066e-06
Samples,717,BL,6.891577655918373e-06
Samples,718,BL,3.868631669326102e-07
Samples,719,BL,4.6309637574833904e-07
Samples,720,BL,3.8977052385447537e-07
Samples,721,BL,3.717621681395255e-07
Samples,722,BL,3.840252079566746e-06
Samples,723,BL,2.963615978908561e-07
Samples,724,BL,2.8530492317169497e-07
Samples,725,BL,3.482298582799922e-07
Samples,726,BL,3.6357246419464887e-07
Samples,727,BL,3.3971954995663587e-07
Samples,728,BL,3.1455717007962717e-07
Samples,729,BL,3.7451751563990383e-07
Samples,730,BL,4.558013164367937e-07
Samples,731,BL,7.453817020185143e-07
Samples,732,BL,2.7913886484549647e-06
Samples,733,BL,8.345736394079197e-07
Samples,734,BL,8.205822249966923e-07
Samples,735,BL,8.580994707571986e-07
Samples,736,BL,1.3166246131366648e-06
Samples,737,BL,9.105121945193768e-08
Samples,738,BL,4.675703002200965e-07
Samples,739,BL,4.865238953725075e-07
Samples,740,BL,2.8469972311734747e-06
Samples,741,BL,2.7833981176477715e-07
Samples,742,BL,1.9416706638751828e-06
Samples,743,BL,1.9451246057676558e-07
Samples,744,BL,1.2399671381778105e-05
Samples,745,BL,1.7395808394291519e-06
Samples,746,BL,7.417629085647254e-07
Samples,747,BL,2.137438316868207e-07
Samples,748,BL,1.5435909316750386e-06
Samples,749,BL,2.55355118909855e-07
Samples,750,BL,4.1840030241178806e-07
Samples,751,BL,7.510954040248016e-06
Samples,752,BL,6.616080702206821e-07
Samples,753,BL,5.531487273528103e-06
Samples,754,BL,7.958303814343016e-07
Samples,755,BL,4.6982736863790614e-08
Samples,756,BL,1.9514898280556205e-08
Samples,757,BL,4.2697061308307127e-08
Samples,758,BL,6.07245203116116e-08
Samples,759,BL,4.437983815405803e-08
Samples,760,BL,2.5197826093549415e-07
Samples,761,BL,2.3505442327483816e-07
Samples,762,BL,6.963467315717839e-08
Samples,763,BL,1.8807512696690095e-06
Samples,764,BL,1.4122990640510066e-07
Samples,765,BL,2.4658806663959486e-07
Samples,766,BL,1.3032921405339493e-07
Samples,767,BL,7.248748763438553e-07
Samples,768,BL,2.0377901800158702e-07
Samples,769,BL,1.4700537653843992e-07
Samples,770,BL,1.4464717192524333e-07
Samples,771,BL,5.31041953135487e-07
Samples,772,BL,1.5176731411951943e-07
Samples,773,BL,9.998441538310905e-06
Samples,774,BL,5.2850757099934595e-08
Samples,775,BL,4.694746996254558e-06
Samples,776,BL,1.27596295529433e-06
Samples,777,BL,2.959411070681015e-07
Samples,778,BL,1.6258272038598325e-08
Samples,779,BL,1.485845051587291e-07
Samples,780,BL,6.546952670911354e-08
Samples,781,BL,3.267004913153763e-07
Samples,782,BL,6.7086531899864e-08
Samples,783,BL,2.7625647403625574e-08
Samples,784,BL,7.782680800952658e-08
Samples,785,BL,2.557147372609858e-06
Samples,786,BL,9.410159442585321e-06
Samples,787,BL,3.9508885057617987e-08
Samples,788,BL,3.3119260765136055e-08
Samples,789,BL,5.847409056324922e-07
Samples,790,BL,6.780452883961597e-08
Samples,791,BL,1.2896423185496576e-07
Samples,792,BL,3.8852061444799275e-07
Samples,793,BL,3.7137611604382826e-07
Samples,794,BL,3.9554931697360765e-07
Samples,795,BL,7.041142468525234e-08
Samples,796,BL,1.7537366318699154e-07
Samples,797,BL,9.940703723578838e-06
Samples,798,BL,1.2760181785888697e-07
Samples,799,BL,9.9567018041938e-06
Samples,800,BL,1.3945637248838064e-07
Samples,801,BL,1.554478328389973e-08
Samples,802,BL,5.230607911771016e-08
Samples,803,BL,2.6148588643643236e-08
Samples,804,BL,3.532682962109295e-08
Samples,805,BL,1.907271593093951e-06
Samples,806,BL,3.372006604790441e-08
Samples,807,BL,1.101869883625498e-07
Samples,808,BL,7.572683039659821e-07
Samples,809,BL,3.061426038827124e-08
Samples,810,BL,5.829441550415829e-08
Samples,811,BL,5.4946400167472704e-08
Samples,812,BL,5.01315065486527e-07
Samples,813,BL,1.279524149103357e-06
Samples,814,BL,9.926779048356198e-08
Samples,815,BL,4.335801783533359e-08
Samples,816,BL,2.927354639953751e-08
Samples,817,BL,5.3718677042646076e-08
Samples,818,BL,4.9389202561125755e-08
Samples,819,BL,1.153381970991993e-07
Samples,820,BL,1.0373278597903889e-08
Samples,821,BL,6.527486412094766e-07
Samples,822,BL,1.0080648015419275e-05
Samples,823,BL,9.416848906387625e-06
Samples,824,BL,3.6880058913865234e-07
Samples,825,BL,3.7520279381558303e-07
Samples,826,BL,3.1827079121265875e-08
Samples,827,BL,4.210393834563316e-07
Samples,828,BL,3.855998975193431e-07
Samples,829,BL,1.3646030145319358e-06
Samples,830,BL,8.985290874555147e-07
Samples,831,BL,4.0552433154054846e-07
Samples,832,BL,9.863573351439767e-07
Samples,833,BL,1.596309341331717e-07
Samples,834,BL,1.2052937129473212e-05
Samples,835,BL,8.413815825729354e-07
Samples,836,BL,1.3017916924705457e-05
Samples,837,BL,1.7518021834204742e-06
Samples,838,BL,1.3143794553890697e-05
Samples,839,BL,8.548245067096601e-07
Samples,840,BL,9.522054352068411e-07
Samples,841,BL,1.4867797536160604e-06
Samples,842,BL,1.025462125521501e-06
Samples,843,BL,1.3315562602014996e-05
Samples,844,BL,1.2751151162696564e-06
Samples,845,BL,3.3408740299789547e-06
Samples,846,BL,2.112400764709545e-06
Samples,847,BL,3.049048022744691e-06
Samples,848,BL,-3.9610270347404254e-07
Samples,849,BL,7.64988883241329e-08
Samples,850,BL,1.7161500931393483e-05
Samples,851,BL,7.065869091396308e-07
Samples,852,BL,7.682394938626585e-07
Samples,853,BL,5.2940811911944846e-05
Samples,854,BL,8.519092991384128e-07
Samples,855,BL,4.2145510445636117e-07
Samples,856,BL,6.083403352288887e-07
Samples,857,BL,7.508754636154509e-07
Samples,858,BL,4.736999600511455e-07
Samples,859,BL,4.083555396560863e-07
Samples,860,BL,4.028341336927782e-07
Samples,861,BL,6.389397680613989e-08
Samples,862,BL,5.131100192061538e-07
Samples,863,BL,7.763865280272472e-07
Samples,864,BL,4.511868801420953e-07
Samples,865,BL,4.3271071645466904e-07
Samples,866,BL,4.421611012665995e-07
Samples,867,BL,2.2367897319827533e-07
Samples,868,BL,1.5311452416310593e-07
Samples,869,BL,3.8197184037357375e-07
Samples,870,BL,1.987084963413234e-06
Samples,871,BL,4.336399570146498e-07
Samples,872,BL,4.688491501827412e-07
Samples,873,BL,8.247303189767071e-07
Samples,874,BL,4.0729097312381845e-07
Samples,875,BL,1.170735956232101e-07
Samples,876,BL,4.2582351472795486e-07
Samples,877,BL,5.651628837687853e-07
Samples,878,BL,6.194204009656746e-07
Samples,879,BL,6.746910386046995e-07
Samples,880,BL,3.4340206510111677e-07
Samples,881,BL,5.516361960394075e-07
Samples,882,BL,6.071747158796493e-07
Samples,883,BL,7.61956626972716e-07
Samples,884,BL,6.565057275895944e-07
Samples,885,BL,5.282289607705561e-07
Samples,886,BL,1.9240608975948483e-07
Samples,887,BL,9.752322791147038e-07
Samples,888,BL,1.1176810267945888e-06
Samples,889,BL,1.0003358685647e-06
Samples,890,BL,1.970034364827936e-07
Samples,891,BL,1.1069684762642602e-06
Samples,892,BL,1.69059997540959e-07
Samples,893,BL,2.3723084349980188e-07
Samples,894,BL,1.990725068137403e-05
Samples,895,BL,2.119683046839958e-05
Samples,896,BL,2.0814539326350707e-05
Samples,897,BL,2.6317235882737343e-05
Samples,898,BL,1.9981372237578662e-05
Samples,899,BL,2.6300566584540575e-05
Samples,900,BL,1.9820992545723616e-05
Samples,901,BL,1.896646956410692e-06
Samples,902,BL,2.003967597400903e-05
Samples,903,BL,2.0470061518457783e-05
Samples,904,BL,1.129917523992703e-06
Samples,905,BL,2.816906025002797e-05
Samples,906,BL,4.747579461971276e-05
Samples,907,BL,1.9975310926500737e-05
Samples,908,BL,1.8633618746328638e-05
Samples,909,BL,2.1795040907636372e-05
Samples,910,BL,2.6131764886419997e-05
Samples,911,BL,9.398405519795414e-06
Samples,912,BL,4.549192939201373e-07
Samples,913,BL,1.2142730896014845e-07
Samples,914,BL,1.1168008786770194e-05
Samples,915,BL,1.1214278137838773e-06
Samples,916,BL,5.990335685642933e-06
Samples,917,BL,2.2895556975218368e-05
Samples,918,BL,1.93617299628558e-05
Samples,919,BL,1.9246414741220915e-05
Samples,920,BL,1.8935783177791266e-05
Samples,921,BL,3.5320350454107794e-07
Samples,922,BL,7.874482154280669e-07
Samples,923,BL,1.422328325692771e-06
Samples,924,BL,1.9459004237934085e-05
Samples,925,BL,3.6966461614660976e-06
Samples,926,BL,3.686030402631977e-05
Samples,927,BL,0.00011407604013286957
Samples,928,BL,0.0003773268860767511
Samples,929,BL,1.9741184077436534e-05
Samples,930,BL,1.5960274334709087e-05
Samples,931,BL,2.4689460316155114e-05
Samples,932,BL,2.3408585193799834e-05
Samples,933,BL,3.44424128481108e-07
Samples,934,BL,1.4544736653224665e-05
Samples,935,BL,1.600539340329959e-06
Samples,936,BL,2.8468770366732847e-05
Samples,937,BL,1.5735063005123658e-05
Samples,938,BL,1.6469972402236736e-05
Samples,939,BL,0.00019715650024059752
Samples,940,BL,7.07321497978195e-05
Samples,941,BL,6.783452148155686e-07
Samples,942,BL,9.329490496195426e-06
Samples,943,BL,6.7138292666228225e-06
Samples,944,BL,7.242121058918133e-06
Samples,945,BL,1.7814954793971004e-05
Samples,946,BL,1.7775831818653893e-05
Samples,947,BL,1.7492651643556696e-05
Samples,948,BL,1.762405744336761e-05
Samples,949,BL,1.7782586489658396e-05
Samples,950,BL,2.8791474876900534e-05
Samples,951,BL,2.052029391344294e-06
Samples,952,BL,1.7397784426668498e-05
Samples,953,BL,2.6496957933007645e-05
Samples,954,BL,0.00025068062235334353
Samples,955,BL,0.00012852266099925
Samples,956,BL,2.321719443641935e-07
Samples,959,BL,7.10152286589511e-07
Samples,960,BL,6.894157708912672e-07
Samples,961,BL,2.87718855595558e-06
Samples,962,BL,1.772844286246216e-05
Samples,963,BL,3.7510868234799176e-06
Samples,964,BL,3.338309510947024e-05
Samples,965,BL,4.212449066570689e-05
Samples,966,BL,3.5519248435017246e-06
Samples,967,BL,1.7044343245107204e-05
Samples,969,BL,2.2985178888303623e-05
Samples,970,BL,2.314758414971714e-07
Samples,971,BL,1.739430999175657e-05
Samples,973,BL,5.229103241055305e-07
Samples,974,BL,4.617005597881773e-06
Samples,975,BL,0.00015532982128285762
Samples,976,BL,1.2508920848199093e-06
Samples,977,BL,1.2566504063491693e-06
Samples,978,BL,0.00011290493433781755
Samples,979,BL,2.9190235002357315e-07
Samples,982,BL,8.299045225730338e-06
Samples,983,BL,2.5488030685012256e-06
Samples,985,BL,1.5288081627817232e-06
Samples,987,BL,0.000384022693130414
Samples,988,BL,5.255845763399208e-06
Samples,989,BL,0.00035586301338340847
Samples,990,BL,5.767815509820374e-06
Samples,991,BL,0.0005951454515454637
Samples,992,BL,0.0004433456187491058
Samples,993,BL,0.0005815670375781577
Samples,994,BL,4.5969707236376713e-07
Samples,995,BL,6.848575825796059e-07
Samples,996,BL,0.00041197282175244195
Samples,997,BL,0.0007136166768453659
Samples,998,BL,1.5700858000145107e-06
Samples,999,BL,0.000640518259415639
Samples,1000,BL,1.863872364645736e-05
Samples,1001,BL,1.4701494235950955e-05
Samples,1002,BL,3.925232557375034e-06
Samples,1003,BL,2.9114493783239096e-06
Samples,1004,BL,3.2627608724066722e-06
Samples,1005,BL,3.3178367719094435e-06
Samples,1006,BL,3.011834467142284e-06
Samples,1007,BL,3.5027847201811437e-06
Samples,1008,BL,4.187003118673324e-06
Samples,1009,BL,2.8299120344682098e-06
Samples,1010,BL,2.3535700643714438e-08
Samples,1011,BL,-2.5230454378567046e-06
Samples,1012,BL,7.095502420126968e-08
Samples,1013,BL,2.5454429152406905e-06
Samples,1014,BL,1.3387693169393004e-05
Samples,1015,BL,7.721744177406322e-07
Samples,1016,BL,8.37781507511022e-07
Samples,1017,BL,8.076785293744957e-07
Samples,1018,BL,8.242913959135399e-07
Samples,1019,BL,1.543538077105777e-08
Samples,1020,BL,4.788922404666486e-08
Samples,1021,BL,1.1837728144351811e-07
Samples,1022,BL,1.6361098694032306e-07
Samples,1023,BL,9.217999555124002e-08
Samples,1024,BL,1.3885327075413636e-07
Samples,1025,BL,-3.209788573145818e-09
Samples,4,BM,4.277670172741343e-09
Samples,5,BM,7.710737971124623e-09
Samples,6,BM,6.758610638037204e-10
Samples,7,BM,4.910151658283473e-10
Samples,8,BM,1.0650472407306354e-10
Samples,9,BM,6.810202043664117e-10
Samples,10,BM,2.7623242339798947e-10
Samples,11,BM,2.8412118443375563e-10
Samples,12,BM,3.1505802010065317e-07
Samples,17,BM,5.9154857855288395e-08
Samples,19,BM,4.9798769164533997e-08
Samples,20,BM,1.249730093535983e-08
Samples,21,BM,7.858152416431101e-09
Samples,26,BM,3.1381539868585084e-09
Samples,28,BM,2.5121637870519972e-09
Samples,29,BM,4.434807764338575e-09
Samples,30,BM,3.1821726333860902e-09
Samples,32,BM,1.1679713801593422e-08
Samples,34,BM,1.6017709767799045e-09
Samples,35,BM,1.3623311143738117e-05
Samples,37,BM,3.8450692740789146e-09
Samples,39,BM,3.1315887939513948e-09
Samples,41,BM,4.1392881546281946e-08
Samples,42,BM,3.8281826998521206e-08
Samples,44,BM,1.8273700489977364e-08
Samples,55,BM,4.1185142978487855e-09
Samples,56,BM,1.407278176169887e-09
Samples,58,BM,6.570606324151408e-09
Samples,59,BM,6.467608123375448e-10
Samples,60,BM,6.539823746693487e-11
Samples,61,BM,3.294620361999389e-11
Samples,62,BM,1.752459921257152e-10
Samples,63,BM,7.948127978600491e-11
Samples,64,BM,3.5732060893384946e-11
Samples,65,BM,1.1908930176575237e-10
Samples,66,BM,1.0950157064941545e-10
Samples,67,BM,1.0005971048589922e-10
Samples,68,BM,9.433415368038524e-11
Samples,69,BM,2.5948743460112692e-11
Samples,70,BM,1.4972892348572543e-11
Samples,71,BM,1.2286486800048618e-08
Samples,72,BM,7.130744209552556e-11
Samples,73,BM,2.0122298809833833e-08
Samples,74,BM,2.9520099184278317e-09
Samples,75,BM,3.663931707542932e-09
Samples,76,BM,7.91566060253737e-12
Samples,77,BM,2.2794557887945523e-08
Samples,78,BM,2.7225068993402087e-11
Samples,79,BM,1.296837244992801e-10
Samples,80,BM,1.8082744571588167e-11
Samples,81,BM,1.7265084758484854e-08
Samples,82,BM,2.1347942896178545e-08
Samples,83,BM,4.2639016847976e-10
Samples,84,BM,2.2277431446813274e-08
Samples,85,BM,7.298401482488593e-09
Samples,86,BM,4.2556584547588185e-09
Samples,87,BM,5.922972819262673e-09
Samples,88,BM,4.3145717612794275e-09
Samples,89,BM,1.556104693538521e-07
Samples,91,BM,1.1013585705765193e-08
Samples,93,BM,3.881764058160389e-09
Samples,94,BM,7.01353924494411e-09
Samples,95,BM,3.3700992265243896e-09
Samples,96,BM,3.473448616649365e-09
Samples,98,BM,1.5563561882843742e-08
Samples,100,BM,5.790000922347303e-09
Samples,101,BM,9.927939412796031e-09
Samples,102,BM,3.138578652139772e-08
Samples,103,BM,1.458681199562775e-07
Samples,106,BM,1.975190172260386e-08
Samples,107,BM,1.2461235338157472e-09
Samples,109,BM,2.1393916834575643e-08
Samples,113,BM,3.056388203112344e-11
Samples,115,BM,2.0190118005234206e-08
Samples,118,BM,8.420008122898719e-11
Samples,119,BM,1.3309969268861202e-11
Samples,120,BM,3.421305233023558e-11
Samples,121,BM,1.938464136151838e-08
Samples,122,BM,2.977072930197025e-11
Samples,123,BM,7.517455158473573e-09
Samples,124,BM,1.7530357860357277e-10
Samples,125,BM,9.237600990665433e-11
Samples,126,BM,-3.9964796434568136e-10
Samples,127,BM,2.0009729530098393e-08
Samples,128,BM,1.9942316623696527e-08
Samples,129,BM,2.083769605734293e-08
Samples,130,BM,1.953835853642796e-08
Samples,131,BM,1.8651802147703732e-10
Samples,132,BM,5.303806083992686e-10
Samples,133,BM,5.88068676756209e-10
Samples,134,BM,5.33096134022771e-10
Samples,136,BM,1.7496417114809446e-10
Samples,137,BM,3.586544919168711e-10
Samples,138,BM,9.364505857400634e-10
Samples,139,BM,8.743838592358735e-10
Samples,140,BM,7.83898560295309e-10
Samples,141,BM,7.868118859067761e-10
Samples,142,BM,9.082895979537115e-10
Samples,143,BM,2.478460170920464e-10
Samples,144,BM,7.673560001286721e-10
Samples,145,BM,3.308015450798248e-10
Samples,146,BM,1.1120517626579347e-09
Samples,147,BM,1.2967316790038367e-10
Samples,148,BM,8.272159781677347e-10
Samples,149,BM,1.1644125765467932e-10
Samples,150,BM,6.462234777365429e-10
Samples,151,BM,3.390371130903537e-10
Samples,152,BM,2.0257777430872923e-09
Samples,153,BM,6.845108022002684e-10
Samples,154,BM,7.406026596177343e-10
Samples,155,BM,5.762360361330244e-10
Samples,156,BM,1.152228938020611e-07
Samples,158,BM,-1.1230703092120937e-12
Samples,159,BM,7.3952615132361405e-09
Samples,160,BM,2.5027390908227687e-09
Samples,161,BM,1.6164817491022782e-09
Samples,164,BM,1.0923144727264239e-09
Samples,165,BM,1.874037992702104e-08
Samples,166,BM,4.593468231302375e-09
Samples,167,BM,2.78898154517997e-08
Samples,169,BM,1.262144291081722e-07
Samples,171,BM,2.907170436605364e-09
Samples,172,BM,2.6558783556120014e-08
Samples,174,BM,3.6415634182783893e-10
Samples,175,BM,9.322558858660137e-10
Samples,176,BM,6.820949542456185e-10
Samples,177,BM,4.5701800670325636e-11
Samples,178,BM,2.8629577051378877e-10
Samples,179,BM,1.0267937852213733e-09
Samples,181,BM,3.729718485096924e-10
Samples,182,BM,4.0939870605389016e-10
Samples,183,BM,1.2639845307321996e-10
Samples,184,BM,4.215313777373847e-10
Samples,185,BM,5.564095579215635e-10
Samples,186,BM,5.608497720619991e-10
Samples,187,BM,8.653664841971141e-10
Samples,188,BM,6.448123539942475e-10
Samples,189,BM,5.760670010969793e-10
Samples,190,BM,1.6029845860499344e-10
Samples,191,BM,-2.784488044374329e-11
Samples,192,BM,8.522748474655433e-10
Samples,193,BM,2.928599866997997e-10
Samples,194,BM,2.8314712529254753e-10
Samples,195,BM,1.9226894032330753e-10
Samples,196,BM,5.775317404506004e-10
Samples,197,BM,3.800748213829852e-11
Samples,198,BM,1.8035642872117976e-10
Samples,199,BM,4.756367572452425e-09
Samples,200,BM,5.242545226875394e-09
Samples,201,BM,6.799966450157825e-10
Samples,202,BM,2.0178554805006456e-10
Samples,203,BM,2.5206251141970903e-10
Samples,204,BM,2.807746050539416e-10
Samples,205,BM,3.3828905929658564e-10
Samples,206,BM,6.992778440635306e-11
Samples,207,BM,2.982041339903113e-10
Samples,208,BM,9.653866062135158e-11
Samples,209,BM,4.124646417343294e-10
Samples,210,BM,2.6366909120854387e-10
Samples,211,BM,1.0397903981428606e-10
Samples,212,BM,9.172343845045657e-11
Samples,213,BM,3.323608082741759e-10
Samples,214,BM,9.530758733996036e-11
Samples,215,BM,2.8963116588135374e-10
Samples,216,BM,2.636875618590862e-10
Samples,217,BM,1.08337004310495e-10
Samples,218,BM,6.984126448108289e-10
Samples,219,BM,2.8934391331079237e-10
Samples,220,BM,1.0527777702987844e-09
Samples,221,BM,4.844492204456168e-10
Samples,222,BM,1.6846353227428857e-10
Samples,223,BM,3.959530095691097e-11
Samples,224,BM,6.067880401093167e-10
Samples,225,BM,-2.1624827633751404e-13
Samples,226,BM,3.257477679231051e-11
Samples,227,BM,4.257303116479981e-10
Samples,228,BM,4.837738327226359e-10
Samples,229,BM,6.130679193195616e-11
Samples,230,BM,2.4443001131822206e-10
Samples,231,BM,5.859980985646079e-10
Samples,232,BM,2.59910786147589e-09
Samples,233,BM,5.681523034006645e-10
Samples,234,BM,5.20078247137195e-10
Samples,235,BM,6.045625719831789e-10
Samples,236,BM,3.0686318506516925e-10
Samples,237,BM,8.539468697778964e-10
Samples,238,BM,5.427093538016802e-10
Samples,239,BM,6.295624744561863e-10
Samples,240,BM,1.8678120955421935e-10
Samples,241,BM,5.401413029109546e-10
Samples,242,BM,4.865243356252245e-10
Samples,243,BM,6.464842609809255e-10
Samples,244,BM,3.542022029847444e-10
Samples,245,BM,4.4581386200209794e-10
Samples,246,BM,6.350975740744935e-10
Samples,247,BM,5.71656643347764e-10
Samples,248,BM,5.931086321036945e-10
Samples,249,BM,6.318836616885814e-10
Samples,250,BM,4.628332965492426e-10
Samples,251,BM,3.291638998572538e-10
Samples,252,BM,6.700150525197575e-10
Samples,253,BM,2.7777444965102427e-10
Samples,254,BM,4.878881884874018e-10
Samples,255,BM,5.102069710816688e-10
Samples,256,BM,7.63076020573384e-09
Samples,257,BM,1.4399807565453687e-08
Samples,258,BM,3.388332412553385e-09
Samples,259,BM,2.7616697772527246e-09
Samples,260,BM,3.6046423156531036e-10
Samples,261,BM,4.138829190126213e-09
Samples,262,BM,4.0674990100796875e-09
Samples,263,BM,7.798698202793424e-09
Samples,264,BM,1.7355785324638927e-09
Samples,265,BM,3.1225873629918758e-09
Samples,266,BM,1.0254152863606827e-08
Samples,267,BM,5.748581184845626e-09
Samples,268,BM,5.53182661784755e-09
Samples,269,BM,8.550508811200226e-09
Samples,270,BM,1.2148800869688882e-08
Samples,271,BM,3.058237431934233e-09
Samples,272,BM,2.101368748584399e-08
Samples,273,BM,3.283289051864535e-09
Samples,274,BM,1.7787399391993332e-08
Samples,275,BM,1.5508957701341983e-10
Samples,276,BM,9.706424113675137e-09
Samples,277,BM,6.616118483008936e-10
Samples,278,BM,2.0451458682051328e-10
Samples,279,BM,3.682156843083176e-10
Samples,280,BM,1.3676827134135026e-08
Samples,281,BM,1.1176994262074688e-09
Samples,282,BM,1.8626466506480565e-09
Samples,283,BM,1.1387268199065465e-09
Samples,284,BM,5.951278738730592e-10
Samples,285,BM,1.480627976617825e-10
Samples,286,BM,7.768276318720138e-10
Samples,287,BM,1.1029121974210092e-09
Samples,288,BM,8.397349179280449e-10
Samples,289,BM,1.2421630158686059e-09
Samples,290,BM,1.0031397158563495e-09
Samples,291,BM,7.763517534072427e-11
Samples,292,BM,3.694222482260248e-09
Samples,293,BM,1.1950724042758817e-09
Samples,294,BM,1.653415039761441e-11
Samples,295,BM,2.8981274764991893e-11
Samples,296,BM,2.9194074524888884e-11
Samples,297,BM,7.313478153379569e-10
Samples,298,BM,1.0308764475990075e-09
Samples,299,BM,7.107919313553543e-10
Samples,300,BM,2.7038251600708116e-10
Samples,301,BM,2.7577801080182694e-10
Samples,302,BM,3.899016662545825e-09
Samples,303,BM,1.4137027818892997e-08
Samples,304,BM,4.807711807728026e-09
Samples,305,BM,1.0942528063829471e-09
Samples,306,BM,5.129698710195622e-09
Samples,307,BM,8.079336317974078e-09
Samples,308,BM,5.764953895062045e-10
Samples,311,BM,2.0710805436842593e-09
Samples,319,BM,2.6988731395902794e-09
Samples,320,BM,1.8229824935746327e-09
Samples,323,BM,6.061663128655285e-09
Samples,324,BM,9.479259873257818e-09
Samples,325,BM,4.926758713243648e-09
Samples,326,BM,4.959182050187884e-09
Samples,327,BM,6.491393555238129e-09
Samples,328,BM,1.3627053836552791e-09
Samples,329,BM,3.3333005398947028e-09
Samples,330,BM,5.408821060352432e-09
Samples,331,BM,3.672305215803486e-09
Samples,332,BM,3.498948994352522e-08
Samples,333,BM,3.24414314342702e-09
Samples,334,BM,3.990643411301022e-09
Samples,335,BM,3.839431356357436e-09
Samples,336,BM,4.502571497982883e-09
Samples,337,BM,3.695699080450399e-12
Samples,338,BM,1.4809482348450327e-11
Samples,339,BM,2.0800837410633223e-12
Samples,340,BM,5.01797425492458e-11
Samples,341,BM,2.340151235156349e-12
Samples,342,BM,1.3334184827040497e-11
Samples,343,BM,1.8496179515813343e-11
Samples,344,BM,8.440458117170147e-12
Samples,345,BM,4.425542817715685e-10
Samples,346,BM,9.490112011558417e-09
Samples,347,BM,1.279173477106491e-11
Samples,348,BM,7.165608693041066e-10
Samples,349,BM,1.4171099857699843e-11
Samples,350,BM,6.592076436825539e-11
Samples,351,BM,6.714162745358414e-12
Samples,352,BM,3.1780289880840727e-10
Samples,353,BM,1.3012369529204297e-10
Samples,354,BM,2.3596535361233797e-11
Samples,355,BM,2.7945344911998185e-12
Samples,356,BM,1.4699836853623342e-09
Samples,357,BM,2.3550713614951853e-09
Samples,358,BM,1.444185754475593e-10
Samples,359,BM,3.142634022491236e-10
Samples,361,BM,5.217907085923882e-12
Samples,362,BM,1.6615436154749203e-11
Samples,363,BM,6.111752305492522e-12
Samples,364,BM,2.142040865460087e-11
Samples,365,BM,3.004403767661414e-09
Samples,367,BM,2.6940360076456633e-10
Samples,368,BM,5.5739155983321697e-11
Samples,370,BM,6.434315671662664e-10
Samples,374,BM,2.278120298283204e-08
Samples,375,BM,3.226816532480288e-08
Samples,376,BM,2.838047368749913e-08
Samples,377,BM,1.0662390621023628e-08
Samples,378,BM,1.0313833502435905e-08
Samples,379,BM,1.1173135944517412e-08
Samples,380,BM,6.107516147810483e-09
Samples,381,BM,3.288185851839301e-08
Samples,382,BM,2.7839404325865435e-08
Samples,383,BM,3.694662978557486e-08
Samples,384,BM,7.50099209416623e-09
Samples,385,BM,1.3474192959754632e-09
Samples,386,BM,9.706911150686484e-11
Samples,387,BM,2.8556886361971007e-10
Samples,388,BM,4.139985875685554e-11
Samples,389,BM,5.750313226335439e-11
Samples,390,BM,5.193936779711909e-11
Samples,391,BM,4.15538121366106e-11
Samples,392,BM,1.0160550174727642e-10
Samples,393,BM,1.2629257990775427e-10
Samples,394,BM,9.711512738405747e-11
Samples,395,BM,1.5579587988875832e-09
Samples,396,BM,8.729074485710436e-10
Samples,397,BM,2.0056583860456617e-10
Samples,398,BM,1.7374518173152164e-10
Samples,399,BM,9.949973864921972e-10
Samples,400,BM,3.358487972885805e-08
Samples,401,BM,3.292012474159937e-08
Samples,402,BM,3.363028152143748e-08
Samples,403,BM,1.74020866200708e-10
Samples,404,BM,2.2493902195303916e-11
Samples,405,BM,2.5955349262913455e-11
Samples,406,BM,3.475518173890475e-11
Samples,407,BM,2.7663444648454808e-11
Samples,408,BM,1.3153983123904626e-11
Samples,409,BM,4.273757657579666e-11
Samples,410,BM,3.1284338154758894e-08
Samples,411,BM,1.7168507605475314e-11
Samples,412,BM,1.3104656997384042e-11
Samples,413,BM,2.379058519511607e-09
Samples,414,BM,1.1985475417979835e-10
Samples,415,BM,3.163781167357605e-09
Samples,416,BM,2.715925750277591e-08
Samples,417,BM,8.829884083664443e-09
Samples,418,BM,2.3522937613244084e-10
Samples,419,BM,1.7770496213212928e-10
Samples,420,BM,6.351968879084341e-13
Samples,421,BM,7.140207655709385e-12
Samples,422,BM,2.075695046828732e-12
Samples,423,BM,4.4561364133548705e-12
Samples,424,BM,1.356443040949977e-12
Samples,425,BM,2.9369200707470622e-12
Samples,426,BM,2.05824539568382e-10
Samples,427,BM,1.6920366884943616e-11
Samples,428,BM,4.135496924776231e-09
Samples,429,BM,1.1042730303038648e-09
Samples,430,BM,9.697036626193233e-10
Samples,431,BM,6.717185570328364e-10
Samples,432,BM,5.330459031166298e-10
Samples,433,BM,7.188569138808417e-10
Samples,434,BM,5.670032828546327e-10
Samples,435,BM,6.052674253687951e-10
Samples,436,BM,1.1288017376341087e-09
Samples,437,BM,5.474711005812934e-10
Samples,438,BM,3.739650221326116e-10
Samples,439,BM,6.328979422431187e-10
Samples,440,BM,5.539316244174021e-10
Samples,441,BM,6.587910095907066e-10
Samples,442,BM,6.356620620304181e-10
Samples,443,BM,1.230583101763809e-09
Samples,444,BM,4.4036351022860154e-10
Samples,445,BM,9.677278331239239e-10
Samples,446,BM,1.2156223953123217e-09
Samples,447,BM,1.0337732708823376e-09
Samples,448,BM,3.8054985320164655e-10
Samples,449,BM,1.1684652728694435e-09
Samples,450,BM,7.21076954485085e-10
Samples,451,BM,7.429941632662425e-10
Samples,452,BM,9.080116075937997e-11
Samples,453,BM,4.357742927037597e-09
Samples,454,BM,7.491073066114901e-11
Samples,455,BM,1.865124688496337e-10
Samples,456,BM,9.060094460087411e-10
Samples,457,BM,6.072859645126912e-10
Samples,458,BM,6.720053674008437e-10
Samples,459,BM,1.5095547933522943e-09
Samples,460,BM,1.469585659780981e-09
Samples,461,BM,1.0993663521783152e-09
Samples,462,BM,1.3780434153926415e-09
Samples,463,BM,1.2103246156909361e-09
Samples,464,BM,1.2659498675996453e-09
Samples,465,BM,1.5874788898532489e-09
Samples,466,BM,1.7343115482620084e-09
Samples,467,BM,1.4917115443080636e-09
Samples,468,BM,1.2278019774134984e-09
Samples,469,BM,4.0070206716062545e-10
Samples,470,BM,1.3678057398659305e-09
Samples,471,BM,1.317961356059658e-09
Samples,472,BM,1.471897961389774e-09
Samples,473,BM,1.5043536974750267e-09
Samples,474,BM,1.432719951338507e-09
Samples,475,BM,1.1596747972731673e-09
Samples,476,BM,1.0207520478432666e-10
Samples,477,BM,4.25933416850107e-10
Samples,478,BM,6.409682013744274e-10
Samples,479,BM,6.433691780633827e-10
Samples,480,BM,6.460095006335456e-10
Samples,481,BM,9.618592679865122e-10
Samples,482,BM,1.4460467419395792e-10
Samples,483,BM,1.356765810110973e-09
Samples,484,BM,7.186037602350825e-11
Samples,485,BM,4.543771128751935e-10
Samples,486,BM,9.63715389006281e-10
Samples,487,BM,4.3296788789472304e-10
Samples,488,BM,8.36839071498177e-10
Samples,489,BM,9.012737635142693e-10
Samples,490,BM,1.252979077769168e-09
Samples,491,BM,7.867590772173084e-10
Samples,492,BM,1.171015081920497e-09
Samples,493,BM,1.15954596845379e-09
Samples,494,BM,1.4801110331313975e-10
Samples,495,BM,2.6600564086785516e-10
Samples,496,BM,1.0327299279337429e-09
Samples,497,BM,1.3337150741948142e-09
Samples,498,BM,8.919467569636343e-10
Samples,499,BM,4.71905524664362e-10
Samples,500,BM,1.2873495084538402e-09
Samples,501,BM,1.0123649771483693e-09
Samples,502,BM,1.7216240956113368e-09
Samples,503,BM,1.8159504879751901e-09
Samples,504,BM,1.2304223522567372e-09
Samples,505,BM,1.5180809850164567e-09
Samples,506,BM,1.05943150125459e-09
Samples,507,BM,5.0909151079391365e-09
Samples,508,BM,7.87706393778673e-09
Samples,509,BM,3.4464728558560344e-10
Samples,510,BM,3.5435144312623e-09
Samples,511,BM,1.52767513267874e-08
Samples,512,BM,8.104749168957234e-11
Samples,513,BM,1.3982722866131984e-10
Samples,514,BM,9.950291884202871e-11
Samples,515,BM,2.6755738573241155e-08
Samples,516,BM,2.749376404543818e-08
Samples,517,BM,7.094366312676365e-09
Samples,518,BM,2.266507933852939e-08
Samples,519,BM,2.518534116743983e-08
Samples,520,BM,2.4517554748222986e-08
Samples,521,BM,5.51186763797993e-09
Samples,522,BM,3.592798391595412e-08
Samples,523,BM,2.1668976891937498e-08
Samples,524,BM,3.711559891366251e-08
Samples,525,BM,1.473214728669128e-09
Samples,526,BM,6.198684089811795e-10
Samples,527,BM,1.2980048476374294e-09
Samples,528,BM,1.765135128763099e-08
Samples,529,BM,1.9133056632333818e-10
Samples,530,BM,2.5591186825347974e-10
Samples,531,BM,2.192366191881718e-10
Samples,532,BM,2.281094648551042e-10
Samples,533,BM,1.4214662759176893e-10
Samples,534,BM,2.507517862331493e-08
Samples,535,BM,2.7086317140116994e-08
Samples,536,BM,3.145143309650381e-10
Samples,537,BM,9.808390715925616e-10
Samples,538,BM,7.493108831921194e-10
Samples,539,BM,1.2746307425692837e-09
Samples,540,BM,7.061929104712939e-10
Samples,541,BM,1.6171939677712416e-10
Samples,542,BM,1.1448198783658322e-09
Samples,543,BM,1.2342666431416517e-09
Samples,544,BM,3.498781715107089e-08
Samples,545,BM,6.45130154502115e-08
Samples,546,BM,2.6352680484512595e-08
Samples,547,BM,1.6908020827280296e-08
Samples,548,BM,3.190427286402146e-08
Samples,549,BM,1.5460063360831447e-08
Samples,550,BM,5.094430168295414e-09
Samples,551,BM,3.6117582750817625e-11
Samples,552,BM,1.3728224096683134e-08
Samples,553,BM,3.153747466897953e-08
Samples,554,BM,3.146654598523287e-08
Samples,555,BM,1.6407381571641018e-08
Samples,556,BM,6.027826998378321e-11
Samples,557,BM,2.6134351858868522e-08
Samples,558,BM,4.87106276608394e-08
Samples,559,BM,1.051491293835926e-10
Samples,560,BM,1.8375971117354949e-10
Samples,561,BM,9.91573765807915e-11
Samples,562,BM,3.723347530894467e-08
Samples,563,BM,5.626610394653242e-10
Samples,564,BM,7.581100456642107e-10
Samples,565,BM,2.2899244396919457e-10
Samples,566,BM,1.4184981321490646e-10
Samples,567,BM,1.894356336785821e-08
Samples,568,BM,2.46819127486712e-10
Samples,569,BM,7.274921867533156e-11
Samples,570,BM,3.7217516622325225e-08
Samples,571,BM,1.8952717269079325e-10
Samples,572,BM,6.137838592146255e-10
Samples,573,BM,2.9802574220544746e-10
Samples,574,BM,2.90887430179127e-09
Samples,575,BM,8.318109095450188e-09
Samples,576,BM,2.108297919611963e-08
Samples,577,BM,1.2631527386619416e-08
Samples,578,BM,2.5664251478747354e-08
Samples,579,BM,1.653205092446971e-08
Samples,580,BM,1.7399883393577683e-08
Samples,581,BM,9.053512357017392e-09
Samples,582,BM,1.419247064071594e-10
Samples,583,BM,7.347129317393692e-09
Samples,584,BM,2.7719718163680576e-08
Samples,585,BM,4.754447882752536e-10
Samples,586,BM,2.433479197816011e-08
Samples,587,BM,7.72686535211968e-10
Samples,588,BM,1.4260749844248745e-10
Samples,589,BM,1.2747677006331059e-09
Samples,590,BM,2.570523659702389e-09
Samples,591,BM,1.921345828050286e-08
Samples,592,BM,6.776951142659774e-09
Samples,593,BM,6.2331969978499e-09
Samples,594,BM,3.992256638299079e-08
Samples,595,BM,6.472905253593902e-09
Samples,596,BM,2.6274875852864076e-10
Samples,597,BM,1.1407155251128152e-08
Samples,598,BM,4.4794916449178334e-08
Samples,599,BM,3.595616499792337e-08
Samples,600,BM,2.489615929543229e-08
Samples,601,BM,1.487306446647841e-09
Samples,602,BM,1.4824180033440492e-09
Samples,603,BM,8.02702644478841e-10
Samples,604,BM,1.227604582167082e-09
Samples,605,BM,1.8037033995142602e-09
Samples,606,BM,1.4147581207256236e-09
Samples,607,BM,1.682474146798929e-09
Samples,608,BM,1.4927186778518582e-09
Samples,609,BM,1.5610348901314026e-09
Samples,610,BM,3.965842018807546e-09
Samples,611,BM,3.0666569458942263e-09
Samples,612,BM,2.8957114485095477e-09
Samples,613,BM,1.4779946991411138e-09
Samples,614,BM,3.685857155376451e-09
Samples,615,BM,1.2659258359918457e-09
Samples,616,BM,1.5197139180543467e-09
Samples,617,BM,2.4847225133602594e-09
Samples,618,BM,1.0603834484247068e-09
Samples,619,BM,6.773965282850508e-09
Samples,620,BM,7.448675109850398e-08
Samples,621,BM,5.045615464168279e-10
Samples,622,BM,1.564990661391957e-10
Samples,623,BM,4.524421618283829e-10
Samples,624,BM,2.490549646003018e-09
Samples,625,BM,2.2223573474314517e-09
Samples,626,BM,1.0068731221339034e-09
Samples,627,BM,2.148574398990369e-09
Samples,628,BM,1.485524422878138e-09
Samples,629,BM,2.1430703851499e-09
Samples,630,BM,2.5631924388028213e-09
Samples,631,BM,1.6040958076116922e-09
Samples,632,BM,4.29851612301944e-09
Samples,633,BM,1.4420603982824306e-09
Samples,634,BM,5.374128290894304e-09
Samples,635,BM,1.1258189195161362e-09
Samples,636,BM,2.601327532771764e-09
Samples,637,BM,2.7446317619827026e-09
Samples,638,BM,4.034162837055959e-06
Samples,639,BM,3.353076227114542e-07
Samples,640,BM,2.638526592021579e-07
Samples,641,BM,7.495932500247618e-07
Samples,642,BM,1.1709453055331486e-06
Samples,643,BM,5.663335140232624e-07
Samples,645,BM,6.986937352576451e-07
Samples,646,BM,1.181984780244417e-07
Samples,647,BM,3.9364852075645306e-07
Samples,648,BM,3.4984935057504284e-09
Samples,649,BM,1.2776018204312373e-08
Samples,650,BM,5.434662722479774e-07
Samples,651,BM,6.529658870107783e-08
Samples,652,BM,9.420374023926801e-07
Samples,653,BM,-1.0988218825703927e-08
Samples,654,BM,1.387666015318341e-07
Samples,655,BM,2.85810379730697e-08
Samples,656,BM,1.7688412195006187e-08
Samples,657,BM,2.006941044022485e-08
Samples,658,BM,5.049730168011492e-08
Samples,659,BM,1.5982833623942741e-09
Samples,660,BM,5.798782594649986e-09
Samples,661,BM,2.354644097328066e-09
Samples,662,BM,1.2607021767549421e-09
Samples,663,BM,1.8021012377656964e-10
Samples,664,BM,1.2266907385150127e-09
Samples,665,BM,2.2604188704345073e-09
Samples,666,BM,1.2128819856016218e-09
Samples,667,BM,2.728398422347199e-10
Samples,668,BM,2.904592719616501e-10
Samples,669,BM,9.449632213875091e-10
Samples,670,BM,2.7816789098894256e-08
Samples,671,BM,1.0109690375047306e-09
Samples,672,BM,-8.323851971719582e-10
Samples,673,BM,3.393230974228837e-08
Samples,674,BM,3.7067400735802386e-08
Samples,675,BM,3.558430417536783e-08
Samples,676,BM,1.352864317880429e-09
Samples,677,BM,5.131563193265751e-10
Samples,678,BM,1.0901992298645915e-09
Samples,679,BM,2.7400239467596777e-08
Samples,680,BM,2.814063816395927e-08
Samples,681,BM,3.1216567451111945e-08
Samples,682,BM,1.1682045901505119e-09
Samples,683,BM,1.4006296200767412e-09
Samples,684,BM,3.6051023440784504e-09
Samples,685,BM,3.974269525882379e-10
Samples,686,BM,2.6480437623753667e-09
Samples,687,BM,3.182075642855368e-09
Samples,688,BM,4.1416911550417937e-10
Samples,689,BM,1.1795056221064102e-09
Samples,690,BM,1.266207344564403e-09
Samples,691,BM,1.9454940220432463e-09
Samples,692,BM,2.4397560627992624e-09
Samples,693,BM,2.925131599887137e-09
Samples,694,BM,1.0203850348759675e-09
Samples,695,BM,7.513516829398838e-10
Samples,696,BM,6.737638889446752e-10
Samples,697,BM,2.3699696972979583e-08
Samples,698,BM,3.0015821519404224e-08
Samples,699,BM,1.3226713816795806e-10
Samples,700,BM,3.226646074585853e-08
Samples,701,BM,3.1959554064865776e-08
Samples,702,BM,2.7024538315694705e-08
Samples,703,BM,3.1808325533172325e-09
Samples,704,BM,3.498677842235113e-09
Samples,705,BM,3.45682267223528e-10
Samples,706,BM,1.47443489150582e-08
Samples,707,BM,4.28545915162378e-10
Samples,708,BM,1.9539550214583044e-09
Samples,709,BM,1.0749931112673256e-08
Samples,710,BM,3.7201876911989495e-09
Samples,711,BM,9.66118335023396e-09
Samples,712,BM,3.0445022699251203e-10
Samples,713,BM,2.6794946664531233e-09
Samples,714,BM,1.5649976386382477e-08
Samples,715,BM,7.800518031578151e-09
Samples,716,BM,7.3736416413204644e-09
Samples,717,BM,2.0367628408073374e-08
Samples,718,BM,1.2371336702072692e-09
Samples,719,BM,1.3296650246156945e-09
Samples,720,BM,1.1472072391216112e-09
Samples,721,BM,1.0908336305971405e-09
Samples,722,BM,1.2008053230442466e-08
Samples,723,BM,8.833003106466514e-10
Samples,724,BM,8.468230625812284e-10
Samples,725,BM,1.0899850945756026e-09
Samples,726,BM,1.0617454675602114e-09
Samples,727,BM,9.92731808398906e-10
Samples,728,BM,1.0810735462069844e-09
Samples,729,BM,1.08822922258586e-09
Samples,730,BM,1.4128545050143233e-09
Samples,731,BM,2.23671652314119e-09
Samples,732,BM,8.548890157284013e-09
Samples,733,BM,2.8604442876645085e-09
Samples,734,BM,2.37201057026888e-09
Samples,735,BM,2.5452046499513288e-09
Samples,736,BM,4.383854177209225e-09
Samples,737,BM,2.6616871305083516e-10
Samples,738,BM,1.5388340871942788e-09
Samples,739,BM,1.3472845101615665e-09
Samples,740,BM,8.490797294317166e-09
Samples,741,BM,8.0043231930243e-10
Samples,742,BM,5.5038153005450135e-09
Samples,743,BM,5.835774086716195e-10
Samples,744,BM,3.695078206437693e-08
Samples,745,BM,5.193436216333318e-09
Samples,746,BM,2.02966918400329e-09
Samples,747,BM,4.996441955475124e-10
Samples,748,BM,4.229527963303949e-09
Samples,749,BM,7.499496774475015e-10
Samples,750,BM,1.2615593604919785e-09
Samples,751,BM,2.225991774633587e-08
Samples,752,BM,2.0632400339292038e-09
Samples,753,BM,1.6475564211053533e-08
Samples,754,BM,2.34825563315269e-09
Samples,755,BM,1.4399473308217336e-10
Samples,756,BM,5.810815824835158e-11
Samples,757,BM,1.303912193126093e-10
Samples,758,BM,1.8109535877052716e-10
Samples,759,BM,1.3388411406330433e-10
Samples,760,BM,7.73035850942795e-10
Samples,761,BM,7.177048596999726e-10
Samples,762,BM,2.076303469038796e-10
Samples,763,BM,5.541592171930791e-09
Samples,764,BM,4.318002375806504e-10
Samples,765,BM,7.230886411914988e-10
Samples,766,BM,8.384512578420307e-10
Samples,767,BM,2.140854264267666e-09
Samples,768,BM,1.1362736811099243e-09
Samples,769,BM,1.0069501746842103e-09
Samples,770,BM,9.481960468061987e-10
Samples,771,BM,1.596603294513195e-09
Samples,772,BM,9.355707292987186e-10
Samples,773,BM,3.02111773345003e-08
Samples,774,BM,1.612642552873314e-10
Samples,775,BM,1.412598944394975e-08
Samples,776,BM,3.910662552078929e-09
Samples,777,BM,8.83176965407875e-10
Samples,778,BM,4.907470565236738e-11
Samples,779,BM,4.600443942085698e-10
Samples,780,BM,1.9664700084944008e-10
Samples,781,BM,1.0020820286291089e-09
Samples,782,BM,2.1424081804683494e-10
Samples,783,BM,8.243439463952273e-11
Samples,784,BM,2.4036420276104434e-10
Samples,785,BM,7.676024477447701e-09
Samples,786,BM,2.89450857424311e-08
Samples,787,BM,1.164701211566198e-10
Samples,788,BM,9.898814361230089e-11
Samples,789,BM,1.7743849243962615e-09
Samples,790,BM,2.0515500943461292e-10
Samples,791,BM,3.9133039249384115e-10
Samples,792,BM,1.1300277263031626e-09
Samples,793,BM,1.11105230898979e-09
Samples,794,BM,1.154465722518448e-09
Samples,795,BM,2.0814245030634375e-10
Samples,796,BM,5.158829785765684e-10
Samples,797,BM,2.9366165496688873e-08
Samples,798,BM,3.9587766873506997e-10
Samples,799,BM,3.046456523917308e-08
Samples,800,BM,4.1520820919869737e-10
Samples,801,BM,4.441740553280094e-11
Samples,802,BM,1.5031133143747015e-10
Samples,803,BM,7.747906828599783e-11
Samples,804,BM,1.0567603835312841e-10
Samples,805,BM,5.728510448882795e-09
Samples,806,BM,1.0149529508493284e-10
Samples,807,BM,3.2306066204391104e-10
Samples,808,BM,2.3157268607732248e-09
Samples,809,BM,8.56807680922075e-11
Samples,810,BM,1.7414753542681606e-10
Samples,811,BM,1.6364809555145445e-10
Samples,812,BM,1.5559169910108083e-09
Samples,813,BM,3.982540879412314e-09
Samples,814,BM,3.0058468965018125e-10
Samples,815,BM,1.176819942856997e-10
Samples,816,BM,8.761699842072678e-11
Samples,817,BM,1.510665143366614e-10
Samples,818,BM,1.3956279581849997e-10
Samples,819,BM,3.6336356699117385e-10
Samples,820,BM,3.113611209437735e-11
Samples,821,BM,2.003860695192544e-09
Samples,822,BM,3.089206407832168e-08
Samples,823,BM,2.8733115570367684e-08
Samples,824,BM,1.0430919306488292e-09
Samples,825,BM,1.1631769155696256e-09
Samples,826,BM,9.738403109290056e-11
Samples,827,BM,1.2803439116822535e-09
Samples,828,BM,1.1209860523117077e-09
Samples,829,BM,4.040180839645896e-09
Samples,830,BM,2.6447716079932723e-09
Samples,831,BM,1.1868862074047472e-09
Samples,832,BM,3.017896658121886e-09
Samples,833,BM,5.093856328419007e-10
Samples,834,BM,3.498570753777962e-08
Samples,835,BM,2.4089870404960404e-09
Samples,836,BM,3.8540132510543705e-08
Samples,837,BM,1.4622077996439926e-08
Samples,838,BM,4.104042461348922e-08
Samples,839,BM,2.4154325381940322e-09
Samples,840,BM,2.648139546395358e-09
Samples,841,BM,4.283021199567989e-09
Samples,842,BM,2.9519883980658062e-09
Samples,843,BM,4.102132168354922e-08
Samples,844,BM,3.6231603331195505e-09
Samples,845,BM,1.8844404592426907e-08
Samples,846,BM,6.050472053518843e-09
Samples,847,BM,2.0894123071530226e-08
Samples,848,BM,8.79524973932379e-09
Samples,849,BM,2.2405051222341758e-10
Samples,850,BM,5.072899093329709e-08
Samples,851,BM,2.0487482207265445e-09
Samples,852,BM,2.22991341598297e-09
Samples,853,BM,1.5441103134794253e-07
Samples,854,BM,2.432303036271117e-09
Samples,855,BM,1.225545582697755e-09
Samples,856,BM,1.716610113498896e-09
Samples,857,BM,2.1952182678114196e-09
Samples,858,BM,1.3497469300356196e-09
Samples,859,BM,1.1476794894188908e-09
Samples,860,BM,1.1719726916341232e-09
Samples,861,BM,1.815903714522313e-10
Samples,862,BM,1.4506679666411491e-09
Samples,863,BM,2.2278098202703545e-09
Samples,864,BM,1.2939753791875655e-09
Samples,865,BM,1.319177726174607e-09
Samples,866,BM,1.2475517449376344e-09
Samples,867,BM,6.647115973392528e-10
Samples,868,BM,4.3309944943468736e-10
Samples,869,BM,1.1595956378444798e-09
Samples,870,BM,5.734374810888175e-09
Samples,871,BM,1.2638934228600777e-09
Samples,872,BM,1.4290133718732065e-09
Samples,873,BM,2.33446493373221e-09
Samples,874,BM,1.1513650467214893e-09
Samples,875,BM,3.4435068932738944e-10
Samples,876,BM,1.189395527461855e-09
Samples,877,BM,1.5481855563583895e-09
Samples,878,BM,1.7774165848384022e-09
Samples,879,BM,1.9151214080705712e-09
Samples,880,BM,1.0055853401898927e-09
Samples,881,BM,1.6066878203718086e-09
Samples,882,BM,1.8001475607052241e-09
Samples,883,BM,2.344565354101518e-09
Samples,884,BM,1.9928507409127258e-09
Samples,885,BM,1.5690745597828182e-09
Samples,886,BM,5.472130626019782e-10
Samples,887,BM,2.777469960511974e-09
Samples,888,BM,3.2981537373907406e-09
Samples,889,BM,2.831308369794167e-09
Samples,890,BM,1.1161521786512108e-09
Samples,891,BM,3.32114145940682e-09
Samples,892,BM,9.626808163544878e-10
Samples,893,BM,1.0708037297176547e-09
Samples,894,BM,5.955946474141889e-08
Samples,895,BM,6.208629631141569e-08
Samples,896,BM,6.26194436778781e-08
Samples,897,BM,7.673907310617936e-08
Samples,898,BM,5.820476960516573e-08
Samples,899,BM,7.767287928888879e-08
Samples,900,BM,5.776058033526061e-08
Samples,901,BM,1.1527228750583148e-08
Samples,902,BM,5.856779221365589e-08
Samples,903,BM,6.125590931417768e-08
Samples,904,BM,3.4159920640238432e-09
Samples,905,BM,8.260537551442201e-08
Samples,906,BM,1.4071731330148309e-07
Samples,907,BM,5.802064571565777e-08
Samples,908,BM,5.5840529238030554e-08
Samples,909,BM,6.48312762813966e-08
Samples,910,BM,7.695237440385235e-08
Samples,911,BM,2.7174369449978346e-08
Samples,912,BM,1.3539076086672555e-09
Samples,913,BM,3.777975134589343e-10
Samples,914,BM,3.3509677858861425e-08
Samples,915,BM,3.0635102912570814e-09
Samples,916,BM,3.2418112546979674e-08
Samples,917,BM,6.921597946709153e-08
Samples,918,BM,5.938651026643179e-08
Samples,919,BM,5.759215090423703e-08
Samples,920,BM,5.668686686959487e-08
Samples,921,BM,1.0405960761952846e-09
Samples,922,BM,2.4027573791833477e-09
Samples,923,BM,4.297649728276116e-09
Samples,924,BM,5.980484479722418e-08
Samples,925,BM,1.1115331259900149e-08
Samples,926,BM,1.0902820376227427e-07
Samples,927,BM,3.4116495048454057e-07
Samples,928,BM,1.1125638323507305e-06
Samples,929,BM,5.741299646012158e-08
Samples,930,BM,4.6356670957298886e-08
Samples,931,BM,7.44631225965289e-08
Samples,932,BM,6.353985731453319e-08
Samples,933,BM,1.055931216475466e-09
Samples,934,BM,4.325262216781259e-08
Samples,935,BM,4.5131009462751705e-09
Samples,936,BM,8.648725763275217e-08
Samples,937,BM,4.574452059780483e-08
Samples,938,BM,4.592934033210441e-08
Samples,939,BM,5.782266274961315e-07
Samples,940,BM,2.1420913258588577e-07
Samples,941,BM,1.979285767958645e-09
Samples,942,BM,3.2357394263438724e-08
Samples,943,BM,1.945557340654352e-08
Samples,944,BM,2.1543364918500002e-08
Samples,945,BM,5.124293942069595e-08
Samples,946,BM,5.1219866962911477e-08
Samples,947,BM,5.0170114761053295e-08
Samples,948,BM,5.1087127152622006e-08
Samples,949,BM,5.188454829579438e-08
Samples,950,BM,8.37071824698143e-08
Samples,951,BM,1.2047481357039908e-08
Samples,952,BM,4.800739321333517e-08
Samples,953,BM,7.553696052660221e-08
Samples,954,BM,7.338722052154075e-07
Samples,955,BM,3.643583937396862e-07
Samples,956,BM,6.731442474053801e-10
Samples,959,BM,1.9609528170781206e-09
Samples,960,BM,2.39358580056142e-09
Samples,961,BM,8.261156616259546e-09
Samples,962,BM,5.030982790811272e-08
Samples,963,BM,1.1071128356572728e-08
Samples,964,BM,1.090674926078262e-07
Samples,965,BM,1.2155236499406098e-07
Samples,966,BM,1.0163741929547143e-08
Samples,967,BM,4.8157531234853695e-08
Samples,969,BM,6.808274489622736e-08
Samples,970,BM,5.831751468522093e-10
Samples,971,BM,5.035549180987116e-08
Samples,973,BM,1.6050343344172345e-09
Samples,974,BM,1.3519242127758424e-08
Samples,975,BM,4.1688265271846684e-07
Samples,976,BM,3.618246400315105e-09
Samples,977,BM,3.68379470379287e-09
Samples,978,BM,3.2241077159680383e-07
Samples,979,BM,1.140422395039436e-09
Samples,982,BM,2.4889657751509898e-08
Samples,983,BM,7.666797585150479e-09
Samples,985,BM,4.225619954136716e-09
Samples,987,BM,1.0872978457113525e-06
Samples,988,BM,1.53256350471128e-08
Samples,989,BM,1.0132750685589565e-06
Samples,990,BM,1.703483658226029e-08
Samples,991,BM,1.6488032851240191e-06
Samples,992,BM,1.2615875485876641e-06
Samples,993,BM,1.7003645660568593e-06
Samples,994,BM,1.442931112717609e-09
Samples,995,BM,1.9857818247245417e-09
Samples,996,BM,1.161198086238262e-06
Samples,997,BM,2.1744028294295485e-06
Samples,998,BM,4.575540524602885e-09
Samples,999,BM,1.8643345539954862e-06
Samples,1000,BM,5.578459549084927e-08
Samples,1001,BM,4.386088779402759e-08
Samples,1002,BM,1.2744302967515276e-08
Samples,1003,BM,8.450417153819948e-09
Samples,1004,BM,9.34678689750965e-09
Samples,1005,BM,9.737217247783993e-09
Samples,1006,BM,8.849392383764416e-09
Samples,1007,BM,1.0564011300831301e-08
Samples,1008,BM,1.2589997582483004e-08
Samples,1009,BM,7.949186333518401e-09
Samples,1010,BM,2.2007055131375872e-10
Samples,1011,BM,-1.6166496745964433e-08
Samples,1012,BM,2.1000183942674264e-10
Samples,1013,BM,7.416232602677603e-09
Samples,1014,BM,4.020203185190167e-08
Samples,1015,BM,2.275096774217191e-09
Samples,1016,BM,2.4960325400836985e-09
Samples,1017,BM,2.3622487864984336e-09
Samples,1018,BM,2.418182312125103e-09
Samples,1019,BM,5.023823203477293e-11
Samples,1020,BM,1.4537716594380753e-10
Samples,1021,BM,3.569517121618396e-10
Samples,1022,BM,4.811582459486231e-10
Samples,1023,BM,2.777331552195217e-10
Samples,1024,BM,4.1396720768225533e-10
Samples,1025,BM,-1.4942948116949895e-11
Samples,4,BN,1.0268677620215657e-07
Samples,5,BN,1.8876913367674615e-07
Samples,6,BN,1.5542470073814033e-08
Samples,7,BN,1.2037775922521954e-08
Samples,8,BN,2.4493463088206538e-09
Samples,9,BN,1.6219427854088194e-08
Samples,10,BN,6.528101217801443e-09
Samples,11,BN,6.5265480241600284e-09
Samples,12,BN,7.510475133532289e-06
Samples,17,BN,1.4322855179003502e-06
Samples,19,BN,1.2234978538922494e-06
Samples,20,BN,2.888135268140329e-07
Samples,21,BN,1.365110028251877e-07
Samples,26,BN,6.575514539362359e-08
Samples,28,BN,5.697972091918357e-08
Samples,29,BN,9.556704142470478e-08
Samples,30,BN,3.720431605119542e-08
Samples,32,BN,2.641931732067322e-07
Samples,34,BN,2.899802303269348e-08
Samples,35,BN,0.00021573266871753732
Samples,37,BN,9.638635242029876e-08
Samples,39,BN,2.809166024381763e-08
Samples,41,BN,1.00606406962182e-06
Samples,42,BN,9.083482531084216e-07
Samples,44,BN,4.446164665751111e-07
Samples,55,BN,7.383589377605009e-08
Samples,56,BN,1.3423782214032423e-08
Samples,58,BN,1.5235497937825015e-07
Samples,59,BN,1.540029927809378e-08
Samples,60,BN,1.3625744820280842e-09
Samples,61,BN,3.079131560127941e-10
Samples,62,BN,3.724945588837797e-09
Samples,63,BN,1.7341452456828401e-09
Samples,64,BN,4.0796082502114575e-10
Samples,65,BN,2.5758190440742535e-09
Samples,66,BN,2.231360639014675e-09
Samples,67,BN,1.9998015636243737e-09
Samples,68,BN,2.1718716730070092e-09
Samples,69,BN,5.197470999723278e-10
Samples,70,BN,3.2618572980818317e-10
Samples,71,BN,2.9656567093453884e-07
Samples,72,BN,1.533087831241458e-09
Samples,73,BN,4.862748185317318e-07
Samples,74,BN,6.870495344399006e-08
Samples,75,BN,8.975519336519939e-08
Samples,76,BN,1.4600013528232385e-10
Samples,77,BN,5.601067124775803e-07
Samples,78,BN,6.24367092120155e-10
Samples,79,BN,3.1820251795119982e-09
Samples,80,BN,3.7711766457578195e-10
Samples,81,BN,4.1373525152315225e-07
Samples,82,BN,5.397954386512335e-07
Samples,83,BN,1.0779909787099181e-08
Samples,84,BN,5.352448922314696e-07
Samples,85,BN,1.7574473316086625e-07
Samples,86,BN,6.125060729063733e-08
Samples,87,BN,1.2140833124468525e-07
Samples,88,BN,9.071025602236524e-08
Samples,89,BN,3.9224352424655425e-06
Samples,91,BN,2.2553978837868142e-07
Samples,93,BN,5.205869153644648e-08
Samples,94,BN,1.3900287243301815e-07
Samples,95,BN,6.879129992964503e-08
Samples,96,BN,7.535203333193105e-08
Samples,98,BN,3.4431133169603344e-07
Samples,100,BN,9.397255086821344e-08
Samples,101,BN,2.0622519889526527e-07
Samples,102,BN,7.492244750726399e-07
Samples,103,BN,3.571272514142477e-06
Samples,106,BN,4.591446032634665e-07
Samples,107,BN,-1.2641894843963986e-07
Samples,109,BN,5.156824161086618e-07
Samples,113,BN,-1.084642969981919e-08
Samples,115,BN,4.901127743602776e-07
Samples,118,BN,2.065186947653223e-09
Samples,119,BN,3.0882546318432307e-10
Samples,120,BN,8.344535396103477e-10
Samples,121,BN,4.819934724176604e-07
Samples,122,BN,7.201772425520864e-10
Samples,123,BN,1.8554466539733216e-07
Samples,124,BN,4.318044335158251e-09
Samples,125,BN,2.2753500956966926e-09
Samples,126,BN,-1.9771963527282127e-08
Samples,127,BN,4.931091365883255e-07
Samples,128,BN,5.043604119333917e-07
Samples,129,BN,5.10105674695906e-07
Samples,130,BN,4.906329924176876e-07
Samples,131,BN,4.3445119933821665e-09
Samples,132,BN,1.3348302688413933e-08
Samples,133,BN,1.4793891099876126e-08
Samples,134,BN,1.3473628909870281e-08
Samples,136,BN,3.525253622637743e-09
Samples,137,BN,8.382314756135457e-09
Samples,138,BN,2.1864033747518786e-08
Samples,139,BN,2.0488265376589915e-08
Samples,140,BN,1.9447480080351755e-08
Samples,141,BN,1.8732917740330602e-08
Samples,142,BN,2.0588709311020102e-08
Samples,143,BN,4.938368386543272e-09
Samples,144,BN,1.843016538610801e-08
Samples,145,BN,7.466292959391065e-09
Samples,146,BN,2.6623729623791257e-08
Samples,147,BN,2.1818761190587404e-09
Samples,148,BN,2.0065017868800238e-08
Samples,149,BN,1.6724213086797394e-09
Samples,150,BN,1.600053813429963e-08
Samples,151,BN,7.331482024583319e-09
Samples,152,BN,4.899343768469859e-08
Samples,153,BN,1.5576687371308235e-08
Samples,154,BN,1.8276215895944736e-08
Samples,155,BN,1.4332993430581304e-08
Samples,156,BN,2.8538669070225665e-06
Samples,158,BN,-3.07957369544463e-10
Samples,159,BN,1.8474350908725924e-07
Samples,160,BN,6.595335258799012e-08
Samples,161,BN,3.904747498928099e-08
Samples,164,BN,2.431782619942214e-08
Samples,165,BN,4.7246845810716927e-07
Samples,166,BN,1.1398961603329998e-07
Samples,167,BN,6.523975582745353e-07
Samples,169,BN,3.1416612845660824e-06
Samples,171,BN,7.304181306339308e-08
Samples,172,BN,6.140991879841469e-07
Samples,174,BN,7.908217166480266e-09
Samples,175,BN,2.3009594859762527e-08
Samples,176,BN,1.6403622512409208e-08
Samples,177,BN,2.721768582285083e-10
Samples,178,BN,6.2932746848421605e-09
Samples,179,BN,2.452659372670779e-08
Samples,181,BN,8.044626496368249e-09
Samples,182,BN,9.518419332511964e-09
Samples,183,BN,2.2560458699299584e-09
Samples,184,BN,1.0270000407323414e-08
Samples,185,BN,1.2836115641585458e-08
Samples,186,BN,1.2956411476160206e-08
Samples,187,BN,2.0647940300588112e-08
Samples,188,BN,1.5527419311167855e-08
Samples,189,BN,1.331389178460641e-08
Samples,190,BN,3.1651192062990383e-09
Samples,191,BN,-1.7787886292925934e-09
Samples,192,BN,2.080166876577059e-08
Samples,193,BN,6.3414429882067405e-09
Samples,194,BN,7.094016527390389e-09
Samples,195,BN,3.6179444760196633e-09
Samples,196,BN,1.3445477340103354e-08
Samples,197,BN,2.41159678622194e-10
Samples,198,BN,4.002284953952137e-09
Samples,199,BN,1.1427465862091804e-07
Samples,200,BN,1.276852622576114e-07
Samples,201,BN,1.6222588396469018e-08
Samples,202,BN,4.301899041271773e-09
Samples,203,BN,5.344985767328558e-09
Samples,204,BN,7.16183503934131e-09
Samples,205,BN,8.0582469774779e-09
Samples,206,BN,3.190124775318282e-10
Samples,207,BN,7.641948817060652e-09
Samples,208,BN,2.387996842576026e-09
Samples,209,BN,1.0885857593930465e-08
Samples,210,BN,6.875302366068115e-09
Samples,211,BN,2.608164888802455e-09
Samples,212,BN,2.3017667132865065e-09
Samples,213,BN,8.676161081654141e-09
Samples,214,BN,2.372331724735841e-09
Samples,215,BN,7.453676473050449e-09
Samples,216,BN,6.827456110573453e-09
Samples,217,BN,2.7970716266126343e-09
Samples,218,BN,1.5735513004596666e-08
Samples,219,BN,6.1996797561072306e-09
Samples,220,BN,2.7165326048727943e-08
Samples,221,BN,1.128529697357712e-08
Samples,222,BN,2.459216612884673e-09
Samples,223,BN,-4.862544105676619e-11
Samples,224,BN,1.4823131796145415e-08
Samples,225,BN,-9.128829663469953e-10
Samples,226,BN,4.2626809936206444e-10
Samples,227,BN,9.934204614958609e-09
Samples,228,BN,1.1131334945339804e-08
Samples,229,BN,9.465341067222161e-10
Samples,230,BN,5.1508219904793485e-09
Samples,231,BN,1.4131575278299036e-08
Samples,232,BN,6.587470050239696e-08
Samples,233,BN,1.3333458192595565e-08
Samples,234,BN,1.1767935096813289e-08
Samples,235,BN,1.4692667949891119e-08
Samples,236,BN,6.627740871848768e-09
Samples,237,BN,2.1625185570838498e-08
Samples,238,BN,1.4104027104597795e-08
Samples,239,BN,1.4866705579406785e-08
Samples,240,BN,3.947791151438998e-09
Samples,241,BN,1.3156844557127604e-08
Samples,242,BN,1.1592541030038279e-08
Samples,243,BN,1.5009240271489137e-08
Samples,244,BN,8.072951263135195e-09
Samples,245,BN,9.812247877228345e-09
Samples,246,BN,1.552389819382819e-08
Samples,247,BN,1.2934916558383137e-08
Samples,248,BN,1.3590863017915893e-08
Samples,249,BN,1.518394693209344e-08
Samples,250,BN,1.0834848222015503e-08
Samples,251,BN,7.293335696470479e-09
Samples,252,BN,1.5264037521181595e-08
Samples,253,BN,5.264019540752282e-09
Samples,254,BN,1.072778686763327e-08
Samples,255,BN,9.332615380521827e-09
Samples,256,BN,1.9232512525485453e-07
Samples,257,BN,3.6788991744963485e-07
Samples,258,BN,8.402683086103655e-08
Samples,259,BN,7.133034338295146e-08
Samples,260,BN,8.972128589298796e-09
Samples,261,BN,1.0419800475981877e-07
Samples,262,BN,9.870965277695517e-08
Samples,263,BN,1.9822447962161586e-07
Samples,264,BN,4.013929754619617e-08
Samples,265,BN,8.180620721881908e-08
Samples,266,BN,2.632237396353814e-07
Samples,267,BN,1.476468674923373e-07
Samples,268,BN,1.432636935776019e-07
Samples,269,BN,2.1686517631187775e-07
Samples,270,BN,3.94448354048469e-07
Samples,271,BN,8.562893509174324e-08
Samples,272,BN,6.829286508577706e-07
Samples,273,BN,9.985142963743494e-08
Samples,274,BN,5.799647530606452e-07
Samples,275,BN,5.008637814492568e-09
Samples,276,BN,3.1294401413673616e-07
Samples,277,BN,2.10993996906112e-08
Samples,278,BN,6.353243587457574e-09
Samples,279,BN,1.1776203662344281e-08
Samples,280,BN,4.344160397798906e-07
Samples,281,BN,3.626950049442025e-08
Samples,282,BN,5.964144923528246e-08
Samples,283,BN,3.683707102555779e-08
Samples,284,BN,1.8576772571320952e-08
Samples,285,BN,4.807576251823765e-09
Samples,286,BN,2.421048294723569e-08
Samples,287,BN,3.489507774839347e-08
Samples,288,BN,2.633168133047992e-08
Samples,289,BN,3.9946293315008175e-08
Samples,290,BN,3.2049035440686215e-08
Samples,291,BN,1.6847520943408894e-09
Samples,292,BN,1.2254701201585927e-07
Samples,293,BN,3.7679030333059356e-08
Samples,294,BN,-1.1579831283868778e-10
Samples,295,BN,-7.311485615934253e-12
Samples,296,BN,4.0723110632149274e-10
Samples,297,BN,1.8739816938593025e-08
Samples,298,BN,3.360435688951476e-08
Samples,299,BN,2.3127135361717343e-08
Samples,300,BN,8.911794261631574e-09
Samples,301,BN,9.089115214191405e-09
Samples,302,BN,1.1881601996361401e-07
Samples,303,BN,4.6216488333038275e-07
Samples,304,BN,1.5030779611007053e-07
Samples,305,BN,3.557222453942352e-08
Samples,306,BN,1.7069652702077495e-07
Samples,307,BN,2.684734604137866e-07
Samples,308,BN,1.9176070305224413e-08
Samples,311,BN,6.870948586619292e-08
Samples,319,BN,8.969814298693166e-08
Samples,320,BN,5.953691903670102e-08
Samples,323,BN,1.9668227025040598e-07
Samples,324,BN,3.247570229283509e-07
Samples,325,BN,1.1266004045024975e-07
Samples,326,BN,1.248719085673191e-07
Samples,327,BN,1.7337139185806083e-07
Samples,328,BN,2.7509691312921407e-08
Samples,329,BN,7.514402648422844e-08
Samples,330,BN,1.3232866815611572e-07
Samples,331,BN,8.108723002366851e-08
Samples,332,BN,1.1442331675250617e-06
Samples,333,BN,1.0950600241650857e-07
Samples,334,BN,1.3018036302672734e-07
Samples,335,BN,1.2652773504891742e-07
Samples,336,BN,1.3874580547452964e-07
Samples,337,BN,1.2120402901132025e-10
Samples,338,BN,2.8228935779077394e-10
Samples,339,BN,2.8881931519787e-11
Samples,340,BN,1.506698490402238e-09
Samples,341,BN,3.772314270399452e-11
Samples,342,BN,3.716250267892959e-10
Samples,343,BN,5.390210138408693e-10
Samples,344,BN,2.1321522683744681e-10
Samples,345,BN,1.4538868500110491e-08
Samples,346,BN,3.205293235009077e-07
Samples,347,BN,1.271556468108261e-10
Samples,348,BN,2.227141126035466e-08
Samples,349,BN,4.221235763833978e-10
Samples,350,BN,2.094159199232595e-09
Samples,351,BN,1.8847396652673734e-10
Samples,352,BN,1.0443045857463623e-08
Samples,353,BN,4.2524252527090005e-09
Samples,354,BN,7.812242408428176e-10
Samples,355,BN,6.006434363455737e-11
Samples,356,BN,4.839529032267394e-08
Samples,357,BN,7.70710808983266e-08
Samples,358,BN,4.692759044041401e-09
Samples,359,BN,9.833995504792697e-09
Samples,361,BN,1.1465098968057879e-10
Samples,362,BN,5.088718594224597e-10
Samples,363,BN,1.2523147548159685e-10
Samples,364,BN,5.519526383400059e-10
Samples,365,BN,1.1686566223708031e-07
Samples,367,BN,8.653277912757922e-09
Samples,368,BN,1.4523425982322296e-09
Samples,370,BN,2.0890220005235386e-08
Samples,374,BN,7.566149269032913e-07
Samples,375,BN,1.0865302623806077e-06
Samples,376,BN,9.251459638317847e-07
Samples,377,BN,3.2719679148930735e-07
Samples,378,BN,3.4007322315915833e-07
Samples,379,BN,3.788208331834459e-07
Samples,380,BN,1.980991753176091e-07
Samples,381,BN,1.0776395610394077e-06
Samples,382,BN,9.146302099721104e-07
Samples,383,BN,1.2273539212274732e-06
Samples,384,BN,2.4894602232349357e-07
Samples,385,BN,2.2194874656453595e-08
Samples,386,BN,9.423614320010465e-10
Samples,387,BN,4.016218955628059e-09
Samples,388,BN,7.170568489953187e-10
Samples,389,BN,8.800340623074856e-10
Samples,390,BN,8.116873348155759e-10
Samples,391,BN,6.864117495087539e-10
Samples,392,BN,1.9931356397397822e-09
Samples,393,BN,1.6978800445038075e-09
Samples,394,BN,2.5601707940149517e-09
Samples,395,BN,1.8398105306006485e-08
Samples,396,BN,1.6456353766614258e-08
Samples,397,BN,2.741987649689619e-09
Samples,398,BN,5.04665866658544e-09
Samples,399,BN,3.3003538262599094e-08
Samples,400,BN,1.1153780140552808e-06
Samples,401,BN,1.0936905711878111e-06
Samples,402,BN,1.1176218503461647e-06
Samples,403,BN,1.5993432252430618e-09
Samples,404,BN,2.2578526899920653e-10
Samples,405,BN,2.3097708096138295e-10
Samples,406,BN,4.4617016379823e-10
Samples,407,BN,3.7378071721813186e-10
Samples,408,BN,4.134083509089682e-10
Samples,409,BN,1.3794426997725098e-09
Samples,410,BN,1.052384366922886e-06
Samples,411,BN,5.725082750132211e-10
Samples,412,BN,-5.298245339034454e-09
Samples,413,BN,7.493397398627563e-08
Samples,414,BN,3.877138184696062e-09
Samples,415,BN,1.0518078352926507e-07
Samples,416,BN,9.089564737564909e-07
Samples,417,BN,2.697863404131712e-07
Samples,418,BN,7.74553146841855e-09
Samples,419,BN,5.736249529168866e-09
Samples,420,BN,1.937140196687073e-11
Samples,421,BN,1.1692694267848472e-10
Samples,422,BN,3.264337374257876e-11
Samples,423,BN,6.938554437895445e-11
Samples,424,BN,4.9337965837262596e-11
Samples,425,BN,5.258816294848567e-11
Samples,426,BN,6.383007517326034e-09
Samples,427,BN,3.2042366980643734e-10
Samples,428,BN,1.2749517571233747e-07
Samples,429,BN,3.551312914695965e-08
Samples,430,BN,3.146938958004104e-08
Samples,431,BN,2.2173709523799474e-08
Samples,432,BN,1.626291276938814e-08
Samples,433,BN,2.1170423127890467e-08
Samples,434,BN,1.86731400183796e-08
Samples,435,BN,1.8781585925702445e-08
Samples,436,BN,3.650019932340197e-08
Samples,437,BN,1.7656261033722774e-08
Samples,438,BN,1.1976791702798592e-08
Samples,439,BN,2.0507933439361283e-08
Samples,440,BN,1.7576871234551537e-08
Samples,441,BN,2.0846050287856242e-08
Samples,442,BN,2.0051030811032576e-08
Samples,443,BN,3.9633597988530936e-08
Samples,444,BN,1.1768628476901603e-08
Samples,445,BN,2.994792378314802e-08
Samples,446,BN,3.968636661139317e-08
Samples,447,BN,3.2934364756759054e-08
Samples,448,BN,1.1628730674654034e-08
Samples,449,BN,3.74365066024728e-08
Samples,450,BN,2.3834550892730097e-08
Samples,451,BN,2.2784362955900137e-08
Samples,452,BN,2.5744581625337703e-09
Samples,453,BN,4.074561508428725e-08
Samples,454,BN,-2.2257090836552617e-09
Samples,455,BN,6.170152978524829e-09
Samples,456,BN,2.8604532930908072e-08
Samples,457,BN,1.9008419089382164e-08
Samples,458,BN,2.0649809859753607e-08
Samples,459,BN,4.7935694288088e-08
Samples,460,BN,4.4279080125153685e-08
Samples,461,BN,3.51086397486077e-08
Samples,462,BN,4.7740110140538255e-08
Samples,463,BN,4.050395657583622e-08
Samples,464,BN,4.1491304101124274e-08
Samples,465,BN,5.143864543206232e-08
Samples,466,BN,5.628919896255605e-08
Samples,467,BN,5.1774445032891756e-08
Samples,468,BN,3.868316976043789e-08
Samples,469,BN,1.2690204733727349e-08
Samples,470,BN,4.7806979434087745e-08
Samples,471,BN,4.435082494056658e-08
Samples,472,BN,4.8400734019193104e-08
Samples,473,BN,4.942380308261802e-08
Samples,474,BN,4.835327398731778e-08
Samples,475,BN,3.9752980744662476e-08
Samples,476,BN,3.476900570645176e-09
Samples,477,BN,1.4236616743570537e-08
Samples,478,BN,2.2525108017050068e-08
Samples,479,BN,1.980818592017694e-08
Samples,480,BN,2.1351979191588326e-08
Samples,481,BN,3.2798159857276125e-08
Samples,482,BN,4.906225008833754e-09
Samples,483,BN,4.4725360673475216e-08
Samples,484,BN,1.3702047291488498e-09
Samples,485,BN,1.4428169982587304e-08
Samples,486,BN,3.116584232440161e-08
Samples,487,BN,1.4580774407619522e-08
Samples,488,BN,2.6395976296866224e-08
Samples,489,BN,3.001140476796583e-08
Samples,490,BN,4.1752745515981685e-08
Samples,491,BN,2.563343174374061e-08
Samples,492,BN,3.837598029064759e-08
Samples,493,BN,3.723118144280431e-08
Samples,494,BN,3.9029531101234055e-09
Samples,495,BN,8.637713778335576e-09
Samples,496,BN,3.4022661756856305e-08
Samples,497,BN,4.4290143895537645e-08
Samples,498,BN,2.768536073710125e-08
Samples,499,BN,1.55208651074732e-08
Samples,500,BN,4.165650775434508e-08
Samples,501,BN,3.841802376893172e-08
Samples,502,BN,5.706503432689327e-08
Samples,503,BN,6.00385306909799e-08
Samples,504,BN,4.095819554572191e-08
Samples,505,BN,5.1202680284287745e-08
Samples,506,BN,3.5407970917918414e-08
Samples,507,BN,1.7034313783330037e-07
Samples,508,BN,2.577864518483925e-07
Samples,509,BN,8.267210975550315e-09
Samples,510,BN,1.126352873954237e-07
Samples,511,BN,5.13130514926726e-07
Samples,512,BN,2.604532516694577e-09
Samples,513,BN,4.881885671220077e-09
Samples,514,BN,2.9755877075812792e-09
Samples,515,BN,8.089728420342504e-07
Samples,516,BN,8.564144974988756e-07
Samples,517,BN,2.121568563435142e-07
Samples,518,BN,6.990795636981712e-07
Samples,519,BN,7.749818219927494e-07
Samples,520,BN,7.57600069645287e-07
Samples,521,BN,1.7974756652455257e-07
Samples,522,BN,1.215542263241773e-06
Samples,523,BN,6.493163559190401e-07
Samples,524,BN,1.2029872855672153e-06
Samples,525,BN,6.78544087489256e-08
Samples,526,BN,-1.2899226035145786e-09
Samples,527,BN,-2.2698040073348018e-09
Samples,528,BN,6.068761153808816e-07
Samples,529,BN,4.498843028599114e-09
Samples,530,BN,2.164014558087601e-09
Samples,531,BN,2.4261105883465313e-09
Samples,532,BN,6.69615167022828e-09
Samples,533,BN,5.019750443036055e-10
Samples,534,BN,6.943260560781541e-07
Samples,535,BN,9.319537506079603e-07
Samples,536,BN,1.0104616802122691e-08
Samples,537,BN,3.1208130801917146e-08
Samples,538,BN,2.5519533821698155e-08
Samples,539,BN,4.178184805222534e-08
Samples,540,BN,2.1908735494367457e-08
Samples,541,BN,4.43936004474871e-09
Samples,542,BN,3.865461295897331e-08
Samples,543,BN,4.109783861473283e-08
Samples,544,BN,1.189957351705674e-06
Samples,545,BN,2.1703279760278924e-06
Samples,546,BN,9.125334584437727e-07
Samples,547,BN,5.746629772565776e-07
Samples,548,BN,1.0651015388144053e-06
Samples,549,BN,5.185625570800041e-07
Samples,550,BN,1.702387473499045e-07
Samples,551,BN,-5.081626942134823e-09
Samples,552,BN,4.464708759608037e-07
Samples,553,BN,1.0659395421316265e-06
Samples,554,BN,1.0596471523348342e-06
Samples,555,BN,5.656588178564044e-07
Samples,556,BN,2.0574269215395758e-09
Samples,557,BN,9.016041911279094e-07
Samples,558,BN,1.61300728858076e-06
Samples,559,BN,3.7172857749558517e-09
Samples,560,BN,6.232520215469042e-09
Samples,561,BN,3.557432704085436e-09
Samples,562,BN,1.2583680880340179e-06
Samples,563,BN,1.930710737200106e-08
Samples,564,BN,2.576305545466479e-08
Samples,565,BN,7.071148566609769e-09
Samples,566,BN,1.406427955692792e-10
Samples,567,BN,6.248737513625933e-07
Samples,568,BN,1.3916818693257193e-09
Samples,569,BN,1.1329524449471594e-09
Samples,570,BN,1.2447468489974321e-06
Samples,571,BN,2.5053091628204227e-09
Samples,572,BN,1.1376156839497681e-08
Samples,573,BN,3.6947945607564387e-09
Samples,574,BN,1.0113908596631678e-07
Samples,575,BN,2.591392712043808e-07
Samples,576,BN,6.884308664689831e-07
Samples,577,BN,4.193938069064113e-07
Samples,578,BN,8.2933333802713e-07
Samples,579,BN,5.51458688969405e-07
Samples,580,BN,5.774274839347077e-07
Samples,581,BN,3.32556205579107e-07
Samples,582,BN,4.776842974469087e-09
Samples,583,BN,2.3964183390368455e-07
Samples,584,BN,9.21601689444551e-07
Samples,585,BN,1.5792379415835432e-08
Samples,586,BN,8.302422148043255e-07
Samples,587,BN,1.9201209062807875e-08
Samples,588,BN,4.881898425330242e-09
Samples,589,BN,4.019378059457729e-08
Samples,590,BN,7.90295352979122e-08
Samples,591,BN,6.166338984980695e-07
Samples,592,BN,2.0633400254395043e-07
Samples,593,BN,1.9015193209552503e-07
Samples,594,BN,1.3528093672704737e-06
Samples,595,BN,1.918708264129031e-07
Samples,596,BN,8.713293432676486e-09
Samples,597,BN,3.850579788304599e-07
Samples,598,BN,1.558427401395777e-06
Samples,599,BN,1.2334326591457114e-06
Samples,600,BN,8.316972485286959e-07
Samples,601,BN,4.952119472483056e-08
Samples,602,BN,4.940772414823743e-08
Samples,603,BN,2.772503713831789e-08
Samples,604,BN,3.960441602431827e-08
Samples,605,BN,6.13538983703719e-08
Samples,606,BN,4.724481311861417e-08
Samples,607,BN,5.872628500672533e-08
Samples,608,BN,4.921025886734668e-08
Samples,609,BN,5.0128376558874e-08
Samples,610,BN,1.338713748474083e-07
Samples,611,BN,1.0110043880648095e-07
Samples,612,BN,9.755311138116601e-08
Samples,613,BN,5.0498021398910666e-08
Samples,614,BN,1.2545018875034117e-07
Samples,615,BN,4.1343162107227966e-08
Samples,616,BN,5.026160412173149e-08
Samples,617,BN,8.311314139530128e-08
Samples,618,BN,3.670887171086702e-08
Samples,619,BN,2.3072613441424425e-07
Samples,620,BN,2.519251862985625e-06
Samples,621,BN,-2.5875482479564036e-09
Samples,622,BN,5.266287640246733e-09
Samples,623,BN,1.4680934310562466e-08
Samples,624,BN,8.245189989824363e-08
Samples,625,BN,7.431033037239651e-08
Samples,626,BN,3.4984832051197416e-08
Samples,627,BN,6.939571536444737e-08
Samples,628,BN,4.881561347305985e-08
Samples,629,BN,7.401543885869762e-08
Samples,630,BN,8.57420320924197e-08
Samples,631,BN,5.4981053414920063e-08
Samples,632,BN,1.4686167019730595e-07
Samples,633,BN,4.6944886919164775e-08
Samples,634,BN,1.816204699081068e-07
Samples,635,BN,3.628432939163499e-08
Samples,636,BN,8.647258427483421e-08
Samples,637,BN,9.233241703673856e-08
Samples,638,BN,0.0001361824504655027
Samples,639,BN,1.080876851290959e-05
Samples,640,BN,8.993157384916602e-06
Samples,641,BN,2.5193805997959632e-05
Samples,642,BN,4.0494146948972056e-05
Samples,643,BN,1.934553937236542e-05
Samples,645,BN,2.37100041952504e-05
Samples,646,BN,4.034617065917397e-06
Samples,647,BN,1.3212254702653669e-05
Samples,648,BN,1.1589229634957679e-07
Samples,649,BN,4.277598733367046e-07
Samples,650,BN,1.8222811058697616e-05
Samples,651,BN,2.2720361648399673e-06
Samples,652,BN,3.141776059400092e-05
Samples,653,BN,-3.3916987082974457e-07
Samples,654,BN,4.85426234775648e-06
Samples,655,BN,9.470150557079123e-07
Samples,656,BN,5.910212269674153e-07
Samples,657,BN,6.695483489563096e-07
Samples,658,BN,1.682252074200084e-06
Samples,659,BN,5.502291503905996e-08
Samples,660,BN,1.959156527563972e-07
Samples,661,BN,8.188640092491546e-08
Samples,662,BN,4.07120745152403e-08
Samples,663,BN,5.072503870054162e-09
Samples,664,BN,3.877531656680334e-08
Samples,665,BN,7.272520564720125e-08
Samples,666,BN,4.0101047838863355e-08
Samples,667,BN,7.846261797266254e-09
Samples,668,BN,8.522689369274846e-09
Samples,669,BN,3.1734548631983055e-08
Samples,670,BN,9.568342256200616e-07
Samples,671,BN,3.410504386230652e-08
Samples,672,BN,-7.448805287780926e-08
Samples,673,BN,1.1476483591142923e-06
Samples,674,BN,1.2699703258689609e-06
Samples,675,BN,1.2209579913383878e-06
Samples,676,BN,4.63459467712324e-08
Samples,677,BN,1.067561330472858e-08
Samples,678,BN,3.6834221629312934e-08
Samples,679,BN,9.641814784392393e-07
Samples,680,BN,9.909909411282694e-07
Samples,681,BN,1.086414016568096e-06
Samples,682,BN,4.165579184394556e-08
Samples,683,BN,4.9595193660006604e-08
Samples,684,BN,1.2455308131821749e-07
Samples,685,BN,1.1355337999338454e-08
Samples,686,BN,8.973501258561704e-08
Samples,687,BN,9.789019476446105e-08
Samples,688,BN,1.5081699650651097e-08
Samples,689,BN,4.01227938794644e-08
Samples,690,BN,4.160290340300891e-08
Samples,691,BN,6.558965936674862e-08
Samples,692,BN,8.348093094223817e-08
Samples,693,BN,9.649890145762867e-08
Samples,694,BN,3.503011224587713e-08
Samples,695,BN,2.5856231502571945e-08
Samples,696,BN,2.36219300071476e-08
Samples,697,BN,8.393099038189572e-07
Samples,698,BN,1.0694789690748738e-06
Samples,699,BN,4.186390747528747e-09
Samples,700,BN,1.1002251096359792e-06
Samples,701,BN,1.1467099507086126e-06
Samples,702,BN,9.439369902063049e-07
Samples,703,BN,1.1020866773058094e-07
Samples,704,BN,1.0977325956220046e-07
Samples,705,BN,1.2079220902409075e-08
Samples,706,BN,4.825353807184163e-07
Samples,707,BN,1.4847434359163844e-08
Samples,708,BN,6.280411340036985e-08
Samples,709,BN,3.471463972307536e-07
Samples,710,BN,1.2487677110615068e-07
Samples,711,BN,3.3260175006809006e-07
Samples,712,BN,1.0883442376730517e-08
Samples,713,BN,8.775194317276088e-08
Samples,714,BN,4.884057673225465e-07
Samples,715,BN,2.5306141926112996e-07
Samples,716,BN,2.46247592558176e-07
Samples,717,BN,6.780851881559256e-07
Samples,718,BN,3.83578588422242e-08
Samples,719,BN,4.6929032961177817e-08
Samples,720,BN,3.8964850068818175e-08
Samples,721,BN,3.7602309267651735e-08
Samples,722,BN,3.7400394394699427e-07
Samples,723,BN,3.032857580697559e-08
Samples,724,BN,2.9186900909013987e-08
Samples,725,BN,3.380074074828198e-08
Samples,726,BN,3.6961919872720586e-08
Samples,727,BN,3.4648409420827635e-08
Samples,728,BN,3.1412499187795616e-08
Samples,729,BN,3.770895219347788e-08
Samples,730,BN,4.6034002273212e-08
Samples,731,BN,7.600259291578638e-08
Samples,732,BN,2.766244335831967e-07
Samples,733,BN,8.123132050354115e-08
Samples,734,BN,8.286526547284814e-08
Samples,735,BN,8.900178745097303e-08
Samples,736,BN,1.2700419105842902e-07
Samples,737,BN,9.047796861962848e-09
Samples,738,BN,4.415053942979435e-08
Samples,739,BN,4.1932398955130083e-08
Samples,740,BN,2.8103458485753624e-07
Samples,741,BN,2.7975137773263863e-08
Samples,742,BN,1.8864361817177386e-07
Samples,743,BN,1.909528199860128e-08
Samples,744,BN,1.2515166618197483e-06
Samples,745,BN,1.7063051919615678e-07
Samples,746,BN,6.716369453246904e-08
Samples,747,BN,1.610999678987205e-08
Samples,748,BN,1.4968044462607736e-07
Samples,749,BN,2.5172883038471554e-08
Samples,750,BN,4.176330146625009e-08
Samples,751,BN,7.46147086735489e-07
Samples,752,BN,6.754513544161092e-08
Samples,753,BN,5.633334751298925e-07
Samples,754,BN,8.246416130014842e-08
Samples,755,BN,4.814724364411746e-09
Samples,756,BN,1.9931534145441593e-09
Samples,757,BN,4.438407873565556e-09
Samples,758,BN,6.3422613143748294e-09
Samples,759,BN,4.6582905405830295e-09
Samples,760,BN,2.6572588513578926e-08
Samples,761,BN,2.4975500514443648e-08
Samples,762,BN,7.130804537307143e-09
Samples,763,BN,1.8825577609972606e-07
Samples,764,BN,1.4816506213639445e-08
Samples,765,BN,2.5199162740777844e-08
Samples,766,BN,1.1056334911942647e-08
Samples,767,BN,7.724760000318394e-08
Samples,768,BN,1.926267941553223e-08
Samples,769,BN,1.262131567304995e-08
Samples,770,BN,1.401829531370326e-08
Samples,771,BN,5.6064286191147884e-08
Samples,772,BN,1.470711002357145e-08
Samples,773,BN,1.0498668726567796e-06
Samples,774,BN,5.602779990590046e-09
Samples,775,BN,4.933239806152396e-07
Samples,776,BN,1.3627846860301422e-07
Samples,777,BN,3.090450477522002e-08
Samples,778,BN,1.6983422156438976e-09
Samples,779,BN,1.5913875824041167e-08
Samples,780,BN,6.884248571618899e-09
Samples,781,BN,3.4400887150583345e-08
Samples,782,BN,7.153192403653691e-09
Samples,783,BN,2.8191596556546306e-09
Samples,784,BN,8.283034504731379e-09
Samples,785,BN,2.6507160453885814e-07
Samples,786,BN,1.0025140546107437e-06
Samples,787,BN,4.03669026801217e-09
Samples,788,BN,3.402290586698864e-09
Samples,789,BN,6.048910560661702e-08
Samples,790,BN,6.992855163584132e-09
Samples,791,BN,1.3170687816607728e-08
Samples,792,BN,3.971404721652765e-08
Samples,793,BN,3.7600097653997845e-08
Samples,794,BN,3.983021849349971e-08
Samples,795,BN,6.869276224112768e-09
Samples,796,BN,1.7695986399433147e-08
Samples,797,BN,1.0597806171358142e-06
Samples,798,BN,1.261031509244049e-08
Samples,799,BN,1.0561835362683637e-06
Samples,800,BN,1.4301425131645376e-08
Samples,801,BN,1.5954294392577327e-09
Samples,802,BN,4.95858727866897e-09
Samples,803,BN,2.6969757232181473e-09
Samples,804,BN,3.4536288528226705e-09
Samples,805,BN,1.9244000310174653e-07
Samples,806,BN,3.475093317338285e-09
Samples,807,BN,1.1029795961339748e-08
Samples,808,BN,7.893077315123145e-08
Samples,809,BN,2.896225913622079e-09
Samples,810,BN,5.730121575821207e-09
Samples,811,BN,5.663051307368458e-09
Samples,812,BN,5.40095299011677e-08
Samples,813,BN,1.3353326729121535e-07
Samples,814,BN,9.767145434728084e-09
Samples,815,BN,4.1748663962940015e-09
Samples,816,BN,3.0085189705628377e-09
Samples,817,BN,5.229086017933027e-09
Samples,818,BN,4.755517917252687e-09
Samples,819,BN,1.1615354472681355e-08
Samples,820,BN,1.0591015979100373e-09
Samples,821,BN,6.757543264039128e-08
Samples,822,BN,1.0580564840216298e-06
Samples,823,BN,1.0052626000813825e-06
Samples,824,BN,3.769779433461793e-08
Samples,825,BN,3.825200516425239e-08
Samples,826,BN,3.1571146838189488e-09
Samples,827,BN,4.1819573156146864e-08
Samples,828,BN,3.844174739671264e-08
Samples,829,BN,1.4411420395648838e-07
Samples,830,BN,9.224863128943685e-08
Samples,831,BN,4.122863106322148e-08
Samples,832,BN,1.0461375876843387e-07
Samples,833,BN,1.6323500700464865e-08
Samples,834,BN,1.2312697062778846e-06
Samples,835,BN,8.128604222701249e-08
Samples,836,BN,1.2974695650433165e-06
Samples,837,BN,1.6802312049187185e-07
Samples,838,BN,1.297839392923272e-06
Samples,839,BN,8.264444653481005e-08
Samples,840,BN,9.345888437938339e-08
Samples,841,BN,1.4561000846268174e-07
Samples,842,BN,1.0215596095090892e-07
Samples,843,BN,1.2761404600092566e-06
Samples,844,BN,1.2540101005809207e-07
Samples,845,BN,2.9701478332816743e-07
Samples,846,BN,2.0965815160165185e-07
Samples,847,BN,2.0199881062610484e-07
Samples,848,BN,5.494874284446725e-08
Samples,849,BN,7.245134699365564e-09
Samples,850,BN,1.7331859164321432e-06
Samples,851,BN,6.925924105251703e-08
Samples,852,BN,7.715498248667516e-08
Samples,853,BN,5.409005252670698e-06
Samples,854,BN,8.356215710483132e-08
Samples,855,BN,4.244593713648007e-08
Samples,856,BN,5.9533831603860725e-08
Samples,857,BN,7.332722718685049e-08
Samples,858,BN,4.591738282060456e-08
Samples,859,BN,3.892890138561895e-08
Samples,860,BN,3.841467523952117e-08
Samples,861,BN,5.654381796466238e-09
Samples,862,BN,5.0021639768968985e-08
Samples,863,BN,7.624960202081305e-08
Samples,864,BN,4.3939599406840185e-08
Samples,865,BN,4.1937913809197246e-08
Samples,866,BN,4.2410248137514244e-08
Samples,867,BN,2.2219476945705276e-08
Samples,868,BN,1.5085683401519506e-08
Samples,869,BN,3.717122381302951e-08
Samples,870,BN,1.975543791618672e-07
Samples,871,BN,4.219510118575132e-08
Samples,872,BN,4.610872313992067e-08
Samples,873,BN,8.155100268864273e-08
Samples,874,BN,3.9732975577756274e-08
Samples,875,BN,1.1832946596640137e-08
Samples,876,BN,4.1005957618797186e-08
Samples,877,BN,5.586273067423647e-08
Samples,878,BN,6.042124973756918e-08
Samples,879,BN,6.686758527831134e-08
Samples,880,BN,3.336251118381038e-08
Samples,881,BN,5.468364593813799e-08
Samples,882,BN,6.0072578434934e-08
Samples,883,BN,7.554868654187686e-08
Samples,884,BN,6.558872458987287e-08
Samples,885,BN,5.264512080274477e-08
Samples,886,BN,1.7480201664110147e-08
Samples,887,BN,9.765032003637805e-08
Samples,888,BN,1.1229761711278178e-07
Samples,889,BN,9.743797629322403e-08
Samples,890,BN,1.5967556429573198e-08
Samples,891,BN,1.1475399919322222e-07
Samples,892,BN,1.6334816853604157e-08
Samples,893,BN,1.9430865809152625e-08
Samples,894,BN,2.068366682587007e-06
Samples,895,BN,2.1545301774149055e-06
Samples,896,BN,2.119935621506994e-06
Samples,897,BN,2.5661195573105587e-06
Samples,898,BN,2.036583977810077e-06
Samples,899,BN,2.609814306718065e-06
Samples,900,BN,2.0058853779315083e-06
Samples,901,BN,1.759200554412198e-07
Samples,902,BN,2.0653180030369206e-06
Samples,903,BN,2.0959302325869287e-06
Samples,904,BN,1.1832924500201306e-07
Samples,905,BN,2.7998653761174994e-06
Samples,906,BN,4.773776982576033e-06
Samples,907,BN,1.9841234573658217e-06
Samples,908,BN,1.895710024380451e-06
Samples,909,BN,2.1982431097924056e-06
Samples,910,BN,2.607924558819603e-06
Samples,911,BN,9.693809208794989e-07
Samples,912,BN,4.6038785425008887e-08
Samples,913,BN,1.229855884545969e-08
Samples,914,BN,1.1522284216335027e-06
Samples,915,BN,1.1099654426131014e-07
Samples,916,BN,5.958611753779906e-07
Samples,917,BN,2.3600122851117214e-06
Samples,918,BN,2.003387402516031e-06
Samples,919,BN,1.99557977403035e-06
Samples,920,BN,1.9581039055092396e-06
Samples,921,BN,3.5550598071413867e-08
Samples,922,BN,7.98563803537812e-08
Samples,923,BN,1.4707745475202035e-07
Samples,924,BN,2.0775987911927633e-06
Samples,925,BN,3.7783087781170235e-07
Samples,926,BN,3.716898890024565e-06
Samples,927,BN,1.1705393794173621e-05
Samples,928,BN,3.888156293154282e-05
Samples,929,BN,2.002486029922562e-06
Samples,930,BN,1.4814070142884157e-06
Samples,931,BN,2.4981599684280245e-06
Samples,932,BN,2.2737090425773613e-06
Samples,933,BN,3.0467981431702394e-08
Samples,934,BN,1.437995740132339e-06
Samples,935,BN,1.5059636591622702e-07
Samples,936,BN,2.8844785828320634e-06
Samples,937,BN,1.5052866627707002e-06
Samples,938,BN,1.5816000154696584e-06
Samples,939,BN,2.034951153393524e-05
Samples,940,BN,7.353968276891662e-06
Samples,941,BN,6.547623987450793e-08
Samples,942,BN,-2.1793911234873237e-07
Samples,943,BN,6.641697939368191e-07
Samples,944,BN,7.258024779053206e-07
Samples,945,BN,1.7630114800853428e-06
Samples,946,BN,1.7656395207511855e-06
Samples,947,BN,1.734665668356392e-06
Samples,948,BN,1.7506005026507946e-06
Samples,949,BN,1.7563330560841314e-06
Samples,950,BN,2.7884812106180256e-06
Samples,951,BN,2.675332712081861e-07
Samples,952,BN,1.6332780660585558e-06
Samples,953,BN,2.55220283100014e-06
Samples,954,BN,2.451823842756627e-05
Samples,955,BN,1.2681794280689325e-05
Samples,956,BN,2.2426811234254792e-08
Samples,959,BN,6.768368102000453e-08
Samples,960,BN,6.649243278308734e-08
Samples,961,BN,2.754998571215707e-07
Samples,962,BN,1.682139405619386e-06
Samples,963,BN,3.622364186151294e-07
Samples,964,BN,3.7293621677904807e-06
Samples,965,BN,4.1563671749218855e-06
Samples,966,BN,3.4174594726124615e-07
Samples,967,BN,1.629797890368722e-06
Samples,969,BN,2.2838354947359173e-06
Samples,970,BN,1.0176104909975881e-08
Samples,971,BN,1.7060932430032033e-06
Samples,973,BN,5.012022310826953e-08
Samples,974,BN,4.483925839815049e-07
Samples,975,BN,1.4729827717894331e-05
Samples,976,BN,1.2290064687850095e-07
Samples,977,BN,1.2551172523844007e-07
Samples,978,BN,1.0943183360710635e-05
Samples,979,BN,2.7244950529919747e-08
Samples,982,BN,8.33816216349782e-07
Samples,983,BN,2.5443305308451435e-07
Samples,985,BN,1.507916923308085e-07
Samples,987,BN,3.7217796150421556e-05
Samples,988,BN,5.204748397227868e-07
Samples,989,BN,3.420959509402459e-05
Samples,990,BN,5.703399743266184e-07
Samples,991,BN,5.836195642977017e-05
Samples,992,BN,4.3764951899197395e-05
Samples,993,BN,5.7812009677732995e-05
Samples,994,BN,4.206045621849303e-08
Samples,995,BN,6.60960162854601e-08
Samples,996,BN,4.046552729518838e-05
Samples,997,BN,7.125537997927664e-05
Samples,998,BN,1.4982572457282804e-07
Samples,999,BN,6.380154142804954e-05
Samples,1000,BN,1.9030805726372352e-06
Samples,1001,BN,1.4928110494796674e-06
Samples,1002,BN,2.1832999663033178e-07
Samples,1003,BN,2.9246361844064613e-07
Samples,1004,BN,3.265962675928519e-07
Samples,1005,BN,3.331150262104796e-07
Samples,1006,BN,3.0086758248395295e-07
Samples,1007,BN,3.5471300349629944e-07
Samples,1008,BN,4.2551841569775047e-07
Samples,1009,BN,2.8506493918280973e-07
Samples,1010,BN,6.695594676507897e-09
Samples,1011,BN,-1.3605385791871574e-06
Samples,1012,BN,6.883911955847444e-09
Samples,1013,BN,2.4772368777480325e-07
Samples,1014,BN,1.3881541306725854e-06
Samples,1015,BN,7.829808243158372e-08
Samples,1016,BN,8.509363459004318e-08
Samples,1017,BN,8.116312257508185e-08
Samples,1018,BN,8.358874562440492e-08
Samples,1019,BN,1.4630643833704094e-09
Samples,1020,BN,4.846105574995896e-09
Samples,1021,BN,1.1683183688227657e-08
Samples,1022,BN,1.6386813908831525e-08
Samples,1023,BN,9.337587621381497e-09
Samples,1024,BN,1.3798757404319837e-08
Samples,1025,BN,-9.66295784619584e-10
Samples,4,BO,4.069216840459644e-06
Samples,5,BO,1.6090062678515634e-05
Samples,6,BO,2.125295140385698e-06
Samples,7,BO,1.0924619242792944e-06
Samples,8,BO,2.3605253341816884e-07
Samples,9,BO,1.5355718785879665e-06
Samples,10,BO,6.662502781486291e-07
Samples,11,BO,1.0354294735741767e-06
Samples,12,BO,0.000303318343628856
Samples,17,BO,-8.768887924013411e-08
Samples,19,BO,3.509695563435218e-05
Samples,20,BO,5.5090945684653846e-05
Samples,21,BO,3.56029128355912e-05
Samples,26,BO,4.079124007588604e-06
Samples,28,BO,3.398629108957612e-06
Samples,29,BO,1.7719113076647158e-05
Samples,30,BO,4.314956492672302e-05
Samples,32,BO,5.1568084546162434e-05
Samples,34,BO,1.0434986255988413e-05
Samples,35,BO,0.012449957638768244
Samples,37,BO,1.976122788363158e-05
Samples,39,BO,1.3023835385402583e-05
Samples,41,BO,6.413684709734309e-05
Samples,42,BO,5.59368605254255e-05
Samples,44,BO,5.7169896648612896e-05
Samples,55,BO,1.4581638260126583e-05
Samples,56,BO,8.061923600386028e-06
Samples,58,BO,1.593907323575365e-05
Samples,59,BO,3.8262120018793275e-06
Samples,60,BO,2.1312841349917734e-07
Samples,61,BO,7.819306433584556e-08
Samples,62,BO,2.4588782707216265e-07
Samples,63,BO,1.3890271057734953e-07
Samples,64,BO,7.331763146999339e-08
Samples,65,BO,4.2683776052201624e-07
Samples,66,BO,1.2251464530398895e-07
Samples,67,BO,1.7784750967504382e-07
Samples,68,BO,1.322461313789964e-07
Samples,69,BO,4.091963410621584e-08
Samples,70,BO,3.929255743438213e-08
Samples,71,BO,1.5611081144335117e-05
Samples,72,BO,8.865625540000664e-07
Samples,73,BO,6.4495886713354e-05
Samples,74,BO,1.5295652269173523e-05
Samples,75,BO,3.1140496973065805e-05
Samples,76,BO,1.2342544250929696e-08
Samples,77,BO,0.00010911310765195869
Samples,78,BO,1.6316692067025711e-07
Samples,79,BO,6.459618413285025e-07
Samples,80,BO,6.044108141488368e-08
Samples,81,BO,0.00014970353284992163
Samples,82,BO,8.140096969907916e-05
Samples,83,BO,4.150827265659091e-06
Samples,84,BO,0.00019125856983892407
Samples,85,BO,7.398191731880509e-05
Samples,86,BO,0.00027094654968427075
Samples,87,BO,0.00025667065557466906
Samples,88,BO,0.0002167742028927406
Samples,89,BO,0.00019746282128951117
Samples,91,BO,2.3931225772151447e-06
Samples,93,BO,7.841415963457416e-07
Samples,94,BO,2.6192125725862854e-06
Samples,95,BO,3.27942987828306e-06
Samples,96,BO,3.863092220167262e-06
Samples,98,BO,5.520694206267056e-06
Samples,100,BO,1.0897109173296464e-06
Samples,101,BO,2.7533485238152433e-06
Samples,102,BO,3.3890534035205024e-05
Samples,103,BO,0.00019243820641685961
Samples,106,BO,6.5212017541224205e-06
Samples,107,BO,1.2920127561813728e-06
Samples,109,BO,5.954120082045686e-05
Samples,113,BO,1.296954647404683e-07
Samples,115,BO,2.0445113899634965e-05
Samples,118,BO,4.683938385048779e-07
Samples,119,BO,1.579581020630916e-08
Samples,120,BO,2.8706682548443743e-08
Samples,121,BO,2.2461150738109854e-05
Samples,122,BO,1.5668544727891146e-08
Samples,123,BO,8.787272844126062e-06
Samples,124,BO,1.1660825874809502e-07
Samples,125,BO,9.08932625387334e-08
Samples,126,BO,1.2360131994656693e-07
Samples,127,BO,2.2567620446865745e-05
Samples,128,BO,2.1777534737877095e-05
Samples,129,BO,2.1189220391328244e-05
Samples,130,BO,2.049872479766998e-05
Samples,131,BO,1.5485761436662757e-07
Samples,132,BO,7.094326332731615e-08
Samples,133,BO,3.1861145502145556e-07
Samples,134,BO,1.9901296532990791e-07
Samples,136,BO,3.6053658467882144e-07
Samples,137,BO,3.3115460616971346e-07
Samples,138,BO,5.44877230572753e-07
Samples,139,BO,2.4977247413487875e-06
Samples,140,BO,2.4467246691071457e-06
Samples,141,BO,2.264525275693236e-06
Samples,142,BO,4.4632628723773634e-06
Samples,143,BO,2.4503130118379912e-06
Samples,144,BO,2.4845197993487476e-06
Samples,145,BO,1.2221425170029046e-06
Samples,146,BO,3.534744102635762e-06
Samples,147,BO,1.7190213273805932e-06
Samples,148,BO,3.063946981909399e-06
Samples,149,BO,1.7027882259122464e-06
Samples,150,BO,1.721918378604399e-06
Samples,151,BO,1.254084512262971e-06
Samples,152,BO,4.360954723918238e-06
Samples,153,BO,1.781080382416904e-06
Samples,154,BO,2.547072870634438e-06
Samples,155,BO,1.6294527711694309e-06
Samples,156,BO,0.00012249642361600478
Samples,158,BO,-4.295139867157516e-10
Samples,159,BO,8.467727538453311e-06
Samples,160,BO,1.237833553929248e-06
Samples,161,BO,5.570740940424042e-07
Samples,164,BO,1.7497451706574663e-07
Samples,165,BO,1.4403649901366309e-05
Samples,166,BO,5.2124843329463204e-06
Samples,167,BO,3.5596860747975624e-05
Samples,169,BO,0.00013789841301663363
Samples,171,BO,8.274050023964497e-07
Samples,172,BO,3.202623737461769e-05
Samples,174,BO,1.8354221454484912e-06
Samples,175,BO,3.6428683456543547e-06
Samples,176,BO,-9.4705973424257e-10
Samples,177,BO,1.1282427432765039e-07
Samples,178,BO,1.990668859781229e-06
Samples,179,BO,1.5961743412293344e-06
Samples,181,BO,1.0302668458287025e-06
Samples,182,BO,9.359733192414262e-07
Samples,183,BO,4.122196732551546e-07
Samples,184,BO,2.5886656527962027e-06
Samples,185,BO,3.074578360934029e-06
Samples,186,BO,2.908958215314685e-06
Samples,187,BO,3.795713556498446e-06
Samples,188,BO,2.8090828627354527e-06
Samples,189,BO,2.304834937094795e-06
Samples,190,BO,6.332420564580984e-07
Samples,191,BO,-2.4159654351466164e-09
Samples,192,BO,3.7765259731576462e-06
Samples,193,BO,2.0739538096015183e-06
Samples,194,BO,1.387767714353469e-06
Samples,195,BO,5.287139982990421e-07
Samples,196,BO,2.363006509254838e-06
Samples,197,BO,3.725764892399425e-07
Samples,198,BO,1.1321115161367297e-06
Samples,199,BO,2.1050759112608896e-05
Samples,200,BO,1.585250781374554e-05
Samples,201,BO,2.7761181039488638e-06
Samples,202,BO,1.7828384762828198e-06
Samples,203,BO,1.2459078475832321e-06
Samples,204,BO,1.1235499163376349e-06
Samples,205,BO,1.7722285141428744e-06
Samples,206,BO,7.905250178493997e-07
Samples,207,BO,1.1396500050804756e-06
Samples,208,BO,1.4077762172274452e-06
Samples,209,BO,1.5961658485504732e-06
Samples,210,BO,1.036162243219284e-06
Samples,211,BO,1.4180923641949953e-06
Samples,212,BO,4.995927411294766e-07
Samples,213,BO,1.3335967478969247e-06
Samples,214,BO,7.827119298491042e-07
Samples,215,BO,1.3823782655695506e-06
Samples,216,BO,1.0339371247771904e-06
Samples,217,BO,5.225167383043042e-07
Samples,218,BO,2.688624162604902e-06
Samples,219,BO,1.8299837201338963e-06
Samples,220,BO,3.1699116317776117e-06
Samples,221,BO,2.3221891113001317e-06
Samples,222,BO,1.0273182366235323e-06
Samples,223,BO,3.665722655199671e-07
Samples,224,BO,2.4536047800059687e-06
Samples,225,BO,5.595882344152938e-08
Samples,226,BO,4.537136600215357e-08
Samples,227,BO,1.4692868228560648e-06
Samples,228,BO,2.121473695345129e-06
Samples,229,BO,4.996220497749549e-07
Samples,230,BO,1.5769794605275428e-06
Samples,231,BO,2.2881448430665826e-06
Samples,232,BO,2.8334528693437028e-06
Samples,233,BO,2.5584550192017566e-06
Samples,234,BO,1.786725983967236e-06
Samples,235,BO,2.7532077585245613e-06
Samples,236,BO,1.9457662655248377e-06
Samples,237,BO,3.710371268082104e-06
Samples,238,BO,1.5077208347386356e-06
Samples,239,BO,3.0403167531452344e-06
Samples,240,BO,1.2414227910497198e-06
Samples,241,BO,2.40252537340412e-06
Samples,242,BO,2.8761926646240106e-06
Samples,243,BO,3.1775142558466444e-06
Samples,244,BO,2.529360610355667e-06
Samples,245,BO,2.265635539759079e-06
Samples,246,BO,3.107029251947507e-06
Samples,247,BO,2.4073936890160753e-06
Samples,248,BO,3.1134941669669158e-06
Samples,249,BO,2.962338815000016e-06
Samples,250,BO,2.4796305093293747e-06
Samples,251,BO,2.6423061709747954e-06
Samples,252,BO,3.2166209190944743e-06
Samples,253,BO,1.8388661681775247e-06
Samples,254,BO,2.754497137429997e-06
Samples,255,BO,3.0168548553326714e-06
Samples,256,BO,2.944037259267199e-05
Samples,257,BO,5.831908493209452e-05
Samples,258,BO,1.1078040366220743e-05
Samples,259,BO,2.578032279917045e-06
Samples,260,BO,6.641267764639356e-07
Samples,261,BO,2.242388568300147e-05
Samples,262,BO,1.5124260621618887e-05
Samples,263,BO,3.083311109405928e-05
Samples,264,BO,2.4168427280972824e-05
Samples,265,BO,4.501140736381113e-06
Samples,266,BO,1.332436916104853e-05
Samples,267,BO,1.855080438602983e-05
Samples,268,BO,2.0655398691851704e-05
Samples,269,BO,1.893785502018117e-05
Samples,270,BO,2.385996454433962e-05
Samples,271,BO,2.378593799825139e-05
Samples,272,BO,3.500103444987639e-05
Samples,273,BO,2.405031332162752e-05
Samples,274,BO,2.7576332223401433e-05
Samples,275,BO,6.439599849408972e-08
Samples,276,BO,2.7440247478642063e-05
Samples,277,BO,1.8101078536872358e-06
Samples,278,BO,1.053144451538776e-07
Samples,279,BO,3.0836711469335466e-07
Samples,280,BO,1.7051437804556358e-05
Samples,281,BO,3.2355679553106924e-06
Samples,282,BO,5.447586094216746e-06
Samples,283,BO,3.4462873670287965e-06
Samples,284,BO,1.6447936616549397e-06
Samples,285,BO,3.609701890244761e-07
Samples,286,BO,1.927721250033698e-06
Samples,287,BO,2.679875206648215e-06
Samples,288,BO,2.077178714721128e-06
Samples,289,BO,3.854166737309896e-06
Samples,290,BO,2.9769094684319502e-06
Samples,291,BO,4.122311896778086e-06
Samples,292,BO,8.143842426619855e-06
Samples,293,BO,3.5431661038563403e-06
Samples,294,BO,1.7151283338938532e-07
Samples,295,BO,6.313860847635516e-07
Samples,296,BO,2.6248097350623574e-07
Samples,297,BO,2.041333490287904e-05
Samples,298,BO,2.0973687126506725e-05
Samples,299,BO,2.0454844633806699e-07
Samples,300,BO,4.4533561283825505e-07
Samples,301,BO,3.636379560604725e-07
Samples,302,BO,4.9003016812760065e-05
Samples,303,BO,4.607147417400599e-05
Samples,304,BO,3.415294606355211e-05
Samples,305,BO,7.729656294179382e-06
Samples,306,BO,1.269201233578833e-05
Samples,307,BO,1.625113110167782e-05
Samples,308,BO,1.7764888740850488e-06
Samples,311,BO,5.660969458269224e-07
Samples,319,BO,7.046067911700416e-07
Samples,320,BO,2.0045880358979525e-06
Samples,323,BO,2.4631259857846848e-05
Samples,324,BO,5.7589935159763734e-05
Samples,325,BO,2.1406621752001257e-06
Samples,326,BO,2.449386384309546e-06
Samples,327,BO,2.684739277231176e-06
Samples,328,BO,8.865716805280351e-06
Samples,329,BO,1.4022868366654437e-06
Samples,330,BO,2.393424103440546e-06
Samples,331,BO,1.2615464274154672e-06
Samples,332,BO,3.3112354319672456e-05
Samples,333,BO,2.82225618016794e-05
Samples,334,BO,2.9929150335775547e-05
Samples,335,BO,2.6099058961060794e-05
Samples,336,BO,3.5850495229496535e-05
Samples,337,BO,4.907154240918149e-10
Samples,338,BO,1.8726580187451036e-08
Samples,339,BO,3.1656733378869164e-10
Samples,340,BO,6.430012081737079e-09
Samples,341,BO,2.0194498014004838e-10
Samples,342,BO,1.0229198917232494e-09
Samples,343,BO,4.899894040105565e-09
Samples,344,BO,1.703401912304365e-09
Samples,345,BO,2.5154099182512607e-06
Samples,346,BO,8.743195692869018e-06
Samples,347,BO,1.5321347195266237e-08
Samples,348,BO,2.9632813553436727e-07
Samples,349,BO,1.607910736378386e-08
Samples,350,BO,3.5578555350604365e-08
Samples,351,BO,2.644218390004967e-08
Samples,352,BO,6.276436909201132e-07
Samples,353,BO,2.075832113604927e-07
Samples,354,BO,1.832865437328403e-08
Samples,355,BO,7.335631540358131e-10
Samples,356,BO,6.391597529861254e-07
Samples,357,BO,1.168419364444215e-06
Samples,358,BO,3.083315643035691e-08
Samples,359,BO,1.9478758888883429e-07
Samples,361,BO,1.0282422376351541e-08
Samples,362,BO,1.508625494233001e-08
Samples,363,BO,5.9293611143699535e-09
Samples,364,BO,4.403609294252792e-09
Samples,365,BO,4.9106555908057014e-06
Samples,367,BO,8.812472488322609e-08
Samples,368,BO,6.56045496739082e-09
Samples,370,BO,3.150934182099438e-07
Samples,374,BO,-6.387366284680921e-10
Samples,375,BO,2.7474910845652945e-05
Samples,376,BO,2.6313387151960153e-05
Samples,377,BO,1.0049832164975536e-05
Samples,378,BO,1.0116461181232617e-05
Samples,379,BO,1.1339156926515952e-05
Samples,380,BO,5.9248552516873615e-06
Samples,381,BO,3.011095657027189e-05
Samples,382,BO,2.799196306224492e-05
Samples,383,BO,-3.5671777906475777e-09
Samples,384,BO,1.3705978469768628e-05
Samples,385,BO,7.568721204006226e-07
Samples,386,BO,3.5325445597073266e-07
Samples,387,BO,3.1591053123937177e-07
Samples,388,BO,1.9203637013972206e-07
Samples,389,BO,2.428499839291856e-07
Samples,390,BO,2.1596376559512517e-07
Samples,391,BO,1.847464562969909e-07
Samples,392,BO,3.1607701622875304e-07
Samples,393,BO,5.339166932134329e-07
Samples,394,BO,5.425581949270115e-07
Samples,395,BO,2.9593640878253375e-07
Samples,396,BO,9.592503792766979e-07
Samples,397,BO,3.310575732869257e-07
Samples,398,BO,6.280983125544774e-07
Samples,399,BO,8.758591316219745e-06
Samples,400,BO,3.570021778855146e-05
Samples,401,BO,3.554709831528941e-05
Samples,402,BO,3.596763100176124e-05
Samples,403,BO,3.630076147042488e-07
Samples,404,BO,2.4862987059772603e-07
Samples,405,BO,2.2373593496340112e-07
Samples,406,BO,2.4426275626935514e-07
Samples,407,BO,2.4388999640366767e-07
Samples,408,BO,1.027145363967642e-08
Samples,409,BO,3.4420879133720594e-08
Samples,410,BO,3.486643840630339e-05
Samples,411,BO,1.133001231600822e-08
Samples,412,BO,2.3472555085940806e-07
Samples,413,BO,7.405898145211268e-06
Samples,414,BO,1.22573871781727e-07
Samples,415,BO,4.475339092140347e-06
Samples,416,BO,1.757739864132962e-05
Samples,417,BO,7.70628367273197e-06
Samples,418,BO,1.0265538104888968e-07
Samples,419,BO,2.972883228860649e-07
Samples,420,BO,1.118046167277454e-10
Samples,421,BO,1.7049582065713233e-08
Samples,422,BO,4.422003347824356e-09
Samples,423,BO,8.408494795564069e-09
Samples,424,BO,2.371680410860843e-10
Samples,425,BO,2.210177994655285e-09
Samples,426,BO,5.425940937952039e-07
Samples,427,BO,2.713011852599012e-08
Samples,428,BO,3.745080949335427e-05
Samples,429,BO,3.665770482465744e-06
Samples,430,BO,3.407667573428515e-06
Samples,431,BO,2.356732271922011e-06
Samples,432,BO,1.2268750522976721e-06
Samples,433,BO,2.276016844372862e-06
Samples,434,BO,1.911167338953776e-06
Samples,435,BO,2.234836877437342e-06
Samples,436,BO,3.646853730058737e-06
Samples,437,BO,1.6253339143151203e-06
Samples,438,BO,1.0670092930048887e-06
Samples,439,BO,2.0006966274363608e-06
Samples,440,BO,1.4231179098628257e-06
Samples,441,BO,1.6766451716564188e-06
Samples,442,BO,1.549273823164365e-06
Samples,443,BO,3.866233856957114e-06
Samples,444,BO,7.405277740069783e-07
Samples,445,BO,2.9257384259691198e-06
Samples,446,BO,6.906988834573792e-06
Samples,447,BO,3.5128855539692423e-06
Samples,448,BO,8.24551113526522e-07
Samples,449,BO,3.853734305437299e-06
Samples,450,BO,1.7846057912592069e-06
Samples,451,BO,1.8275649514072432e-06
Samples,452,BO,1.9760519134984026e-06
Samples,453,BO,6.076823531678832e-07
Samples,454,BO,6.453582692894802e-06
Samples,455,BO,1.4095481511759935e-07
Samples,456,BO,2.669186486407154e-06
Samples,457,BO,2.228404523845636e-06
Samples,458,BO,2.462571575695866e-06
Samples,459,BO,4.381323480823151e-06
Samples,460,BO,4.834985418240954e-06
Samples,461,BO,3.794736687399238e-06
Samples,462,BO,5.511261611982838e-06
Samples,463,BO,4.338241075289688e-06
Samples,464,BO,6.043903680121416e-06
Samples,465,BO,6.645333635171144e-06
Samples,466,BO,6.628952323563081e-06
Samples,467,BO,6.109892277167839e-06
Samples,468,BO,3.6371343988910756e-06
Samples,469,BO,5.3402280319994005e-06
Samples,470,BO,5.635009113452902e-06
Samples,471,BO,5.073485007184514e-06
Samples,472,BO,4.910455090872534e-06
Samples,473,BO,5.043022277770252e-06
Samples,474,BO,5.047273373763023e-06
Samples,475,BO,3.749153558486146e-06
Samples,476,BO,1.44682099189665e-07
Samples,477,BO,1.367026440662038e-06
Samples,478,BO,2.550011911493587e-06
Samples,479,BO,1.3505152433549406e-06
Samples,480,BO,1.3550454249591208e-06
Samples,481,BO,2.5600627216004905e-06
Samples,482,BO,2.3285633239846994e-07
Samples,483,BO,4.218642993001961e-06
Samples,484,BO,2.9636001897731524e-07
Samples,485,BO,1.2231528351238156e-06
Samples,486,BO,3.0431983290961545e-06
Samples,487,BO,4.752604695695189e-07
Samples,488,BO,2.575608958687638e-06
Samples,489,BO,2.9316807272281516e-06
Samples,490,BO,3.92116582573391e-06
Samples,491,BO,1.97689420459162e-06
Samples,492,BO,3.4738701912313127e-06
Samples,493,BO,2.8551751741172943e-06
Samples,494,BO,2.0632887442845167e-06
Samples,495,BO,3.0032223367421957e-06
Samples,496,BO,3.182702632433182e-06
Samples,497,BO,3.849537657966109e-06
Samples,498,BO,3.0200403753447245e-06
Samples,499,BO,2.4452025089560754e-06
Samples,500,BO,3.5644043583622265e-06
Samples,501,BO,3.425673798395877e-06
Samples,502,BO,5.703130381604896e-06
Samples,503,BO,5.130430341972997e-06
Samples,504,BO,3.781793543024268e-06
Samples,505,BO,4.638989172076626e-06
Samples,506,BO,3.869733230159245e-06
Samples,507,BO,9.311197606464342e-06
Samples,508,BO,2.4837975727385088e-05
Samples,509,BO,1.5221116274529078e-06
Samples,510,BO,2.8438028612271103e-05
Samples,511,BO,2.5827542800195208e-05
Samples,512,BO,5.713289563519372e-08
Samples,513,BO,8.92463479585566e-08
Samples,514,BO,2.829946958843323e-08
Samples,515,BO,2.2306025074332408e-05
Samples,516,BO,2.2280161028530286e-05
Samples,517,BO,2.1112384038551828e-05
Samples,518,BO,2.4434924828002124e-05
Samples,519,BO,2.1978778287454617e-05
Samples,520,BO,1.9110363626504824e-05
Samples,521,BO,3.388649366809436e-05
Samples,522,BO,3.6895096268653346e-05
Samples,523,BO,2.029278041705023e-05
Samples,524,BO,3.711695724411055e-05
Samples,525,BO,6.044187707296379e-06
Samples,526,BO,4.1940009280174675e-06
Samples,527,BO,3.995057961741106e-06
Samples,528,BO,1.560297077942475e-05
Samples,529,BO,4.485553594195245e-07
Samples,530,BO,7.51139448120664e-07
Samples,531,BO,9.315329621687041e-07
Samples,532,BO,3.259043943905471e-07
Samples,533,BO,5.654493548808661e-07
Samples,534,BO,1.8701240801185347e-05
Samples,535,BO,2.3723297343483307e-05
Samples,536,BO,5.690092404161162e-07
Samples,537,BO,1.1252838426227828e-06
Samples,538,BO,2.569477942538093e-06
Samples,539,BO,4.169710090769174e-06
Samples,540,BO,1.8635790793617037e-06
Samples,541,BO,3.0546820515293494e-06
Samples,542,BO,4.027258302323132e-06
Samples,543,BO,3.801739784016079e-06
Samples,544,BO,3.670338900956479e-05
Samples,545,BO,3.714758757637058e-05
Samples,546,BO,3.629749190665549e-05
Samples,547,BO,2.087807501372691e-05
Samples,548,BO,3.681699192892576e-05
Samples,549,BO,2.0124719283863806e-05
Samples,550,BO,2.873606180545748e-05
Samples,551,BO,7.969505238099444e-08
Samples,552,BO,1.8722608870007765e-05
Samples,553,BO,3.626903147534167e-05
Samples,554,BO,3.5942330932955e-05
Samples,555,BO,1.9911988059576376e-05
Samples,556,BO,1.1346065846575981e-07
Samples,557,BO,3.5076775197959854e-05
Samples,558,BO,3.392571665235697e-05
Samples,559,BO,5.26271416164861e-07
Samples,560,BO,4.0097305301925473e-07
Samples,561,BO,5.331286808450218e-07
Samples,562,BO,3.3196490467652513e-05
Samples,563,BO,2.175535897411525e-07
Samples,564,BO,2.5857095494536065e-07
Samples,565,BO,3.8752176534614834e-07
Samples,566,BO,4.910065709646688e-08
Samples,567,BO,9.492373681886736e-06
Samples,568,BO,4.829447496776698e-08
Samples,569,BO,9.638583976890594e-08
Samples,570,BO,3.289801109280232e-05
Samples,571,BO,3.313782597946948e-07
Samples,572,BO,5.671976223386008e-07
Samples,573,BO,2.1447020204690946e-07
Samples,574,BO,1.3545991551877624e-05
Samples,575,BO,2.6839683604846878e-05
Samples,576,BO,2.7838041631521794e-05
Samples,577,BO,1.3495348813188791e-05
Samples,578,BO,2.8835679598262286e-05
Samples,579,BO,2.395526396044536e-05
Samples,580,BO,2.6933130707667723e-05
Samples,581,BO,1.4323534542272994e-05
Samples,582,BO,1.4534697379068254e-07
Samples,583,BO,1.1384325117537443e-05
Samples,584,BO,2.518312960988283e-05
Samples,585,BO,3.713768221735714e-07
Samples,586,BO,3.670157426229088e-05
Samples,587,BO,2.308781245111653e-05
Samples,588,BO,4.5512244159621736e-07
Samples,589,BO,1.7057195373845113e-05
Samples,590,BO,1.9233756931615365e-05
Samples,591,BO,2.0465718428257726e-05
Samples,592,BO,2.3309484284325244e-05
Samples,593,BO,1.0692181799152728e-05
Samples,594,BO,2.7655236393789355e-05
Samples,595,BO,1.9952377347621653e-05
Samples,596,BO,4.453834289147989e-07
Samples,597,BO,4.5011509589941946e-05
Samples,598,BO,3.676637026611805e-05
Samples,599,BO,5.530994726872e-05
Samples,600,BO,4.3548191408137255e-05
Samples,601,BO,3.7644465975775213e-06
Samples,602,BO,3.943201697400352e-06
Samples,603,BO,1.8209223844634692e-06
Samples,604,BO,3.04084291508185e-06
Samples,605,BO,5.064323551220664e-06
Samples,606,BO,3.852400924985329e-06
Samples,607,BO,4.967828542589439e-06
Samples,608,BO,3.897651645839949e-06
Samples,609,BO,4.061759252593813e-06
Samples,610,BO,7.335058724411384e-06
Samples,611,BO,6.864831226862914e-06
Samples,612,BO,6.234444179681426e-06
Samples,613,BO,4.025199436344189e-06
Samples,614,BO,6.988240793904056e-06
Samples,615,BO,3.823437717311209e-06
Samples,616,BO,5.076576342240538e-06
Samples,617,BO,5.527935645251529e-06
Samples,618,BO,3.5831670570180233e-06
Samples,619,BO,7.782167817275868e-06
Samples,620,BO,-2.538562007585157e-09
Samples,621,BO,2.910754224709458e-07
Samples,622,BO,4.038692685136215e-07
Samples,623,BO,1.5242838155015773e-06
Samples,624,BO,5.974899558030622e-06
Samples,625,BO,6.1590372434979244e-06
Samples,626,BO,3.8233693735176424e-06
Samples,627,BO,5.421666354866867e-06
Samples,628,BO,4.972427990260644e-06
Samples,629,BO,4.904696903010174e-06
Samples,630,BO,6.031170775660544e-06
Samples,631,BO,8.094267585965578e-06
Samples,632,BO,7.5964732905323775e-06
Samples,633,BO,4.94830583560485e-06
Samples,634,BO,8.649296284925837e-06
Samples,635,BO,3.338565225859577e-06
Samples,636,BO,6.312816540142696e-06
Samples,637,BO,6.495645909542548e-06
Samples,638,BO,0.0029042384921028454
Samples,639,BO,0.00019780325512220911
Samples,640,BO,0.000530526612631244
Samples,641,BO,0.0005712743030649402
Samples,642,BO,0.0010601770630533198
Samples,643,BO,0.00042389609791192823
Samples,645,BO,0.0005211722538354137
Samples,646,BO,0.00019763071384822984
Samples,647,BO,0.0002840877241033786
Samples,648,BO,7.864444252050222e-07
Samples,649,BO,1.3614082853739154e-05
Samples,650,BO,0.000459190835535199
Samples,651,BO,4.525426365496303e-05
Samples,652,BO,0.0007705396774866526
Samples,653,BO,-1.1214466925345214e-07
Samples,654,BO,0.00012064418313119344
Samples,655,BO,1.8056389003095765e-05
Samples,656,BO,6.618431632515874e-06
Samples,657,BO,8.485484175371097e-06
Samples,658,BO,2.4125056979212866e-05
Samples,659,BO,1.6162326302743983e-06
Samples,660,BO,4.989967996624114e-06
Samples,661,BO,8.31526860190705e-06
Samples,662,BO,3.072613328376542e-06
Samples,663,BO,1.1326084847753255e-06
Samples,664,BO,3.3036046239800514e-06
Samples,665,BO,6.233007987876936e-06
Samples,666,BO,3.3019264068437303e-06
Samples,667,BO,1.007458395749053e-06
Samples,668,BO,1.5016236507681936e-06
Samples,669,BO,5.348661612427319e-07
Samples,670,BO,3.401616514741992e-05
Samples,671,BO,4.290997694072416e-07
Samples,672,BO,4.178260429992913e-07
Samples,673,BO,2.0119891250778794e-05
Samples,674,BO,2.5008117288691195e-05
Samples,675,BO,3.603178958497727e-05
Samples,676,BO,2.7237129714808533e-07
Samples,677,BO,4.827439484947255e-07
Samples,678,BO,3.39524006932557e-07
Samples,679,BO,3.4906249128183294e-05
Samples,680,BO,3.404758321015159e-05
Samples,681,BO,3.4471709140242996e-05
Samples,682,BO,4.439983207368146e-06
Samples,683,BO,5.082027418802675e-06
Samples,684,BO,1.2804135028887123e-05
Samples,685,BO,3.97209653621917e-06
Samples,686,BO,1.06228940751537e-05
Samples,687,BO,1.0150059528955263e-05
Samples,688,BO,5.8292101064168716e-06
Samples,689,BO,4.51820390749732e-06
Samples,690,BO,1.0728427113635053e-05
Samples,691,BO,8.790958935506305e-06
Samples,692,BO,9.519726987975622e-06
Samples,693,BO,2.1848625499630442e-05
Samples,694,BO,4.501039779169097e-06
Samples,695,BO,1.962540215532566e-06
Samples,696,BO,2.036799023475808e-06
Samples,697,BO,3.4194724070017795e-05
Samples,698,BO,4.4941340186549715e-05
Samples,699,BO,2.6926170134285897e-07
Samples,700,BO,4.4223947758664755e-05
Samples,701,BO,4.4226899221089733e-05
Samples,702,BO,3.579950792711223e-05
Samples,703,BO,3.657518099928439e-06
Samples,704,BO,2.209053355465276e-05
Samples,705,BO,5.969218255307033e-07
Samples,706,BO,3.2140836603527666e-05
Samples,707,BO,1.2763331767486761e-06
Samples,708,BO,1.1736610944825562e-05
Samples,709,BO,3.8275746369943804e-05
Samples,710,BO,1.3035939506121544e-05
Samples,711,BO,1.2579992996692384e-05
Samples,712,BO,7.051333134538123e-07
Samples,713,BO,9.916589591391174e-06
Samples,714,BO,3.2608246175394357e-05
Samples,715,BO,1.6472581925771494e-05
Samples,716,BO,1.1739813311791433e-05
Samples,717,BO,2.8517245943602616e-05
Samples,718,BO,3.382674268105681e-06
Samples,719,BO,2.9751839178050933e-07
Samples,720,BO,1.8281573235040858e-06
Samples,721,BO,3.572757802105462e-07
Samples,722,BO,1.6769937907799892e-05
Samples,723,BO,3.755437672866721e-07
Samples,724,BO,4.109925108720272e-07
Samples,725,BO,2.3766964382965734e-06
Samples,726,BO,3.702164676757795e-07
Samples,727,BO,3.6190371105994076e-07
Samples,728,BO,4.013902981313584e-06
Samples,729,BO,2.1550479819084996e-06
Samples,730,BO,3.207016784312012e-06
Samples,731,BO,3.551182253693804e-06
Samples,732,BO,8.985168151251223e-06
Samples,733,BO,4.145119465797286e-06
Samples,734,BO,4.00110058674346e-06
Samples,735,BO,2.8784477697827412e-06
Samples,736,BO,9.978125041869537e-06
Samples,737,BO,1.470974601543649e-07
Samples,738,BO,3.13493862239164e-06
Samples,739,BO,7.472338910934926e-06
Samples,740,BO,1.4103295947192856e-05
Samples,741,BO,1.2167603985727574e-06
Samples,742,BO,1.5397007139579406e-05
Samples,743,BO,1.2925075020725725e-06
Samples,744,BO,3.699053696794825e-05
Samples,745,BO,2.196674172342372e-05
Samples,746,BO,4.989425904608952e-06
Samples,747,BO,2.3935162337200906e-06
Samples,748,BO,1.818528600352969e-05
Samples,749,BO,2.0211031889786544e-06
Samples,750,BO,4.2145589819528185e-06
Samples,751,BO,2.8061427114824816e-05
Samples,752,BO,7.731476102093018e-06
Samples,753,BO,1.8340959489859903e-05
Samples,754,BO,3.2008613653729944e-06
Samples,755,BO,1.6877276963593024e-07
Samples,756,BO,1.199954130712787e-07
Samples,757,BO,2.5267761831504173e-07
Samples,758,BO,4.528473611212458e-07
Samples,759,BO,2.875457446057256e-07
Samples,760,BO,1.8901881566581983e-06
Samples,761,BO,2.0933248169255713e-06
Samples,762,BO,5.646478982224886e-07
Samples,763,BO,1.417918222900826e-05
Samples,764,BO,8.984849142594869e-07
Samples,765,BO,9.307114947892146e-07
Samples,766,BO,1.0940111971726425e-07
Samples,767,BO,2.2720494427330284e-07
Samples,768,BO,1.3238457820158572e-07
Samples,769,BO,9.083696308515392e-08
Samples,770,BO,1.2120106115532277e-07
Samples,771,BO,2.643498216931219e-07
Samples,772,BO,1.0076693577969352e-07
Samples,773,BO,3.6838089195039445e-05
Samples,774,BO,3.133863514889104e-07
Samples,775,BO,1.659416354283628e-05
Samples,776,BO,3.9224116262057345e-06
Samples,777,BO,2.2394319512675642e-06
Samples,778,BO,4.0702478556035774e-08
Samples,779,BO,4.953773924714777e-07
Samples,780,BO,3.4964741536681244e-07
Samples,781,BO,4.05246051664824e-06
Samples,782,BO,4.0442360890257886e-07
Samples,783,BO,1.6213694988949473e-07
Samples,784,BO,2.3049082219752802e-07
Samples,785,BO,8.259330565892022e-06
Samples,786,BO,3.3270453997935144e-05
Samples,787,BO,1.441815459446587e-07
Samples,788,BO,1.1609027461485204e-07
Samples,789,BO,2.647027849771459e-06
Samples,790,BO,3.6363031058717874e-07
Samples,791,BO,3.948986449641693e-07
Samples,792,BO,2.239833216311831e-06
Samples,793,BO,1.895565091894538e-06
Samples,794,BO,2.363654880476829e-06
Samples,795,BO,1.5570766773670923e-06
Samples,796,BO,4.335562410802045e-07
Samples,797,BO,3.4749681247888534e-05
Samples,798,BO,5.631466225860473e-07
Samples,799,BO,3.4375935297425475e-05
Samples,800,BO,5.096626257509003e-07
Samples,801,BO,4.904766672322127e-08
Samples,802,BO,2.6087517070585293e-07
Samples,803,BO,1.0555247094667092e-07
Samples,804,BO,1.9100844421348333e-07
Samples,805,BO,3.5884723956034265e-05
Samples,806,BO,7.872669544707707e-08
Samples,807,BO,5.516408302716648e-07
Samples,808,BO,6.997368994376934e-06
Samples,809,BO,1.4538259670175445e-07
Samples,810,BO,2.1104584050206107e-07
Samples,811,BO,1.4803646804297289e-07
Samples,812,BO,3.472377271242748e-07
Samples,813,BO,1.0823979681904482e-05
Samples,814,BO,3.6008210904913025e-07
Samples,815,BO,1.4446660379093894e-07
Samples,816,BO,6.039604891124431e-08
Samples,817,BO,1.2208087526108088e-07
Samples,818,BO,1.3899081256964113e-07
Samples,819,BO,5.634890734682577e-07
Samples,820,BO,1.1883305036535844e-08
Samples,821,BO,5.496535537345997e-06
Samples,822,BO,3.405478175684154e-05
Samples,823,BO,3.4175222774408706e-05
Samples,824,BO,3.7985746377112054e-06
Samples,825,BO,4.162522707262854e-06
Samples,826,BO,2.9693339687758213e-07
Samples,827,BO,3.4167967222533097e-06
Samples,828,BO,3.246866610692471e-06
Samples,829,BO,5.025583898908239e-06
Samples,830,BO,5.242931713906341e-06
Samples,831,BO,4.4942442488504944e-06
Samples,832,BO,7.649776189509014e-06
Samples,833,BO,3.314380298924035e-06
Samples,834,BO,3.561484531942995e-05
Samples,835,BO,6.067305371240587e-07
Samples,836,BO,1.990987288660112e-05
Samples,837,BO,7.116739429257096e-06
Samples,838,BO,1.729222760329207e-05
Samples,839,BO,8.277582502256288e-08
Samples,840,BO,6.780102793438201e-08
Samples,841,BO,7.687924117302116e-07
Samples,842,BO,1.8951286719863183e-07
Samples,843,BO,1.2711650739914203e-05
Samples,844,BO,5.993216038407982e-08
Samples,845,BO,6.847204797928872e-06
Samples,846,BO,5.031999311093666e-07
Samples,847,BO,5.1745276409134095e-06
Samples,848,BO,4.9082563965118975e-06
Samples,849,BO,1.2400683295057953e-07
Samples,850,BO,3.5603159948336495e-05
Samples,851,BO,4.286671648721695e-06
Samples,852,BO,3.644197861397093e-06
Samples,853,BO,9.793985316094882e-05
Samples,854,BO,4.55396634618635e-06
Samples,855,BO,1.7912633070644386e-06
Samples,856,BO,3.784032651353671e-06
Samples,857,BO,4.999423551093999e-06
Samples,858,BO,2.970798327159556e-06
Samples,859,BO,2.3796729910611975e-06
Samples,860,BO,1.2800568249556208e-06
Samples,861,BO,8.699397354480018e-07
Samples,862,BO,3.11088103969569e-06
Samples,863,BO,4.247549875410988e-06
Samples,864,BO,1.4809511883650471e-06
Samples,865,BO,2.2700749191711263e-06
Samples,866,BO,1.803141251442674e-06
Samples,867,BO,5.552647848501929e-07
Samples,868,BO,3.0102803392207393e-07
Samples,869,BO,1.4107767981294436e-06
Samples,870,BO,6.091282656730629e-06
Samples,871,BO,1.474252280202454e-06
Samples,872,BO,1.4360393151752457e-06
Samples,873,BO,4.376800841086214e-06
Samples,874,BO,1.811499008387498e-06
Samples,875,BO,1.9570259691319253e-07
Samples,876,BO,1.925471938317542e-06
Samples,877,BO,4.6470837564915306e-06
Samples,878,BO,2.8238355303134097e-06
Samples,879,BO,3.536509412970624e-06
Samples,880,BO,1.144020498901531e-06
Samples,881,BO,2.006925201769615e-06
Samples,882,BO,3.415706125121511e-06
Samples,883,BO,3.86014674998487e-06
Samples,884,BO,3.7278229299420474e-06
Samples,885,BO,2.547045764707576e-06
Samples,886,BO,1.5068643673127946e-06
Samples,887,BO,6.469405953528551e-06
Samples,888,BO,6.792414634807543e-06
Samples,889,BO,8.325688825259904e-07
Samples,890,BO,2.2411194149277265e-07
Samples,891,BO,2.8153125793552313e-07
Samples,892,BO,2.019397999617976e-07
Samples,893,BO,2.4707659913805616e-07
Samples,894,BO,2.2115261050604565e-05
Samples,895,BO,2.2706772548328673e-05
Samples,896,BO,3.430085159299576e-05
Samples,897,BO,3.795928351714501e-05
Samples,898,BO,3.4457694627924197e-05
Samples,899,BO,4.398357940084328e-05
Samples,900,BO,5.084579770767302e-05
Samples,901,BO,2.269260805379579e-08
Samples,902,BO,3.472940381697103e-05
Samples,903,BO,3.4562311872969445e-05
Samples,904,BO,2.548909484166155e-07
Samples,905,BO,-1.8879533713520972e-07
Samples,906,BO,5.0879894046106806e-05
Samples,907,BO,4.688811305435408e-05
Samples,908,BO,5.186533143122447e-05
Samples,909,BO,4.2963570910985684e-05
Samples,910,BO,3.05431483365136e-05
Samples,911,BO,1.781723893789622e-05
Samples,912,BO,2.5894262830661718e-06
Samples,913,BO,4.211015937107075e-07
Samples,914,BO,1.984667456859219e-05
Samples,915,BO,5.710259316312662e-08
Samples,916,BO,7.459050660339512e-06
Samples,917,BO,4.100209701630009e-05
Samples,918,BO,3.4146826689313374e-05
Samples,919,BO,3.384416717174673e-05
Samples,920,BO,3.3149343945084725e-05
Samples,921,BO,9.4882511972629e-07
Samples,922,BO,2.4420096020097582e-06
Samples,923,BO,2.296118290779983e-06
Samples,924,BO,2.4615970039730206e-05
Samples,925,BO,6.728313810008006e-06
Samples,926,BO,5.5409571358050394e-05
Samples,927,BO,0.0001997873699176035
Samples,928,BO,0.0006660414686803923
Samples,929,BO,3.20872092222379e-05
Samples,930,BO,2.4201571314441073e-05
Samples,931,BO,2.04729362281938e-05
Samples,932,BO,2.6950725600415613e-05
Samples,933,BO,1.340811287165711e-08
Samples,934,BO,1.3039574102729654e-05
Samples,935,BO,1.6056266892143771e-06
Samples,936,BO,2.2748657148314195e-05
Samples,937,BO,2.113911502272817e-05
Samples,938,BO,1.988310324038072e-05
Samples,939,BO,0.0003466399608189088
Samples,940,BO,0.00012576643130751488
Samples,941,BO,8.461389037888541e-08
Samples,942,BO,1.7507880116758058e-05
Samples,943,BO,4.408371721029166e-06
Samples,944,BO,3.3946441446196102e-06
Samples,945,BO,3.500932535803887e-05
Samples,946,BO,3.464088810324693e-05
Samples,947,BO,3.38510598108919e-05
Samples,948,BO,3.426382396749456e-05
Samples,949,BO,3.428771156662494e-05
Samples,950,BO,4.5880861849377565e-05
Samples,951,BO,4.1520181821427635e-06
Samples,952,BO,2.411509880595342e-05
Samples,953,BO,3.818080500070588e-05
Samples,954,BO,0.00045792429550709185
Samples,955,BO,0.00022911899481585016
Samples,956,BO,6.179366191991982e-07
Samples,959,BO,2.929143971812843e-07
Samples,960,BO,1.9406103273949033e-06
Samples,961,BO,2.264403963086088e-06
Samples,962,BO,2.491259191808334e-05
Samples,963,BO,4.776472428753302e-06
Samples,964,BO,5.347242297929353e-05
Samples,965,BO,5.4648008798864614e-05
Samples,966,BO,2.80030098784853e-06
Samples,967,BO,2.2590256165804157e-05
Samples,969,BO,5.905337859465747e-06
Samples,970,BO,3.6155537552622893e-07
Samples,971,BO,2.376510469753106e-05
Samples,973,BO,6.017690624320698e-07
Samples,974,BO,7.490189591406427e-06
Samples,975,BO,0.00020842890670963088
Samples,976,BO,4.46637928561836e-06
Samples,977,BO,2.1566172351424974e-06
Samples,978,BO,-1.219270686765995e-07
Samples,979,BO,9.900420947968387e-07
Samples,982,BO,2.635150219162919e-05
Samples,983,BO,1.4128280438068795e-05
Samples,985,BO,7.995360399884483e-06
Samples,987,BO,0.0006196377026088221
Samples,988,BO,1.1767967643595626e-05
Samples,989,BO,0.0006134112663529962
Samples,990,BO,1.208552122588382e-05
Samples,991,BO,0.0010312647802143545
Samples,992,BO,0.0007609341629209837
Samples,993,BO,0.0010299472648909985
Samples,994,BO,2.3609907906516992e-07
Samples,995,BO,1.1297832471532239e-06
Samples,996,BO,0.0007547936004317694
Samples,997,BO,0.0013710084570481601
Samples,998,BO,1.2451607046063067e-06
Samples,999,BO,0.001347046147104617
Samples,1000,BO,1.7529527723225512e-05
Samples,1001,BO,3.0576244336604206e-05
Samples,1002,BO,5.9174513026758296e-05
Samples,1003,BO,6.574316578435765e-05
Samples,1004,BO,6.765267003967379e-05
Samples,1005,BO,7.086804769260647e-05
Samples,1006,BO,5.9165236160677765e-05
Samples,1007,BO,6.484030237332844e-05
Samples,1008,BO,7.376457262431467e-05
Samples,1009,BO,6.722869469855683e-05
Samples,1010,BO,2.4842536643320554e-08
Samples,1011,BO,-1.5073375199218482e-06
Samples,1012,BO,7.756172365958076e-08
Samples,1013,BO,5.6529424083781716e-05
Samples,1014,BO,1.7582320630698155e-05
Samples,1015,BO,1.2524981655960424e-07
Samples,1016,BO,1.2564739821986882e-07
Samples,1017,BO,1.2925866535790722e-07
Samples,1018,BO,1.302944313011658e-07
Samples,1019,BO,2.137687741794179e-08
Samples,1020,BO,1.464216349058131e-07
Samples,1021,BO,2.163017183166891e-07
Samples,1022,BO,4.451358315408166e-07
Samples,1023,BO,2.671743543222879e-07
Samples,1024,BO,2.9612700567102313e-07
Samples,1025,BO,-1.3665531377874765e-09
Samples,4,BP,5.5673526304783e-07
Samples,5,BP,2.2501073393340443e-06
Samples,6,BP,2.953097637150787e-07
Samples,7,BP,1.519568123571331e-07
Samples,8,BP,3.17203841142707e-08
Samples,9,BP,2.1692237052373403e-07
Samples,10,BP,9.166350296863083e-08
Samples,11,BP,1.434227429749943e-07
Samples,12,BP,4.2408700954294084e-05
Samples,17,BP,-1.5715734999877314e-08
Samples,19,BP,4.835897146157298e-06
Samples,20,BP,7.551662855601475e-06
Samples,21,BP,4.820964588523663e-06
Samples,26,BP,5.460177283407751e-07
Samples,28,BP,4.5416304733057316e-07
Samples,29,BP,2.398811591091088e-06
Samples,30,BP,5.825513789363365e-06
Samples,32,BP,7.15869347013481e-06
Samples,34,BP,1.4053733710072423e-06
Samples,35,BP,0.001758989745934064
Samples,37,BP,2.654114044438342e-06
Samples,39,BP,1.7231619182257872e-06
Samples,41,BP,8.377114186681818e-06
Samples,42,BP,7.415724465627336e-06
Samples,44,BP,7.600608459902583e-06
Samples,55,BP,1.9799100213577343e-06
Samples,56,BP,1.0817759969652935e-06
Samples,58,BP,1.7957914280930782e-06
Samples,59,BP,4.54808603268696e-07
Samples,60,BP,2.4101185135045452e-08
Samples,61,BP,8.562118707755752e-09
Samples,62,BP,2.713169415968207e-08
Samples,63,BP,1.5433079949563604e-08
Samples,64,BP,7.926203295545675e-09
Samples,65,BP,4.7892542802875323e-08
Samples,66,BP,1.3302554209133699e-08
Samples,67,BP,1.9496804211520826e-08
Samples,68,BP,1.4412348357858154e-08
Samples,69,BP,4.485598076761787e-09
Samples,70,BP,4.312370253314111e-09
Samples,71,BP,1.810869453396069e-06
Samples,72,BP,1.0405757272219431e-07
Samples,73,BP,7.572000866907749e-06
Samples,74,BP,1.7708148041540261e-06
Samples,75,BP,3.5247352597852737e-06
Samples,76,BP,1.363345771931165e-09
Samples,77,BP,1.2261569002731019e-05
Samples,78,BP,1.8707300585750937e-08
Samples,79,BP,7.466695537971481e-08
Samples,80,BP,6.760678775395933e-09
Samples,81,BP,1.6850326801329517e-05
Samples,82,BP,1.0086118317158686e-05
Samples,83,BP,4.653298513805235e-07
Samples,84,BP,3.084278779327879e-05
Samples,85,BP,8.732655940482395e-06
Samples,86,BP,3.21015421101384e-05
Samples,87,BP,3.195605037852111e-05
Samples,88,BP,2.683553981851636e-05
Samples,89,BP,2.2770758373666813e-05
Samples,91,BP,2.52129832470389e-07
Samples,93,BP,8.005202842387457e-08
Samples,94,BP,2.8526516570865794e-07
Samples,95,BP,3.6347798285398805e-07
Samples,96,BP,4.2417987135234605e-07
Samples,98,BP,6.064864488066697e-07
Samples,100,BP,1.1373190185793279e-07
Samples,101,BP,2.9442623991171406e-07
Samples,102,BP,3.85301803131942e-06
Samples,103,BP,2.2916825109323092e-05
Samples,106,BP,7.149615516478227e-07
Samples,107,BP,1.1997633835390606e-07
Samples,109,BP,6.799822698726536e-06
Samples,113,BP,1.3321643773724494e-08
Samples,115,BP,2.3198361817068143e-06
Samples,118,BP,5.7353901273641415e-08
Samples,119,BP,2.4729300108604154e-09
Samples,120,BP,4.365528739433239e-09
Samples,121,BP,3.5229276343099017e-06
Samples,122,BP,2.3948251621270495e-09
Samples,123,BP,1.3697274388794002e-06
Samples,124,BP,1.8130481861708017e-08
Samples,125,BP,1.42295134089028e-08
Samples,126,BP,1.8227215512151838e-08
Samples,127,BP,3.5409131204708377e-06
Samples,128,BP,3.4257912191639173e-06
Samples,129,BP,3.3210125727638936e-06
Samples,130,BP,3.20811195546779e-06
Samples,131,BP,2.44775752382146e-08
Samples,132,BP,1.1047579302061396e-08
Samples,133,BP,5.1194172240165376e-08
Samples,134,BP,3.160808901072446e-08
Samples,136,BP,5.561004920789687e-08
Samples,137,BP,5.094839032264498e-08
Samples,138,BP,8.383481269705605e-08
Samples,139,BP,3.916750665819214e-07
Samples,140,BP,3.8368247162067204e-07
Samples,141,BP,3.5430496241036707e-07
Samples,142,BP,7.083927360114856e-07
Samples,143,BP,3.857738006339232e-07
Samples,144,BP,3.907109073637831e-07
Samples,145,BP,1.9159294367299943e-07
Samples,146,BP,5.594590226887928e-07
Samples,147,BP,2.7042412266746057e-07
Samples,148,BP,4.844880204313908e-07
Samples,149,BP,2.679693807118791e-07
Samples,150,BP,2.6962682881662684e-07
Samples,151,BP,1.95006837542816e-07
Samples,152,BP,6.896669050331683e-07
Samples,153,BP,2.7897138628634485e-07
Samples,154,BP,4.0035313216097325e-07
Samples,155,BP,2.5481021723503013e-07
Samples,156,BP,1.9115297339082476e-05
Samples,158,BP,-8.861353243233563e-11
Samples,159,BP,1.287486782368608e-06
Samples,160,BP,1.9188461009843033e-07
Samples,161,BP,8.580791870172377e-08
Samples,164,BP,2.625478997123574e-08
Samples,165,BP,2.221495319960984e-06
Samples,166,BP,8.156855535948468e-07
Samples,167,BP,5.49101160799222e-06
Samples,169,BP,2.166243133089181e-05
Samples,171,BP,1.2843470520237455e-07
Samples,172,BP,4.920201175143056e-06
Samples,174,BP,2.8821005118927956e-07
Samples,175,BP,5.757180249369444e-07
Samples,176,BP,-2.1606758055342287e-10
Samples,177,BP,1.7267872665567472e-08
Samples,178,BP,3.1315082194223896e-07
Samples,179,BP,2.499059290434555e-07
Samples,181,BP,1.6052800104568975e-07
Samples,182,BP,1.4517258668082963e-07
Samples,183,BP,6.295503221628353e-08
Samples,184,BP,4.095066347822634e-07
Samples,185,BP,4.882567377954027e-07
Samples,186,BP,4.597981274105448e-07
Samples,187,BP,6.035083867763653e-07
Samples,188,BP,4.446187659690855e-07
Samples,189,BP,3.6427542311503634e-07
Samples,190,BP,9.882843961872168e-08
Samples,191,BP,-4.479730934436815e-10
Samples,192,BP,6.005028591400618e-07
Samples,193,BP,3.2774166769321103e-07
Samples,194,BP,2.1840615974789417e-07
Samples,195,BP,8.216150790374243e-08
Samples,196,BP,3.7191104267476637e-07
Samples,197,BP,5.79439416544349e-08
Samples,198,BP,1.7773939333999063e-07
Samples,199,BP,3.395361667308012e-06
Samples,200,BP,2.5413514405046004e-06
Samples,201,BP,4.410893132393875e-07
Samples,202,BP,2.8183034518444874e-07
Samples,203,BP,1.9654546178267996e-07
Samples,204,BP,1.9608795632136938e-07
Samples,205,BP,2.7817799658442066e-07
Samples,206,BP,1.2374620819532134e-07
Samples,207,BP,1.768537405961578e-07
Samples,208,BP,2.2186345903602498e-07
Samples,209,BP,2.4971842048633845e-07
Samples,210,BP,1.611351334636624e-07
Samples,211,BP,2.230152061168122e-07
Samples,212,BP,7.763539587480112e-08
Samples,213,BP,2.073279738847586e-07
Samples,214,BP,1.219716047960945e-07
Samples,215,BP,2.1475707094363323e-07
Samples,216,BP,1.605116231902677e-07
Samples,217,BP,8.10633633152716e-08
Samples,218,BP,4.2483009113087404e-07
Samples,219,BP,2.86795293605757e-07
Samples,220,BP,5.006183013134806e-07
Samples,221,BP,3.667349125966505e-07
Samples,222,BP,1.6040670466615576e-07
Samples,223,BP,5.651379399678889e-08
Samples,224,BP,3.922765472054366e-07
Samples,225,BP,8.616811604445555e-09
Samples,226,BP,6.991701684347114e-09
Samples,227,BP,2.309239739760655e-07
Samples,228,BP,3.3548160346402464e-07
Samples,229,BP,7.826745170130834e-08
Samples,230,BP,2.4887672177308343e-07
Samples,231,BP,3.6142945126420344e-07
Samples,232,BP,4.468662333452622e-07
Samples,233,BP,4.062032684933266e-07
Samples,234,BP,2.8107563959169464e-07
Samples,235,BP,4.372441573909029e-07
Samples,236,BP,3.077118220365758e-07
Samples,237,BP,5.921217895563359e-07
Samples,238,BP,2.3533794494443331e-07
Samples,239,BP,4.828557559692409e-07
Samples,240,BP,1.964834582395523e-07
Samples,241,BP,3.840599983919742e-07
Samples,242,BP,4.581127115314088e-07
Samples,243,BP,5.048896991516578e-07
Samples,244,BP,4.018380502818376e-07
Samples,245,BP,3.595474362160596e-07
Samples,246,BP,4.948180446995868e-07
Samples,247,BP,3.80888300719002e-07
Samples,248,BP,4.96541368326038e-07
Samples,249,BP,4.7065462147822387e-07
Samples,250,BP,3.9291624186692665e-07
Samples,251,BP,4.1876754622558375e-07
Samples,252,BP,5.106958770036061e-07
Samples,253,BP,2.895773573331199e-07
Samples,254,BP,4.3706681925930154e-07
Samples,255,BP,4.716964785416237e-07
Samples,256,BP,4.766151110886654e-06
Samples,257,BP,9.545921540364222e-06
Samples,258,BP,1.7547663416478738e-06
Samples,259,BP,3.88998277307367e-07
Samples,260,BP,1.045602824271554e-07
Samples,261,BP,3.6195813946545126e-06
Samples,262,BP,2.4148366624573533e-06
Samples,263,BP,5.00069524470512e-06
Samples,264,BP,3.9215065170904575e-06
Samples,265,BP,7.058416322052125e-07
Samples,266,BP,2.133800591161094e-06
Samples,267,BP,2.984916319551764e-06
Samples,268,BP,3.331898185323648e-06
Samples,269,BP,3.0642922695694834e-06
Samples,270,BP,4.480244246142936e-06
Samples,271,BP,4.407823495463922e-06
Samples,272,BP,6.508746976630882e-06
Samples,273,BP,4.471661821788507e-06
Samples,274,BP,5.132229282386214e-06
Samples,275,BP,1.17373914422451e-08
Samples,276,BP,5.216059892813972e-06
Samples,277,BP,3.312835642228025e-07
Samples,278,BP,1.899048492968666e-08
Samples,279,BP,5.5939978794224264e-08
Samples,280,BP,3.185538496679533e-06
Samples,281,BP,5.997030651750814e-07
Samples,282,BP,1.0183877677036733e-06
Samples,283,BP,6.393973692762308e-07
Samples,284,BP,3.0351072369211885e-07
Samples,285,BP,6.657905317902863e-08
Samples,286,BP,3.543844720265071e-07
Samples,287,BP,4.97259163250147e-07
Samples,288,BP,3.828504690792406e-07
Samples,289,BP,7.196884043641838e-07
Samples,290,BP,5.523671503838702e-07
Samples,291,BP,7.698556158960399e-07
Samples,292,BP,1.5421164924158406e-06
Samples,293,BP,6.578569193347558e-07
Samples,294,BP,3.220647337424618e-08
Samples,295,BP,1.1428888970540454e-07
Samples,296,BP,4.910501688303856e-08
Samples,297,BP,3.830976232033216e-06
Samples,298,BP,3.943498532750755e-06
Samples,299,BP,3.760810589049093e-08
Samples,300,BP,8.483240556499231e-08
Samples,301,BP,6.691473188710768e-08
Samples,302,BP,9.192249116271093e-06
Samples,303,BP,8.687772377649335e-06
Samples,304,BP,6.487480394250299e-06
Samples,305,BP,1.4242301134380502e-06
Samples,306,BP,2.367325856303061e-06
Samples,307,BP,3.0506738613041465e-06
Samples,308,BP,3.375695085093098e-07
Samples,311,BP,1.047388012633749e-07
Samples,319,BP,1.3114193863429105e-07
Samples,320,BP,3.683373191394826e-07
Samples,323,BP,4.6471318495587476e-06
Samples,324,BP,1.0797490692520547e-05
Samples,325,BP,3.9841467472195397e-07
Samples,326,BP,4.525039107885387e-07
Samples,327,BP,4.965213659380561e-07
Samples,328,BP,1.6144251216644676e-06
Samples,329,BP,2.580038377142336e-07
Samples,330,BP,4.4265880028255014e-07
Samples,331,BP,2.333675029203693e-07
Samples,332,BP,6.16318251294554e-06
Samples,333,BP,5.3991635095564824e-06
Samples,334,BP,5.725918828449949e-06
Samples,335,BP,4.964223003663132e-06
Samples,336,BP,6.883554466922895e-06
Samples,337,BP,9.020283832268703e-11
Samples,338,BP,3.480350349390213e-09
Samples,339,BP,5.821639636907652e-11
Samples,340,BP,1.175569719362531e-09
Samples,341,BP,3.8261022789325455e-11
Samples,342,BP,1.8884293054032062e-10
Samples,343,BP,9.018858168897317e-10
Samples,344,BP,3.1388606845440435e-10
Samples,345,BP,4.6541523089513945e-07
Samples,346,BP,1.654506896154271e-06
Samples,347,BP,2.829178700923532e-09
Samples,348,BP,5.490754597066614e-08
Samples,349,BP,3.001506543338052e-09
Samples,350,BP,6.6257541569589525e-09
Samples,351,BP,4.935222063729293e-09
Samples,352,BP,1.1876116530234438e-07
Samples,353,BP,3.8699288794472244e-08
Samples,354,BP,3.4615433455417226e-09
Samples,355,BP,1.327895483467393e-10
Samples,356,BP,1.189890297243937e-07
Samples,357,BP,2.193262599825321e-07
Samples,358,BP,5.712661255447027e-09
Samples,359,BP,3.6329866542467744e-08
Samples,361,BP,1.904945222570885e-09
Samples,362,BP,2.811407154509909e-09
Samples,363,BP,1.0928250310556223e-09
Samples,364,BP,8.143399868643436e-10
Samples,365,BP,9.188953046241277e-07
Samples,367,BP,1.638593404290055e-08
Samples,368,BP,1.1967616868934318e-09
Samples,370,BP,5.896603253774102e-08
Samples,374,BP,-1.1447535508157411e-10
Samples,375,BP,5.418780628554357e-06
Samples,376,BP,4.876430727287822e-06
Samples,377,BP,1.8580697741068885e-06
Samples,378,BP,1.864490507719449e-06
Samples,379,BP,2.1029001173921357e-06
Samples,380,BP,1.0875937728528585e-06
Samples,381,BP,5.726425406508939e-06
Samples,382,BP,5.267988519227991e-06
Samples,383,BP,-6.393150572918581e-10
Samples,384,BP,2.533039737352901e-06
Samples,385,BP,1.3896481115704221e-07
Samples,386,BP,6.367683612415304e-08
Samples,387,BP,5.7815272325401014e-08
Samples,388,BP,3.570446248563115e-08
Samples,389,BP,4.438991359282456e-08
Samples,390,BP,3.890946265469732e-08
Samples,391,BP,3.373708764432587e-08
Samples,392,BP,5.660768341075463e-08
Samples,393,BP,9.520314431420719e-08
Samples,394,BP,9.868304953381271e-08
Samples,395,BP,5.375242249318804e-08
Samples,396,BP,1.7703803022405141e-07
Samples,397,BP,6.022915252354828e-08
Samples,398,BP,1.1362177200217517e-07
Samples,399,BP,1.6077899274215453e-06
Samples,400,BP,6.6910710973259415e-06
Samples,401,BP,6.664020835758841e-06
Samples,402,BP,6.735905650079762e-06
Samples,403,BP,6.675218090727281e-08
Samples,404,BP,4.534976808142553e-08
Samples,405,BP,4.041847148013377e-08
Samples,406,BP,4.385717955732323e-08
Samples,407,BP,4.4361811730026436e-08
Samples,408,BP,1.8761710923592538e-09
Samples,409,BP,6.3349079525087145e-09
Samples,410,BP,6.5321618272411135e-06
Samples,411,BP,2.0749905707827812e-09
Samples,412,BP,4.117965398078764e-08
Samples,413,BP,1.3708250434193804e-06
Samples,414,BP,2.2578701988925535e-08
Samples,415,BP,8.20969210573706e-07
Samples,416,BP,3.3221213489690454e-06
Samples,417,BP,1.420521437147514e-06
Samples,418,BP,1.88588513471254e-08
Samples,419,BP,5.512072940287721e-08
Samples,420,BP,1.935595559182654e-11
Samples,421,BP,3.2369976199273517e-09
Samples,422,BP,8.374937027923373e-10
Samples,423,BP,1.5444382936094466e-09
Samples,424,BP,4.182279667377728e-11
Samples,425,BP,4.061974417227024e-10
Samples,426,BP,1.0011786216994067e-07
Samples,427,BP,5.002018800572764e-09
Samples,428,BP,6.798711551068754e-06
Samples,429,BP,6.849637016118324e-07
Samples,430,BP,6.371797030184685e-07
Samples,431,BP,4.384330763439847e-07
Samples,432,BP,2.2743518920952183e-07
Samples,433,BP,4.2408953049674853e-07
Samples,434,BP,3.5478541077718506e-07
Samples,435,BP,4.15262287736984e-07
Samples,436,BP,6.820497692506399e-07
Samples,437,BP,3.019690627098211e-07
Samples,438,BP,1.9707406456132323e-07
Samples,439,BP,3.717176791870367e-07
Samples,440,BP,2.640083753307818e-07
Samples,441,BP,3.1127138421890116e-07
Samples,442,BP,2.875972454617428e-07
Samples,443,BP,7.225695103903107e-07
Samples,444,BP,1.3736369942278763e-07
Samples,445,BP,5.484464106167791e-07
Samples,446,BP,1.3177102315763878e-06
Samples,447,BP,6.614272643996868e-07
Samples,448,BP,1.5377022337241984e-07
Samples,449,BP,7.26742582488768e-07
Samples,450,BP,3.3474086090585863e-07
Samples,451,BP,3.4044932035548583e-07
Samples,452,BP,3.656170431862195e-07
Samples,453,BP,1.1344940084314727e-07
Samples,454,BP,1.204967792031605e-06
Samples,455,BP,2.595409253011264e-08
Samples,456,BP,4.999875368706086e-07
Samples,457,BP,4.1821526405271623e-07
Samples,458,BP,4.612263979838221e-07
Samples,459,BP,8.267164809267174e-07
Samples,460,BP,9.156615572687319e-07
Samples,461,BP,7.174024847126665e-07
Samples,462,BP,1.0478070985511415e-06
Samples,463,BP,8.21804780630673e-07
Samples,464,BP,1.148072099849061e-06
Samples,465,BP,1.2664559981792308e-06
Samples,466,BP,1.2622905457048395e-06
Samples,467,BP,1.1626182467560303e-06
Samples,468,BP,6.86481665595388e-07
Samples,469,BP,1.0167092560032402e-06
Samples,470,BP,1.0719432939915777e-06
Samples,471,BP,9.62387400005679e-07
Samples,472,BP,9.314665346230124e-07
Samples,473,BP,9.566969498449653e-07
Samples,474,BP,9.597403967107798e-07
Samples,475,BP,7.089254044296135e-07
Samples,476,BP,2.7000734713707764e-08
Samples,477,BP,2.5611764027388324e-07
Samples,478,BP,4.800585374000168e-07
Samples,479,BP,2.5223625876440744e-07
Samples,480,BP,2.537296500747553e-07
Samples,481,BP,4.812979725225487e-07
Samples,482,BP,4.4162223031864364e-08
Samples,483,BP,7.974388478432188e-07
Samples,484,BP,5.525341038484441e-08
Samples,485,BP,2.292160038780595e-07
Samples,486,BP,5.742524474856565e-07
Samples,487,BP,8.807303273973847e-08
Samples,488,BP,4.842026335491412e-07
Samples,489,BP,5.541808907011021e-07
Samples,490,BP,7.429347179379403e-07
Samples,491,BP,3.721317055326408e-07
Samples,492,BP,6.565918731311743e-07
Samples,493,BP,5.381716361688404e-07
Samples,494,BP,3.885217127208647e-07
Samples,495,BP,5.669708886469776e-07
Samples,496,BP,6.019907497445877e-07
Samples,497,BP,7.279446338338502e-07
Samples,498,BP,5.692807561448756e-07
Samples,499,BP,4.597781639522183e-07
Samples,500,BP,6.723787766590588e-07
Samples,501,BP,6.453833190796016e-07
Samples,502,BP,1.0865042686147961e-06
Samples,503,BP,9.755282126198982e-07
Samples,504,BP,7.148701871317934e-07
Samples,505,BP,8.798126750211855e-07
Samples,506,BP,7.328187366317427e-07
Samples,507,BP,1.7976133746760032e-06
Samples,508,BP,4.687113209612896e-06
Samples,509,BP,2.8484301053223825e-07
Samples,510,BP,5.431600125638786e-06
Samples,511,BP,4.93353022579663e-06
Samples,512,BP,1.0532988698023543e-08
Samples,513,BP,1.6395952481880486e-08
Samples,514,BP,5.2164635047760746e-09
Samples,515,BP,4.230587319466292e-06
Samples,516,BP,4.266914093075581e-06
Samples,517,BP,3.992826650005451e-06
Samples,518,BP,4.645926350823336e-06
Samples,519,BP,4.165681094299325e-06
Samples,520,BP,3.6222434410009357e-06
Samples,521,BP,6.458776501840149e-06
Samples,522,BP,7.01965087055096e-06
Samples,523,BP,3.848959536635864e-06
Samples,524,BP,7.03026614577374e-06
Samples,525,BP,1.1229214951154875e-06
Samples,526,BP,7.794929605146302e-07
Samples,527,BP,7.455714808790868e-07
Samples,528,BP,3.0750257748313767e-06
Samples,529,BP,8.376262716363076e-08
Samples,530,BP,1.400006737117495e-07
Samples,531,BP,1.7390534217252162e-07
Samples,532,BP,6.09624125866373e-08
Samples,533,BP,1.0549452633356771e-07
Samples,534,BP,3.427253600765205e-06
Samples,535,BP,4.7090568918362705e-06
Samples,536,BP,1.0668952981887963e-07
Samples,537,BP,2.1149266097258002e-07
Samples,538,BP,4.843995165696018e-07
Samples,539,BP,7.906445887706358e-07
Samples,540,BP,3.511801753378173e-07
Samples,541,BP,5.773956122586463e-07
Samples,542,BP,7.630102608991643e-07
Samples,543,BP,7.18251082734113e-07
Samples,544,BP,6.99736784679134e-06
Samples,545,BP,7.098008227907919e-06
Samples,546,BP,6.941851861713026e-06
Samples,547,BP,3.992596286623861e-06
Samples,548,BP,7.051614342032044e-06
Samples,549,BP,3.8492422351268605e-06
Samples,550,BP,5.495637859315207e-06
Samples,551,BP,1.3695446230242906e-08
Samples,552,BP,3.5289268593856426e-06
Samples,553,BP,6.914199988343446e-06
Samples,554,BP,6.86235740707861e-06
Samples,555,BP,3.7663855876406703e-06
Samples,556,BP,2.1224609911619598e-08
Samples,557,BP,6.7407229491638134e-06
Samples,558,BP,6.22629248568238e-06
Samples,559,BP,9.507586303787097e-08
Samples,560,BP,7.153302702518195e-08
Samples,561,BP,9.655958353114883e-08
Samples,562,BP,6.0841794961445134e-06
Samples,563,BP,3.837629476567033e-08
Samples,564,BP,4.5810546570607815e-08
Samples,565,BP,6.927103482195318e-08
Samples,566,BP,8.80941775432253e-09
Samples,567,BP,1.6841333219832686e-06
Samples,568,BP,3.67468910185812e-09
Samples,569,BP,1.70916392597669e-08
Samples,570,BP,6.050053059874787e-06
Samples,571,BP,5.757961616479553e-08
Samples,572,BP,1.0139276952085551e-07
Samples,573,BP,3.8561031895543137e-08
Samples,574,BP,2.4261079337003732e-06
Samples,575,BP,4.908372917321389e-06
Samples,576,BP,5.107812392463235e-06
Samples,577,BP,2.4703629751801022e-06
Samples,578,BP,5.286291808844222e-06
Samples,579,BP,4.407266567121931e-06
Samples,580,BP,4.9413645496836656e-06
Samples,581,BP,2.6261124784159117e-06
Samples,582,BP,2.6137737634559634e-08
Samples,583,BP,2.069964484819355e-06
Samples,584,BP,4.651434217352841e-06
Samples,585,BP,6.731206891204587e-08
Samples,586,BP,6.815728330287428e-06
Samples,587,BP,4.214828589512887e-06
Samples,588,BP,8.206199818553627e-08
Samples,589,BP,3.080934960593372e-06
Samples,590,BP,3.4877903374279476e-06
Samples,591,BP,3.763508493741551e-06
Samples,592,BP,4.219211459868052e-06
Samples,593,BP,1.9663621509126886e-06
Samples,594,BP,5.098594138336536e-06
Samples,595,BP,3.682822654927619e-06
Samples,596,BP,8.03830966236795e-08
Samples,597,BP,8.205820558231789e-06
Samples,598,BP,6.858096889639406e-06
Samples,599,BP,1.043711151749781e-05
Samples,600,BP,8.171329701050322e-06
Samples,601,BP,6.960107724365222e-07
Samples,602,BP,7.313550605077135e-07
Samples,603,BP,3.3504208818291975e-07
Samples,604,BP,5.614145147972348e-07
Samples,605,BP,9.62547135183998e-07
Samples,606,BP,7.291654798374738e-07
Samples,607,BP,9.423737874515953e-07
Samples,608,BP,7.363415378794817e-07
Samples,609,BP,7.684911912826628e-07
Samples,610,BP,1.4037219595406412e-06
Samples,611,BP,1.3131185031760904e-06
Samples,612,BP,1.1908266168573664e-06
Samples,613,BP,7.626184230505641e-07
Samples,614,BP,1.3405727023739354e-06
Samples,615,BP,7.262532589610284e-07
Samples,616,BP,9.703422927164996e-07
Samples,617,BP,1.0533186225040809e-06
Samples,618,BP,6.811998481866255e-07
Samples,619,BP,1.497550841892957e-06
Samples,620,BP,-4.549649640601776e-10
Samples,621,BP,5.3538444491626176e-08
Samples,622,BP,7.541148113588262e-08
Samples,623,BP,2.8857567955819085e-07
Samples,624,BP,1.1468261577265028e-06
Samples,625,BP,1.1826427709315057e-06
Samples,626,BP,7.291328873440383e-07
Samples,627,BP,1.039080461225445e-06
Samples,628,BP,9.520662853470599e-07
Samples,629,BP,9.394942193764394e-07
Samples,630,BP,1.160985937503472e-06
Samples,631,BP,1.5667963485083679e-06
Samples,632,BP,1.47137590907131e-06
Samples,633,BP,9.470311747790304e-07
Samples,634,BP,1.68673308259354e-06
Samples,635,BP,6.368982643344762e-07
Samples,636,BP,1.218837786938549e-06
Samples,637,BP,1.2557124013929147e-06
Samples,638,BP,0.0005443301982317887
Samples,639,BP,3.7289671991569494e-05
Samples,640,BP,0.00010061655263901005
Samples,641,BP,0.00010811166651355711
Samples,642,BP,0.0002020402988575686
Samples,643,BP,7.990765072550242e-05
Samples,645,BP,9.858549383306426e-05
Samples,646,BP,3.735656559403809e-05
Samples,647,BP,5.33737475992375e-05
Samples,648,BP,1.453262800110731e-07
Samples,649,BP,2.6395379751646934e-06
Samples,650,BP,8.759527078198874e-05
Samples,651,BP,8.801096917686888e-06
Samples,652,BP,0.0001498230093207903
Samples,653,BP,-1.7548088749106682e-08
Samples,654,BP,2.2994308496614742e-05
Samples,655,BP,3.5742232021146003e-06
Samples,656,BP,1.2556356874754583e-06
Samples,657,BP,1.5484439556200376e-06
Samples,658,BP,4.537389130232351e-06
Samples,659,BP,3.0826940216299634e-07
Samples,660,BP,9.544724289786865e-07
Samples,661,BP,1.6278945278580508e-06
Samples,662,BP,5.915374800412098e-07
Samples,663,BP,2.168810137890508e-07
Samples,664,BP,6.377142201985698e-07
Samples,665,BP,1.1938078121581835e-06
Samples,666,BP,6.372922456859315e-07
Samples,667,BP,1.9326249676009724e-07
Samples,668,BP,2.886945054951984e-07
Samples,669,BP,9.716235253602773e-08
Samples,670,BP,6.248084143089262e-06
Samples,671,BP,7.741614649385349e-08
Samples,672,BP,7.505685979856927e-08
Samples,673,BP,4.136944467513115e-06
Samples,674,BP,4.508205402408419e-06
Samples,675,BP,6.6558425768817665e-06
Samples,676,BP,4.8758151672856746e-08
Samples,677,BP,8.70145477211308e-08
Samples,678,BP,6.132380533013912e-08
Samples,679,BP,6.4241668963797355e-06
Samples,680,BP,6.170945882598179e-06
Samples,681,BP,6.391291242559772e-06
Samples,682,BP,8.12026612223292e-07
Samples,683,BP,9.321966907509145e-07
Samples,684,BP,2.4110771041144257e-06
Samples,685,BP,7.179570794696652e-07
Samples,686,BP,1.926243116810954e-06
Samples,687,BP,1.8392333138472408e-06
Samples,688,BP,1.0567571094746639e-06
Samples,689,BP,8.283624749051522e-07
Samples,690,BP,1.9568225433241656e-06
Samples,691,BP,1.6020828522571617e-06
Samples,692,BP,1.729959681125799e-06
Samples,693,BP,4.032177286276856e-06
Samples,694,BP,8.270720794883375e-07
Samples,695,BP,3.567050569718333e-07
Samples,696,BP,3.70467923996222e-07
Samples,697,BP,6.399096394743519e-06
Samples,698,BP,8.31357571456083e-06
Samples,699,BP,4.839044520657214e-08
Samples,700,BP,8.187378107105407e-06
Samples,701,BP,8.189219780821213e-06
Samples,702,BP,6.647309664329092e-06
Samples,703,BP,6.644075915069315e-07
Samples,704,BP,4.128884576018375e-06
Samples,705,BP,1.1548686698209268e-07
Samples,706,BP,5.862638029025185e-06
Samples,707,BP,2.3403563943374186e-07
Samples,708,BP,2.1672976931700118e-06
Samples,709,BP,6.994055368162919e-06
Samples,710,BP,2.3979567225262362e-06
Samples,711,BP,2.3084243543488084e-06
Samples,712,BP,1.3093188471953657e-07
Samples,713,BP,1.83482929324777e-06
Samples,714,BP,5.959500180859673e-06
Samples,715,BP,3.0110938176438744e-06
Samples,716,BP,2.1784537165924286e-06
Samples,717,BP,5.258191659302111e-06
Samples,718,BP,6.351683635572922e-07
Samples,719,BP,5.4074748195200204e-08
Samples,720,BP,3.42680567324616e-07
Samples,721,BP,6.529771043671244e-08
Samples,722,BP,3.102196000706217e-06
Samples,723,BP,6.898616937646725e-08
Samples,724,BP,7.611041050117712e-08
Samples,725,BP,4.4477719893613503e-07
Samples,726,BP,6.789901892029884e-08
Samples,727,BP,6.634950618392341e-08
Samples,728,BP,7.619848181986759e-07
Samples,729,BP,4.079286389811923e-07
Samples,730,BP,6.059586599040162e-07
Samples,731,BP,6.687440962971465e-07
Samples,732,BP,1.676699691197951e-06
Samples,733,BP,7.775662027499551e-07
Samples,734,BP,7.528114636564093e-07
Samples,735,BP,5.612465652323322e-07
Samples,736,BP,1.8702376355716642e-06
Samples,737,BP,2.7342473421145218e-08
Samples,738,BP,5.892432836111122e-07
Samples,739,BP,1.3954088970154378e-06
Samples,740,BP,2.636838797900845e-06
Samples,741,BP,2.3042813478265594e-07
Samples,742,BP,2.9013122214311942e-06
Samples,743,BP,2.433908813037263e-07
Samples,744,BP,7.012384274276277e-06
Samples,745,BP,4.1719197543248804e-06
Samples,746,BP,9.277115017467225e-07
Samples,747,BP,4.459648778559297e-07
Samples,748,BP,3.445029429292598e-06
Samples,749,BP,3.8357323716921667e-07
Samples,750,BP,7.833064962155095e-07
Samples,751,BP,5.303084194037908e-06
Samples,752,BP,1.4469181698114019e-06
Samples,753,BP,3.4684020706346604e-06
Samples,754,BP,6.083945363209266e-07
Samples,755,BP,3.155969440347629e-08
Samples,756,BP,2.2532538187036378e-08
Samples,757,BP,4.760015731219496e-08
Samples,758,BP,8.578471053619249e-08
Samples,759,BP,5.465443674758502e-08
Samples,760,BP,3.5771422558258933e-07
Samples,761,BP,4.006872816587314e-07
Samples,762,BP,1.0730165383804748e-07
Samples,763,BP,2.6899083560335714e-06
Samples,764,BP,1.7316130751592433e-07
Samples,765,BP,1.7574239306894177e-07
Samples,766,BP,2.0790049757228855e-08
Samples,767,BP,4.158816234741274e-08
Samples,768,BP,2.4653888652499047e-08
Samples,769,BP,1.7173836114448937e-08
Samples,770,BP,2.279631946010675e-08
Samples,771,BP,4.899458253211957e-08
Samples,772,BP,1.8901408245426357e-08
Samples,773,BP,7.059609993067706e-06
Samples,774,BP,6.007798152177809e-08
Samples,775,BP,3.1644649241177378e-06
Samples,776,BP,7.692872467326675e-07
Samples,777,BP,4.378152043782773e-07
Samples,778,BP,7.725105843174188e-09
Samples,779,BP,9.141516600488399e-08
Samples,780,BP,6.652696765982973e-08
Samples,781,BP,8.006938836602272e-07
Samples,782,BP,7.740922716094017e-08
Samples,783,BP,3.0773906719874745e-08
Samples,784,BP,4.406651359349844e-08
Samples,785,BP,1.5586184459505883e-06
Samples,786,BP,6.420117646991163e-06
Samples,787,BP,2.723872915006197e-08
Samples,788,BP,2.2027151860861433e-08
Samples,789,BP,4.990294095769486e-07
Samples,790,BP,6.960662499316843e-08
Samples,791,BP,7.532347021456633e-08
Samples,792,BP,4.2138392983661036e-07
Samples,793,BP,3.6593562737645545e-07
Samples,794,BP,4.590793861858296e-07
Samples,795,BP,3.012164126041948e-07
Samples,796,BP,8.300894745833937e-08
Samples,797,BP,6.722241213309634e-06
Samples,798,BP,1.0839902785814465e-07
Samples,799,BP,6.635406338158805e-06
Samples,800,BP,9.70230904003931e-08
Samples,801,BP,9.350340730805757e-09
Samples,802,BP,5.01150193515257e-08
Samples,803,BP,2.0194331472872645e-08
Samples,804,BP,3.685585268460097e-08
Samples,805,BP,7.02953895639074e-06
Samples,806,BP,1.504743282146528e-08
Samples,807,BP,1.0544332599627426e-07
Samples,808,BP,1.3816235594546206e-06
Samples,809,BP,2.7836441288485982e-08
Samples,810,BP,4.060635629893081e-08
Samples,811,BP,2.856716915449511e-08
Samples,812,BP,6.574228830871927e-08
Samples,813,BP,2.141458036938763e-06
Samples,814,BP,6.885652328570654e-08
Samples,815,BP,2.7410707582735923e-08
Samples,816,BP,1.1513263354101415e-08
Samples,817,BP,2.300822007814814e-08
Samples,818,BP,2.6353976343913387e-08
Samples,819,BP,1.0813847022801462e-07
Samples,820,BP,2.2373246980116374e-09
Samples,821,BP,1.0848287730600602e-06
Samples,822,BP,6.60149889036656e-06
Samples,823,BP,6.637893364557601e-06
Samples,824,BP,7.301933562307165e-07
Samples,825,BP,8.019219667852972e-07
Samples,826,BP,5.705484474143804e-08
Samples,827,BP,6.559209152938292e-07
Samples,828,BP,6.239105927677203e-07
Samples,829,BP,9.818285826453216e-07
Samples,830,BP,1.0136653714712906e-06
Samples,831,BP,8.679386522131959e-07
Samples,832,BP,1.461247964709245e-06
Samples,833,BP,6.280842024361655e-07
Samples,834,BP,6.524781359735934e-06
Samples,835,BP,1.079457727445577e-07
Samples,836,BP,3.5991536503010736e-06
Samples,837,BP,1.2859654447338633e-06
Samples,838,BP,3.1109920693188705e-06
Samples,839,BP,1.408877335926267e-08
Samples,840,BP,1.1547849962603373e-08
Samples,841,BP,1.3779548575227938e-07
Samples,842,BP,3.340402233672359e-08
Samples,843,BP,2.272476733070738e-06
Samples,844,BP,1.0187158014966984e-08
Samples,845,BP,1.2361365154180871e-06
Samples,846,BP,8.801170339754858e-08
Samples,847,BP,9.325269036524224e-07
Samples,848,BP,8.850206607178477e-07
Samples,849,BP,2.2403534481174553e-08
Samples,850,BP,6.583075218648371e-06
Samples,851,BP,7.857928700913281e-07
Samples,852,BP,6.559717210250966e-07
Samples,853,BP,1.8901989792703535e-05
Samples,854,BP,8.364153749157569e-07
Samples,855,BP,3.2609975810347244e-07
Samples,856,BP,6.932775920660738e-07
Samples,857,BP,9.220144394651307e-07
Samples,858,BP,5.443935031560196e-07
Samples,859,BP,4.3556261648354107e-07
Samples,860,BP,2.3193792614587243e-07
Samples,861,BP,1.5802567230678553e-07
Samples,862,BP,5.714725896085212e-07
Samples,863,BP,7.82597293254321e-07
Samples,864,BP,2.6912992793760875e-07
Samples,865,BP,4.1496080277948647e-07
Samples,866,BP,3.286843881539854e-07
Samples,867,BP,1.0012915780252642e-07
Samples,868,BP,5.5329538154163105e-08
Samples,869,BP,2.572683460621759e-07
Samples,870,BP,1.1308058876133695e-06
Samples,871,BP,2.6854012460264035e-07
Samples,872,BP,2.61448537539938e-07
Samples,873,BP,8.081993908889863e-07
Samples,874,BP,3.321791921071716e-07
Samples,875,BP,3.602053092451623e-08
Samples,876,BP,3.5161839215062857e-07
Samples,877,BP,8.616275571656354e-07
Samples,878,BP,5.188415989303574e-07
Samples,879,BP,6.529935061375024e-07
Samples,880,BP,2.0974630215922932e-07
Samples,881,BP,3.679137457177096e-07
Samples,882,BP,6.32108550967031e-07
Samples,883,BP,7.136171379960986e-07
Samples,884,BP,6.924893132198631e-07
Samples,885,BP,4.709498615824272e-07
Samples,886,BP,2.7716252213851823e-07
Samples,887,BP,1.209063304097388e-06
Samples,888,BP,1.2701401965726856e-06
Samples,889,BP,1.508784804133819e-07
Samples,890,BP,4.106622313961953e-08
Samples,891,BP,5.087684051769516e-08
Samples,892,BP,3.755914066855289e-08
Samples,893,BP,4.564479798599704e-08
Samples,894,BP,4.115782883951698e-06
Samples,895,BP,4.235324316764654e-06
Samples,896,BP,6.430017843215567e-06
Samples,897,BP,6.928283189660399e-06
Samples,898,BP,6.455519795266331e-06
Samples,899,BP,7.992561401303037e-06
Samples,900,BP,9.483338094122332e-06
Samples,901,BP,4.149513023675445e-09
Samples,902,BP,6.513754888915456e-06
Samples,903,BP,6.4784873956017746e-06
Samples,904,BP,4.62982651887707e-08
Samples,905,BP,-3.383618895965393e-08
Samples,906,BP,9.319447210228415e-06
Samples,907,BP,8.588153223267614e-06
Samples,908,BP,9.734395169416789e-06
Samples,909,BP,8.030537285518779e-06
Samples,910,BP,5.7414250374664855e-06
Samples,911,BP,3.335249872638817e-06
Samples,912,BP,4.896728642609569e-07
Samples,913,BP,7.764022622473236e-08
Samples,914,BP,3.7285347277787577e-06
Samples,915,BP,1.047409288090606e-08
Samples,916,BP,1.3685422585527414e-06
Samples,917,BP,7.700049927838511e-06
Samples,918,BP,6.422262998211775e-06
Samples,919,BP,6.380705996903113e-06
Samples,920,BP,6.247510601025227e-06
Samples,921,BP,1.767382846237484e-07
Samples,922,BP,4.6471649732471426e-07
Samples,923,BP,4.3916890480505604e-07
Samples,924,BP,4.6490622638671204e-06
Samples,925,BP,1.2511868824257398e-06
Samples,926,BP,1.0232443164307322e-05
Samples,927,BP,3.710400365885721e-05
Samples,928,BP,0.0001234832111132641
Samples,929,BP,5.9178065381472475e-06
Samples,930,BP,4.414442659949048e-06
Samples,931,BP,3.748786496951342e-06
Samples,932,BP,4.867447810486279e-06
Samples,933,BP,2.478152328642125e-09
Samples,934,BP,2.364843683569991e-06
Samples,935,BP,2.9304504663483226e-07
Samples,936,BP,4.159278233722893e-06
Samples,937,BP,3.838017296464438e-06
Samples,938,BP,3.7258523517559056e-06
Samples,939,BP,6.43334747090251e-05
Samples,940,BP,2.338113125298831e-05
Samples,941,BP,1.5197987986493137e-08
Samples,942,BP,3.2156425580470524e-06
Samples,943,BP,8.089967804896257e-07
Samples,944,BP,6.175117591312543e-07
Samples,945,BP,6.505168544272123e-06
Samples,946,BP,6.419402485321972e-06
Samples,947,BP,6.283874586566493e-06
Samples,948,BP,6.350488719526852e-06
Samples,949,BP,6.3605649874893715e-06
Samples,950,BP,8.348117100994576e-06
Samples,951,BP,7.398704397157473e-07
Samples,952,BP,4.318854997125637e-06
Samples,953,BP,6.956876687446727e-06
Samples,954,BP,8.392647680421453e-05
Samples,955,BP,4.1960487887183356e-05
Samples,956,BP,1.1235382040317087e-07
Samples,959,BP,5.2149159956435644e-08
Samples,960,BP,3.532588193700597e-07
Samples,961,BP,4.049679609291036e-07
Samples,962,BP,4.493816715362346e-06
Samples,963,BP,8.606476306545588e-07
Samples,964,BP,9.944404335977148e-06
Samples,965,BP,1.017778718378506e-05
Samples,966,BP,5.013726736011775e-07
Samples,967,BP,4.045573222524465e-06
Samples,969,BP,1.069219016518426e-06
Samples,970,BP,6.575620906936712e-08
Samples,971,BP,4.251789230070978e-06
Samples,973,BP,1.0919974489328577e-07
Samples,974,BP,1.350109718071828e-06
Samples,975,BP,3.7317618695646366e-05
Samples,976,BP,8.187331929393941e-07
Samples,977,BP,3.968117438386194e-07
Samples,978,BP,-2.185195565547006e-08
Samples,979,BP,1.8121444301973303e-07
Samples,982,BP,4.960469798264918e-06
Samples,983,BP,2.6508685943064867e-06
Samples,985,BP,1.4738722849032215e-06
Samples,987,BP,0.00011286726752390337
Samples,988,BP,2.1653086345488147e-06
Samples,989,BP,0.0001118598717864912
Samples,990,BP,2.2278278944089766e-06
Samples,991,BP,0.00018823546291797742
Samples,992,BP,0.0001389725618388845
Samples,993,BP,0.0001887458799017119
Samples,994,BP,4.218087492940171e-08
Samples,995,BP,2.0579168686530897e-07
Samples,996,BP,0.00013826175019640902
Samples,997,BP,0.00025285684640140386
Samples,998,BP,2.252157802680223e-07
Samples,999,BP,0.0002481911872290689
Samples,1000,BP,3.2756787634668443e-06
Samples,1001,BP,5.719502669671034e-06
Samples,1002,BP,1.0864736924009771e-05
Samples,1003,BP,1.2078892273151875e-05
Samples,1004,BP,1.2395851454290599e-05
Samples,1005,BP,1.3010813410615564e-05
Samples,1006,BP,1.0879305596808977e-05
Samples,1007,BP,1.190087385312366e-05
Samples,1008,BP,1.3486478145574022e-05
Samples,1009,BP,1.2359681769635882e-05
Samples,1010,BP,4.484497667467717e-09
Samples,1011,BP,-2.0907882021716336e-07
Samples,1012,BP,1.4101980147691968e-08
Samples,1013,BP,1.0598855256325366e-05
Samples,1014,BP,3.3917772226196423e-06
Samples,1015,BP,2.1813340062499005e-08
Samples,1016,BP,2.1953280196490072e-08
Samples,1017,BP,2.2684821779269293e-08
Samples,1018,BP,2.2824366411702866e-08
Samples,1019,BP,3.909578957800776e-09
Samples,1020,BP,2.7391457825294208e-08
Samples,1021,BP,3.9808240952663606e-08
Samples,1022,BP,8.235044249203159e-08
Samples,1023,BP,5.002636896136773e-08
Samples,1024,BP,5.4771736038079085e-08
Samples,1025,BP,-2.4491574259839936e-10
Samples,4,BQ,0.0012691802712425013
Samples,5,BQ,0.005172359106125889
Samples,6,BQ,0.0006790049952393919
Samples,7,BQ,0.0003448495414751688
Samples,8,BQ,7.419065637946717e-05
Samples,9,BQ,0.0004894296632904842
Samples,10,BQ,0.00021103155321241035
Samples,11,BQ,0.0003861772190900233
Samples,12,BQ,0.09646472451575294
Samples,17,BQ,-2.4457423057471538e-05
Samples,19,BQ,0.011076705889961395
Samples,20,BQ,0.01748253490241573
Samples,21,BQ,0.01127267440547936
Samples,26,BQ,0.0012786318632672731
Samples,28,BQ,0.001057720119563805
Samples,29,BQ,0.005578726749198504
Samples,30,BQ,0.01323298547428957
Samples,32,BQ,0.01662013306523855
Samples,34,BQ,0.003349946397211414
Samples,35,BQ,3.9656378585548446
Samples,37,BQ,0.006331767616331258
Samples,39,BQ,0.004150020737778847
Samples,41,BQ,0.01929872494563842
Samples,42,BQ,0.016951293028479555
Samples,44,BQ,0.017421053629650192
Samples,55,BQ,0.004622115845289764
Samples,56,BQ,0.0026009535708354514
Samples,58,BQ,0.0052021592189412155
Samples,59,BQ,0.0013056619473033506
Samples,60,BQ,7.722386101374164e-05
Samples,61,BQ,3.557905385761913e-05
Samples,62,BQ,9.319219439310041e-05
Samples,63,BQ,5.4188874918697316e-05
Samples,64,BQ,3.3981263662685494e-05
Samples,65,BQ,0.0001591143965417514
Samples,66,BQ,5.088975563203006e-05
Samples,67,BQ,7.160286123547757e-05
Samples,68,BQ,5.444369046694396e-05
Samples,69,BQ,1.465830941558995e-05
Samples,70,BQ,1.438675051041892e-05
Samples,71,BQ,0.005159565058620653
Samples,72,BQ,0.0003125098494396405
Samples,73,BQ,0.021342827029387477
Samples,74,BQ,0.005234971875383651
Samples,75,BQ,0.011457587680344139
Samples,76,BQ,4.084073950894422e-06
Samples,77,BQ,0.036050913426228064
Samples,78,BQ,6.175665145627449e-05
Samples,79,BQ,0.0002309735301115046
Samples,80,BQ,2.0299819502146532e-05
Samples,81,BQ,0.05039417298652647
Samples,82,BQ,0.027870650356837803
Samples,83,BQ,0.0014011892448842944
Samples,84,BQ,0.07444829657559435
Samples,85,BQ,0.026148552617731687
Samples,86,BQ,0.09180845880899066
Samples,87,BQ,0.08885633867422839
Samples,88,BQ,0.0750603488164614
Samples,89,BQ,0.06578464441544517
Samples,91,BQ,0.0007717311162850655
Samples,93,BQ,0.0002557062159422588
Samples,94,BQ,0.0008543578990404184
Samples,95,BQ,0.0010545386307365327
Samples,96,BQ,0.001237482296023594
Samples,98,BQ,0.0017689347322077814
Samples,100,BQ,0.0003534390832508339
Samples,101,BQ,0.0008863600589317058
Samples,102,BQ,0.011432475575718531
Samples,103,BQ,0.0649335940249042
Samples,106,BQ,0.0021050565281778523
Samples,107,BQ,0.00045655994786344137
Samples,109,BQ,0.01939221200071065
Samples,113,BQ,4.554509629366139e-05
Samples,115,BQ,0.006566737759010236
Samples,118,BQ,0.00016019172680753293
Samples,119,BQ,6.745141617569687e-06
Samples,120,BQ,9.233222240592965e-06
Samples,121,BQ,0.007239630509669183
Samples,122,BQ,4.955703698081093e-06
Samples,123,BQ,0.0028205285333774313
Samples,124,BQ,3.7659974425969336e-05
Samples,125,BQ,2.997541722060808e-05
Samples,126,BQ,4.130535845839567e-05
Samples,127,BQ,0.007361077453632103
Samples,128,BQ,0.007060537602005523
Samples,129,BQ,0.0068755018410659565
Samples,130,BQ,0.006642063847959162
Samples,131,BQ,5.097076810134594e-05
Samples,132,BQ,2.2966941556685432e-05
Samples,133,BQ,0.00010701292536728269
Samples,134,BQ,6.590781325651849e-05
Samples,136,BQ,0.00011430892520362544
Samples,137,BQ,0.00010534087872478729
Samples,138,BQ,0.00017333458364610777
Samples,139,BQ,0.0008125777100835336
Samples,140,BQ,0.0007981610727532325
Samples,141,BQ,0.0007358649545806485
Samples,142,BQ,0.0017537939978645124
Samples,143,BQ,0.0010008425260620666
Samples,144,BQ,0.0008131823406216792
Samples,145,BQ,0.0004001065361675832
Samples,146,BQ,0.0011646799640159427
Samples,147,BQ,0.0006174259673866084
Samples,148,BQ,0.0010078803277415586
Samples,149,BQ,0.0006109087064134808
Samples,150,BQ,0.000561732506847805
Samples,151,BQ,0.00040752244737382625
Samples,152,BQ,0.0014371203911856384
Samples,153,BQ,0.0005812921601869758
Samples,154,BQ,0.0008330526384485433
Samples,155,BQ,0.0005315419476181574
Samples,156,BQ,0.040017111678697447
Samples,158,BQ,-1.1561557511970954e-07
Samples,159,BQ,0.002626088951593364
Samples,160,BQ,0.0003995131472261909
Samples,161,BQ,0.00017827900132907153
Samples,164,BQ,6.182804708717721e-05
Samples,165,BQ,0.00452149231445729
Samples,166,BQ,0.0017930376687923144
Samples,167,BQ,0.011351320981837023
Samples,169,BQ,0.045012209286170994
Samples,171,BQ,0.0002715880945002654
Samples,172,BQ,0.010288036490420854
Samples,174,BQ,0.0006053175034062357
Samples,175,BQ,0.0012045456038456282
Samples,176,BQ,-1.2473768076147237e-07
Samples,177,BQ,3.570605497777516e-05
Samples,178,BQ,0.0006584358379505007
Samples,179,BQ,0.0005228589234177306
Samples,181,BQ,0.0003362984673067685
Samples,182,BQ,0.0003041056073433208
Samples,183,BQ,0.00013211642084608557
Samples,184,BQ,0.0008577153528035655
Samples,185,BQ,0.0010182612710623773
Samples,186,BQ,0.0009629001315095008
Samples,187,BQ,0.0012594599674194751
Samples,188,BQ,0.0009278082361040916
Samples,189,BQ,0.0007625072169370577
Samples,190,BQ,0.00020692100987761443
Samples,191,BQ,-6.316328594243094e-07
Samples,192,BQ,0.0012438642037082386
Samples,193,BQ,0.0006852975128403851
Samples,194,BQ,0.0004686928054615887
Samples,195,BQ,0.00017175419197322324
Samples,196,BQ,0.0007760392240041712
Samples,197,BQ,0.00012432255468097076
Samples,198,BQ,0.0003785789371885477
Samples,199,BQ,0.007107227229363613
Samples,200,BQ,0.005309784368440432
Samples,201,BQ,0.000924314207837051
Samples,202,BQ,0.0006691652413259272
Samples,203,BQ,0.00042361480947672046
Samples,204,BQ,0.00041233710098854644
Samples,205,BQ,0.0006223331323165778
Samples,206,BQ,0.0003289197028637375
Samples,207,BQ,0.0003711175626604948
Samples,208,BQ,0.0006551474160723759
Samples,209,BQ,0.0005262284143654419
Samples,210,BQ,0.0003389259196895083
Samples,211,BQ,0.0006612201454627895
Samples,212,BQ,0.00019334670874041163
Samples,213,BQ,0.0004375565213010302
Samples,214,BQ,0.00032587628373633457
Samples,215,BQ,0.00045528570330612296
Samples,216,BQ,0.0003385273444436685
Samples,217,BQ,0.00018030616872542798
Samples,218,BQ,0.0008949509642252664
Samples,219,BQ,0.0006092866053313159
Samples,220,BQ,0.001054476428027267
Samples,221,BQ,0.0007712654586337447
Samples,222,BQ,0.0003408806172970538
Samples,223,BQ,0.00012286801868224593
Samples,224,BQ,0.0008139683370238965
Samples,225,BQ,1.8296972732348726e-05
Samples,226,BQ,1.4765387686265808e-05
Samples,227,BQ,0.000493974997606721
Samples,228,BQ,0.0007112550011104062
Samples,229,BQ,0.00017034320704868857
Samples,230,BQ,0.0005310658709945261
Samples,231,BQ,0.0007610455207344728
Samples,232,BQ,0.0009310420628594066
Samples,233,BQ,0.0008576725417481756
Samples,234,BQ,0.0005966350696004244
Samples,235,BQ,0.0009190828809595485
Samples,236,BQ,0.0006532000043608906
Samples,237,BQ,0.0012482002289279793
Samples,238,BQ,0.0004980996671223184
Samples,239,BQ,0.0010294428421733122
Samples,240,BQ,0.00042359780203038856
Samples,241,BQ,0.0008016877446381741
Samples,242,BQ,0.0009718539565199698
Samples,243,BQ,0.0010770424925438148
Samples,244,BQ,0.000874139010933177
Samples,245,BQ,0.0007693132474894783
Samples,246,BQ,0.001052779751967614
Samples,247,BQ,0.0008142252747053617
Samples,248,BQ,0.0010554615546777841
Samples,249,BQ,0.0010004722316798549
Samples,250,BQ,0.000835052268643263
Samples,251,BQ,0.0008907475533835974
Samples,252,BQ,0.0010840108499677213
Samples,253,BQ,0.0006184813202670377
Samples,254,BQ,0.0009318388776660458
Samples,255,BQ,0.0010122949159400187
Samples,256,BQ,0.010144358151841094
Samples,257,BQ,0.02027522623517833
Samples,258,BQ,0.003719682757106982
Samples,259,BQ,0.0008279637310567679
Samples,260,BQ,0.00022582712964173054
Samples,261,BQ,0.007779773311224064
Samples,262,BQ,0.005186588508324884
Samples,263,BQ,0.010657301759797691
Samples,264,BQ,0.008831929530553092
Samples,265,BQ,0.0015108503467716726
Samples,266,BQ,0.00452775148410918
Samples,267,BQ,0.0063565650219741246
Samples,268,BQ,0.0070960385163729
Samples,269,BQ,0.006511208893790397
Samples,270,BQ,0.0067358896716482744
Samples,271,BQ,0.007324051064957216
Samples,272,BQ,0.00989648724820219
Samples,273,BQ,0.007407186361797636
Samples,274,BQ,0.00802191423325044
Samples,275,BQ,1.74474145694381e-05
Samples,276,BQ,0.007929428058783959
Samples,277,BQ,0.0004911635767179147
Samples,278,BQ,2.7683155110679643e-05
Samples,279,BQ,7.978064170192422e-05
Samples,280,BQ,0.004784357298418454
Samples,281,BQ,0.0008976729651883525
Samples,282,BQ,0.0015310285132648118
Samples,283,BQ,0.0009559847482709056
Samples,284,BQ,0.00045276349009733133
Samples,285,BQ,9.882295796410736e-05
Samples,286,BQ,0.0005261367454999327
Samples,287,BQ,0.0007447353402986156
Samples,288,BQ,0.0005710526273137151
Samples,289,BQ,0.0010791709163913503
Samples,290,BQ,0.0008264450527199095
Samples,291,BQ,0.0012337743299059936
Samples,292,BQ,0.0023281526532678266
Samples,293,BQ,0.000986752724203941
Samples,294,BQ,0.0007247579890392632
Samples,295,BQ,0.002071178612924649
Samples,296,BQ,0.0021515006607882954
Samples,297,BQ,0.005935706468422097
Samples,298,BQ,0.0060084874322923355
Samples,299,BQ,5.6086811077291834e-05
Samples,300,BQ,0.00012799140041186468
Samples,301,BQ,9.9705705462936e-05
Samples,302,BQ,0.013901804569364273
Samples,303,BQ,0.013211796095200512
Samples,304,BQ,0.010100405121038818
Samples,305,BQ,0.0024946689060705894
Samples,306,BQ,0.003595009834670184
Samples,307,BQ,0.004612400568336123
Samples,308,BQ,0.0005115668399628465
Samples,311,BQ,0.00015903100657327135
Samples,319,BQ,0.0001992892827885785
Samples,320,BQ,0.0005518416250401569
Samples,323,BQ,0.007051751009806574
Samples,324,BQ,0.0167423885411033
Samples,325,BQ,0.0068809440501833435
Samples,326,BQ,0.0063144008477213935
Samples,327,BQ,0.007104006172730782
Samples,328,BQ,0.006331034577682357
Samples,329,BQ,0.00598695055133496
Samples,330,BQ,0.0062232405376816775
Samples,331,BQ,0.005642000095664774
Samples,332,BQ,0.009288313431319138
Samples,333,BQ,0.00829897339879053
Samples,334,BQ,0.008799384131500087
Samples,335,BQ,0.0075834408281736055
Samples,336,BQ,0.010586377039676681
Samples,337,BQ,1.4616305593782532e-07
Samples,338,BQ,4.787554745005036e-05
Samples,339,BQ,1.0314032526473645e-06
Samples,340,BQ,6.837009638552269e-06
Samples,341,BQ,1.647563880589861e-06
Samples,342,BQ,4.7236966221403663e-07
Samples,343,BQ,3.442736999192567e-06
Samples,344,BQ,1.8683884858531742e-06
Samples,345,BQ,0.0007133237436150379
Samples,346,BQ,0.0025331751659575527
Samples,347,BQ,3.296704224769194e-05
Samples,348,BQ,0.00044097940175425886
Samples,349,BQ,3.745764271479532e-05
Samples,350,BQ,1.0476360188678108e-05
Samples,351,BQ,4.69769168753761e-05
Samples,352,BQ,0.0001927665283071925
Samples,353,BQ,0.00010476009107304453
Samples,354,BQ,5.2387484983798535e-06
Samples,355,BQ,1.891040607111668e-07
Samples,356,BQ,0.0001797338143960183
Samples,357,BQ,0.00033274662266381426
Samples,358,BQ,8.861560144794215e-06
Samples,359,BQ,0.0002986285950937108
Samples,361,BQ,3.3619191712973124e-05
Samples,362,BQ,6.0128324554365235e-06
Samples,363,BQ,4.094503067497474e-05
Samples,364,BQ,5.035260902329115e-06
Samples,365,BQ,0.0013972721680679803
Samples,367,BQ,2.7591161029997903e-05
Samples,368,BQ,7.495161564978851e-06
Samples,370,BQ,8.926199017791756e-05
Samples,374,BQ,-1.7815089074142503e-07
Samples,375,BQ,0.008417095019432224
Samples,376,BQ,0.007400136747220059
Samples,377,BQ,0.0028495355010109396
Samples,378,BQ,0.0028520881239514455
Samples,379,BQ,0.0032072365329489905
Samples,380,BQ,0.001656432997567942
Samples,381,BQ,0.008791542105154848
Samples,382,BQ,0.00805657940114808
Samples,383,BQ,-9.949263475949864e-07
Samples,384,BQ,0.003855296016243554
Samples,385,BQ,0.002685777880822385
Samples,386,BQ,0.0021448386598498254
Samples,387,BQ,0.0024172982452654443
Samples,388,BQ,0.0006113257288520343
Samples,389,BQ,0.0015047441952683145
Samples,390,BQ,0.0015381681136711707
Samples,391,BQ,0.0007402194837741062
Samples,392,BQ,0.002062613203033992
Samples,393,BQ,0.0022677763933460528
Samples,394,BQ,0.0009814736719344567
Samples,395,BQ,0.003583155475364514
Samples,396,BQ,0.0022424976942733775
Samples,397,BQ,0.0022807788961137026
Samples,398,BQ,0.0010940340550697647
Samples,399,BQ,0.0024334161725129092
Samples,400,BQ,0.010232395520656145
Samples,401,BQ,0.010186559940948818
Samples,402,BQ,0.010287124480376135
Samples,403,BQ,0.003356606247337736
Samples,404,BQ,0.0020257190064509756
Samples,405,BQ,0.0023427635591121254
Samples,406,BQ,0.0020732079042969963
Samples,407,BQ,0.002108539145201549
Samples,408,BQ,3.13985061537585e-06
Samples,409,BQ,1.006452260839427e-05
Samples,410,BQ,0.009985583589087682
Samples,411,BQ,3.2458428304141958e-06
Samples,412,BQ,6.329163913843214e-05
Samples,413,BQ,0.0020785784488005256
Samples,414,BQ,3.4403330096595765e-05
Samples,415,BQ,0.0012385484748887376
Samples,416,BQ,0.005137644048900266
Samples,417,BQ,0.0021575748713736913
Samples,418,BQ,2.8697396547124286e-05
Samples,419,BQ,8.547257435702046e-05
Samples,420,BQ,3.819067337110179e-08
Samples,421,BQ,0.0001469839262545529
Samples,422,BQ,3.789727314213676e-05
Samples,423,BQ,7.08372623955676e-05
Samples,424,BQ,7.124823413904805e-08
Samples,425,BQ,8.287731019678657e-06
Samples,426,BQ,0.00017984367292912495
Samples,427,BQ,6.294665992096731e-05
Samples,428,BQ,0.020586787357293686
Samples,429,BQ,0.0010473118234599226
Samples,430,BQ,0.000971959021169242
Samples,431,BQ,0.0006674108933835991
Samples,432,BQ,0.00034555514357094023
Samples,433,BQ,0.0006464871357986727
Samples,434,BQ,0.0005405709775951407
Samples,435,BQ,0.0006334377470483048
Samples,436,BQ,0.0010421589939730185
Samples,437,BQ,0.00045962643430719885
Samples,438,BQ,0.0002998277589910715
Samples,439,BQ,0.0005662252413447314
Samples,440,BQ,0.0004015268951775045
Samples,441,BQ,0.00047396755297783084
Samples,442,BQ,0.0004378740177518817
Samples,443,BQ,0.0011066065398916216
Samples,444,BQ,0.00020720117774483077
Samples,445,BQ,0.000837019361863209
Samples,446,BQ,0.002018684310077508
Samples,447,BQ,0.0010094145637166714
Samples,448,BQ,0.00023195627077413555
Samples,449,BQ,0.001106511520177066
Samples,450,BQ,0.0005091309515087235
Samples,451,BQ,0.0005147979477612828
Samples,452,BQ,0.0008059126213570618
Samples,453,BQ,0.016164719525478793
Samples,454,BQ,0.0021887679834043236
Samples,455,BQ,3.83477283091684e-05
Samples,456,BQ,0.0007628119770159605
Samples,457,BQ,0.0006378818742909148
Samples,458,BQ,0.0007049270438711457
Samples,459,BQ,0.0012583136687941377
Samples,460,BQ,0.0013985195993072128
Samples,461,BQ,0.0010901422923819165
Samples,462,BQ,0.0015989220107771225
Samples,463,BQ,0.0012498076696338288
Samples,464,BQ,0.0017521807082040068
Samples,465,BQ,0.0019326463954706258
Samples,466,BQ,0.0019274285154960086
Samples,467,BQ,0.0017732572512850725
Samples,468,BQ,0.0010438667900869356
Samples,469,BQ,0.002015925418027536
Samples,470,BQ,0.0016339633775710632
Samples,471,BQ,0.0014724410902972568
Samples,472,BQ,0.001422205120471306
Samples,473,BQ,0.0014584126001025621
Samples,474,BQ,0.0014633717463065404
Samples,475,BQ,0.0010787080077159549
Samples,476,BQ,4.0614453127201994e-05
Samples,477,BQ,0.00038858449493952933
Samples,478,BQ,0.0007314979399359813
Samples,479,BQ,0.0003825486118743322
Samples,480,BQ,0.00038269047961252676
Samples,481,BQ,0.0007326079532081457
Samples,482,BQ,6.724852438004917e-05
Samples,483,BQ,0.0012157326709915746
Samples,484,BQ,8.30047083592571e-05
Samples,485,BQ,0.00034674055261916473
Samples,486,BQ,0.0008744347144551295
Samples,487,BQ,0.00013246154530753484
Samples,488,BQ,0.0007358889433207033
Samples,489,BQ,0.0008498948232650786
Samples,490,BQ,0.001132471754578633
Samples,491,BQ,0.0005686099652809912
Samples,492,BQ,0.0010017344783586838
Samples,493,BQ,0.0008183257483361393
Samples,494,BQ,0.0006702417397450724
Samples,495,BQ,0.0009351656548281436
Samples,496,BQ,0.0009166214626027351
Samples,497,BQ,0.0011095520831941876
Samples,498,BQ,0.0008840647970125161
Samples,499,BQ,0.0007361170808572966
Samples,500,BQ,0.0010256176747677258
Samples,501,BQ,0.0009800198939386706
Samples,502,BQ,0.0016637903461258004
Samples,503,BQ,0.0014916019706333282
Samples,504,BQ,0.0010905961680615932
Samples,505,BQ,0.0013440368179112837
Samples,506,BQ,0.0011192949049830922
Samples,507,BQ,0.0027645832050791127
Samples,508,BQ,0.008632778356832092
Samples,509,BQ,0.00043313648761646786
Samples,510,BQ,0.008463716684484555
Samples,511,BQ,0.007589344606841995
Samples,512,BQ,1.8794745491552174e-05
Samples,513,BQ,2.477799883275096e-05
Samples,514,BQ,1.1811389554964545e-05
Samples,515,BQ,0.017534256415871065
Samples,516,BQ,0.018247815800154697
Samples,517,BQ,0.01646242894844523
Samples,518,BQ,0.019432983272103667
Samples,519,BQ,0.016371188900184283
Samples,520,BQ,0.015361513907221342
Samples,521,BQ,0.012703155813442071
Samples,522,BQ,0.010755148408253408
Samples,523,BQ,0.016081846099956932
Samples,524,BQ,0.010752674751438682
Samples,525,BQ,0.0017037771314213392
Samples,526,BQ,0.0011722282352242474
Samples,527,BQ,0.0011231093493610411
Samples,528,BQ,0.004764147271024788
Samples,529,BQ,0.00012622228272527716
Samples,530,BQ,0.00020978884670186105
Samples,531,BQ,0.0002609913825658245
Samples,532,BQ,9.097600531182557e-05
Samples,533,BQ,0.00015895944505028866
Samples,534,BQ,0.005100897913764334
Samples,535,BQ,0.007318218148104353
Samples,536,BQ,0.00016070138928951901
Samples,537,BQ,0.00031861478345677927
Samples,538,BQ,0.0007391229973090283
Samples,539,BQ,0.0012103112516833202
Samples,540,BQ,0.0005338569286699248
Samples,541,BQ,0.0009757250476256006
Samples,542,BQ,0.001168568493999166
Samples,543,BQ,0.0010976158925891893
Samples,544,BQ,0.01072703243821614
Samples,545,BQ,0.0108770968613983
Samples,546,BQ,0.010645911850038553
Samples,547,BQ,0.0061240446318608895
Samples,548,BQ,0.010819886376156515
Samples,549,BQ,0.005901042184206532
Samples,550,BQ,0.00853369804096154
Samples,551,BQ,2.115956341549303e-05
Samples,552,BQ,0.005415249280474681
Samples,553,BQ,0.010644251639094578
Samples,554,BQ,0.010557170572071941
Samples,555,BQ,0.005779727834219176
Samples,556,BQ,3.2539981936224444e-05
Samples,557,BQ,0.010317645539903355
Samples,558,BQ,0.00945009603150551
Samples,559,BQ,0.0001424476250320998
Samples,560,BQ,0.00010669436546625451
Samples,561,BQ,0.00014495694431561083
Samples,562,BQ,0.009245518454918953
Samples,563,BQ,5.6502098811341395e-05
Samples,564,BQ,6.786484667084234e-05
Samples,565,BQ,0.0001034717239332803
Samples,566,BQ,0.0019051301983464596
Samples,567,BQ,0.0029523062726362365
Samples,568,BQ,0.0016041164189589184
Samples,569,BQ,0.0003884922623605012
Samples,570,BQ,0.009217737849228153
Samples,571,BQ,0.0014824451560636175
Samples,572,BQ,0.0013084547211564468
Samples,573,BQ,0.0013446960862624775
Samples,574,BQ,0.004374906522841335
Samples,575,BQ,0.007583848444192171
Samples,576,BQ,0.007765390707566191
Samples,577,BQ,0.0037553956810041722
Samples,578,BQ,0.00803335287547071
Samples,579,BQ,0.006734959110543186
Samples,580,BQ,0.007521582119717936
Samples,581,BQ,0.003992002610133654
Samples,582,BQ,4.334107403911089e-05
Samples,583,BQ,0.0031535802626236112
Samples,584,BQ,0.0071111440971107975
Samples,585,BQ,0.00010256953825511652
Samples,586,BQ,0.010537904755933504
Samples,587,BQ,0.01743538657723381
Samples,588,BQ,0.00012463917821549353
Samples,589,BQ,0.011874180086638025
Samples,590,BQ,0.013306075140792737
Samples,591,BQ,0.012059439005960132
Samples,592,BQ,0.015625142169512624
Samples,593,BQ,0.008251460970922364
Samples,594,BQ,0.008332887809025734
Samples,595,BQ,0.015527142354855415
Samples,596,BQ,0.00012215081705885876
Samples,597,BQ,0.013513645049964416
Samples,598,BQ,0.010623760277289887
Samples,599,BQ,0.016286556003312306
Samples,600,BQ,0.012689582016866518
Samples,601,BQ,0.0010752008822392457
Samples,602,BQ,0.001129823768796113
Samples,603,BQ,0.0005159835033006814
Samples,604,BQ,0.0008639307627565511
Samples,605,BQ,0.0014901796574294894
Samples,606,BQ,0.0011267238610583221
Samples,607,BQ,0.0014623846160937476
Samples,608,BQ,0.001140799481933269
Samples,609,BQ,0.0011900582875029072
Samples,610,BQ,0.002181931530555562
Samples,611,BQ,0.0020402925676184995
Samples,612,BQ,0.001847336628663533
Samples,613,BQ,0.0011798548343963924
Samples,614,BQ,0.00208245595166884
Samples,615,BQ,0.0011251462885540845
Samples,616,BQ,0.0015049423497828444
Samples,617,BQ,0.0016307642486924538
Samples,618,BQ,0.0010540763003692715
Samples,619,BQ,0.002327091668099125
Samples,620,BQ,-7.080337383160229e-07
Samples,621,BQ,8.025394923817402e-05
Samples,622,BQ,0.00011574254736747404
Samples,623,BQ,0.00044491798217561685
Samples,624,BQ,0.0017814467745847524
Samples,625,BQ,0.001837894398043851
Samples,626,BQ,0.0011291862413844195
Samples,627,BQ,0.0016125769370501895
Samples,628,BQ,0.0014793397200988866
Samples,629,BQ,0.0014571086501168455
Samples,630,BQ,0.0018024585619448692
Samples,631,BQ,0.00244810339079268
Samples,632,BQ,0.002287726465731376
Samples,633,BQ,0.0014709165493790928
Samples,634,BQ,0.0026298202068180264
Samples,635,BQ,0.0009852590659879931
Samples,636,BQ,0.0018932511106106184
Samples,637,BQ,0.0019527200238415444
Samples,638,BQ,0.8347097515550609
Samples,639,BQ,0.057295459903907324
Samples,640,BQ,0.1545988043034493
Samples,641,BQ,0.1698214218438735
Samples,642,BQ,0.3123751366817074
Samples,643,BQ,0.12395925239079725
Samples,645,BQ,0.15579935619784463
Samples,646,BQ,0.0573599484804933
Samples,647,BQ,0.08224092334740833
Samples,648,BQ,0.00021868378625176273
Samples,649,BQ,0.004092803243024983
Samples,650,BQ,0.13530636340108834
Samples,651,BQ,0.01366799340051197
Samples,652,BQ,0.233169165078911
Samples,653,BQ,-3.903203472959939e-05
Samples,654,BQ,0.03555024682655392
Samples,655,BQ,0.005506584338094321
Samples,656,BQ,0.001901254239005757
Samples,657,BQ,0.002297298699567216
Samples,658,BQ,0.006885889400882937
Samples,659,BQ,0.0004924520457996497
Samples,660,BQ,0.0014855614288889593
Samples,661,BQ,0.002539047442070553
Samples,662,BQ,0.0009156791167160486
Samples,663,BQ,0.0003571134686567322
Samples,664,BQ,0.0009893835646767914
Samples,665,BQ,0.0018546877114492624
Samples,666,BQ,0.000988181184977376
Samples,667,BQ,0.00036943415445596774
Samples,668,BQ,0.0006233087518847702
Samples,669,BQ,0.00014833330928416008
Samples,670,BQ,0.00969276754831502
Samples,671,BQ,0.0001179054339204073
Samples,672,BQ,0.0020839839801000256
Samples,673,BQ,0.006562221494695
Samples,674,BQ,0.006851955193946113
Samples,675,BQ,0.010362469529647289
Samples,676,BQ,7.443712991867958e-05
Samples,677,BQ,0.002034667340895828
Samples,678,BQ,9.393250391379179e-05
Samples,679,BQ,0.01000353234459804
Samples,680,BQ,0.009595371785147976
Samples,681,BQ,0.009967632844019378
Samples,682,BQ,0.0012586797710913552
Samples,683,BQ,0.0014476689094424988
Samples,684,BQ,0.0038906870185602574
Samples,685,BQ,0.0011865194974320236
Samples,686,BQ,0.0030224971412314934
Samples,687,BQ,0.0028534181435033532
Samples,688,BQ,0.0019515833762355922
Samples,689,BQ,0.0012885982024389833
Samples,690,BQ,0.003333699008115994
Samples,691,BQ,0.0025689507981284314
Samples,692,BQ,0.0026884278127573737
Samples,693,BQ,0.007182927268421416
Samples,694,BQ,0.0012884496590355708
Samples,695,BQ,0.0005541135825362438
Samples,696,BQ,0.0005760333532331434
Samples,697,BQ,0.010009596216909965
Samples,698,BQ,0.012968363562797451
Samples,699,BQ,8.080946268014708e-05
Samples,700,BQ,0.012789652296616938
Samples,701,BQ,0.01278890281388524
Samples,702,BQ,0.010374307463860949
Samples,703,BQ,0.0010360400003526355
Samples,704,BQ,0.01111693122333473
Samples,705,BQ,0.00018160713037775677
Samples,706,BQ,0.015652884357873022
Samples,707,BQ,0.0003636513236219477
Samples,708,BQ,0.005853205099623991
Samples,709,BQ,0.01627845009189391
Samples,710,BQ,0.004971914574523627
Samples,711,BQ,0.0037020840452102674
Samples,712,BQ,0.000285665615468079
Samples,713,BQ,0.004924960498962691
Samples,714,BQ,0.013765801560379504
Samples,715,BQ,0.006259836349899129
Samples,716,BQ,0.005869325744269858
Samples,717,BQ,0.012277467607102098
Samples,718,BQ,0.0018031790535769027
Samples,719,BQ,8.291151808842182e-05
Samples,720,BQ,0.0007689833959072529
Samples,721,BQ,0.00010040514967968317
Samples,722,BQ,0.007389759074528202
Samples,723,BQ,0.00010623176987339326
Samples,724,BQ,0.00011732382448902062
Samples,725,BQ,0.0012613467887653532
Samples,726,BQ,0.00010448877387272414
Samples,727,BQ,0.00010205401655802441
Samples,728,BQ,0.0029491012970749475
Samples,729,BQ,0.0008847431851794205
Samples,730,BQ,0.0013558573763026171
Samples,731,BQ,0.0014352160909313128
Samples,732,BQ,0.0034797629214938764
Samples,733,BQ,0.0029867894069495575
Samples,734,BQ,0.0016667412253059013
Samples,735,BQ,0.0008839688582581344
Samples,736,BQ,0.00720902389250397
Samples,737,BQ,4.238474839255311e-05
Samples,738,BQ,0.0022791387577273943
Samples,739,BQ,0.0030826071492887743
Samples,740,BQ,0.004110615730734828
Samples,741,BQ,0.00035960726035783665
Samples,742,BQ,0.004599854550840209
Samples,743,BQ,0.000379550855502212
Samples,744,BQ,0.011234551510369138
Samples,745,BQ,0.0070251980176038314
Samples,746,BQ,0.0014403201353348192
Samples,747,BQ,0.0009700383108389286
Samples,748,BQ,0.0061769357083164105
Samples,749,BQ,0.0007092348594542334
Samples,750,BQ,0.001716388171675867
Samples,751,BQ,0.008901603750491075
Samples,752,BQ,0.003209437602631026
Samples,753,BQ,0.0062219859673237335
Samples,754,BQ,0.0011572177019610694
Samples,755,BQ,7.0672551974977e-05
Samples,756,BQ,4.695275915129382e-05
Samples,757,BQ,0.00010867478745613522
Samples,758,BQ,0.00018812475586756466
Samples,759,BQ,0.00010407775667469324
Samples,760,BQ,0.0006160167199838046
Samples,761,BQ,0.0006323459643949502
Samples,762,BQ,0.00022317447615329185
Samples,763,BQ,0.004215719132596919
Samples,764,BQ,0.00036229133419134256
Samples,765,BQ,0.00027374547235760614
Samples,766,BQ,0.001861376365343283
Samples,767,BQ,6.35901746023282e-05
Samples,768,BQ,0.0019502754658741754
Samples,769,BQ,0.0018233029486771513
Samples,770,BQ,0.0021538608699785845
Samples,771,BQ,7.524951586083338e-05
Samples,772,BQ,0.0022424403437039607
Samples,773,BQ,0.01107246058552625
Samples,774,BQ,0.0001092545758458277
Samples,775,BQ,0.004957376255140089
Samples,776,BQ,0.0012527011711191162
Samples,777,BQ,0.0006905239925972686
Samples,778,BQ,1.221355532396825e-05
Samples,779,BQ,0.00013902538955905917
Samples,780,BQ,0.0001285778360000824
Samples,781,BQ,0.001263272128765914
Samples,782,BQ,0.0001597863665815323
Samples,783,BQ,4.8327045501718956e-05
Samples,784,BQ,8.269634866125779e-05
Samples,785,BQ,0.0025121436671048107
Samples,786,BQ,0.010094968404797622
Samples,787,BQ,4.2731366088757434e-05
Samples,788,BQ,3.451970724237457e-05
Samples,789,BQ,0.0007776144552997117
Samples,790,BQ,0.00010951606148794051
Samples,791,BQ,0.00016551703558048255
Samples,792,BQ,0.0006533103098153064
Samples,793,BQ,0.0005811766037952096
Samples,794,BQ,0.0007220320231669264
Samples,795,BQ,0.0005826435562618388
Samples,796,BQ,0.00017629827059228753
Samples,797,BQ,0.010563616328277807
Samples,798,BQ,0.00019371937606563964
Samples,799,BQ,0.010422677863327196
Samples,800,BQ,0.00015130166571102898
Samples,801,BQ,1.527602508809673e-05
Samples,802,BQ,7.916623480106682e-05
Samples,803,BQ,3.2110473830775915e-05
Samples,804,BQ,5.871251365437376e-05
Samples,805,BQ,0.01218700045747547
Samples,806,BQ,2.3827075376806638e-05
Samples,807,BQ,0.000165470383113416
Samples,808,BQ,0.0024009772040476836
Samples,809,BQ,4.389282014898915e-05
Samples,810,BQ,6.393317984312619e-05
Samples,811,BQ,4.517148110104957e-05
Samples,812,BQ,0.00010145923395753654
Samples,813,BQ,0.0037270604129960444
Samples,814,BQ,0.0001082159548587431
Samples,815,BQ,4.316478195250226e-05
Samples,816,BQ,1.8224999387460056e-05
Samples,817,BQ,3.6217004274448284e-05
Samples,818,BQ,4.141601221306567e-05
Samples,819,BQ,0.0001698883487599415
Samples,820,BQ,3.492363790363796e-06
Samples,821,BQ,0.0018918296136022103
Samples,822,BQ,0.010387948659865056
Samples,823,BQ,0.010441603106235837
Samples,824,BQ,0.001143216703051615
Samples,825,BQ,0.001259348195959028
Samples,826,BQ,9.696807117096781e-05
Samples,827,BQ,0.00102913099912425
Samples,828,BQ,0.0009805946165469621
Samples,829,BQ,0.0015451407193063295
Samples,830,BQ,0.001590284875768844
Samples,831,BQ,0.0013628337301364684
Samples,832,BQ,0.0023746420313139555
Samples,833,BQ,0.001050943622754086
Samples,834,BQ,0.010190333493622687
Samples,835,BQ,0.00016527384107436355
Samples,836,BQ,0.00959936822818338
Samples,837,BQ,0.01094325023161449
Samples,838,BQ,0.007932108784002445
Samples,839,BQ,2.0537929793367208e-05
Samples,840,BQ,1.681470722450509e-05
Samples,841,BQ,0.0002112683994211396
Samples,842,BQ,5.0652553411800715e-05
Samples,843,BQ,0.005778973921502557
Samples,844,BQ,1.4716452122699998e-05
Samples,845,BQ,0.009366217733619123
Samples,846,BQ,0.00013305923110503337
Samples,847,BQ,0.008005093388375887
Samples,848,BQ,0.007580554693522161
Samples,849,BQ,3.495173689610759e-05
Samples,850,BQ,0.010315363425287246
Samples,851,BQ,0.001227508811645731
Samples,852,BQ,0.0010197442975261738
Samples,853,BQ,0.030012890314479967
Samples,854,BQ,0.001307534111375768
Samples,855,BQ,0.000509183810609713
Samples,856,BQ,0.0010856892204088695
Samples,857,BQ,0.001446071434122364
Samples,858,BQ,0.0008520984384415188
Samples,859,BQ,0.0006811360983037331
Samples,860,BQ,0.00035945423809798446
Samples,861,BQ,0.0002458900908846987
Samples,862,BQ,0.0008949976666664715
Samples,863,BQ,0.001222539839070157
Samples,864,BQ,0.0004184531459146835
Samples,865,BQ,0.0006499442459414399
Samples,866,BQ,0.000511254421824423
Samples,867,BQ,0.00015396193365417184
Samples,868,BQ,8.595117116162217e-05
Samples,869,BQ,0.0003995216361519287
Samples,870,BQ,0.0017704294906160055
Samples,871,BQ,0.00041749196966093806
Samples,872,BQ,0.000406429324425504
Samples,873,BQ,0.00126498060898151
Samples,874,BQ,0.0005180639810950038
Samples,875,BQ,5.6463961988647085e-05
Samples,876,BQ,0.000545988847897785
Samples,877,BQ,0.0014753751456088183
Samples,878,BQ,0.0008100240700222226
Samples,879,BQ,0.0010200529439829459
Samples,880,BQ,0.0003260712771573225
Samples,881,BQ,0.0005733321149117349
Samples,882,BQ,0.0009865763662839347
Samples,883,BQ,0.0011146401667040812
Samples,884,BQ,0.0010852218768783294
Samples,885,BQ,0.0007359676464358479
Samples,886,BQ,0.00046937324806108576
Samples,887,BQ,0.0018952137840306453
Samples,888,BQ,0.0019864944196119464
Samples,889,BQ,0.0002347962846110856
Samples,890,BQ,0.0019636853720573447
Samples,891,BQ,7.822295801335492e-05
Samples,892,BQ,0.001973942605934966
Samples,893,BQ,0.001985672794210763
Samples,894,BQ,0.006939674220968226
Samples,895,BQ,0.006653783621308127
Samples,896,BQ,0.010095162017172636
Samples,897,BQ,0.010788082356301184
Samples,898,BQ,0.010116328089496786
Samples,899,BQ,0.012297119721002836
Samples,900,BQ,0.015002401428510349
Samples,901,BQ,5.970653271382276e-06
Samples,902,BQ,0.010218394550498172
Samples,903,BQ,0.01015440009513384
Samples,904,BQ,7.074413980515344e-05
Samples,905,BQ,-5.265716099471418e-05
Samples,906,BQ,0.014444322407026955
Samples,907,BQ,0.013274581846961063
Samples,908,BQ,0.01537432840756028
Samples,909,BQ,0.012483411368673734
Samples,910,BQ,0.008878355824798824
Samples,911,BQ,0.005228830382821016
Samples,912,BQ,0.0007728287968519317
Samples,913,BQ,0.00015903354079304624
Samples,914,BQ,0.005847871212634239
Samples,915,BQ,1.5580731199455828e-05
Samples,916,BQ,0.010866266745817416
Samples,917,BQ,0.012065104356521894
Samples,918,BQ,0.010065723897183125
Samples,919,BQ,0.009996395462878681
Samples,920,BQ,0.009786024617146664
Samples,921,BQ,0.00027448222135257726
Samples,922,BQ,0.0007259781876728938
Samples,923,BQ,0.0006893864473760865
Samples,924,BQ,0.00728488037404494
Samples,925,BQ,0.0019486899579048023
Samples,926,BQ,0.015839092676622868
Samples,927,BQ,0.057721328609895164
Samples,928,BQ,0.19250176651728917
Samples,929,BQ,0.009191284519026004
Samples,930,BQ,0.03200147340470348
Samples,931,BQ,0.005822229034691649
Samples,932,BQ,0.0073746295067589895
Samples,933,BQ,3.5640757086102126e-06
Samples,934,BQ,0.0037676118113904628
Samples,935,BQ,0.0005509062710505007
Samples,936,BQ,0.006480649786683605
Samples,937,BQ,0.010726581694883427
Samples,938,BQ,0.009439229919281329
Samples,939,BQ,0.1003215151416648
Samples,940,BQ,0.03640167537439645
Samples,941,BQ,2.2266667865403362e-05
Samples,942,BQ,0.04647548550921675
Samples,943,BQ,0.0013551559300993708
Samples,944,BQ,0.00103246631057583
Samples,945,BQ,0.010241539163626573
Samples,946,BQ,0.010110016489246136
Samples,947,BQ,0.009893130044208649
Samples,948,BQ,0.010000447312284723
Samples,949,BQ,0.010025827097082744
Samples,950,BQ,0.012962691888943709
Samples,951,BQ,0.0010884901928096269
Samples,952,BQ,0.00659078165682948
Samples,953,BQ,0.010818101081082918
Samples,954,BQ,0.13152352652274715
Samples,955,BQ,0.06575542191954314
Samples,956,BQ,0.00018507677092895655
Samples,959,BQ,7.944518251343093e-05
Samples,960,BQ,0.010279992143477192
Samples,961,BQ,0.0007460327864980087
Samples,962,BQ,0.007235142878102361
Samples,963,BQ,0.005637471755290019
Samples,964,BQ,0.015893593577445134
Samples,965,BQ,0.01625526129560489
Samples,966,BQ,0.0008840735377101208
Samples,967,BQ,0.008235135320497088
Samples,969,BQ,0.0017418537476503728
Samples,970,BQ,0.0012297035314794526
Samples,971,BQ,0.0067455099586552335
Samples,973,BQ,0.0013836862708459894
Samples,974,BQ,0.009178204583792942
Samples,975,BQ,0.05877054713157919
Samples,976,BQ,0.0016758277307180843
Samples,977,BQ,0.0022724226054320366
Samples,978,BQ,-3.4006842448228554e-05
Samples,979,BQ,0.005219323923043748
Samples,982,BQ,0.007859479688864279
Samples,983,BQ,0.004421097115427529
Samples,985,BQ,0.002443281310492194
Samples,987,BQ,0.17515698156469242
Samples,988,BQ,0.0037346668693819026
Samples,989,BQ,0.17349849419954289
Samples,990,BQ,0.0038211867929290335
Samples,991,BQ,0.2920086609974018
Samples,992,BQ,0.21614220619718558
Samples,993,BQ,0.29195770378626446
Samples,994,BQ,0.00011028573062437718
Samples,995,BQ,0.0003553194811407442
Samples,996,BQ,0.21487914679046172
Samples,997,BQ,0.395897505346257
Samples,998,BQ,0.0004108473846014967
Samples,999,BQ,0.389170474046648
Samples,1000,BQ,0.005552859092194404
Samples,1001,BQ,0.009721632624399448
Samples,1002,BQ,0.016959819373398237
Samples,1003,BQ,0.018918729138885846
Samples,1004,BQ,0.019464840945989076
Samples,1005,BQ,0.020336799021924253
Samples,1006,BQ,0.016925175416654413
Samples,1007,BQ,0.018595690964252114
Samples,1008,BQ,0.021087914731751093
Samples,1009,BQ,0.0192518632768271
Samples,1010,BQ,6.86721459635604e-06
Samples,1011,BQ,-0.0003252279455039128
Samples,1012,BQ,5.537448180104983e-05
Samples,1013,BQ,0.016740988711396287
Samples,1014,BQ,0.005405423078199293
Samples,1015,BQ,3.246380290531376e-05
Samples,1016,BQ,3.2558068791157757e-05
Samples,1017,BQ,3.348985733899231e-05
Samples,1018,BQ,3.3845909020242616e-05
Samples,1019,BQ,3.7341883263533365e-05
Samples,1020,BQ,6.851522763463673e-05
Samples,1021,BQ,0.00010229534937845711
Samples,1022,BQ,0.0002635297730021067
Samples,1023,BQ,0.00013074939698662184
Samples,1024,BQ,0.0001300410249423124
Samples,1025,BQ,-3.811471706675264e-07
Samples,4,BR,1.1342588338671294e-10
Samples,5,BR,7.490330016371299e-10
Samples,6,BR,1.086081356110731e-10
Samples,7,BR,2.6466637923628735e-11
Samples,8,BR,-9.854403021606611e-12
Samples,9,BR,5.021027492543978e-11
Samples,10,BR,1.0177603415587503e-11
Samples,11,BR,2.1284350502444726e-11
Samples,12,BR,6.361022444939874e-07
Samples,17,BR,-1.5314522629374642e-10
Samples,19,BR,1.4429920219837877e-09
Samples,20,BR,-5.570562804407549e-10
Samples,21,BR,-2.832369805097881e-09
Samples,26,BR,-2.289407102594073e-10
Samples,28,BR,-2.56947518034858e-10
Samples,29,BR,-1.3963508689190416e-09
Samples,30,BR,8.604770751190061e-10
Samples,32,BR,2.1557288978511209e-10
Samples,34,BR,-1.4152393408634336e-09
Samples,35,BR,4.8054029015197855e-05
Samples,37,BR,-1.1765898142360365e-09
Samples,39,BR,-2.8836248756666756e-09
Samples,41,BR,7.14647995042823e-10
Samples,42,BR,8.969957512585026e-10
Samples,44,BR,6.344838336335911e-10
Samples,55,BR,-2.0267834948806704e-09
Samples,56,BR,-2.033616766640027e-09
Samples,58,BR,-6.104273079841104e-11
Samples,59,BR,2.1743666919970643e-10
Samples,60,BR,8.81701441872088e-12
Samples,61,BR,-2.6683284608645292e-11
Samples,62,BR,-1.3424368918006996e-11
Samples,63,BR,-6.603133931666826e-12
Samples,64,BR,-2.823036312301671e-11
Samples,65,BR,9.65722219036507e-12
Samples,66,BR,-2.9662787244624905e-11
Samples,67,BR,-1.5652804525643054e-11
Samples,68,BR,-2.4088428943410046e-11
Samples,69,BR,-2.2971404185536542e-11
Samples,70,BR,-1.2897155070857286e-11
Samples,71,BR,2.5849614345128817e-10
Samples,72,BR,7.608256199714397e-11
Samples,73,BR,8.055212772346406e-10
Samples,74,BR,9.085478768300781e-10
Samples,75,BR,2.116433007613897e-09
Samples,76,BR,-1.78903768881973e-11
Samples,77,BR,6.160546740352832e-09
Samples,78,BR,8.901081509053526e-12
Samples,79,BR,3.349999359565626e-11
Samples,80,BR,-6.928369602401513e-12
Samples,81,BR,1.4037287800416028e-08
Samples,82,BR,1.343162901586651e-09
Samples,83,BR,3.471381786748587e-10
Samples,84,BR,2.2695523770884795e-09
Samples,85,BR,1.0151082948553718e-09
Samples,86,BR,1.4920252203898414e-08
Samples,87,BR,1.359567242140809e-08
Samples,88,BR,8.478509378051621e-09
Samples,89,BR,-3.425484516113339e-08
Samples,91,BR,-5.303701965947558e-08
Samples,93,BR,-5.2604441785476956e-08
Samples,94,BR,-5.328948557791288e-08
Samples,95,BR,-9.77443332066754e-09
Samples,96,BR,-1.2517577004027707e-08
Samples,98,BR,-2.5179240727283767e-08
Samples,100,BR,-5.3222271980468663e-08
Samples,101,BR,-5.200539004722854e-08
Samples,102,BR,-4.418845909694187e-08
Samples,103,BR,-3.56572544533694e-08
Samples,106,BR,-5.152663424096578e-08
Samples,107,BR,-5.010188996608814e-08
Samples,109,BR,1.568913644820825e-09
Samples,113,BR,-1.2936025986140836e-08
Samples,115,BR,-1.150934459015724e-08
Samples,118,BR,1.7487379872645226e-11
Samples,119,BR,-2.257730803430611e-11
Samples,120,BR,-1.6391913527083214e-12
Samples,121,BR,1.8351302205066887e-09
Samples,122,BR,-1.2148028477145965e-11
Samples,123,BR,5.784744111025502e-10
Samples,124,BR,1.3416655577590859e-11
Samples,125,BR,2.2190008707935536e-11
Samples,126,BR,-1.2743835589498475e-09
Samples,127,BR,1.8012872539354036e-09
Samples,128,BR,1.7553459240646005e-09
Samples,129,BR,1.8100484588862323e-09
Samples,130,BR,1.7803149819658097e-09
Samples,131,BR,-3.0504620989294166e-12
Samples,132,BR,-3.2089411283786153e-12
Samples,133,BR,-1.463196215266406e-12
Samples,134,BR,-2.8715192636872593e-12
Samples,136,BR,-8.020949345418967e-11
Samples,137,BR,-8.198819046862775e-11
Samples,138,BR,-7.353104059473607e-11
Samples,139,BR,4.2394657977353267e-10
Samples,140,BR,4.2262489081552926e-10
Samples,141,BR,3.5698414865867393e-10
Samples,142,BR,6.355789151458735e-10
Samples,143,BR,3.8734289761337897e-10
Samples,144,BR,4.1347509499252086e-10
Samples,145,BR,1.7552583475937183e-10
Samples,146,BR,6.639860408006065e-10
Samples,147,BR,2.9206113022529147e-10
Samples,148,BR,5.57310420799817e-10
Samples,149,BR,2.827272503841981e-10
Samples,150,BR,2.2533439919151488e-10
Samples,151,BR,1.8385305650259825e-10
Samples,152,BR,7.129209008492669e-10
Samples,153,BR,2.373646131359429e-10
Samples,154,BR,3.8871862683080935e-10
Samples,155,BR,2.1850346870042558e-10
Samples,156,BR,6.718160604382074e-09
Samples,158,BR,-4.477365210105234e-10
Samples,159,BR,-5.776669242532953e-09
Samples,160,BR,-5.274039383540735e-11
Samples,161,BR,-1.6604505519329262e-10
Samples,164,BR,4.613571150112938e-12
Samples,165,BR,1.2779854588207125e-09
Samples,166,BR,9.127579415369417e-10
Samples,167,BR,1.451167729244271e-09
Samples,169,BR,6.60998539771688e-09
Samples,171,BR,-1.5314522629374642e-10
Samples,172,BR,4.174678162477391e-09
Samples,174,BR,2.937555620468094e-10
Samples,175,BR,-8.693799014988273e-11
Samples,176,BR,-6.567778836817869e-11
Samples,177,BR,-6.992645006702514e-11
Samples,178,BR,3.3046436916770947e-10
Samples,179,BR,9.781930035650686e-11
Samples,181,BR,9.161626945305612e-11
Samples,182,BR,4.416546493026534e-11
Samples,183,BR,-1.4296317913422866e-11
Samples,184,BR,4.3976552422015805e-10
Samples,185,BR,5.102346175435913e-10
Samples,186,BR,4.6333291621034044e-10
Samples,187,BR,5.997642372578919e-10
Samples,188,BR,3.9115372293245103e-10
Samples,189,BR,3.1736003555936257e-10
Samples,190,BR,3.4359332296818286e-11
Samples,191,BR,-7.42336096179939e-11
Samples,192,BR,5.938120465550765e-10
Samples,193,BR,3.428126861195431e-10
Samples,194,BR,1.6862078712060033e-10
Samples,195,BR,-9.013527696988924e-11
Samples,196,BR,3.033387459253711e-10
Samples,197,BR,1.9878383879215563e-11
Samples,198,BR,1.2283570674523165e-10
Samples,199,BR,2.9658365676922343e-09
Samples,200,BR,1.6589983850870327e-09
Samples,201,BR,3.592582837448721e-10
Samples,202,BR,2.2052951270709192e-10
Samples,203,BR,1.5262175754155606e-10
Samples,204,BR,-3.315829584819799e-12
Samples,205,BR,2.1156205863015798e-10
Samples,206,BR,6.965310217820194e-11
Samples,207,BR,1.7519539764864763e-10
Samples,208,BR,1.6798969449744496e-10
Samples,209,BR,2.5887052169938146e-10
Samples,210,BR,1.5912703804430065e-10
Samples,211,BR,1.5598641467107724e-10
Samples,212,BR,8.558586098872984e-11
Samples,213,BR,2.0486736643588376e-10
Samples,214,BR,1.376691308993202e-10
Samples,215,BR,2.3134789680789671e-10
Samples,216,BR,1.5733554860255965e-10
Samples,217,BR,8.558758926524234e-11
Samples,218,BR,-8.34970576740106e-11
Samples,219,BR,2.182368317257878e-10
Samples,220,BR,3.341056743410148e-10
Samples,221,BR,2.787113191762334e-10
Samples,222,BR,1.0783116224622103e-10
Samples,223,BR,6.5552535223807895e-12
Samples,224,BR,3.1555049859076565e-10
Samples,225,BR,-5.1287311743076407e-11
Samples,226,BR,-4.7489123416742666e-11
Samples,227,BR,1.0657615019929961e-10
Samples,228,BR,2.1473042234710175e-10
Samples,229,BR,5.036700840400204e-12
Samples,230,BR,-3.199521336696134e-11
Samples,231,BR,2.0018232575025285e-11
Samples,232,BR,-3.411437830669561e-11
Samples,233,BR,2.5050903003758293e-11
Samples,234,BR,2.9038046434971116e-12
Samples,235,BR,4.0095810811370223e-10
Samples,236,BR,2.736902258266853e-10
Samples,237,BR,5.265922201344195e-10
Samples,238,BR,1.290929737400838e-10
Samples,239,BR,4.0880016207515003e-10
Samples,240,BR,1.7855576146573097e-10
Samples,241,BR,3.2127648520537443e-10
Samples,242,BR,4.579651163268334e-10
Samples,243,BR,4.2149193078247726e-10
Samples,244,BR,4.0041832191638564e-10
Samples,245,BR,3.0060934635530306e-10
Samples,246,BR,4.361234289812396e-10
Samples,247,BR,2.931311677416713e-10
Samples,248,BR,4.5420085472703994e-10
Samples,249,BR,3.977346467728393e-10
Samples,250,BR,3.6859471720383293e-10
Samples,251,BR,4.288881536323649e-10
Samples,252,BR,-8.790091092685927e-11
Samples,253,BR,2.8260580235352806e-10
Samples,254,BR,3.9478386103122863e-10
Samples,255,BR,2.7844765643244077e-10
Samples,256,BR,3.4562912486724407e-09
Samples,257,BR,8.85384864837415e-09
Samples,258,BR,9.929989328112107e-10
Samples,259,BR,-3.2984635742910355e-10
Samples,260,BR,1.1647332235901006e-10
Samples,261,BR,3.381049741500563e-09
Samples,262,BR,1.7223686565322049e-09
Samples,263,BR,3.78158830157493e-09
Samples,264,BR,3.0671057005657635e-09
Samples,265,BR,4.090618443797742e-10
Samples,266,BR,9.197425276815144e-10
Samples,267,BR,1.7829835982657735e-09
Samples,268,BR,2.2081504811675676e-09
Samples,269,BR,1.8774075915695436e-09
Samples,270,BR,3.41155170708636e-09
Samples,271,BR,1.6574002141049198e-09
Samples,272,BR,2.9600457747439572e-09
Samples,273,BR,1.7282801071544038e-09
Samples,274,BR,2.2025309865300484e-09
Samples,275,BR,-2.3125928047937488e-10
Samples,276,BR,5.6175306045954246e-09
Samples,277,BR,2.6166243278201636e-10
Samples,278,BR,3.6713319642321654e-11
Samples,279,BR,-1.7578018418313408e-10
Samples,280,BR,1.8583674116520587e-09
Samples,281,BR,5.786113539994351e-10
Samples,282,BR,1.1381763862585206e-09
Samples,283,BR,6.120349197899307e-10
Samples,284,BR,3.535569751051902e-10
Samples,285,BR,6.883853686284518e-11
Samples,286,BR,3.033363040222864e-10
Samples,287,BR,5.064627759595774e-10
Samples,288,BR,3.5194135116871784e-10
Samples,289,BR,7.575922919074187e-10
Samples,290,BR,5.098590687610274e-10
Samples,291,BR,7.91244501481662e-10
Samples,292,BR,1.665916345526949e-09
Samples,293,BR,6.036293805832825e-10
Samples,294,BR,-4.701277498060669e-10
Samples,295,BR,-4.2427991039618603e-10
Samples,296,BR,4.7469733569188524e-11
Samples,297,BR,2.8292392847795763e-09
Samples,298,BR,2.7910264540734585e-09
Samples,299,BR,1.0230124678907068e-11
Samples,300,BR,1.112369231188415e-10
Samples,301,BR,1.0921810297677824e-10
Samples,302,BR,6.482469187412865e-09
Samples,303,BR,5.998830919659887e-09
Samples,304,BR,5.89578608952363e-09
Samples,305,BR,8.155772070540297e-10
Samples,306,BR,1.406447559349266e-09
Samples,307,BR,2.0738364339694714e-09
Samples,308,BR,5.570480732426432e-10
Samples,311,BR,-4.836836558607967e-11
Samples,319,BR,-4.1921673064918607e-11
Samples,320,BR,3.980896426003476e-10
Samples,323,BR,4.06778180804022e-09
Samples,324,BR,8.814143639060673e-09
Samples,325,BR,1.168203071334166e-10
Samples,326,BR,2.507713659111648e-10
Samples,327,BR,2.9917608494290973e-10
Samples,328,BR,8.896492741636656e-10
Samples,329,BR,1.4142235347627627e-10
Samples,330,BR,2.4959451274679477e-10
Samples,331,BR,1.508804980913159e-10
Samples,332,BR,4.578424992824769e-11
Samples,333,BR,6.293485993232002e-09
Samples,334,BR,6.220945153036721e-09
Samples,335,BR,5.387032336150808e-09
Samples,336,BR,8.22777409789783e-09
Samples,337,BR,-7.325420672605381e-12
Samples,338,BR,-1.1263651534082885e-11
Samples,339,BR,-5.243035408893261e-11
Samples,340,BR,-4.1828649542033163e-10
Samples,341,BR,-2.951907244089765e-11
Samples,342,BR,-5.138799574438119e-11
Samples,343,BR,-3.266592743826288e-11
Samples,344,BR,-2.1674476536396093e-11
Samples,345,BR,3.7184929861121767e-10
Samples,346,BR,1.2090423726270344e-09
Samples,347,BR,-1.3550194521448226e-11
Samples,348,BR,-2.975878945293597e-10
Samples,349,BR,-1.706418028647244e-12
Samples,350,BR,-8.71849586500019e-12
Samples,351,BR,-9.326552552337905e-13
Samples,352,BR,8.921195556199703e-11
Samples,353,BR,1.6655502205399853e-11
Samples,354,BR,2.634798079214348e-12
Samples,355,BR,-7.976359577893199e-11
Samples,356,BR,6.400729776353844e-11
Samples,357,BR,1.3585403757320065e-10
Samples,358,BR,-3.704654066282848e-11
Samples,359,BR,-1.367291133842175e-10
Samples,361,BR,-6.477642367407857e-12
Samples,362,BR,-4.768380701664503e-12
Samples,363,BR,-1.0444861506471658e-11
Samples,364,BR,-5.691370457455974e-11
Samples,365,BR,6.235112335525941e-10
Samples,367,BR,-2.7283144198176862e-11
Samples,368,BR,-3.9961977516132606e-10
Samples,370,BR,4.345008235436467e-11
Samples,374,BR,-1.18198671714415e-09
Samples,375,BR,3.653278284812367e-09
Samples,376,BR,2.0228459018291828e-09
Samples,377,BR,7.804668109649879e-10
Samples,378,BR,7.026095865007474e-10
Samples,379,BR,8.969119646457756e-10
Samples,380,BR,1.923337797693366e-11
Samples,381,BR,3.1729823867650733e-09
Samples,382,BR,2.599880999025761e-09
Samples,383,BR,-9.212831792002495e-11
Samples,384,BR,1.7198070153294014e-09
Samples,385,BR,-3.32251096785283e-11
Samples,386,BR,4.161382824845935e-11
Samples,387,BR,5.2303574910407795e-11
Samples,388,BR,3.3008415649282924e-11
Samples,389,BR,3.498685394039588e-11
Samples,390,BR,2.7122240436420304e-11
Samples,391,BR,2.694180967438462e-11
Samples,392,BR,3.3023852163144406e-11
Samples,393,BR,3.131689284753534e-11
Samples,394,BR,8.193908005216324e-11
Samples,395,BR,3.4347499883847674e-11
Samples,396,BR,1.5171536527668905e-10
Samples,397,BR,4.020555751865853e-11
Samples,398,BR,6.928313777375894e-11
Samples,399,BR,-1.3899231276020348e-11
Samples,400,BR,3.2531251663729244e-09
Samples,401,BR,3.222530334479774e-09
Samples,402,BR,3.2104556815228534e-09
Samples,403,BR,4.1866610122191535e-11
Samples,404,BR,2.9413259518414484e-11
Samples,405,BR,2.285401482715426e-11
Samples,406,BR,2.7940599032026433e-11
Samples,407,BR,3.5219195293105365e-11
Samples,408,BR,-8.446805797060586e-12
Samples,409,BR,2.0968530238500518e-12
Samples,410,BR,3.1923544072924613e-09
Samples,411,BR,-1.0103414474258262e-11
Samples,412,BR,-3.777345567131473e-10
Samples,413,BR,9.49110293296857e-10
Samples,414,BR,2.4716727975674713e-11
Samples,415,BR,7.965127733234808e-10
Samples,416,BR,2.437933558061025e-09
Samples,417,BR,-1.6112287703661452e-08
Samples,418,BR,5.57938406462383e-12
Samples,419,BR,9.413001135569702e-11
Samples,420,BR,-6.690718037648928e-12
Samples,421,BR,-2.0414175533398587e-12
Samples,422,BR,-6.158505388300052e-13
Samples,423,BR,-4.599846412178949e-12
Samples,424,BR,-1.230939253280409e-11
Samples,425,BR,-2.7424053695984637e-12
Samples,426,BR,1.5545152740972967e-10
Samples,427,BR,-1.0807857871726904e-11
Samples,428,BR,4.3777256501308134e-09
Samples,429,BR,6.205447686879683e-10
Samples,430,BR,5.644957489263073e-10
Samples,431,BR,3.6531384712868873e-10
Samples,432,BR,1.4766072605478505e-10
Samples,433,BR,3.76212844546868e-10
Samples,434,BR,2.860663854553767e-10
Samples,435,BR,3.700216481892343e-10
Samples,436,BR,6.045606660382479e-10
Samples,437,BR,2.305965911504062e-10
Samples,438,BR,1.25290530624212e-10
Samples,439,BR,2.9714051324050483e-10
Samples,440,BR,1.8513766859707845e-10
Samples,441,BR,2.3529712496638345e-10
Samples,442,BR,2.012657790404004e-10
Samples,443,BR,6.525092736124416e-10
Samples,444,BR,1.0003761493134732e-10
Samples,445,BR,4.516955874245017e-10
Samples,446,BR,1.367916636894127e-09
Samples,447,BR,6.325180920922157e-10
Samples,448,BR,9.749144807761424e-11
Samples,449,BR,6.421159228689166e-10
Samples,450,BR,2.824117889889226e-10
Samples,451,BR,2.4883537181085097e-10
Samples,452,BR,-1.0695029976282639e-10
Samples,453,BR,-3.1386949634534764e-10
Samples,454,BR,6.89461430251447e-10
Samples,455,BR,-4.7886456219562503e-11
Samples,456,BR,4.24037767757846e-10
Samples,457,BR,4.070250129567538e-10
Samples,458,BR,4.455404318118065e-10
Samples,459,BR,7.18499411435975e-10
Samples,460,BR,8.644995669187603e-10
Samples,461,BR,6.311121381241187e-10
Samples,462,BR,9.988235697102027e-10
Samples,463,BR,7.409184788290436e-10
Samples,464,BR,1.1649196480364497e-09
Samples,465,BR,1.297448249281062e-09
Samples,466,BR,1.2368555196059633e-09
Samples,467,BR,1.17030350199413e-09
Samples,468,BR,5.769087317632076e-10
Samples,469,BR,9.851203805839625e-10
Samples,470,BR,1.0597837030861494e-09
Samples,471,BR,9.076512784581406e-10
Samples,472,BR,8.741472723911292e-10
Samples,473,BR,8.842906063348257e-10
Samples,474,BR,9.100785480441778e-10
Samples,475,BR,6.14833710341491e-10
Samples,476,BR,3.091445040783791e-11
Samples,477,BR,1.9620115750681374e-10
Samples,478,BR,4.268253042887901e-10
Samples,479,BR,1.6343865162421808e-10
Samples,480,BR,1.4918638653611948e-10
Samples,481,BR,3.5635244982911087e-10
Samples,482,BR,5.416067706488232e-11
Samples,483,BR,6.884658917914376e-10
Samples,484,BR,2.32205901660201e-11
Samples,485,BR,1.5701912670703642e-10
Samples,486,BR,4.823175814970659e-10
Samples,487,BR,1.8165437943223596e-11
Samples,488,BR,3.7321202766193863e-10
Samples,489,BR,4.471613723913859e-10
Samples,490,BR,6.327191261124825e-10
Samples,491,BR,2.745544867853086e-10
Samples,492,BR,5.510931694266854e-10
Samples,493,BR,4.0693788084953223e-10
Samples,494,BR,3.8874367417046624e-10
Samples,495,BR,4.059140392405435e-10
Samples,496,BR,5.041798286370909e-10
Samples,497,BR,6.100366694754653e-10
Samples,498,BR,4.5500825851017024e-10
Samples,499,BR,3.4025307379605846e-10
Samples,500,BR,5.052193476913629e-10
Samples,501,BR,4.484185638328446e-10
Samples,502,BR,1.0112367868630524e-09
Samples,503,BR,8.4115539188454e-10
Samples,504,BR,5.982881517264828e-10
Samples,505,BR,8.207012978676116e-10
Samples,506,BR,7.06437356056557e-10
Samples,507,BR,1.3322975472453129e-09
Samples,508,BR,2.4674502711307616e-09
Samples,509,BR,4.974053450741527e-11
Samples,510,BR,3.6346484208498996e-09
Samples,511,BR,2.6432504310484456e-09
Samples,512,BR,-1.085310162841133e-12
Samples,513,BR,-6.618847368202614e-12
Samples,514,BR,-3.73480798104891e-11
Samples,515,BR,2.0420686233834833e-09
Samples,516,BR,2.6565907419332388e-09
Samples,517,BR,1.694318574940697e-09
Samples,518,BR,2.5917084392162873e-09
Samples,519,BR,2.010757425339344e-09
Samples,520,BR,1.5433135794456154e-09
Samples,521,BR,3.027659605672666e-09
Samples,522,BR,3.1218716512053992e-09
Samples,523,BR,1.7739213282415157e-09
Samples,524,BR,2.4183819242230577e-09
Samples,525,BR,-1.8471207480096289e-09
Samples,526,BR,-2.054293796548155e-09
Samples,527,BR,-1.798204098983041e-09
Samples,528,BR,1.7814965621274278e-09
Samples,529,BR,-7.566125416688209e-11
Samples,530,BR,-1.8743056954000853e-10
Samples,531,BR,-2.453052347230439e-10
Samples,532,BR,-7.793960158883735e-11
Samples,533,BR,-1.5551904094080347e-10
Samples,534,BR,-2.0442475365286593e-08
Samples,535,BR,2.8107309333193477e-09
Samples,536,BR,-4.456985692962686e-11
Samples,537,BR,-6.091642419056239e-11
Samples,538,BR,3.749904110770508e-10
Samples,539,BR,6.452961506958917e-10
Samples,540,BR,2.35867557026829e-10
Samples,541,BR,4.57789599147422e-10
Samples,542,BR,6.459900556659603e-10
Samples,543,BR,5.596043689355775e-10
Samples,544,BR,3.066267594410842e-09
Samples,545,BR,3.14523875250366e-09
Samples,546,BR,3.092775713852018e-09
Samples,547,BR,1.7903190549153144e-09
Samples,548,BR,3.1465926401288116e-09
Samples,549,BR,1.764508407143346e-09
Samples,550,BR,5.0495970271317874e-09
Samples,551,BR,-3.1126842681767177e-10
Samples,552,BR,1.3479904214208389e-09
Samples,553,BR,3.0629994395739286e-09
Samples,554,BR,3.0657551782951712e-09
Samples,555,BR,1.5387721997516174e-09
Samples,556,BR,2.2533508014834768e-11
Samples,557,BR,3.1571534325089085e-09
Samples,558,BR,3.3325214027861164e-09
Samples,559,BR,-3.099402419511009e-11
Samples,560,BR,-8.208093118441258e-11
Samples,561,BR,-2.968691844525034e-11
Samples,562,BR,3.2209816068932892e-09
Samples,563,BR,-3.035757858986331e-10
Samples,564,BR,-2.0000174972551883e-10
Samples,565,BR,-9.300159168130751e-11
Samples,566,BR,-3.9285676250694933e-10
Samples,567,BR,1.0675746324833085e-09
Samples,568,BR,-4.3584637884816873e-10
Samples,569,BR,2.9485879521586676e-12
Samples,570,BR,3.2933699445503577e-09
Samples,571,BR,-8.835175175772043e-11
Samples,572,BR,-3.266350216377637e-10
Samples,573,BR,-4.108343523912553e-10
Samples,574,BR,2.8203049749350285e-09
Samples,575,BR,3.7445659309690296e-09
Samples,576,BR,3.345044003497275e-09
Samples,577,BR,1.5635381031880076e-09
Samples,578,BR,3.202782440197483e-09
Samples,579,BR,3.1775580810816624e-09
Samples,580,BR,3.42272959536903e-09
Samples,581,BR,1.5409659507300302e-09
Samples,582,BR,2.749691504891427e-11
Samples,583,BR,1.308421587998577e-09
Samples,584,BR,3.195470976174399e-09
Samples,585,BR,-1.9009557902936634e-10
Samples,586,BR,3.144785576468217e-09
Samples,587,BR,3.1573603996542584e-09
Samples,588,BR,-1.1117322750939068e-10
Samples,589,BR,1.5600279793134466e-09
Samples,590,BR,2.0685043969263406e-09
Samples,591,BR,2.2403672177873798e-09
Samples,592,BR,3.0707023051621696e-09
Samples,593,BR,1.191779544952505e-09
Samples,594,BR,3.351170211216285e-09
Samples,595,BR,2.7126089581699457e-09
Samples,596,BR,-9.596806191200521e-11
Samples,597,BR,7.61711938992334e-09
Samples,598,BR,3.3307817714741626e-09
Samples,599,BR,7.448399096739277e-09
Samples,600,BR,6.155822136126674e-09
Samples,601,BR,5.819124437214884e-10
Samples,602,BR,6.369280105015503e-10
Samples,603,BR,2.5353120944392097e-10
Samples,604,BR,4.2875645150949924e-10
Samples,605,BR,9.250993462413788e-10
Samples,606,BR,6.49783377627477e-10
Samples,607,BR,9.073620911409364e-10
Samples,608,BR,6.493254297910416e-10
Samples,609,BR,6.870191768521698e-10
Samples,610,BR,1.1556280340782175e-09
Samples,611,BR,1.063265250343721e-09
Samples,612,BR,1.0023704932046166e-09
Samples,613,BR,6.672759653413771e-10
Samples,614,BR,9.145453733517016e-10
Samples,615,BR,6.161853812547698e-10
Samples,616,BR,9.144925063627445e-10
Samples,617,BR,7.57930673899455e-10
Samples,618,BR,5.614044824614026e-10
Samples,619,BR,8.455646251596735e-10
Samples,620,BR,-6.55625991806944e-11
Samples,621,BR,-3.4844093811014515e-10
Samples,622,BR,9.843018130935536e-11
Samples,623,BR,2.22584218259047e-10
Samples,624,BR,9.317704895383208e-10
Samples,625,BR,9.912607713264475e-10
Samples,626,BR,6.352806985738187e-10
Samples,627,BR,8.420087068384674e-10
Samples,628,BR,9.199208339176449e-10
Samples,629,BR,7.342506970376612e-10
Samples,630,BR,9.714141795891233e-10
Samples,631,BR,1.307143303848083e-09
Samples,632,BR,1.072588747056452e-09
Samples,633,BR,8.886382218311114e-10
Samples,634,BR,1.1943312868034698e-09
Samples,635,BR,5.32976461370453e-10
Samples,636,BR,1.0295348936257083e-09
Samples,637,BR,1.057194638493529e-09
Samples,638,BR,3.8501985161811756e-07
Samples,639,BR,-2.853803801178583e-07
Samples,640,BR,1.550132850377216e-07
Samples,641,BR,7.387867873055772e-08
Samples,642,BR,7.819437392471183e-08
Samples,643,BR,5.492561923194691e-08
Samples,645,BR,7.04705439868484e-09
Samples,646,BR,5.3589302431008984e-08
Samples,647,BR,-4.594356788812389e-09
Samples,648,BR,-6.661620935009784e-10
Samples,649,BR,4.474042241811971e-09
Samples,650,BR,5.384422142278973e-08
Samples,651,BR,5.65745984292497e-09
Samples,652,BR,7.270005672273958e-08
Samples,653,BR,-9.115860616621887e-10
Samples,654,BR,1.3960969799133997e-08
Samples,655,BR,4.06486968029495e-09
Samples,656,BR,4.2818271359063505e-10
Samples,657,BR,7.848604039485855e-10
Samples,658,BR,2.1532865470860882e-09
Samples,659,BR,2.577410171462036e-10
Samples,660,BR,6.550004193978499e-10
Samples,661,BR,1.6432467923773134e-09
Samples,662,BR,4.767082854160641e-10
Samples,663,BR,5.195371669977267e-12
Samples,664,BR,5.485030765807672e-10
Samples,665,BR,9.249502850843574e-10
Samples,666,BR,5.310680355255994e-10
Samples,667,BR,1.5276024783263653e-10
Samples,668,BR,2.54560725370591e-10
Samples,669,BR,-8.908440052122073e-11
Samples,670,BR,2.816122908432705e-09
Samples,671,BR,-1.2312115390459378e-10
Samples,672,BR,-3.7076974942056597e-09
Samples,673,BR,3.0847311916351372e-09
Samples,674,BR,3.1870112992106825e-09
Samples,675,BR,3.123566657218952e-09
Samples,676,BR,-3.1198793587202164e-10
Samples,677,BR,-3.834263142492098e-10
Samples,678,BR,-1.6542673855184252e-10
Samples,679,BR,3.151593591177691e-09
Samples,680,BR,2.5673295038185597e-09
Samples,681,BR,3.2168465964492642e-09
Samples,682,BR,6.963210186630554e-10
Samples,683,BR,8.134988381476856e-10
Samples,684,BR,1.7971829283559093e-09
Samples,685,BR,6.325707230718956e-10
Samples,686,BR,1.6182465676657684e-09
Samples,687,BR,1.5112691549051759e-09
Samples,688,BR,8.290333403072839e-10
Samples,689,BR,7.341962443407664e-10
Samples,690,BR,1.485733802381259e-09
Samples,691,BR,1.1563110360363354e-09
Samples,692,BR,1.458585781300587e-09
Samples,693,BR,3.0705121958576034e-09
Samples,694,BR,7.486259741738421e-10
Samples,695,BR,2.6039546046719294e-10
Samples,696,BR,2.8954185037858985e-10
Samples,697,BR,3.2666321747800686e-09
Samples,698,BR,4.243873442642451e-09
Samples,699,BR,8.081857398946605e-11
Samples,700,BR,4.1602392115038695e-09
Samples,701,BR,3.861730702853879e-09
Samples,702,BR,3.163731073553922e-09
Samples,703,BR,1.0622503060071724e-10
Samples,704,BR,2.58585114073377e-09
Samples,705,BR,1.5603514342195975e-10
Samples,706,BR,2.663835152473102e-11
Samples,707,BR,1.594622466709268e-10
Samples,708,BR,1.0092464327222378e-09
Samples,709,BR,1.6199842841106797e-09
Samples,710,BR,8.538934819098388e-10
Samples,711,BR,1.2903772847770139e-09
Samples,712,BR,1.8316451179229361e-10
Samples,713,BR,1.459640214149014e-09
Samples,714,BR,4.592672009336059e-09
Samples,715,BR,2.4658152492312525e-09
Samples,716,BR,1.5872346341244506e-09
Samples,717,BR,3.516212108894243e-09
Samples,718,BR,4.938393807231956e-10
Samples,719,BR,-2.0574845526102285e-10
Samples,720,BR,2.4978923076293345e-10
Samples,721,BR,-1.507279035073779e-10
Samples,722,BR,2.076377581187973e-09
Samples,723,BR,-1.0448039691597737e-10
Samples,724,BR,-7.675459644506478e-11
Samples,725,BR,3.4327893013997883e-10
Samples,726,BR,-1.2120292070218355e-10
Samples,727,BR,-1.1981221632086045e-10
Samples,728,BR,6.475320088459732e-10
Samples,729,BR,3.1409592621152685e-10
Samples,730,BR,5.292755003153689e-10
Samples,731,BR,5.412267951884666e-10
Samples,732,BR,1.1634426930323592e-09
Samples,733,BR,6.128018872952554e-10
Samples,734,BR,6.08944309809494e-10
Samples,735,BR,5.701267352813692e-10
Samples,736,BR,1.4661728112592847e-09
Samples,737,BR,-1.2365524430016897e-10
Samples,738,BR,4.733233157871578e-10
Samples,739,BR,5.480984180514692e-10
Samples,740,BR,1.4667580653860526e-09
Samples,741,BR,2.266935529381292e-10
Samples,742,BR,1.5871710869434788e-09
Samples,743,BR,3.0624265124226216e-10
Samples,744,BR,3.68959636508015e-09
Samples,745,BR,2.3081262712306455e-09
Samples,746,BR,5.603300977325816e-10
Samples,747,BR,4.328550463417566e-10
Samples,748,BR,1.7665591276268807e-09
Samples,749,BR,3.8160811293631617e-10
Samples,750,BR,7.628242633122805e-10
Samples,751,BR,4.076455811033291e-09
Samples,752,BR,9.302979533880197e-10
Samples,753,BR,2.5860268055743315e-09
Samples,754,BR,4.852233656448153e-10
Samples,755,BR,3.1076965452578835e-11
Samples,756,BR,2.9335778193365796e-11
Samples,757,BR,7.213631499457123e-11
Samples,758,BR,1.6047771416991092e-10
Samples,759,BR,7.861912925739825e-11
Samples,760,BR,4.3682337179082154e-10
Samples,761,BR,5.188279813072326e-10
Samples,762,BR,1.9137778745830527e-10
Samples,763,BR,1.7607849309812896e-09
Samples,764,BR,2.411035691207254e-10
Samples,765,BR,1.8489954143052085e-10
Samples,766,BR,-2.2243286401698897e-09
Samples,767,BR,-7.145199673983946e-10
Samples,768,BR,-1.9466446919827716e-09
Samples,769,BR,-2.732020301907729e-09
Samples,770,BR,-1.413252324416725e-09
Samples,771,BR,-3.392425335742852e-10
Samples,772,BR,-1.4011795781965836e-09
Samples,773,BR,3.3474249884109845e-09
Samples,774,BR,7.984246046461903e-11
Samples,775,BR,1.4597688189441252e-09
Samples,776,BR,5.71012315370001e-10
Samples,777,BR,4.671460987058558e-10
Samples,778,BR,3.652069867419682e-12
Samples,779,BR,1.1093073369286299e-10
Samples,780,BR,9.113798045493241e-11
Samples,781,BR,9.863782149988538e-10
Samples,782,BR,1.0679673378207567e-10
Samples,783,BR,4.0904758735462266e-11
Samples,784,BR,5.327421189842266e-11
Samples,785,BR,1.2711476884569458e-09
Samples,786,BR,3.015603067672325e-09
Samples,787,BR,2.277575916434565e-11
Samples,788,BR,2.1422604236602603e-11
Samples,789,BR,4.846681925396487e-10
Samples,790,BR,9.746555730214253e-11
Samples,791,BR,8.146953066446446e-11
Samples,792,BR,5.033380856154535e-10
Samples,793,BR,2.8200377379512554e-10
Samples,794,BR,5.641246744994632e-10
Samples,795,BR,6.35817756577253e-10
Samples,796,BR,7.754264731269133e-11
Samples,797,BR,3.129204288860782e-09
Samples,798,BR,1.4081518850197786e-10
Samples,799,BR,3.037237230992421e-09
Samples,800,BR,9.388501476466749e-11
Samples,801,BR,-6.546035918945523e-12
Samples,802,BR,6.797865924996044e-11
Samples,803,BR,2.1006558584309667e-11
Samples,804,BR,4.581583151093981e-11
Samples,805,BR,4.52675382671522e-09
Samples,806,BR,1.2773387667575063e-11
Samples,807,BR,1.3090162610023754e-10
Samples,808,BR,1.2476204934189387e-09
Samples,809,BR,3.688685988378279e-11
Samples,810,BR,4.97602720847729e-11
Samples,811,BR,3.338945581684042e-11
Samples,812,BR,-1.4194191889131587e-10
Samples,813,BR,2.033607332350423e-09
Samples,814,BR,8.661421929478613e-11
Samples,815,BR,3.3510418732319583e-11
Samples,816,BR,8.666768335289602e-12
Samples,817,BR,2.3384542665621992e-11
Samples,818,BR,2.9882854892773945e-11
Samples,819,BR,1.3291972522146213e-10
Samples,820,BR,-2.0381676990196757e-11
Samples,821,BR,1.0010572152981632e-09
Samples,822,BR,3.208642638492401e-09
Samples,823,BR,3.229862210348286e-09
Samples,824,BR,5.997149843779046e-10
Samples,825,BR,6.976095467688953e-10
Samples,826,BR,1.0184953979455733e-10
Samples,827,BR,4.946817170924619e-10
Samples,828,BR,4.826716937031799e-10
Samples,829,BR,5.268968726297089e-10
Samples,830,BR,7.475006105914047e-10
Samples,831,BR,7.537442577844707e-10
Samples,832,BR,9.29596821811671e-10
Samples,833,BR,3.6804727986070637e-10
Samples,834,BR,3.201477931914245e-09
Samples,835,BR,-1.8296798280299362e-10
Samples,836,BR,2.0896495248143864e-09
Samples,837,BR,4.06897658079246e-10
Samples,838,BR,1.5318828926188945e-09
Samples,839,BR,-7.169087831314088e-10
Samples,840,BR,-1.1933040024001268e-09
Samples,841,BR,-1.8514700046685622e-10
Samples,842,BR,-7.411127947300499e-10
Samples,843,BR,-6.771921687610029e-10
Samples,844,BR,-2.245810817350106e-09
Samples,845,BR,-1.0113393305964893e-09
Samples,846,BR,-4.30810326898682e-10
Samples,847,BR,-2.309211084970224e-09
Samples,848,BR,-2.7485170859174373e-09
Samples,849,BR,2.096858830907013e-11
Samples,850,BR,3.229587938096974e-09
Samples,851,BR,6.754877690575895e-10
Samples,852,BR,6.495460914382859e-10
Samples,853,BR,1.2055479447974772e-08
Samples,854,BR,7.516232489078208e-10
Samples,855,BR,2.977538569042309e-10
Samples,856,BR,6.54995025468786e-10
Samples,857,BR,8.497676428153055e-10
Samples,858,BR,5.337385699642076e-10
Samples,859,BR,4.170420108405658e-10
Samples,860,BR,1.4882047068075246e-10
Samples,861,BR,2.3204862793218546e-10
Samples,862,BR,5.595774458222338e-10
Samples,863,BR,7.325054230284858e-10
Samples,864,BR,1.9749660217606643e-10
Samples,865,BR,3.6684145997813166e-10
Samples,866,BR,2.595457472868979e-10
Samples,867,BR,1.080494854081727e-10
Samples,868,BR,5.98325299835862e-11
Samples,869,BR,1.7690242567181436e-10
Samples,870,BR,9.457622157160223e-10
Samples,871,BR,1.8741001050276539e-10
Samples,872,BR,1.4716867685345343e-10
Samples,873,BR,7.250546187718855e-10
Samples,874,BR,2.6381342525286756e-10
Samples,875,BR,3.794908104747407e-11
Samples,876,BR,2.446295995557634e-10
Samples,877,BR,9.043608604934155e-10
Samples,878,BR,4.0761388272881483e-10
Samples,879,BR,5.714750926968907e-10
Samples,880,BR,1.4129812485395303e-10
Samples,881,BR,2.5574934207334405e-10
Samples,882,BR,5.563793777518893e-10
Samples,883,BR,6.151327206491964e-10
Samples,884,BR,6.350191752939056e-10
Samples,885,BR,4.091956202495499e-10
Samples,886,BR,2.7328430041536584e-10
Samples,887,BR,1.2283679370134308e-09
Samples,888,BR,1.1985205481857004e-09
Samples,889,BR,8.67190844438932e-11
Samples,890,BR,-7.224774025392221e-11
Samples,891,BR,-1.889326710925204e-10
Samples,892,BR,-5.790925699078147e-11
Samples,893,BR,-6.67808919701468e-11
Samples,894,BR,3.0721073781573187e-09
Samples,895,BR,3.342335837719239e-09
Samples,896,BR,3.435141617167594e-09
Samples,897,BR,6.859039730022707e-09
Samples,898,BR,3.390402210554615e-09
Samples,899,BR,8.609010272499973e-09
Samples,900,BR,1.2057397713232818e-08
Samples,901,BR,-7.706863951556524e-10
Samples,902,BR,3.534928841994362e-09
Samples,903,BR,3.467189592631307e-09
Samples,904,BR,-1.9739720419069256e-10
Samples,905,BR,-3.297237332638034e-10
Samples,906,BR,1.0136495907488244e-08
Samples,907,BR,1.1262113793912495e-08
Samples,908,BR,1.21909812040561e-08
Samples,909,BR,7.261373485532098e-09
Samples,910,BR,3.512014000881022e-09
Samples,911,BR,1.7802178010798444e-09
Samples,912,BR,7.483727154562518e-10
Samples,913,BR,1.1899328000208796e-10
Samples,914,BR,1.93072163645954e-09
Samples,915,BR,-2.5402443452855553e-09
Samples,916,BR,1.6361610419149495e-10
Samples,917,BR,3.953847175530909e-09
Samples,918,BR,3.3377377120197302e-09
Samples,919,BR,3.3523992780649535e-09
Samples,920,BR,3.39698452074435e-09
Samples,921,BR,1.9917553117801003e-10
Samples,922,BR,5.140278646604224e-10
Samples,923,BR,3.6631290733767746e-10
Samples,924,BR,3.99422665685785e-09
Samples,925,BR,5.725897834931552e-10
Samples,926,BR,4.424273985919981e-09
Samples,927,BR,1.910623759667726e-08
Samples,928,BR,6.730178801232503e-08
Samples,929,BR,2.7775384952311882e-09
Samples,930,BR,3.2734336951989427e-09
Samples,931,BR,2.620583989534875e-09
Samples,932,BR,1.8308884705192257e-09
Samples,933,BR,1.2023696295944545e-09
Samples,934,BR,3.4171465553632543e-09
Samples,935,BR,1.911938834127624e-09
Samples,936,BR,3.121141529922389e-09
Samples,937,BR,1.4401467606688095e-09
Samples,938,BR,2.0463437034442148e-09
Samples,939,BR,3.393848453973861e-08
Samples,940,BR,1.1249327483207665e-08
Samples,941,BR,-4.4571644909709167e-10
Samples,942,BR,3.892667132892705e-09
Samples,943,BR,1.5827453664403633e-09
Samples,944,BR,-7.848927403957451e-10
Samples,945,BR,3.848993266007931e-09
Samples,946,BR,3.765266066319988e-09
Samples,947,BR,3.6800184457389795e-09
Samples,948,BR,3.756055607450976e-09
Samples,949,BR,3.754376797852968e-09
Samples,950,BR,4.02804855969998e-09
Samples,951,BR,1.4539807420180158e-09
Samples,952,BR,2.076085589698188e-09
Samples,953,BR,3.5248788620829874e-09
Samples,954,BR,5.4459164965638376e-08
Samples,955,BR,2.8435023254766586e-08
Samples,956,BR,1.88435373108991e-10
Samples,959,BR,5.200966042620768e-10
Samples,960,BR,1.0631405573616224e-09
Samples,961,BR,6.454012742967512e-10
Samples,962,BR,2.2555084125194374e-09
Samples,963,BR,1.3091185683669504e-09
Samples,964,BR,7.735023206123453e-09
Samples,965,BR,7.79886894349867e-09
Samples,966,BR,4.885563165833657e-10
Samples,967,BR,1.8322931156447813e-09
Samples,969,BR,8.749775323882899e-10
Samples,970,BR,-1.2281270156901596e-10
Samples,971,BR,2.1752163574310254e-09
Samples,973,BR,-7.935996802767915e-11
Samples,974,BR,1.1338631791662753e-09
Samples,975,BR,1.9309080032692947e-08
Samples,976,BR,1.1968841028168244e-09
Samples,977,BR,3.174310348208091e-10
Samples,978,BR,-4.594356788812405e-09
Samples,979,BR,5.17312857941316e-10
Samples,982,BR,4.5466241044720745e-09
Samples,983,BR,3.003504514386426e-09
Samples,985,BR,1.6709116024464488e-09
Samples,987,BR,8.184715257373443e-08
Samples,988,BR,7.36995291895594e-09
Samples,989,BR,8.197628747250305e-08
Samples,990,BR,8.637717389202259e-09
Samples,991,BR,1.2539113113336284e-07
Samples,992,BR,1.0259742433842485e-07
Samples,993,BR,1.2640838082843333e-07
Samples,994,BR,1.8000940930624033e-09
Samples,995,BR,1.001826482612562e-09
Samples,996,BR,9.849814167680751e-08
Samples,997,BR,1.8631188100312727e-07
Samples,998,BR,2.023845436222193e-09
Samples,999,BR,1.8090985888248957e-07
Samples,1000,BR,4.121999569023266e-09
Samples,1001,BR,3.658525899125976e-09
Samples,1002,BR,1.6569186623911675e-08
Samples,1003,BR,1.8813975925380534e-08
Samples,1004,BR,1.8778537235046164e-08
Samples,1005,BR,2.0347503558694404e-08
Samples,1006,BR,1.6184878741630056e-08
Samples,1007,BR,1.8092547721288173e-08
Samples,1008,BR,2.079742744450341e-08
Samples,1009,BR,1.9676091353111313e-08
Samples,1010,BR,3.7156827279216944e-10
Samples,1011,BR,-6.895200449208067e-12
Samples,1012,BR,1.755276681305958e-11
Samples,1013,BR,1.4044465255237316e-08
Samples,1014,BR,1.2975170911813747e-09
Samples,1015,BR,-1.05999893021235e-10
Samples,1016,BR,-2.1536012856299992e-10
Samples,1017,BR,-1.9304338695150476e-10
Samples,1018,BR,-2.3809557796025253e-10
Samples,1019,BR,3.383938323617889e-12
Samples,1020,BR,4.333964225677334e-11
Samples,1021,BR,5.827424127529732e-11
Samples,1022,BR,1.0722065772275823e-10
Samples,1023,BR,7.463744605513053e-11
Samples,1024,BR,7.61594688932817e-11
Samples,1025,BR,-7.614835947943782e-10
Samples,4,BS,5.826959882498779e-10
Samples,5,BS,3.822638352535131e-09
Samples,6,BS,5.596517770847815e-10
Samples,7,BS,2.13910303080676e-10
Samples,8,BS,4.35965358417993e-11
Samples,9,BS,3.303403464355857e-10
Samples,10,BS,1.3629474703470179e-10
Samples,11,BS,2.6753236680583035e-10
Samples,12,BS,3.621157189589299e-06
Samples,17,BS,-5.770007349194468e-11
Samples,19,BS,7.4038658301223775e-09
Samples,20,BS,1.1910766452105341e-08
Samples,21,BS,8.113038831167602e-09
Samples,26,BS,7.977805928515646e-10
Samples,28,BS,6.664167329416254e-10
Samples,29,BS,2.2663017445721253e-09
Samples,30,BS,4.56934037759399e-09
Samples,32,BS,8.458562980937061e-09
Samples,34,BS,2.0791725193624315e-09
Samples,35,BS,0.0002398070948008078
Samples,37,BS,3.5666519477615923e-09
Samples,39,BS,1.8294643506477525e-09
Samples,41,BS,5.156490776435968e-09
Samples,42,BS,5.1316840945221555e-09
Samples,44,BS,4.8454133159618155e-09
Samples,55,BS,1.7186589375060978e-09
Samples,56,BS,1.5528773523149722e-09
Samples,58,BS,2.004419542946629e-09
Samples,59,BS,1.261565317247051e-09
Samples,60,BS,1.1797325329824218e-10
Samples,61,BS,6.570225284542306e-11
Samples,62,BS,1.2545920295400024e-10
Samples,63,BS,6.900682083107989e-11
Samples,64,BS,5.502897360675025e-11
Samples,65,BS,2.404653991432597e-10
Samples,66,BS,6.260697214160349e-11
Samples,67,BS,1.0991798571680227e-10
Samples,68,BS,7.80697600421271e-11
Samples,69,BS,3.50980730974732e-11
Samples,70,BS,3.4530042207615336e-11
Samples,71,BS,2.16991642678389e-09
Samples,72,BS,4.628949719501183e-10
Samples,73,BS,7.351317206437652e-09
Samples,74,BS,6.409934914992494e-09
Samples,75,BS,1.1178189832949484e-08
Samples,76,BS,1.5589702497928198e-11
Samples,77,BS,3.244711620820796e-08
Samples,78,BS,1.5232820003666142e-10
Samples,79,BS,2.5362089224652027e-10
Samples,80,BS,5.919762981559747e-11
Samples,81,BS,6.40592016206078e-08
Samples,82,BS,7.640906215877878e-09
Samples,83,BS,1.7419562148277122e-09
Samples,84,BS,8.413071428203997e-09
Samples,85,BS,6.854199380108177e-09
Samples,86,BS,7.985951304734849e-08
Samples,87,BS,6.900526930896351e-08
Samples,88,BS,3.905656763395119e-08
Samples,89,BS,7.293112896681065e-08
Samples,91,BS,-1.6479785899309525e-08
Samples,93,BS,-1.9645233422244458e-08
Samples,94,BS,-1.605074170386568e-08
Samples,95,BS,-1.2648977545085303e-09
Samples,96,BS,-1.6685204924795002e-09
Samples,98,BS,-5.157892090110966e-09
Samples,100,BS,-1.9135032090646702e-08
Samples,101,BS,-1.607695018632635e-08
Samples,102,BS,1.7728756029239903e-08
Samples,103,BS,6.711099662700538e-08
Samples,106,BS,-1.2889223802198475e-08
Samples,107,BS,-1.7649503163336172e-08
Samples,109,BS,8.607282252448276e-09
Samples,113,BS,-5.292320856293586e-09
Samples,115,BS,2.6277828718330363e-09
Samples,118,BS,1.5266438770946743e-10
Samples,119,BS,1.3546317574197152e-11
Samples,120,BS,6.668214553499113e-11
Samples,121,BS,1.1176187767616766e-08
Samples,122,BS,3.9116577112230914e-11
Samples,123,BS,4.335198245287335e-09
Samples,124,BS,1.6109187795800613e-10
Samples,125,BS,2.454214558910871e-10
Samples,126,BS,-2.354975466119415e-10
Samples,127,BS,1.1164189562177971e-08
Samples,128,BS,1.1173353339435646e-08
Samples,129,BS,1.1298707989331432e-08
Samples,130,BS,1.10594628619355e-08
Samples,131,BS,2.7800507474057334e-13
Samples,132,BS,-4.656329097159382e-13
Samples,133,BS,7.987487635019556e-12
Samples,134,BS,1.526607039528448e-12
Samples,136,BS,-1.3372360542358921e-11
Samples,137,BS,-2.3122728420108827e-11
Samples,138,BS,-1.858052393917119e-11
Samples,139,BS,2.418555619179482e-09
Samples,140,BS,2.4032138835681543e-09
Samples,141,BS,2.0863719057053925e-09
Samples,142,BS,3.460282667855185e-09
Samples,143,BS,2.2112507446639964e-09
Samples,144,BS,2.343682537113508e-09
Samples,145,BS,1.2034377457179815e-09
Samples,146,BS,3.5729174282511926e-09
Samples,147,BS,1.7411805911759217e-09
Samples,148,BS,3.040640575061526e-09
Samples,149,BS,1.70327469007715e-09
Samples,150,BS,1.4376427606741777e-09
Samples,151,BS,1.2261244267615716e-09
Samples,152,BS,3.79126786323205e-09
Samples,153,BS,1.4959912675396168e-09
Samples,154,BS,2.208502380075233e-09
Samples,155,BS,1.3882018674491852e-09
Samples,156,BS,6.013034576101768e-08
Samples,158,BS,-1.6703103298946189e-10
Samples,159,BS,1.1420505765782062e-09
Samples,160,BS,1.6998352263746742e-09
Samples,161,BS,1.1334663966590544e-09
Samples,164,BS,1.2504031205061545e-10
Samples,165,BS,8.013356099781882e-09
Samples,166,BS,6.324516548918517e-09
Samples,167,BS,1.6293592876773514e-08
Samples,169,BS,6.055609975275093e-08
Samples,171,BS,-5.770007349194468e-11
Samples,172,BS,2.130210860033811e-08
Samples,174,BS,1.7688370250887721e-09
Samples,175,BS,-3.275536915051093e-11
Samples,176,BS,5.2143445043642694e-11
Samples,177,BS,4.186263299845393e-11
Samples,178,BS,1.950552454708606e-09
Samples,179,BS,8.078905822507623e-10
Samples,181,BS,8.044012954710638e-10
Samples,182,BS,5.417711021467749e-10
Samples,183,BS,2.883103339069376e-10
Samples,184,BS,2.4751326210803272e-09
Samples,185,BS,2.8216524932438258e-09
Samples,186,BS,2.586042041883884e-09
Samples,187,BS,3.2745217117529197e-09
Samples,188,BS,2.2403623836886037e-09
Samples,189,BS,1.8606651786506597e-09
Samples,190,BS,4.839122793620316e-10
Samples,191,BS,-2.8563945537898442e-11
Samples,192,BS,3.1807191902337166e-09
Samples,193,BS,1.977006248013652e-09
Samples,194,BS,1.1431357847832272e-09
Samples,195,BS,-3.396000143944264e-11
Samples,196,BS,1.7725466665262148e-09
Samples,197,BS,4.005315285126878e-10
Samples,198,BS,8.790355252324391e-10
Samples,199,BS,1.5485489813997315e-08
Samples,200,BS,9.063285901528507e-09
Samples,201,BS,2.064479472287374e-09
Samples,202,BS,1.383530901432527e-09
Samples,203,BS,1.028154425917768e-09
Samples,204,BS,-1.249295295459558e-12
Samples,205,BS,1.3704282110750636e-09
Samples,206,BS,6.871228533392621e-10
Samples,207,BS,9.538602451406408e-10
Samples,208,BS,1.110860347908406e-09
Samples,209,BS,1.375933002114285e-09
Samples,210,BS,8.708973911039901e-10
Samples,211,BS,1.0803548598182316e-09
Samples,212,BS,5.193753715716246e-10
Samples,213,BS,1.120537404790107e-09
Samples,214,BS,7.771161300110946e-10
Samples,215,BS,1.2265265516586655e-09
Samples,216,BS,8.6871000897701e-10
Samples,217,BS,5.06984108453376e-10
Samples,218,BS,-3.1458939209183083e-11
Samples,219,BS,1.38326587143121e-09
Samples,220,BS,1.940626266805119e-09
Samples,221,BS,1.6503431581557091e-09
Samples,222,BS,8.450356920658564e-10
Samples,223,BS,3.048477183058768e-10
Samples,224,BS,1.805385423652961e-09
Samples,225,BS,4.581672279149046e-11
Samples,226,BS,1.2920059346700673e-11
Samples,227,BS,8.521711785388284e-10
Samples,228,BS,1.375047623625919e-09
Samples,229,BS,3.407163565057487e-10
Samples,230,BS,4.2839778089768056e-11
Samples,231,BS,1.456392780016184e-10
Samples,232,BS,3.324384776452912e-11
Samples,233,BS,1.4000926030038824e-10
Samples,234,BS,1.351045619745887e-10
Samples,235,BS,2.3247585086711334e-09
Samples,236,BS,1.6722632866720716e-09
Samples,237,BS,2.9737148472174243e-09
Samples,238,BS,9.627805316509985e-10
Samples,239,BS,2.3290461350082095e-09
Samples,240,BS,1.1728280751387726e-09
Samples,241,BS,1.879493260490872e-09
Samples,242,BS,2.623985512851816e-09
Samples,243,BS,2.40864006758787e-09
Samples,244,BS,2.3327924283278635e-09
Samples,245,BS,1.8224661120350625e-09
Samples,246,BS,2.5075764628345946e-09
Samples,247,BS,1.7940836540770833e-09
Samples,248,BS,2.601619308840971e-09
Samples,249,BS,2.3066839682079676e-09
Samples,250,BS,2.178779957133574e-09
Samples,251,BS,2.4617612390796376e-09
Samples,252,BS,-3.311816596072228e-11
Samples,253,BS,1.7587871537568912e-09
Samples,254,BS,2.296444085266335e-09
Samples,255,BS,2.5646087481862513e-09
Samples,256,BS,1.8509028783766924e-08
Samples,257,BS,4.642997769235256e-08
Samples,258,BS,7.189725146192944e-09
Samples,259,BS,9.183500119809154e-10
Samples,260,BS,7.486570812073265e-10
Samples,261,BS,1.8116855654579884e-08
Samples,262,BS,1.0008729942214321e-08
Samples,263,BS,2.0200931651265374e-08
Samples,264,BS,1.6318008779482388e-08
Samples,265,BS,2.511396227287736e-09
Samples,266,BS,5.612856735594059e-09
Samples,267,BS,9.921998476522661e-09
Samples,268,BS,1.211842346706654e-08
Samples,269,BS,1.0485001991541845e-08
Samples,270,BS,2.4963184731628334e-08
Samples,271,BS,1.5143312786366554e-08
Samples,272,BS,2.438976808756552e-08
Samples,273,BS,1.5415407598282806e-08
Samples,274,BS,1.8712933011855916e-08
Samples,275,BS,1.43526622259607e-10
Samples,276,BS,3.97880976837193e-08
Samples,277,BS,3.713854794274126e-09
Samples,278,BS,5.023117330626853e-10
Samples,279,BS,6.363465955416034e-10
Samples,280,BS,1.4317975726626732e-08
Samples,281,BS,4.441316814514052e-09
Samples,282,BS,8.27782114049792e-09
Samples,283,BS,4.6748447256558965e-09
Samples,284,BS,2.913192383358858e-09
Samples,285,BS,7.683555459692921e-10
Samples,286,BS,2.5881668201983352e-09
Samples,287,BS,3.946580288920155e-09
Samples,288,BS,2.8752460694851347e-09
Samples,289,BS,5.658825033344052e-09
Samples,290,BS,3.9689489915672395e-09
Samples,291,BS,5.822761449783317e-09
Samples,292,BS,1.184331397488763e-08
Samples,293,BS,4.622728504255655e-09
Samples,294,BS,1.89774690819995e-10
Samples,295,BS,3.638565932619664e-10
Samples,296,BS,5.384352829591495e-10
Samples,297,BS,2.1181256292271516e-08
Samples,298,BS,2.084664674095597e-08
Samples,299,BS,3.794487757613493e-10
Samples,300,BS,7.888089808689017e-10
Samples,301,BS,9.64722967054032e-10
Samples,302,BS,4.891664514552968e-08
Samples,303,BS,4.472878700575886e-08
Samples,304,BS,4.23916958566652e-08
Samples,305,BS,9.43694657725974e-09
Samples,306,BS,1.1218316515692546e-08
Samples,307,BS,1.593104677635807e-08
Samples,308,BS,3.970595870174764e-09
Samples,311,BS,2.4674952787830056e-09
Samples,319,BS,2.4556398369364193e-09
Samples,320,BS,5.453693510873161e-09
Samples,323,BS,2.8571203705179516e-08
Samples,324,BS,6.732304680339803e-08
Samples,325,BS,1.9070598426585286e-09
Samples,326,BS,2.0609420332637783e-09
Samples,327,BS,2.2474863789893103e-09
Samples,328,BS,6.6672809413324116e-09
Samples,329,BS,1.244886446040621e-09
Samples,330,BS,1.97214163514472e-09
Samples,331,BS,1.164660239136646e-09
Samples,332,BS,7.545326434903032e-10
Samples,333,BS,4.4757047714978936e-08
Samples,334,BS,4.425111839372003e-08
Samples,335,BS,3.8513980958320983e-08
Samples,336,BS,5.856941060143879e-08
Samples,337,BS,1.7972373974421653e-12
Samples,338,BS,6.925829464189377e-11
Samples,339,BS,-1.2404631055139507e-11
Samples,340,BS,-7.553110077596545e-11
Samples,341,BS,-5.550210936083277e-12
Samples,342,BS,-8.336053867676894e-12
Samples,343,BS,2.605945398424452e-11
Samples,344,BS,5.774604336906872e-12
Samples,345,BS,2.744099647767642e-09
Samples,346,BS,9.172642410288498e-09
Samples,347,BS,3.7171073122337135e-11
Samples,348,BS,6.45848752908313e-10
Samples,349,BS,2.8128153252225913e-11
Samples,350,BS,9.072778486288724e-11
Samples,351,BS,4.296508253101913e-11
Samples,352,BS,8.918973648076447e-10
Samples,353,BS,3.348034514046003e-10
Samples,354,BS,2.4873075132219498e-11
Samples,355,BS,-2.720189399825834e-11
Samples,356,BS,9.777431487199599e-10
Samples,357,BS,1.860978891217797e-09
Samples,358,BS,9.738693539291497e-11
Samples,359,BS,4.5652515451720833e-10
Samples,361,BS,2.4935287880249257e-11
Samples,362,BS,3.5050115301968764e-11
Samples,363,BS,2.238969931531138e-11
Samples,364,BS,6.223497978987411e-12
Samples,365,BS,7.065082294790254e-09
Samples,367,BS,2.008030046484616e-10
Samples,368,BS,-8.237153815330666e-11
Samples,370,BS,4.706003986794834e-10
Samples,374,BS,-4.4533363589737197e-10
Samples,375,BS,2.5365493950156076e-08
Samples,376,BS,1.965361868499338e-08
Samples,377,BS,8.085683381995134e-09
Samples,378,BS,8.162348684248801e-09
Samples,379,BS,8.807032805936665e-09
Samples,380,BS,5.847796652058651e-09
Samples,381,BS,2.2952791676969517e-08
Samples,382,BS,1.9656182516285923e-08
Samples,383,BS,-3.47109135774071e-11
Samples,384,BS,1.4548821612405975e-08
Samples,385,BS,-1.2518126203632693e-11
Samples,386,BS,4.984876140750167e-10
Samples,387,BS,5.603396210935053e-10
Samples,388,BS,3.3727790924823576e-10
Samples,389,BS,4.3985140443071304e-10
Samples,390,BS,3.8470180330995545e-10
Samples,391,BS,2.785612165435193e-10
Samples,392,BS,4.4566603395308696e-10
Samples,393,BS,3.526051163190504e-10
Samples,394,BS,7.506628692307491e-10
Samples,395,BS,4.2927372339864736e-10
Samples,396,BS,1.2229390417731654e-09
Samples,397,BS,4.726917903177863e-10
Samples,398,BS,6.690028381031696e-10
Samples,399,BS,1.0695827771400875e-10
Samples,400,BS,2.5153780370555375e-08
Samples,401,BS,2.5161687065845314e-08
Samples,402,BS,2.536629132403292e-08
Samples,403,BS,4.782779889306578e-10
Samples,404,BS,3.6156666690749695e-10
Samples,405,BS,3.6022670558884823e-10
Samples,406,BS,4.0098191248924364e-10
Samples,407,BS,4.4526503902178343e-10
Samples,408,BS,4.8705108670058313e-11
Samples,409,BS,1.0883877578591449e-10
Samples,410,BS,2.491115164038868e-08
Samples,411,BS,5.0589959405041174e-11
Samples,412,BS,4.160748059717273e-10
Samples,413,BS,6.659238729141229e-09
Samples,414,BS,2.638212958019343e-10
Samples,415,BS,5.585963833847162e-09
Samples,416,BS,3.113336849282799e-08
Samples,417,BS,-3.2237756359894477e-09
Samples,418,BS,1.682202021546988e-10
Samples,419,BS,8.393684643483334e-10
Samples,420,BS,-8.608759386789005e-13
Samples,421,BS,6.026673356519258e-11
Samples,422,BS,1.5728976656285525e-11
Samples,423,BS,2.492105217395703e-11
Samples,424,BS,-1.6745206623342107e-12
Samples,425,BS,6.535943639286232e-12
Samples,426,BS,1.2841916669537594e-09
Samples,427,BS,7.676565329425286e-11
Samples,428,BS,3.2118125854425606e-08
Samples,429,BS,4.683075129990089e-09
Samples,430,BS,4.264846350099575e-09
Samples,431,BS,2.9824349748997043e-09
Samples,432,BS,1.4533634447849154e-09
Samples,433,BS,3.00572429897391e-09
Samples,434,BS,2.386390479867828e-09
Samples,435,BS,2.9394691499419908e-09
Samples,436,BS,4.587093258987182e-09
Samples,437,BS,2.0030266983321707e-09
Samples,438,BS,1.2799061419581056e-09
Samples,439,BS,2.495610685343699e-09
Samples,440,BS,1.6961864197222887e-09
Samples,441,BS,2.0450012123776104e-09
Samples,442,BS,1.844436375166188e-09
Samples,443,BS,4.907659209982545e-09
Samples,444,BS,1.1978265453234125e-09
Samples,445,BS,3.66029275243352e-09
Samples,446,BS,9.96552197762777e-09
Samples,447,BS,4.880293309425014e-09
Samples,448,BS,1.1512639495622509e-09
Samples,449,BS,4.934508808917996e-09
Samples,450,BS,2.3837517142752095e-09
Samples,451,BS,2.193020999121649e-09
Samples,452,BS,1.8706538678210363e-09
Samples,453,BS,6.404895396884895e-10
Samples,454,BS,7.297438878949152e-09
Samples,455,BS,1.7574439309021397e-10
Samples,456,BS,3.4374720764618498e-09
Samples,457,BS,3.31209773717369e-09
Samples,458,BS,3.611971233234961e-09
Samples,459,BS,5.5445684223780926e-09
Samples,460,BS,6.5396487664433975e-09
Samples,461,BS,4.877229073226767e-09
Samples,462,BS,7.483885812344406e-09
Samples,463,BS,5.652216860783715e-09
Samples,464,BS,8.697429013436928e-09
Samples,465,BS,9.569090750095825e-09
Samples,466,BS,9.187794563136562e-09
Samples,467,BS,8.681811813075291e-09
Samples,468,BS,4.517801969427491e-09
Samples,469,BS,7.3385258995900996e-09
Samples,470,BS,7.960673075712737e-09
Samples,471,BS,6.837360105586484e-09
Samples,472,BS,6.590262884844842e-09
Samples,473,BS,6.721472016202492e-09
Samples,474,BS,6.858038834851977e-09
Samples,475,BS,4.778894545460227e-09
Samples,476,BS,2.458861796712154e-10
Samples,477,BS,1.8354474366261998e-09
Samples,478,BS,3.480141324444861e-09
Samples,479,BS,1.6192898823873987e-09
Samples,480,BS,1.5101229629595097e-09
Samples,481,BS,2.9761068080293766e-09
Samples,482,BS,4.017097921377865e-10
Samples,483,BS,5.363796849299999e-09
Samples,484,BS,5.49078012542917e-10
Samples,485,BS,1.5369613616270245e-09
Samples,486,BS,3.79607370412035e-09
Samples,487,BS,5.349697796451908e-10
Samples,488,BS,3.0793514535287663e-09
Samples,489,BS,3.6321951254591576e-09
Samples,490,BS,4.934598677079047e-09
Samples,491,BS,2.4666650533625643e-09
Samples,492,BS,4.427542303281858e-09
Samples,493,BS,3.4006356456456073e-09
Samples,494,BS,3.2142330954902007e-09
Samples,495,BS,3.346144199041836e-09
Samples,496,BS,4.033830259382391e-09
Samples,497,BS,4.801273054549835e-09
Samples,498,BS,3.760721635045627e-09
Samples,499,BS,2.887381663338237e-09
Samples,500,BS,4.003090680765267e-09
Samples,501,BS,3.6294726175210294e-09
Samples,502,BS,7.557349185498809e-09
Samples,503,BS,6.315303453297479e-09
Samples,504,BS,4.6855886787338045e-09
Samples,505,BS,6.2345171447310605e-09
Samples,506,BS,5.415998085262111e-09
Samples,507,BS,9.87672155293189e-09
Samples,508,BS,2.1698832234642692e-08
Samples,509,BS,2.6689760280455926e-09
Samples,510,BS,2.796926942869503e-08
Samples,511,BS,2.0858544108822173e-08
Samples,512,BS,1.4380137009138703e-10
Samples,513,BS,2.6611339779243953e-10
Samples,514,BS,8.916503124664279e-11
Samples,515,BS,1.783132937590745e-08
Samples,516,BS,2.1015399855803932e-08
Samples,517,BS,1.6355862283877616e-08
Samples,518,BS,2.1567084732331416e-08
Samples,519,BS,1.771888191467696e-08
Samples,520,BS,1.445515664179071e-08
Samples,521,BS,2.4637844531675777e-08
Samples,522,BS,2.5696205076099346e-08
Samples,523,BS,1.6481366504406434e-08
Samples,524,BS,2.7133325462454783e-08
Samples,525,BS,8.441302329597733e-09
Samples,526,BS,6.79497985317218e-09
Samples,527,BS,6.463781070361207e-09
Samples,528,BS,1.3044846605857542e-08
Samples,529,BS,6.899417708277716e-10
Samples,530,BS,1.2871776301312217e-09
Samples,531,BS,1.6017520175018274e-09
Samples,532,BS,3.4324995417089494e-10
Samples,533,BS,9.589113414905116e-10
Samples,534,BS,1.2462175017800616e-08
Samples,535,BS,2.06142162249637e-08
Samples,536,BS,8.031495521567635e-10
Samples,537,BS,1.1612263571463822e-09
Samples,538,BS,3.2148496896461743e-09
Samples,539,BS,5.122034560059494e-09
Samples,540,BS,2.162183232035295e-09
Samples,541,BS,3.732571527728179e-09
Samples,542,BS,5.099345446169467e-09
Samples,543,BS,4.443931703192294e-09
Samples,544,BS,2.5059622772359442e-08
Samples,545,BS,2.52712137969871e-08
Samples,546,BS,2.4939499747717185e-08
Samples,547,BS,1.4332388201910716e-08
Samples,548,BS,2.5225493057715168e-08
Samples,549,BS,1.4039531265675786e-08
Samples,550,BS,3.772278282025324e-08
Samples,551,BS,4.350809457532014e-11
Samples,552,BS,1.288874130565776e-08
Samples,553,BS,2.4692161213523846e-08
Samples,554,BS,2.4306321500410723e-08
Samples,555,BS,1.3586397535907547e-08
Samples,556,BS,1.8334175720201514e-10
Samples,557,BS,2.5169476145184575e-08
Samples,558,BS,2.5222817780041606e-08
Samples,559,BS,1.0535927050101046e-11
Samples,560,BS,-4.2736894893248794e-12
Samples,561,BS,5.5556899228417764e-12
Samples,562,BS,2.4778979051812423e-08
Samples,563,BS,-8.183647370148928e-11
Samples,564,BS,-6.396257485810626e-11
Samples,565,BS,-2.6183285653045193e-11
Samples,566,BS,3.133510394599432e-10
Samples,567,BS,8.315733678135654e-09
Samples,568,BS,3.2723439936513017e-10
Samples,569,BS,1.789149323751482e-10
Samples,570,BS,2.5157597571804047e-08
Samples,571,BS,3.1024194798564947e-10
Samples,572,BS,1.094260221402357e-09
Samples,573,BS,3.23579845076948e-10
Samples,574,BS,2.1848857241901086e-08
Samples,575,BS,3.138265476546732e-08
Samples,576,BS,2.5387590085821316e-08
Samples,577,BS,1.2125324955899592e-08
Samples,578,BS,2.4505396876219172e-08
Samples,579,BS,2.333510172855997e-08
Samples,580,BS,2.5926217143205233e-08
Samples,581,BS,1.1942832688349357e-08
Samples,582,BS,4.142585532696478e-10
Samples,583,BS,1.1994920440505511e-08
Samples,584,BS,2.3298500060638108e-08
Samples,585,BS,-4.526248527611287e-11
Samples,586,BS,2.420513752304866e-08
Samples,587,BS,2.3209942416809414e-08
Samples,588,BS,-3.072614598405199e-11
Samples,589,BS,1.5819604592005496e-08
Samples,590,BS,1.919124938720282e-08
Samples,591,BS,2.0099266630960036e-08
Samples,592,BS,2.3905348647130958e-08
Samples,593,BS,1.164378172446294e-08
Samples,594,BS,2.7050844678813592e-08
Samples,595,BS,2.2955319200831527e-08
Samples,596,BS,-1.6225042972141458e-11
Samples,597,BS,5.271024280503154e-08
Samples,598,BS,2.471933736980734e-08
Samples,599,BS,5.2311786824727675e-08
Samples,600,BS,4.361343373754769e-08
Samples,601,BS,4.321180228345848e-09
Samples,602,BS,4.666614805840736e-09
Samples,603,BS,2.066417790264638e-09
Samples,604,BS,3.237959360059131e-09
Samples,605,BS,6.700024651464927e-09
Samples,606,BS,4.823395334675975e-09
Samples,607,BS,6.569907957299471e-09
Samples,608,BS,4.833059246424569e-09
Samples,609,BS,5.119025756060812e-09
Samples,610,BS,8.281505235645934e-09
Samples,611,BS,7.638365463222682e-09
Samples,612,BS,7.262862288164871e-09
Samples,613,BS,4.986210979972091e-09
Samples,614,BS,6.693428824804609e-09
Samples,615,BS,4.688203169938315e-09
Samples,616,BS,6.69194155584606e-09
Samples,617,BS,5.607215709243885e-09
Samples,618,BS,4.265164199959095e-09
Samples,619,BS,6.2547567367986315e-09
Samples,620,BS,-2.4701826381404185e-11
Samples,621,BS,2.856307385140885e-10
Samples,622,BS,7.016961354143189e-10
Samples,623,BS,2.0003541456878732e-09
Samples,624,BS,6.766603256242106e-09
Samples,625,BS,7.2013408080766524e-09
Samples,626,BS,4.762324192470756e-09
Samples,627,BS,6.157312198679422e-09
Samples,628,BS,6.686925983059706e-09
Samples,629,BS,5.438868714333471e-09
Samples,630,BS,7.057597150442378e-09
Samples,631,BS,9.398503916778562e-09
Samples,632,BS,7.72119029244799e-09
Samples,633,BS,6.541523666391765e-09
Samples,634,BS,8.495874029360953e-09
Samples,635,BS,4.010876336695098e-09
Samples,636,BS,7.4206607578581175e-09
Samples,637,BS,7.630271261186474e-09
Samples,638,BS,2.8588290086401755e-06
Samples,639,BS,8.727127461154169e-07
Samples,640,BS,1.0831451346164575e-06
Samples,641,BS,5.264957928038294e-07
Samples,642,BS,7.33760363806703e-07
Samples,643,BS,3.9680390020351853e-07
Samples,645,BS,3.6384341564357215e-07
Samples,646,BS,3.73935898638262e-07
Samples,647,BS,-1.731002204758339e-09
Samples,648,BS,1.3378430855946548e-09
Samples,649,BS,3.828718982923252e-08
Samples,650,BS,3.752342235843679e-07
Samples,651,BS,4.1440223564780335e-08
Samples,652,BS,5.446831203930075e-07
Samples,653,BS,-2.6007168801480876e-10
Samples,654,BS,9.737221855058232e-08
Samples,655,BS,3.194206401713724e-08
Samples,656,BS,6.501380116818776e-09
Samples,657,BS,7.28354746833165e-09
Samples,658,BS,1.891759124327195e-08
Samples,659,BS,1.827628886298445e-09
Samples,660,BS,4.591817183909338e-09
Samples,661,BS,1.1745433791013832e-08
Samples,662,BS,3.627468213350593e-09
Samples,663,BS,6.014186710640869e-11
Samples,664,BS,4.083130027614057e-09
Samples,665,BS,7.756459837049791e-09
Samples,666,BS,3.995095312103069e-09
Samples,667,BS,1.3488186599797077e-09
Samples,668,BS,2.0737089817288156e-09
Samples,669,BS,1.5068716999016953e-10
Samples,670,BS,2.1534403072760076e-08
Samples,671,BS,-5.718757245926989e-12
Samples,672,BS,-1.1368302608225645e-09
Samples,673,BS,2.4965240046903304e-08
Samples,674,BS,2.570286376177954e-08
Samples,675,BS,2.3548256241389232e-08
Samples,676,BS,-1.0206071457501735e-10
Samples,677,BS,4.252904678861109e-10
Samples,678,BS,-4.6485745322481194e-11
Samples,679,BS,2.231586357735427e-08
Samples,680,BS,2.1471617168572506e-08
Samples,681,BS,2.232000382626443e-08
Samples,682,BS,4.869519558300584e-09
Samples,683,BS,5.640543949809941e-09
Samples,684,BS,1.1962552971816774e-08
Samples,685,BS,5.688717180794222e-09
Samples,686,BS,1.2283269815489374e-08
Samples,687,BS,1.1629387661415476e-08
Samples,688,BS,7.210357050341785e-09
Samples,689,BS,5.067985692990099e-09
Samples,690,BS,1.1128388801876426e-08
Samples,691,BS,9.263482558350424e-09
Samples,692,BS,1.1484374002207493e-08
Samples,693,BS,2.1385590496998503e-08
Samples,694,BS,5.234653438739387e-09
Samples,695,BS,2.0686637492278783e-09
Samples,696,BS,2.242321644652617e-09
Samples,697,BS,2.235495664602187e-08
Samples,698,BS,2.9490135026332022e-08
Samples,699,BS,6.958457073016959e-10
Samples,700,BS,2.9097992019284678e-08
Samples,701,BS,2.895642425041546e-08
Samples,702,BS,2.352582416660337e-08
Samples,703,BS,2.4923011759008552e-09
Samples,704,BS,1.8469069352360988e-08
Samples,705,BS,1.2818334730168884e-09
Samples,706,BS,2.506108236338274e-08
Samples,707,BS,1.3468689070789651e-09
Samples,708,BS,8.754988993562308e-09
Samples,709,BS,2.7224512792848306e-08
Samples,710,BS,9.319396401326579e-09
Samples,711,BS,1.0686956338236125e-08
Samples,712,BS,1.3481616814342663e-09
Samples,713,BS,1.0048215243350613e-08
Samples,714,BS,3.4293278196077993e-08
Samples,715,BS,1.7627598310001014e-08
Samples,716,BS,1.3442760611487973e-08
Samples,717,BS,3.229313782683008e-08
Samples,718,BS,3.562947634127388e-09
Samples,719,BS,-8.651646970311514e-11
Samples,720,BS,1.8528846342974046e-09
Samples,721,BS,-3.8994195986809175e-11
Samples,722,BS,1.8916067123860705e-08
Samples,723,BS,-4.1508003159480705e-11
Samples,724,BS,-1.0803996540269324e-11
Samples,725,BS,2.7463484453351576e-09
Samples,726,BS,-2.5132790557612254e-11
Samples,727,BS,-3.5778533852986435e-11
Samples,728,BS,4.699180448339014e-09
Samples,729,BS,2.3068766964920974e-09
Samples,730,BS,3.899215852155838e-09
Samples,731,BS,4.175706850092215e-09
Samples,732,BS,1.0456224809825779e-08
Samples,733,BS,5.764906960527072e-09
Samples,734,BS,4.732607319176415e-09
Samples,735,BS,5.125361869890619e-09
Samples,736,BS,1.2237952075461578e-08
Samples,737,BS,4.712780616246368e-10
Samples,738,BS,4.41159123979065e-09
Samples,739,BS,5.732419671585042e-09
Samples,740,BS,1.1300230899672881e-08
Samples,741,BS,1.623119855083357e-09
Samples,742,BS,1.1933872412876138e-08
Samples,743,BS,2.175325107121123e-09
Samples,744,BS,2.669812924437228e-08
Samples,745,BS,1.6713907956243413e-08
Samples,746,BS,5.342485718642163e-09
Samples,747,BS,3.3025810788512672e-09
Samples,748,BS,1.3232764083657928e-08
Samples,749,BS,2.739866578729428e-09
Samples,750,BS,5.878530591469198e-09
Samples,751,BS,3.120871416815099e-08
Samples,752,BS,8.243234392582352e-09
Samples,753,BS,2.009229932650333e-08
Samples,754,BS,3.6226104315522787e-09
Samples,755,BS,3.9471144230299343e-10
Samples,756,BS,3.0301481933972995e-10
Samples,757,BS,6.613233618007009e-10
Samples,758,BS,1.2520877509018122e-09
Samples,759,BS,6.332943700842906e-10
Samples,760,BS,3.0958280029558028e-09
Samples,761,BS,3.622487012871388e-09
Samples,762,BS,1.454449775891498e-09
Samples,763,BS,1.3509695486006632e-08
Samples,764,BS,1.789065653228004e-09
Samples,765,BS,1.4202501608428336e-09
Samples,766,BS,-1.6551040429895469e-10
Samples,767,BS,-2.174720138306727e-10
Samples,768,BS,-8.731472507680921e-11
Samples,769,BS,-3.7113435893597594e-10
Samples,770,BS,6.328307698708364e-11
Samples,771,BS,-8.978576812509095e-11
Samples,772,BS,3.505931864554914e-11
Samples,773,BS,2.53996959542145e-08
Samples,774,BS,6.37981778892127e-10
Samples,775,BS,1.1423133037437584e-08
Samples,776,BS,4.0060993372381606e-09
Samples,777,BS,3.2585296163624376e-09
Samples,778,BS,1.2066400292890426e-10
Samples,779,BS,9.056491033836029e-10
Samples,780,BS,7.882659009596655e-10
Samples,781,BS,6.838254933330668e-09
Samples,782,BS,9.198658027319178e-10
Samples,783,BS,4.6470695347445527e-10
Samples,784,BS,4.713821468552023e-10
Samples,785,BS,8.724239855822465e-09
Samples,786,BS,2.3063540128149497e-08
Samples,787,BS,3.4702682895586127e-10
Samples,788,BS,2.340692902954782e-10
Samples,789,BS,3.372596992206204e-09
Samples,790,BS,8.469525775717769e-10
Samples,791,BS,7.406521685746658e-10
Samples,792,BS,3.5859378056973354e-09
Samples,793,BS,2.758693876572798e-09
Samples,794,BS,4.021733600366015e-09
Samples,795,BS,4.475343612704478e-09
Samples,796,BS,7.283368176464916e-10
Samples,797,BS,2.4261469997728432e-08
Samples,798,BS,1.1462849182458027e-09
Samples,799,BS,2.3961434944843076e-08
Samples,800,BS,7.607564097131966e-10
Samples,801,BS,1.5805935933737745e-10
Samples,802,BS,6.00705285481093e-10
Samples,803,BS,2.586523247401118e-10
Samples,804,BS,3.890644816407334e-10
Samples,805,BS,3.26913808467589e-08
Samples,806,BS,1.9342437280286826e-10
Samples,807,BS,1.0065583216577023e-09
Samples,808,BS,8.83307698452011e-09
Samples,809,BS,3.4119170443419836e-10
Samples,810,BS,4.426854767666001e-10
Samples,811,BS,3.467467187349239e-10
Samples,812,BS,-1.0770808821877974e-11
Samples,813,BS,1.4340749114370247e-08
Samples,814,BS,6.844595368023382e-10
Samples,815,BS,3.014042333852263e-10
Samples,816,BS,1.3646753353021813e-10
Samples,817,BS,2.270315122469164e-10
Samples,818,BS,2.997753817267798e-10
Samples,819,BS,9.835357095313774e-10
Samples,820,BS,3.120340675862868e-11
Samples,821,BS,7.032869895440435e-09
Samples,822,BS,2.386685310576891e-08
Samples,823,BS,2.4075633129583718e-08
Samples,824,BS,4.460018371449585e-09
Samples,825,BS,5.1568232479365005e-09
Samples,826,BS,7.149598015510219e-10
Samples,827,BS,3.7799913376833885e-09
Samples,828,BS,3.757578662997832e-09
Samples,829,BS,3.844295644220459e-09
Samples,830,BS,5.475901522925931e-09
Samples,831,BS,5.557611175172852e-09
Samples,832,BS,8.298457987326941e-09
Samples,833,BS,4.599222783305477e-09
Samples,834,BS,2.226988923925554e-08
Samples,835,BS,1.9073098717621403e-10
Samples,836,BS,2.0427597412014405e-08
Samples,837,BS,9.94762412234696e-09
Samples,838,BS,1.9280100012154565e-08
Samples,839,BS,-3.189336973737676e-10
Samples,840,BS,-6.318399883341426e-10
Samples,841,BS,3.708360999227853e-10
Samples,842,BS,-3.456307737875978e-10
Samples,843,BS,1.6142176028787953e-08
Samples,844,BS,-1.1228590070610644e-09
Samples,845,BS,1.0540481913094794e-08
Samples,846,BS,3.467327698015697e-10
Samples,847,BS,8.588925062230203e-09
Samples,848,BS,8.437285263751243e-09
Samples,849,BS,2.1354180571737127e-10
Samples,850,BS,2.2677416707325654e-08
Samples,851,BS,4.657939803723091e-09
Samples,852,BS,4.653043536915748e-09
Samples,853,BS,7.888247440582393e-08
Samples,854,BS,5.116036203913854e-09
Samples,855,BS,2.2148352989246668e-09
Samples,856,BS,4.522297404117262e-09
Samples,857,BS,5.7662047523982225e-09
Samples,858,BS,3.708584827351968e-09
Samples,859,BS,2.9504446648728685e-09
Samples,860,BS,1.1572605886219923e-09
Samples,861,BS,1.659189149052046e-09
Samples,862,BS,3.791923606519986e-09
Samples,863,BS,4.777471539155301e-09
Samples,864,BS,1.3448733502597324e-09
Samples,865,BS,2.542195225725063e-09
Samples,866,BS,1.8691041162154033e-09
Samples,867,BS,7.023553660034896e-10
Samples,868,BS,3.9835172832904396e-10
Samples,869,BS,1.345313187116915e-09
Samples,870,BS,5.9195703002628116e-09
Samples,871,BS,1.3800977806567238e-09
Samples,872,BS,1.2543088423269604e-09
Samples,873,BS,4.9539673486153646e-09
Samples,874,BS,1.954457702714978e-09
Samples,875,BS,2.59867915320328e-10
Samples,876,BS,1.8919295973506774e-09
Samples,877,BS,6.108920541794358e-09
Samples,878,BS,2.943408902248344e-09
Samples,879,BS,3.955392323258941e-09
Samples,880,BS,1.0842928902141908e-09
Samples,881,BS,1.892818485081086e-09
Samples,882,BS,3.823827088690245e-09
Samples,883,BS,4.253834447880241e-09
Samples,884,BS,4.3618809991068655e-09
Samples,885,BS,2.88338416962062e-09
Samples,886,BS,2.1088269000447123e-09
Samples,887,BS,8.242422701186161e-09
Samples,888,BS,8.074007713295172e-09
Samples,889,BS,6.545482290427939e-10
Samples,890,BS,3.1997596182359763e-10
Samples,891,BS,-7.69800233311705e-11
Samples,892,BS,3.1957429267497533e-10
Samples,893,BS,3.398300691256914e-10
Samples,894,BS,2.4852246217032938e-08
Samples,895,BS,2.5271058364420302e-08
Samples,896,BS,2.3105589790010577e-08
Samples,897,BS,4.7557901525731486e-08
Samples,898,BS,2.3024423088869516e-08
Samples,899,BS,6.691599831740104e-08
Samples,900,BS,8.000628442167858e-08
Samples,901,BS,-7.004255674990977e-10
Samples,902,BS,2.3334453692424028e-08
Samples,903,BS,2.3086500245625783e-08
Samples,904,BS,-1.1517257371813159e-10
Samples,905,BS,-1.2422903476513193e-10
Samples,906,BS,6.458590420641954e-08
Samples,907,BS,7.379654571513155e-08
Samples,908,BS,7.86197611413018e-08
Samples,909,BS,4.74789672845187e-08
Samples,910,BS,2.3193289159918478e-08
Samples,911,BS,1.2259383968140766e-08
Samples,912,BS,4.923445256572807e-09
Samples,913,BS,8.680178503837232e-10
Samples,914,BS,1.3365443869945011e-08
Samples,915,BS,-1.3457281881983351e-09
Samples,916,BS,1.1792793941571282e-08
Samples,917,BS,2.7743942134344314e-08
Samples,918,BS,2.2874074603189695e-08
Samples,919,BS,2.2863684470526968e-08
Samples,920,BS,2.246013708337278e-08
Samples,921,BS,1.3020198068103372e-09
Samples,922,BS,3.3570037043323765e-09
Samples,923,BS,2.375283642183739e-09
Samples,924,BS,2.682328639813373e-08
Samples,925,BS,4.426453118983537e-09
Samples,926,BS,3.067673623109381e-08
Samples,927,BS,1.2546190522727915e-07
Samples,928,BS,4.2185491862752635e-07
Samples,929,BS,1.901496386059729e-08
Samples,930,BS,1.9105904044836463e-08
Samples,931,BS,1.628465645950156e-08
Samples,932,BS,1.1277262345410837e-08
Samples,933,BS,-5.847218793570032e-10
Samples,934,BS,1.9315162274026693e-08
Samples,935,BS,9.8092697653941e-09
Samples,936,BS,1.8756732970594382e-08
Samples,937,BS,1.0412193436544745e-08
Samples,938,BS,1.3267881777470966e-08
Samples,939,BS,2.1859979044284647e-07
Samples,940,BS,7.908906435722878e-08
Samples,941,BS,-2.5379261164239084e-10
Samples,942,BS,2.699596290922595e-08
Samples,943,BS,1.2423004297622787e-08
Samples,944,BS,6.280440511070702e-09
Samples,945,BS,2.3745424580978517e-08
Samples,946,BS,2.3337769820631687e-08
Samples,947,BS,2.286157251709153e-08
Samples,948,BS,2.31097163602457e-08
Samples,949,BS,2.3428091767187392e-08
Samples,950,BS,2.5226603678680527e-08
Samples,951,BS,-5.550639374768258e-10
Samples,952,BS,1.1639202618559783e-08
Samples,953,BS,2.141812495089473e-08
Samples,954,BS,3.078882637400149e-07
Samples,955,BS,1.5594748489532327e-07
Samples,956,BS,1.1270888961328882e-09
Samples,959,BS,4.560426203840127e-10
Samples,960,BS,4.57417588383389e-09
Samples,961,BS,2.75035780478321e-09
Samples,962,BS,1.2340413162691039e-08
Samples,963,BS,5.7005170492564556e-09
Samples,964,BS,4.8125408651086215e-08
Samples,965,BS,4.8933720633661904e-08
Samples,966,BS,3.163022140821559e-09
Samples,967,BS,1.1080941551677035e-08
Samples,969,BS,9.367439888164862e-09
Samples,970,BS,8.454051861165853e-10
Samples,971,BS,1.390673295000787e-08
Samples,973,BS,1.202546557541511e-09
Samples,974,BS,7.996261288556012e-09
Samples,975,BS,1.2279808928123333e-07
Samples,976,BS,8.777769143212097e-09
Samples,977,BS,3.2716916823935934e-09
Samples,978,BS,-1.7310022047583449e-09
Samples,979,BS,3.233574007305364e-09
Samples,982,BS,2.8375231276227e-08
Samples,983,BS,1.8756357200226314e-08
Samples,985,BS,9.912493269042573e-09
Samples,987,BS,5.121364385611816e-07
Samples,988,BS,3.449109709406781e-08
Samples,989,BS,5.154929376154005e-07
Samples,990,BS,3.7329492698019114e-08
Samples,991,BS,7.850440430794567e-07
Samples,992,BS,6.299644252294468e-07
Samples,993,BS,7.79721336351851e-07
Samples,994,BS,1.353189645441483e-10
Samples,995,BS,4.627876278862832e-09
Samples,996,BS,6.289518430564795e-07
Samples,997,BS,1.1891837988796656e-06
Samples,998,BS,7.522973382879787e-09
Samples,999,BS,1.170153423883414e-06
Samples,1000,BS,2.722093134767741e-08
Samples,1001,BS,2.358299571050699e-08
Samples,1002,BS,1.0754975026689794e-07
Samples,1003,BS,1.2097783791318845e-07
Samples,1004,BS,1.2055708535957894e-07
Samples,1005,BS,1.302901577421392e-07
Samples,1006,BS,1.0513782212555444e-07
Samples,1007,BS,1.1580303075984585e-07
Samples,1008,BS,1.3215794874972475e-07
Samples,1009,BS,1.2393081767333343e-07
Samples,1010,BS,6.222386838481343e-13
Samples,1011,BS,-2.0295957539389286e-09
Samples,1012,BS,1.2009538863550516e-10
Samples,1013,BS,9.132998327324242e-08
Samples,1014,BS,9.532740137020893e-09
Samples,1015,BS,6.990445521666236e-10
Samples,1016,BS,-7.459106502646993e-11
Samples,1017,BS,-1.3899128605616746e-10
Samples,1018,BS,-1.9140851305707965e-10
Samples,1019,BS,4.5768181205211307e-11
Samples,1020,BS,2.9450650395170185e-10
Samples,1021,BS,4.037876153988975e-10
Samples,1022,BS,7.098745451130471e-10
Samples,1023,BS,5.318172505727521e-10
Samples,1024,BS,5.440575764403645e-10
Samples,1025,BS,-2.8690191947785194e-10
Samples,4,BU,3.0281687687681767e-09
Samples,5,BU,2.0021801674257157e-08
Samples,6,BU,2.924513974137061e-09
Samples,7,BU,1.0939771436188602e-09
Samples,8,BU,2.2361261700690473e-10
Samples,9,BU,1.6928654415475603e-09
Samples,10,BU,6.928364026372771e-10
Samples,11,BU,1.3772093213996439e-09
Samples,12,BU,1.8738267069153592e-05
Samples,17,BU,-2.9051640369313374e-10
Samples,19,BU,3.853248390356024e-08
Samples,20,BU,6.158135342639884e-08
Samples,21,BU,4.14579056271904e-08
Samples,26,BU,4.067042601574252e-09
Samples,28,BU,3.3871322179762026e-09
Samples,29,BU,1.1712823665146984e-08
Samples,30,BU,2.352403910351371e-08
Samples,32,BU,4.3700094309439245e-08
Samples,34,BU,1.072016528726333e-08
Samples,35,BU,0.001249238908043839
Samples,37,BU,1.8391178352248646e-08
Samples,39,BU,9.580896314890872e-09
Samples,41,BU,2.605751608669245e-08
Samples,42,BU,2.6223047644895603e-08
Samples,44,BU,2.4747399835118626e-08
Samples,55,BU,8.69419216225161e-09
Samples,56,BU,8.006786035539821e-09
Samples,58,BU,1.0162709348535047e-08
Samples,59,BU,6.522121535057425e-09
Samples,60,BU,6.001017597062516e-10
Samples,61,BU,3.3458463995851564e-10
Samples,62,BU,6.410377584462366e-10
Samples,63,BU,3.5477806846266407e-10
Samples,64,BU,2.867874882599964e-10
Samples,65,BU,1.2350692334709791e-09
Samples,66,BU,3.1797831616318485e-10
Samples,67,BU,5.565524158239085e-10
Samples,68,BU,4.017629261546655e-10
Samples,69,BU,1.7929094659097342e-10
Samples,70,BU,1.7909874779919168e-10
Samples,71,BU,1.1037199005405108e-08
Samples,72,BU,2.4064842139867844e-09
Samples,73,BU,3.740697249070138e-08
Samples,74,BU,3.305863887098744e-08
Samples,75,BU,5.8677881435684396e-08
Samples,76,BU,8.07667540092857e-11
Samples,77,BU,1.6981104082335493e-07
Samples,78,BU,7.796640961959042e-10
Samples,79,BU,1.302368759426589e-09
Samples,80,BU,3.020780192784456e-10
Samples,81,BU,4.163632319606429e-07
Samples,82,BU,4.888678618385033e-08
Samples,83,BU,1.0042124292331605e-08
Samples,84,BU,9.089559665633213e-08
Samples,85,BU,7.076629484809924e-08
Samples,86,BU,5.111000999804526e-07
Samples,87,BU,4.1439364042896143e-07
Samples,88,BU,3.1501249745828227e-07
Samples,89,BU,3.764819442497502e-07
Samples,91,BU,-8.273249544436677e-08
Samples,93,BU,-9.499733016597808e-08
Samples,94,BU,-8.026008625547744e-08
Samples,95,BU,-6.38897388586896e-09
Samples,96,BU,-8.442479301825527e-09
Samples,98,BU,-2.5727406328978736e-08
Samples,100,BU,-9.563684033446327e-08
Samples,101,BU,-8.115774122045347e-08
Samples,102,BU,9.664541521963155e-08
Samples,103,BU,3.39156439268641e-07
Samples,106,BU,-6.570464873391786e-08
Samples,107,BU,-8.850107474056298e-08
Samples,109,BU,4.455905036044977e-08
Samples,113,BU,-2.485208009476344e-08
Samples,115,BU,1.3653699234651014e-08
Samples,118,BU,7.861709926735184e-10
Samples,119,BU,6.840377827740624e-11
Samples,120,BU,3.4001095554199594e-10
Samples,121,BU,5.7933730067773e-08
Samples,122,BU,1.9695119372415642e-10
Samples,123,BU,2.2167761885149612e-08
Samples,124,BU,8.235473520726465e-10
Samples,125,BU,1.248100766046524e-09
Samples,126,BU,-1.2026237886215774e-09
Samples,127,BU,5.774242280010613e-08
Samples,128,BU,5.777669986772589e-08
Samples,129,BU,5.8203353916125086e-08
Samples,130,BU,5.7095658415352724e-08
Samples,131,BU,1.4744915857328664e-12
Samples,132,BU,-2.387629166974427e-12
Samples,133,BU,4.0688769934601884e-11
Samples,134,BU,7.685312520454726e-12
Samples,136,BU,-6.790225151135647e-11
Samples,137,BU,-1.1538772878214587e-10
Samples,138,BU,-1.0627846840939292e-10
Samples,139,BU,1.2569400204145909e-08
Samples,140,BU,1.2458279722903648e-08
Samples,141,BU,1.082492612781829e-08
Samples,142,BU,1.7967405080384017e-08
Samples,143,BU,1.1510265449059135e-08
Samples,144,BU,1.2164722535760097e-08
Samples,145,BU,6.190968049256221e-09
Samples,146,BU,1.8632691871372538e-08
Samples,147,BU,9.032968672379052e-09
Samples,148,BU,1.5845444745265783e-08
Samples,149,BU,8.829580952449493e-09
Samples,150,BU,7.433464579791363e-09
Samples,151,BU,6.295651451318109e-09
Samples,152,BU,1.9760437928799903e-08
Samples,153,BU,7.744512111313097e-09
Samples,154,BU,1.1461762801738926e-08
Samples,155,BU,7.193685280409471e-09
Samples,156,BU,3.0751252110785124e-07
Samples,158,BU,-8.404082115780946e-10
Samples,159,BU,5.664799799793605e-09
Samples,160,BU,8.768665472600794e-09
Samples,161,BU,5.730848912484631e-09
Samples,164,BU,6.428421201254107e-10
Samples,165,BU,4.085691621952509e-08
Samples,166,BU,3.2610668901171746e-08
Samples,167,BU,8.261634143938389e-08
Samples,169,BU,3.096869180657458e-07
Samples,171,BU,-2.9051640369313374e-10
Samples,172,BU,1.1180271782051768e-07
Samples,174,BU,9.14533657634083e-09
Samples,175,BU,-1.6492131589010794e-10
Samples,176,BU,2.623678359314141e-10
Samples,177,BU,2.1283997573087872e-10
Samples,178,BU,1.0106879714053091e-08
Samples,179,BU,4.148819968871539e-09
Samples,181,BU,4.142766131763722e-09
Samples,182,BU,2.7655206303192916e-09
Samples,183,BU,1.4569216710650841e-09
Samples,184,BU,1.2872781492373129e-08
Samples,185,BU,1.4656139541871688e-08
Samples,186,BU,1.343361031673304e-08
Samples,187,BU,1.698519513098383e-08
Samples,188,BU,1.1629151264319013e-08
Samples,189,BU,9.66437309719266e-09
Samples,190,BU,2.4961335771525e-09
Samples,191,BU,-1.44378439653639e-10
Samples,192,BU,1.6546129695960663e-08
Samples,193,BU,1.0249864493210568e-08
Samples,194,BU,5.884539732796284e-09
Samples,195,BU,-1.7098656709645046e-10
Samples,196,BU,9.181055027320759e-09
Samples,197,BU,2.0417046904667707e-09
Samples,198,BU,4.521298933599085e-09
Samples,199,BU,8.104114787408013e-08
Samples,200,BU,4.7331679716451916e-08
Samples,201,BU,1.0736001615568887e-08
Samples,202,BU,7.156743919097587e-09
Samples,203,BU,5.311845137936997e-09
Samples,204,BU,-6.290126761074763e-12
Samples,205,BU,7.12065394274911e-09
Samples,206,BU,3.5147452735465843e-09
Samples,207,BU,4.965093109036352e-09
Samples,208,BU,5.75959628205945e-09
Samples,209,BU,7.185454870500051e-09
Samples,210,BU,4.529509439748163e-09
Samples,211,BU,5.582534132314559e-09
Samples,212,BU,2.6912777672547174e-09
Samples,213,BU,5.854014365884221e-09
Samples,214,BU,4.04931710787058e-09
Samples,215,BU,6.411451802911443e-09
Samples,216,BU,4.527705153962852e-09
Samples,217,BU,2.63308520731479e-09
Samples,218,BU,-1.5839386901870585e-10
Samples,219,BU,7.1620816052912885e-09
Samples,220,BU,1.0055576493635365e-08
Samples,221,BU,8.530201668245756e-09
Samples,222,BU,4.340325821244363e-09
Samples,223,BU,1.5481977987003206e-09
Samples,224,BU,9.377779759751367e-09
Samples,225,BU,2.322273558179389e-10
Samples,226,BU,6.270141837655261e-11
Samples,227,BU,4.361006967476453e-09
Samples,228,BU,7.089978363759312e-09
Samples,229,BU,1.7344064082649117e-09
Samples,230,BU,5.66810741097468e-09
Samples,231,BU,7.15520953955216e-09
Samples,232,BU,3.904091814635804e-09
Samples,233,BU,8.73418110919959e-09
Samples,234,BU,5.481949258386422e-09
Samples,235,BU,1.20655069258733e-08
Samples,236,BU,8.806943986005326e-09
Samples,237,BU,1.5624843025657295e-08
Samples,238,BU,5.345285382373845e-09
Samples,239,BU,1.2702552765632164e-08
Samples,240,BU,6.052541944582247e-09
Samples,241,BU,1.0194420547269147e-08
Samples,242,BU,1.36723140017153e-08
Samples,243,BU,1.253414352424903e-08
Samples,244,BU,1.2105441278570864e-08
Samples,245,BU,9.471040311189774e-09
Samples,246,BU,1.3045337145047922e-08
Samples,247,BU,9.317509236701928e-09
Samples,248,BU,1.3541897430740634e-08
Samples,249,BU,1.198509183615672e-08
Samples,250,BU,1.131090975689434e-08
Samples,251,BU,1.2816003245014744e-08
Samples,252,BU,-1.6674797603446038e-10
Samples,253,BU,9.114030400972102e-09
Samples,254,BU,1.196625592621191e-08
Samples,255,BU,1.3189041705919227e-08
Samples,256,BU,9.713392003522232e-08
Samples,257,BU,2.4404357920833487e-07
Samples,258,BU,3.7205279904167617e-08
Samples,259,BU,4.6440903585635436e-09
Samples,260,BU,3.8720271771546134e-09
Samples,261,BU,9.506640516438285e-08
Samples,262,BU,5.190066557846432e-08
Samples,263,BU,1.0572718123447287e-07
Samples,264,BU,8.543437391515355e-08
Samples,265,BU,1.3010023691672877e-08
Samples,266,BU,2.909980582324982e-08
Samples,267,BU,5.163764498761614e-08
Samples,268,BU,6.325676340077489e-08
Samples,269,BU,5.4635929848568175e-08
Samples,270,BU,1.2731872229912026e-07
Samples,271,BU,7.756197867615502e-08
Samples,272,BU,1.2482495000921957e-07
Samples,273,BU,7.858303084096484e-08
Samples,274,BU,9.5763831336655e-08
Samples,275,BU,7.17923020575609e-10
Samples,276,BU,2.0209969047832022e-07
Samples,277,BU,1.9014193691365248e-08
Samples,278,BU,2.55433546694526e-09
Samples,279,BU,3.2240750583510856e-09
Samples,280,BU,7.309654931068036e-08
Samples,281,BU,2.2638689426781146e-08
Samples,282,BU,4.2110443592814355e-08
Samples,283,BU,2.3866510828371263e-08
Samples,284,BU,1.491099153790259e-08
Samples,285,BU,3.932549480058552e-09
Samples,286,BU,1.3184984791335029e-08
Samples,287,BU,2.012147618783863e-08
Samples,288,BU,1.467967602498411e-08
Samples,289,BU,2.884092141139891e-08
Samples,290,BU,2.025782346232432e-08
Samples,291,BU,2.964837625695678e-08
Samples,292,BU,6.005251801279822e-08
Samples,293,BU,2.3524601131080786e-08
Samples,294,BU,9.822694879299069e-10
Samples,295,BU,1.8952814578649525e-09
Samples,296,BU,2.789207038008983e-09
Samples,297,BU,1.0803103266189811e-07
Samples,298,BU,1.063922536586059e-07
Samples,299,BU,1.9435971214963195e-09
Samples,300,BU,4.003458237129995e-09
Samples,301,BU,4.944771354128185e-09
Samples,302,BU,2.491760602586783e-07
Samples,303,BU,2.2791594464577916e-07
Samples,304,BU,2.1522678253708006e-07
Samples,305,BU,4.840508133224471e-08
Samples,306,BU,5.735984708864539e-08
Samples,307,BU,8.146347402275687e-08
Samples,308,BU,2.0180786911039275e-08
Samples,311,BU,1.2707555468920322e-08
Samples,319,BU,1.271251489952565e-08
Samples,320,BU,2.7922904883447864e-08
Samples,323,BU,1.4391349421069496e-07
Samples,324,BU,3.4386382709900674e-07
Samples,325,BU,9.85669555276458e-09
Samples,326,BU,1.0575977672927058e-08
Samples,327,BU,1.152153159995735e-08
Samples,328,BU,3.393836150433301e-08
Samples,329,BU,6.4088551723346175e-09
Samples,330,BU,1.009978859536949e-08
Samples,331,BU,5.975937889240506e-09
Samples,332,BU,4.217928087741965e-09
Samples,333,BU,2.2639025237786168e-07
Samples,334,BU,2.242384441161068e-07
Samples,335,BU,1.9555689636385497e-07
Samples,336,BU,2.960264877358871e-07
Samples,337,BU,9.785517486342167e-12
Samples,338,BU,3.611271306492357e-10
Samples,339,BU,-9.102506788559139e-11
Samples,340,BU,-3.543559088159734e-10
Samples,341,BU,-2.460520469394623e-11
Samples,342,BU,-3.991836510096771e-11
Samples,343,BU,1.3862501907334082e-10
Samples,344,BU,3.1546315600510535e-11
Samples,345,BU,1.4021151784438358e-08
Samples,346,BU,4.7094700066362414e-08
Samples,347,BU,1.9471629193391856e-10
Samples,348,BU,3.3726304755209947e-09
Samples,349,BU,1.4709587558686414e-10
Samples,350,BU,4.662745935329743e-10
Samples,351,BU,2.221679835935835e-10
Samples,352,BU,4.5769875123253794e-09
Samples,353,BU,1.7287845717118695e-09
Samples,354,BU,1.277477173208663e-10
Samples,355,BU,-7.652144268358198e-11
Samples,356,BU,5.038510930520092e-09
Samples,357,BU,9.585577371431767e-09
Samples,358,BU,5.071772040684521e-10
Samples,359,BU,2.400914083203583e-09
Samples,361,BU,1.3070251027664387e-10
Samples,362,BU,1.8178886911830605e-10
Samples,363,BU,1.183976016044228e-10
Samples,364,BU,3.8422073398892343e-11
Samples,365,BU,3.6300944478072414e-08
Samples,367,BU,1.0387247942878379e-09
Samples,368,BU,-2.892165430542316e-10
Samples,370,BU,2.421968571747478e-09
Samples,374,BU,-2.242228103271893e-09
Samples,375,BU,1.281632675153139e-07
Samples,376,BU,1.0083802985326832e-07
Samples,377,BU,4.142330343389146e-08
Samples,378,BU,4.180729873204719e-08
Samples,379,BU,4.507552116266529e-08
Samples,380,BU,2.98656475641002e-08
Samples,381,BU,1.1702285468004959e-07
Samples,382,BU,1.0029891525125186e-07
Samples,383,BU,-1.747673645999651e-10
Samples,384,BU,7.453349103639332e-08
Samples,385,BU,-6.302801340736355e-11
Samples,386,BU,2.5775236279432074e-09
Samples,387,BU,2.8983511499683686e-09
Samples,388,BU,1.7442415666199363e-09
Samples,389,BU,2.2763780643246835e-09
Samples,390,BU,1.9913829560819637e-09
Samples,391,BU,1.4420419457864178e-09
Samples,392,BU,2.3052465910028973e-09
Samples,393,BU,1.8242724298410389e-09
Samples,394,BU,3.858487580395788e-09
Samples,395,BU,2.219468103186333e-09
Samples,396,BU,6.2949926773848056e-09
Samples,397,BU,2.436554044745435e-09
Samples,398,BU,3.4393989768342027e-09
Samples,399,BU,5.587122880976211e-10
Samples,400,BU,1.2851863230117665e-07
Samples,401,BU,1.2834208216426992e-07
Samples,402,BU,1.2976316688195113e-07
Samples,403,BU,2.4835658126427115e-09
Samples,404,BU,1.868967873778637e-09
Samples,405,BU,1.8574155590170522e-09
Samples,406,BU,2.077013273656676e-09
Samples,407,BU,2.3158997309474465e-09
Samples,408,BU,2.4980915408870794e-10
Samples,409,BU,5.586955170952797e-10
Samples,410,BU,1.2767417900794143e-07
Samples,411,BU,2.6085553825510153e-10
Samples,412,BU,2.1578801822392197e-09
Samples,413,BU,3.381762331496322e-08
Samples,414,BU,1.350758862623458e-09
Samples,415,BU,2.829738000022174e-08
Samples,416,BU,1.6209344278099043e-07
Samples,417,BU,-1.5730792848413525e-08
Samples,418,BU,8.642834556617463e-10
Samples,419,BU,4.3059661782258664e-09
Samples,420,BU,-4.25633222475019e-12
Samples,421,BU,3.1585048837377766e-10
Samples,422,BU,8.210900484281581e-11
Samples,423,BU,1.3086697369368701e-10
Samples,424,BU,-8.528695650971131e-12
Samples,425,BU,3.4062719415056344e-11
Samples,426,BU,6.593425520694579e-09
Samples,427,BU,3.9952631908271094e-10
Samples,428,BU,1.625922019535662e-07
Samples,429,BU,2.395017672574175e-08
Samples,430,BU,2.1785613266384053e-08
Samples,431,BU,1.5291856909052947e-08
Samples,432,BU,7.424788731167396e-09
Samples,433,BU,1.5377290476331482e-08
Samples,434,BU,1.2204001364098523e-08
Samples,435,BU,1.503381672833837e-08
Samples,436,BU,2.3418228725897513e-08
Samples,437,BU,1.0257289465619042e-08
Samples,438,BU,6.55991710124003e-09
Samples,439,BU,1.2798985664091542e-08
Samples,440,BU,8.678622200756271e-09
Samples,441,BU,1.0462505646939034e-08
Samples,442,BU,9.436400597860386e-09
Samples,443,BU,2.507582970018215e-08
Samples,444,BU,6.1569906190058e-09
Samples,445,BU,1.874203624144999e-08
Samples,446,BU,5.075731851784636e-08
Samples,447,BU,2.4976245003039303e-08
Samples,448,BU,5.922301236093824e-09
Samples,449,BU,2.5226048255330584e-08
Samples,450,BU,1.2201711113870053e-08
Samples,451,BU,1.118620628277689e-08
Samples,452,BU,9.496024093681302e-09
Samples,453,BU,3.409313996502124e-09
Samples,454,BU,3.739749662039344e-08
Samples,455,BU,8.941469022280356e-10
Samples,456,BU,1.7553389786609554e-08
Samples,457,BU,1.6908704859356795e-08
Samples,458,BU,1.844539249741973e-08
Samples,459,BU,2.8376756769108584e-08
Samples,460,BU,3.335811350198118e-08
Samples,461,BU,2.490880879734999e-08
Samples,462,BU,3.8148934321898796e-08
Samples,463,BU,2.8871991309239244e-08
Samples,464,BU,4.424590145289644e-08
Samples,465,BU,4.870545947583767e-08
Samples,466,BU,4.679644923253911e-08
Samples,467,BU,4.422051173140081e-08
Samples,468,BU,2.3098430676411846e-08
Samples,469,BU,3.7350839188381384e-08
Samples,470,BU,4.062126772811618e-08
Samples,471,BU,3.4941687146785316e-08
Samples,472,BU,3.366752190101358e-08
Samples,473,BU,3.426540875431859e-08
Samples,474,BU,3.493200649540688e-08
Samples,475,BU,2.441891419729044e-08
Samples,476,BU,1.2540270471562973e-09
Samples,477,BU,9.359235399137e-09
Samples,478,BU,1.7758039653774646e-08
Samples,479,BU,8.30324696858738e-09
Samples,480,BU,7.71469224622687e-09
Samples,481,BU,1.522241755528676e-08
Samples,482,BU,2.0550197979352473e-09
Samples,483,BU,2.7430254751613173e-08
Samples,484,BU,2.821375667999325e-09
Samples,485,BU,7.856708440283808e-09
Samples,486,BU,1.9413502825169903e-08
Samples,487,BU,2.735818531921795e-09
Samples,488,BU,1.572009872285797e-08
Samples,489,BU,1.8591253474607127e-08
Samples,490,BU,2.5230680657323478e-08
Samples,491,BU,1.2619152758840433e-08
Samples,492,BU,2.2639576790189635e-08
Samples,493,BU,1.7427822156973266e-08
Samples,494,BU,1.6458168022861103e-08
Samples,495,BU,1.7129082090248628e-08
Samples,496,BU,2.0632395796857683e-08
Samples,497,BU,2.4501060278136147e-08
Samples,498,BU,1.9206299525543818e-08
Samples,499,BU,1.4766344049054727e-08
Samples,500,BU,2.0425200516759905e-08
Samples,501,BU,1.8504430363229446e-08
Samples,502,BU,3.8608985643216594e-08
Samples,503,BU,3.22065449503215e-08
Samples,504,BU,2.3975464171354395e-08
Samples,505,BU,3.186512163550732e-08
Samples,506,BU,2.7643069442111127e-08
Samples,507,BU,5.027703898039331e-08
Samples,508,BU,1.1104642926067759e-07
Samples,509,BU,1.3674914586558407e-08
Samples,510,BU,1.4288077668088683e-07
Samples,511,BU,1.0650917460209541e-07
Samples,512,BU,7.339212349626877e-10
Samples,513,BU,1.3510025423353988e-09
Samples,514,BU,4.6073727626363353e-10
Samples,515,BU,9.14758658628542e-08
Samples,516,BU,1.0736440294374276e-07
Samples,517,BU,8.370798318351133e-08
Samples,518,BU,1.1062166277554686e-07
Samples,519,BU,9.089842451057333e-08
Samples,520,BU,7.41532178384202e-08
Samples,521,BU,1.2625475552082534e-07
Samples,522,BU,1.317188594602379e-07
Samples,523,BU,8.478328413669683e-08
Samples,524,BU,1.3944494019942825e-07
Samples,525,BU,4.339505036423658e-08
Samples,526,BU,3.502154767467135e-08
Samples,527,BU,3.310822184068782e-08
Samples,528,BU,6.642479018377781e-08
Samples,529,BU,3.542246225223039e-09
Samples,530,BU,6.637931461694654e-09
Samples,531,BU,8.189828651737513e-09
Samples,532,BU,1.7527663563407993e-09
Samples,533,BU,4.888771400462362e-09
Samples,534,BU,6.390124225077726e-08
Samples,535,BU,1.0471080949187645e-07
Samples,536,BU,4.111885540591724e-09
Samples,537,BU,5.935623271632111e-09
Samples,538,BU,1.6457934488984202e-08
Samples,539,BU,2.6158177590531898e-08
Samples,540,BU,1.10791935549653e-08
Samples,541,BU,1.9077907777737877e-08
Samples,542,BU,2.6022151097012197e-08
Samples,543,BU,2.2666876708569203e-08
Samples,544,BU,1.2824520107769329e-07
Samples,545,BU,1.2925295064222896e-07
Samples,546,BU,1.2751864414208588e-07
Samples,547,BU,7.335868100329145e-08
Samples,548,BU,1.2919232541613707e-07
Samples,549,BU,7.185922920691429e-08
Samples,550,BU,1.9246791362745906e-07
Samples,551,BU,2.2837879423090445e-10
Samples,552,BU,6.601333465289009e-08
Samples,553,BU,1.2657788901914872e-07
Samples,554,BU,1.2428341046281127e-07
Samples,555,BU,6.954933212361936e-08
Samples,556,BU,9.370446989981434e-10
Samples,557,BU,1.2891221530793596e-07
Samples,558,BU,1.2834406897013885e-07
Samples,559,BU,5.109070013981053e-11
Samples,560,BU,-2.9610488331160096e-11
Samples,561,BU,2.6703834054379418e-11
Samples,562,BU,1.260461912565643e-07
Samples,563,BU,-5.578483527701948e-10
Samples,564,BU,-2.825783458900802e-10
Samples,565,BU,-1.0413162148608021e-10
Samples,566,BU,1.5503056735014902e-09
Samples,567,BU,4.2048455215675006e-08
Samples,568,BU,1.6330520859173588e-09
Samples,569,BU,9.067534618980461e-10
Samples,570,BU,1.28229622444791e-07
Samples,571,BU,1.5564548249997548e-09
Samples,572,BU,5.533071550663198e-09
Samples,573,BU,1.6067623477114763e-09
Samples,574,BU,1.1166317901446036e-07
Samples,575,BU,1.6031708599766048e-07
Samples,576,BU,1.2924467096009865e-07
Samples,577,BU,6.183236069879281e-08
Samples,578,BU,1.2491829178483183e-07
Samples,579,BU,1.1869780706457363e-07
Samples,580,BU,1.319694431439717e-07
Samples,581,BU,6.091899912989792e-08
Samples,582,BU,2.1005804205297906e-09
Samples,583,BU,6.127472445845185e-08
Samples,584,BU,1.1888915139419263e-07
Samples,585,BU,-2.1911532720997986e-10
Samples,586,BU,1.232873896533715e-07
Samples,587,BU,1.1847348404491094e-07
Samples,588,BU,-2.2244716731992326e-10
Samples,589,BU,8.06981465861015e-08
Samples,590,BU,9.771797859943186e-08
Samples,591,BU,1.0194229396737374e-07
Samples,592,BU,1.2192149927162492e-07
Samples,593,BU,5.935019637470733e-08
Samples,594,BU,1.3801767058787658e-07
Samples,595,BU,1.1716222842159867e-07
Samples,596,BU,-8.027934827066264e-11
Samples,597,BU,2.6684767274775567e-07
Samples,598,BU,1.259987147279676e-07
Samples,599,BU,2.6541136883520263e-07
Samples,600,BU,2.214709108957889e-07
Samples,601,BU,2.1998021018072705e-08
Samples,602,BU,2.371781639823929e-08
Samples,603,BU,1.0492089297645845e-08
Samples,604,BU,1.6474671894554094e-08
Samples,605,BU,3.40282145949358e-08
Samples,606,BU,2.4538611728288385e-08
Samples,607,BU,3.343571511940839e-08
Samples,608,BU,2.45851687340056e-08
Samples,609,BU,2.6033244788729784e-08
Samples,610,BU,4.209602923551835e-08
Samples,611,BU,3.884629994385541e-08
Samples,612,BU,3.6868058582943865e-08
Samples,613,BU,2.5406539473625327e-08
Samples,614,BU,3.395362189866319e-08
Samples,615,BU,2.384360528823722e-08
Samples,616,BU,3.4012158838672445e-08
Samples,617,BU,2.8462153404156013e-08
Samples,618,BU,2.1732281171728776e-08
Samples,619,BU,3.182661853466417e-08
Samples,620,BU,-1.243722118651994e-10
Samples,621,BU,1.4844084083411232e-09
Samples,622,BU,3.5693414717336003e-09
Samples,623,BU,1.0185725486310916e-08
Samples,624,BU,3.446808755747403e-08
Samples,625,BU,3.6600835959077336e-08
Samples,626,BU,2.4240052088553712e-08
Samples,627,BU,3.1338315161286604e-08
Samples,628,BU,3.402380423983728e-08
Samples,629,BU,2.7654399917112892e-08
Samples,630,BU,3.591657514504797e-08
Samples,631,BU,4.776170988004403e-08
Samples,632,BU,3.9191888530640395e-08
Samples,633,BU,3.330514973825296e-08
Samples,634,BU,4.304851137699125e-08
Samples,635,BU,2.0410377402125768e-08
Samples,636,BU,3.771925740395946e-08
Samples,637,BU,3.870870631172043e-08
Samples,638,BU,1.4612850623712028e-05
Samples,639,BU,4.450130402645286e-06
Samples,640,BU,5.459910874421783e-06
Samples,641,BU,2.674547700378256e-06
Samples,642,BU,3.742462859966704e-06
Samples,643,BU,2.0231356744993346e-06
Samples,645,BU,1.863235048992993e-06
Samples,646,BU,1.8822601276014494e-06
Samples,647,BU,-8.715492110794006e-09
Samples,648,BU,6.791060833475652e-09
Samples,649,BU,1.9654048072012685e-07
Samples,650,BU,1.890066638739463e-06
Samples,651,BU,2.1077927577186076e-07
Samples,652,BU,2.7728828625274322e-06
Samples,653,BU,-1.3089406828377462e-09
Samples,654,BU,4.894376552486264e-07
Samples,655,BU,1.6260085983362482e-07
Samples,656,BU,3.2718200989927504e-08
Samples,657,BU,3.655503372481591e-08
Samples,658,BU,9.499812652195549e-08
Samples,659,BU,9.29039154924674e-09
Samples,660,BU,2.3148468958498523e-08
Samples,661,BU,5.96101086579741e-08
Samples,662,BU,1.8464484675652054e-08
Samples,663,BU,3.2397643587054663e-10
Samples,664,BU,2.0783165126740314e-08
Samples,665,BU,3.961662642368493e-08
Samples,666,BU,2.0401486050263694e-08
Samples,667,BU,6.8498504864748e-09
Samples,668,BU,1.0576237065960798e-08
Samples,669,BU,7.585787140260277e-10
Samples,670,BU,1.0947952010938224e-07
Samples,671,BU,-3.2259905845418346e-11
Samples,672,BU,-5.719208545935352e-09
Samples,673,BU,1.2724821189924382e-07
Samples,674,BU,1.308290366275364e-07
Samples,675,BU,1.2002665500063065e-07
Samples,676,BU,-5.214694547350575e-10
Samples,677,BU,2.1623894627396703e-09
Samples,678,BU,-2.429847327175542e-10
Samples,679,BU,1.133558987916793e-07
Samples,680,BU,1.0899609287484987e-07
Samples,681,BU,1.1354640307358893e-07
Samples,682,BU,2.4709637879669902e-08
Samples,683,BU,2.8652656788070304e-08
Samples,684,BU,6.056707248079447e-08
Samples,685,BU,2.9144925537491043e-08
Samples,686,BU,6.23716473798367e-08
Samples,687,BU,5.911643389626194e-08
Samples,688,BU,3.666640789232737e-08
Samples,689,BU,2.5701721600845198e-08
Samples,690,BU,5.679800175009657e-08
Samples,691,BU,4.7129552310529235e-08
Samples,692,BU,5.839416331970675e-08
Samples,693,BU,1.088032925731301e-07
Samples,694,BU,2.6634808326701966e-08
Samples,695,BU,1.0515785075014845e-08
Samples,696,BU,1.1418583821938268e-08
Samples,697,BU,1.1344360792636548e-07
Samples,698,BU,1.5045903379264792e-07
Samples,699,BU,3.5271095334709946e-09
Samples,700,BU,1.4792164402624087e-07
Samples,701,BU,1.476265650406829e-07
Samples,702,BU,1.1972640789446662e-07
Samples,703,BU,1.2690094227392134e-08
Samples,704,BU,9.415625776042121e-08
Samples,705,BU,6.5482569363809925e-09
Samples,706,BU,1.267116984258847e-07
Samples,707,BU,6.863613526510024e-09
Samples,708,BU,4.475666886879375e-08
Samples,709,BU,1.3809208052555696e-07
Samples,710,BU,4.755754940979301e-08
Samples,711,BU,5.459104038655478e-08
Samples,712,BU,6.890290643992803e-09
Samples,713,BU,5.123016769231102e-08
Samples,714,BU,1.7505229800761096e-07
Samples,715,BU,9.008439722121259e-08
Samples,716,BU,6.856169207330182e-08
Samples,717,BU,1.64291993108838e-07
Samples,718,BU,1.8188051648792612e-08
Samples,719,BU,-2.545314427903212e-10
Samples,720,BU,9.45051271562549e-09
Samples,721,BU,-1.8289119615958518e-10
Samples,722,BU,9.648102866225438e-08
Samples,723,BU,-1.0562352691226512e-10
Samples,724,BU,-6.033392497530864e-11
Samples,725,BU,1.4019184420258181e-08
Samples,726,BU,-7.749613976198545e-11
Samples,727,BU,-1.3659729247829644e-10
Samples,728,BU,2.4046081879653144e-08
Samples,729,BU,1.1746970132429126e-08
Samples,730,BU,1.995409116483603e-08
Samples,731,BU,2.1340550173701455e-08
Samples,732,BU,5.372566318144865e-08
Samples,733,BU,2.9571265995914965e-08
Samples,734,BU,2.4136786063942518e-08
Samples,735,BU,2.6239424783908012e-08
Samples,736,BU,6.234570435357975e-08
Samples,737,BU,2.4039145934853352e-09
Samples,738,BU,2.2563397337699254e-08
Samples,739,BU,2.9243664411566654e-08
Samples,740,BU,5.7588645425402257e-08
Samples,741,BU,8.255247160103206e-09
Samples,742,BU,6.07903378012116e-08
Samples,743,BU,1.105569388591687e-08
Samples,744,BU,1.3592006715938454e-07
Samples,745,BU,8.514526331696095e-08
Samples,746,BU,2.7168274581420584e-08
Samples,747,BU,1.6841229006563058e-08
Samples,748,BU,6.744875401178636e-08
Samples,749,BU,1.3930016728885812e-08
Samples,750,BU,2.991666705450708e-08
Samples,751,BU,1.5950572612811539e-07
Samples,752,BU,4.223917477663623e-08
Samples,753,BU,1.0234130829531566e-07
Samples,754,BU,1.8446678586507486e-08
Samples,755,BU,2.0141590310610126e-09
Samples,756,BU,1.5493753052772723e-09
Samples,757,BU,3.3747638262782757e-09
Samples,758,BU,6.388094465030563e-09
Samples,759,BU,3.223764365979487e-09
Samples,760,BU,1.5739766047134706e-08
Samples,761,BU,1.843244583951999e-08
Samples,762,BU,7.418415954528789e-09
Samples,763,BU,6.878955168910994e-08
Samples,764,BU,9.156677849936538e-09
Samples,765,BU,7.228042943154657e-09
Samples,766,BU,-9.397769569032278e-10
Samples,767,BU,-1.1242407047246584e-09
Samples,768,BU,-3.791857229075894e-10
Samples,769,BU,-1.7471835841665919e-09
Samples,770,BU,5.378701903060018e-10
Samples,771,BU,-4.4230118135633637e-10
Samples,772,BU,2.6471954143021835e-10
Samples,773,BU,1.2956752082707216e-07
Samples,774,BU,3.2579916089697575e-09
Samples,775,BU,5.820456545487072e-08
Samples,776,BU,2.0349537670600512e-08
Samples,777,BU,1.657005973937645e-08
Samples,778,BU,6.147242432981323e-10
Samples,779,BU,4.6009633914267205e-09
Samples,780,BU,4.018388263848676e-09
Samples,781,BU,3.46100179257702e-08
Samples,782,BU,4.6902925474103795e-09
Samples,783,BU,2.3677390385969807e-09
Samples,784,BU,2.4054332119993783e-09
Samples,785,BU,4.3835082199469167e-08
Samples,786,BU,1.1762053647798324e-07
Samples,787,BU,1.77042790673059e-09
Samples,788,BU,1.1901104201347024e-09
Samples,789,BU,1.70486718552343e-08
Samples,790,BU,4.330715325519294e-09
Samples,791,BU,3.770727223271228e-09
Samples,792,BU,1.826327915430261e-08
Samples,793,BU,1.406236448205696e-08
Samples,794,BU,2.04510288347789e-08
Samples,795,BU,2.2717312918292795e-08
Samples,796,BU,3.719360131764898e-09
Samples,797,BU,1.2352313551022602e-07
Samples,798,BU,5.8336306361831126e-09
Samples,799,BU,1.2242847696785835e-07
Samples,800,BU,3.883609908799153e-09
Samples,801,BU,8.060013077276862e-10
Samples,802,BU,3.0630441220547774e-09
Samples,803,BU,1.316181626652964e-09
Samples,804,BU,1.9812457498568567e-09
Samples,805,BU,1.661872233843661e-07
Samples,806,BU,9.87295725405954e-10
Samples,807,BU,5.136014453737994e-09
Samples,808,BU,4.5059307747716066e-08
Samples,809,BU,1.7407504604951714e-09
Samples,810,BU,2.258402229496367e-09
Samples,811,BU,1.7657363146960295e-09
Samples,812,BU,-3.098432327284807e-11
Samples,813,BU,7.319788563630641e-08
Samples,814,BU,3.4977559399685306e-09
Samples,815,BU,1.535459788129335e-09
Samples,816,BU,6.949551599582831e-10
Samples,817,BU,1.1543846709493132e-09
Samples,818,BU,1.5261825890112937e-09
Samples,819,BU,5.008271307926239e-09
Samples,820,BU,1.5701030936168227e-10
Samples,821,BU,3.585498570394105e-08
Samples,822,BU,1.216083388935813e-07
Samples,823,BU,1.2261134488487826e-07
Samples,824,BU,2.266003091141626e-08
Samples,825,BU,2.631417834979139e-08
Samples,826,BU,3.6230287869389878e-09
Samples,827,BU,1.9220931266577708e-08
Samples,828,BU,1.9182526863332096e-08
Samples,829,BU,1.957576496862256e-08
Samples,830,BU,2.7847615865258e-08
Samples,831,BU,2.8318003577129826e-08
Samples,832,BU,4.24447072498823e-08
Samples,833,BU,2.34204058072546e-08
Samples,834,BU,1.1320292825784325e-07
Samples,835,BU,9.365467994121912e-10
Samples,836,BU,1.0392279396433216e-07
Samples,837,BU,5.1054805917245543e-08
Samples,838,BU,9.791108380162853e-08
Samples,839,BU,-1.633134630053795e-09
Samples,840,BU,-3.1455397996631487e-09
Samples,841,BU,1.8439956609452666e-09
Samples,842,BU,-1.731483636962077e-09
Samples,843,BU,8.287180477763177e-08
Samples,844,BU,-5.738830183854632e-09
Samples,845,BU,5.358260570402193e-08
Samples,846,BU,1.7309585804083911e-09
Samples,847,BU,4.442567705067354e-08
Samples,848,BU,4.2682273549702686e-08
Samples,849,BU,1.0847213277126178e-09
Samples,850,BU,1.154636866518834e-07
Samples,851,BU,2.367506793798916e-08
Samples,852,BU,2.3666207361275657e-08
Samples,853,BU,3.984828642055326e-07
Samples,854,BU,2.6003727920852363e-08
Samples,855,BU,1.1302269462393525e-08
Samples,856,BU,2.3015687642490166e-08
Samples,857,BU,2.9233216652908048e-08
Samples,858,BU,1.8827454224969118e-08
Samples,859,BU,1.501928975993464e-08
Samples,860,BU,5.881425674612232e-09
Samples,861,BU,8.441477883906008e-09
Samples,862,BU,1.927691530748714e-08
Samples,863,BU,2.428720264117483e-08
Samples,864,BU,6.8351692575423725e-09
Samples,865,BU,1.2932396613849472e-08
Samples,866,BU,9.490996768150454e-09
Samples,867,BU,3.5598126370703224e-09
Samples,868,BU,2.0178123788614623e-09
Samples,869,BU,6.838376160293256e-09
Samples,870,BU,3.000271784401284e-08
Samples,871,BU,7.018963380389006e-09
Samples,872,BU,6.371046247655274e-09
Samples,873,BU,2.5178717331662413e-08
Samples,874,BU,9.943829510830026e-09
Samples,875,BU,1.3238712190974963e-09
Samples,876,BU,9.611865568860518e-09
Samples,877,BU,3.099375956322436e-08
Samples,878,BU,1.4964400735755075e-08
Samples,879,BU,2.007213987042394e-08
Samples,880,BU,5.520531405487388e-09
Samples,881,BU,9.61850588698094e-09
Samples,882,BU,1.9456012209494746e-08
Samples,883,BU,2.162335532130305e-08
Samples,884,BU,2.2179196392246968e-08
Samples,885,BU,1.4689953167303618e-08
Samples,886,BU,1.0745189086914202e-08
Samples,887,BU,4.1794832422843795e-08
Samples,888,BU,4.0861160942077345e-08
Samples,889,BU,3.3011691884339386e-09
Samples,890,BU,1.6253565619316316e-09
Samples,891,BU,-3.745322935453443e-10
Samples,892,BU,1.607861602450717e-09
Samples,893,BU,1.7392621092275456e-09
Samples,894,BU,1.2664305137950073e-07
Samples,895,BU,1.2904145384661856e-07
Samples,896,BU,1.1770169086980615e-07
Samples,897,BU,2.411998968618684e-07
Samples,898,BU,1.1711650914199377e-07
Samples,899,BU,3.388703897292364e-07
Samples,900,BU,4.063446127255222e-07
Samples,901,BU,-3.4952109308873627e-09
Samples,902,BU,1.1871061108472188e-07
Samples,903,BU,1.1734067266856645e-07
Samples,904,BU,-5.65585780385607e-10
Samples,905,BU,-6.254857269683358e-10
Samples,906,BU,3.2647584979717084e-07
Samples,907,BU,3.7402245515498783e-07
Samples,908,BU,3.9906047808522275e-07
Samples,909,BU,2.3963643828085536e-07
Samples,910,BU,1.1669548856650723e-07
Samples,911,BU,6.264145422133382e-08
Samples,912,BU,2.5012645632744805e-08
Samples,913,BU,4.405533781651689e-09
Samples,914,BU,6.80190183596847e-08
Samples,915,BU,-6.650452577542494e-09
Samples,916,BU,6.034650481109398e-08
Samples,917,BU,1.4136094770289503e-07
Samples,918,BU,1.1646003215454889e-07
Samples,919,BU,1.1666411920641891e-07
Samples,920,BU,1.1421875230285656e-07
Samples,921,BU,6.5961337537502835e-09
Samples,922,BU,1.6956412294882515e-08
Samples,923,BU,1.2058902414804064e-08
Samples,924,BU,1.3720635526502293e-07
Samples,925,BU,2.249807423983863e-08
Samples,926,BU,1.5574425456067982e-07
Samples,927,BU,6.384005215713217e-07
Samples,928,BU,2.1474463194226715e-06
Samples,929,BU,9.631646786455695e-08
Samples,930,BU,9.686754801771475e-08
Samples,931,BU,8.267698462944264e-08
Samples,932,BU,5.624042903779724e-08
Samples,933,BU,-2.96923865580139e-09
Samples,934,BU,9.763290301455983e-08
Samples,935,BU,5.024799268219588e-08
Samples,936,BU,9.488256199244516e-08
Samples,937,BU,5.226240672575839e-08
Samples,938,BU,6.647649953928633e-08
Samples,939,BU,1.1156662040912115e-06
Samples,940,BU,4.0296815616550155e-07
Samples,941,BU,-1.284575183956389e-09
Samples,942,BU,1.369218612669269e-07
Samples,943,BU,6.284667150561852e-08
Samples,944,BU,3.186045675191701e-08
Samples,945,BU,1.2063846079132505e-07
Samples,946,BU,1.187116898412248e-07
Samples,947,BU,1.1617436089433868e-07
Samples,948,BU,1.1748896296515919e-07
Samples,949,BU,1.1886419543169008e-07
Samples,950,BU,1.2711541777919587e-07
Samples,951,BU,-3.412078374340133e-09
Samples,952,BU,5.833408748159903e-08
Samples,953,BU,1.0787110614165067e-07
Samples,954,BU,1.5612390630578893e-06
Samples,955,BU,7.941942333366622e-07
Samples,956,BU,5.7007145511963506e-09
Samples,959,BU,2.3050285437215033e-09
Samples,960,BU,2.331874125270752e-08
Samples,961,BU,1.3865476591622805e-08
Samples,962,BU,6.194101333313882e-08
Samples,963,BU,2.8777137415997e-08
Samples,964,BU,2.4431322617926944e-07
Samples,965,BU,2.4833128338265925e-07
Samples,966,BU,1.593095982637187e-08
Samples,967,BU,5.545984779978161e-08
Samples,969,BU,4.730303172115918e-08
Samples,970,BU,4.34342707714374e-09
Samples,971,BU,6.942061036001997e-08
Samples,973,BU,6.061106121417557e-09
Samples,974,BU,4.040122444883309e-08
Samples,975,BU,6.109881157087208e-07
Samples,976,BU,4.4595065914789416e-08
Samples,977,BU,1.6585001137682826e-08
Samples,978,BU,-8.715492110794036e-09
Samples,979,BU,1.6480249894383438e-08
Samples,982,BU,1.440503021411883e-07
Samples,983,BU,9.512660318688504e-08
Samples,985,BU,5.0569648406801935e-08
Samples,987,BU,2.5872892741167542e-06
Samples,988,BU,1.7520315506159922e-07
Samples,989,BU,2.6053177227801923e-06
Samples,990,BU,1.8942110787661102e-07
Samples,991,BU,3.943831306634886e-06
Samples,992,BU,3.1980682772157227e-06
Samples,993,BU,3.937538116096676e-06
Samples,994,BU,7.279984922082178e-10
Samples,995,BU,2.375921461260809e-08
Samples,996,BU,3.194929894423888e-06
Samples,997,BU,6.028870985138772e-06
Samples,998,BU,3.831037993675949e-08
Samples,999,BU,5.946975907553012e-06
Samples,1000,BU,1.3845465450415347e-07
Samples,1001,BU,1.1982643733832754e-07
Samples,1002,BU,5.437733567219863e-07
Samples,1003,BU,6.115023557225216e-07
Samples,1004,BU,6.114158797378532e-07
Samples,1005,BU,6.615528021866393e-07
Samples,1006,BU,5.330488331334513e-07
Samples,1007,BU,5.866076557107137e-07
Samples,1008,BU,6.715380712336982e-07
Samples,1009,BU,6.293325598652039e-07
Samples,1010,BU,-5.4706805504435556e-12
Samples,1011,BU,-1.0501530219915061e-08
Samples,1012,BU,6.054174119512297e-10
Samples,1013,BU,4.625440075710365e-07
Samples,1014,BU,4.840122800573071e-08
Samples,1015,BU,3.5532501950612797e-09
Samples,1016,BU,-3.6161053633427165e-10
Samples,1017,BU,-6.669866434939135e-10
Samples,1018,BU,-9.7980952486927e-10
Samples,1019,BU,2.3234377164312764e-10
Samples,1020,BU,1.4965269319079539e-09
Samples,1021,BU,2.0480822575543813e-09
Samples,1022,BU,3.6230653363866173e-09
Samples,1023,BU,2.7123896970151253e-09
Samples,1024,BU,2.7612979630174146e-09
Samples,1025,BU,-1.4445339289038996e-09
Samples,4,BV,1.337551142374228e-08
Samples,5,BV,8.950162152981657e-08
Samples,6,BV,1.3234733837633969e-08
Samples,7,BV,4.550674871411427e-09
Samples,8,BV,8.932693246899899e-10
Samples,9,BV,7.0898649958355345e-09
Samples,10,BV,2.8369364695061166e-09
Samples,11,BV,5.7086567172571695e-09
Samples,12,BV,7.987765080383395e-05
Samples,17,BV,-1.3569450094167217e-09
Samples,19,BV,1.6835373249649718e-07
Samples,20,BV,2.4539610306505627e-07
Samples,21,BV,1.5817053199055592e-07
Samples,26,BV,1.5321076192245804e-08
Samples,28,BV,1.277175062546238e-08
Samples,29,BV,4.46731508255727e-08
Samples,30,BV,1.0054639526533424e-07
Samples,32,BV,1.7856613126905659e-07
Samples,34,BV,4.029537739838445e-08
Samples,35,BV,0.0054622470076724616
Samples,37,BV,7.115419073367568e-08
Samples,39,BV,3.414427470204742e-08
Samples,41,BV,1.0881424164848846e-07
Samples,42,BV,1.1098331463198242e-07
Samples,44,BV,1.0309944434700122e-07
Samples,55,BV,3.119129556823246e-08
Samples,56,BV,2.7904700533197e-08
Samples,58,BV,3.8956692742441984e-08
Samples,59,BV,2.6928415550801684e-08
Samples,60,BV,2.417089136731343e-09
Samples,61,BV,1.2629465422766028e-09
Samples,62,BV,2.502704548358144e-09
Samples,63,BV,1.3844553758338677e-09
Samples,64,BV,1.0715387566397747e-09
Samples,65,BV,4.8805407265847585e-09
Samples,66,BV,1.1824830444974717e-09
Samples,67,BV,2.16702140357795e-09
Samples,68,BV,1.531466810110177e-09
Samples,69,BV,6.505532633228185e-10
Samples,70,BV,6.715361781654283e-10
Samples,71,BV,4.394995365858913e-08
Samples,72,BV,9.97918219267925e-09
Samples,73,BV,1.515403151177373e-07
Samples,74,BV,1.3688649141580835e-07
Samples,75,BV,2.534805646378364e-07
Samples,76,BV,2.9655349392417663e-10
Samples,77,BV,7.489353678715112e-07
Samples,78,BV,3.081737223616382e-09
Samples,79,BV,5.31402733924531e-09
Samples,80,BV,1.1852650178032971e-09
Samples,81,BV,1.2198203942107494e-06
Samples,82,BV,1.3555634047703036e-07
Samples,83,BV,3.602734674338653e-08
Samples,84,BV,1.8844768202041104e-07
Samples,85,BV,1.389939805556387e-07
Samples,86,BV,1.5449154078724364e-06
Samples,87,BV,1.4279606036520354e-06
Samples,88,BV,6.920352765268277e-07
Samples,89,BV,1.3697683024345662e-06
Samples,91,BV,-4.056857331499351e-07
Samples,93,BV,-4.717752835193849e-07
Samples,94,BV,-3.973725890048568e-07
Samples,95,BV,-4.309290793774738e-08
Samples,96,BV,-5.501533445686952e-08
Samples,98,BV,-1.432918160262434e-07
Samples,100,BV,-4.5493323548231966e-07
Samples,101,BV,-4.0295050901920026e-07
Samples,102,BV,2.8502733223871936e-07
Samples,103,BV,1.2105876720071897e-06
Samples,106,BV,-3.3985153022370575e-07
Samples,107,BV,-4.305134765862972e-07
Samples,109,BV,1.867174137158712e-07
Samples,113,BV,-1.2474174254758783e-07
Samples,115,BV,2.6052377258349415e-08
Samples,118,BV,3.0806762354297787e-09
Samples,119,BV,2.2389782389148017e-10
Samples,120,BV,1.3880005714503769e-09
Samples,121,BV,2.418257473684789e-07
Samples,122,BV,7.665052396336188e-10
Samples,123,BV,9.219681538939181e-08
Samples,124,BV,3.374570630946056e-09
Samples,125,BV,5.1100405425943624e-09
Samples,126,BV,-6.443256879854499e-09
Samples,127,BV,2.3763056456610047e-07
Samples,128,BV,2.398917425628633e-07
Samples,129,BV,2.442583207433893e-07
Samples,130,BV,2.386478254044046e-07
Samples,131,BV,4.841034545966648e-13
Samples,132,BV,-1.372401069206066e-11
Samples,133,BV,1.5562845337044034e-10
Samples,134,BV,2.4405617841811653e-11
Samples,136,BV,-3.795787866549536e-10
Samples,137,BV,-5.776504085772298e-10
Samples,138,BV,-4.834198164000148e-10
Samples,139,BV,5.330707560074536e-08
Samples,140,BV,5.300725711306638e-08
Samples,141,BV,4.577682082783262e-08
Samples,142,BV,7.653667686354393e-08
Samples,143,BV,4.8523150104427686e-08
Samples,144,BV,5.1203703779366815e-08
Samples,145,BV,2.573874788608645e-08
Samples,146,BV,7.904342112703817e-08
Samples,147,BV,3.78940766071236e-08
Samples,148,BV,6.74305499227009e-08
Samples,149,BV,3.701442788214856e-08
Samples,150,BV,3.102611748767064e-08
Samples,151,BV,2.6064240236685098e-08
Samples,152,BV,8.433955355135293e-08
Samples,153,BV,3.228278716699093e-08
Samples,154,BV,4.772168256785886e-08
Samples,155,BV,2.9963514868621805e-08
Samples,156,BV,1.2233245740487158e-06
Samples,158,BV,-3.992870964573557e-09
Samples,159,BV,1.1081997700034305e-08
Samples,160,BV,3.4861949483581934e-08
Samples,161,BV,2.2061859461917275e-08
Samples,164,BV,2.6999309665000725e-09
Samples,165,BV,1.6728102257273485e-07
Samples,166,BV,1.339359240197371e-07
Samples,167,BV,3.3300531297566944e-07
Samples,169,BV,1.2665877167949093e-06
Samples,171,BV,-1.3569450094167217e-09
Samples,172,BV,4.913233655360233e-07
Samples,174,BV,3.721192274030638e-08
Samples,175,BV,-7.703150448602701e-10
Samples,176,BV,8.943997042766199e-10
Samples,177,BV,7.252097923765852e-10
Samples,178,BV,4.1387406916085365e-08
Samples,179,BV,1.661697226033881e-08
Samples,181,BV,1.6612807231197325e-08
Samples,182,BV,1.0930799136078458e-08
Samples,183,BV,5.616686204121811e-09
Samples,184,BV,5.319602932828783e-08
Samples,185,BV,6.12221461984963e-08
Samples,186,BV,5.559855868155617e-08
Samples,187,BV,7.119003121722514e-08
Samples,188,BV,4.822185275176833e-08
Samples,189,BV,3.9913211925678037e-08
Samples,190,BV,9.624381282200353e-09
Samples,191,BV,-6.755010490373711e-10
Samples,192,BV,6.866218077274297e-08
Samples,193,BV,4.236935062025374e-08
Samples,194,BV,2.3910597585568685e-08
Samples,195,BV,-7.986446408854179e-10
Samples,196,BV,3.757476653108496e-08
Samples,197,BV,7.998149157836e-09
Samples,198,BV,1.7909067994366907e-08
Samples,199,BV,3.3949182610759985e-07
Samples,200,BV,1.9775704207989292e-07
Samples,201,BV,4.344735143915532e-08
Samples,202,BV,2.8678499566700777e-08
Samples,203,BV,2.1240400925870938e-08
Samples,204,BV,-2.9379945533315504e-11
Samples,205,BV,2.8112492593761654e-08
Samples,206,BV,1.3682862562885139e-08
Samples,207,BV,2.0403336858969073e-08
Samples,208,BV,2.2834512970625188e-08
Samples,209,BV,3.019323286709255e-08
Samples,210,BV,1.8773115939459977e-08
Samples,211,BV,2.2377931800100868e-08
Samples,212,BV,1.0952269343498494e-08
Samples,213,BV,2.3943910654349588e-08
Samples,214,BV,1.655547977978241e-08
Samples,215,BV,2.680248671916779e-08
Samples,216,BV,1.8590142168700176e-08
Samples,217,BV,1.0708890602070599e-08
Samples,218,BV,-7.398266237460609e-10
Samples,219,BV,2.852822386216425e-08
Samples,220,BV,4.004082046868418e-08
Samples,221,BV,3.42581746086692e-08
Samples,222,BV,1.6906543043558938e-08
Samples,223,BV,5.876410538329343e-09
Samples,224,BV,3.721229078878175e-08
Samples,225,BV,7.471444005912523e-10
Samples,226,BV,1.4477582378543936e-10
Samples,227,BV,1.6721500017281317e-08
Samples,228,BV,2.7421884455531492e-08
Samples,229,BV,6.499024404093682e-09
Samples,230,BV,-5.100928669943074e-10
Samples,231,BV,1.1620584798641159e-10
Samples,232,BV,-4.879418859756106e-10
Samples,233,BV,1.5637645397226475e-10
Samples,234,BV,2.0311962963077214e-10
Samples,235,BV,4.492241298971123e-08
Samples,236,BV,2.2935340522649265e-08
Samples,237,BV,4.8170115313085566e-08
Samples,238,BV,1.1631143711237839e-08
Samples,239,BV,3.2354067713069066e-08
Samples,240,BV,2.3334677243994464e-08
Samples,241,BV,2.244879381898317e-08
Samples,242,BV,5.037899489082267e-08
Samples,243,BV,4.6960049947552733e-08
Samples,244,BV,4.427037546308133e-08
Samples,245,BV,3.591595934492456e-08
Samples,246,BV,4.797552647865681e-08
Samples,247,BV,3.458686305157946e-08
Samples,248,BV,5.060385015442901e-08
Samples,249,BV,4.5742883444866674e-08
Samples,250,BV,4.1925564678523115e-08
Samples,251,BV,4.7346227765413046e-08
Samples,252,BV,-7.78847015293849e-10
Samples,253,BV,3.421064250883154e-08
Samples,254,BV,4.3870636232199616e-08
Samples,255,BV,4.738697692684072e-08
Samples,256,BV,3.516379720083307e-07
Samples,257,BV,9.57024473836176e-07
Samples,258,BV,1.3842104264977932e-07
Samples,259,BV,1.5146194748495045e-08
Samples,260,BV,1.439220155330597e-08
Samples,261,BV,3.5293258361529635e-07
Samples,262,BV,1.9202380888713754e-07
Samples,263,BV,4.02710792914772e-07
Samples,264,BV,3.3153314296210054e-07
Samples,265,BV,4.806912508626266e-08
Samples,266,BV,1.0809232795195711e-07
Samples,267,BV,1.9677321000808263e-07
Samples,268,BV,2.409026106027e-07
Samples,269,BV,1.9849919774556712e-07
Samples,270,BV,6.737285679423032e-07
Samples,271,BV,4.1756257524257045e-07
Samples,272,BV,6.740531130258328e-07
Samples,273,BV,4.3179038349464066e-07
Samples,274,BV,5.223878953999187e-07
Samples,275,BV,4.3684414236178824e-09
Samples,276,BV,1.0589375802701998e-06
Samples,277,BV,1.0418225597500018e-07
Samples,278,BV,1.4030572933936386e-08
Samples,279,BV,1.8088875294003257e-08
Samples,280,BV,4.014069020485245e-07
Samples,281,BV,1.2293013144255788e-07
Samples,282,BV,2.2313843963224816e-07
Samples,283,BV,1.2897594117346364e-07
Samples,284,BV,7.917503513854599e-08
Samples,285,BV,2.1660461723668837e-08
Samples,286,BV,7.205022008337505e-08
Samples,287,BV,1.0937291222960253e-07
Samples,288,BV,8.004224669914477e-08
Samples,289,BV,1.55422006309642e-07
Samples,290,BV,1.0871590770944205e-07
Samples,291,BV,1.5806910436777609e-07
Samples,292,BV,3.147751534948743e-07
Samples,293,BV,1.2670365583516783e-07
Samples,294,BV,5.834989832075987e-09
Samples,295,BV,1.1034355936621526e-08
Samples,296,BV,1.4981162243103434e-08
Samples,297,BV,5.794790996351422e-07
Samples,298,BV,5.626260620474056e-07
Samples,299,BV,1.0642787814594758e-08
Samples,300,BV,2.070582384988888e-08
Samples,301,BV,2.6635330657534137e-08
Samples,302,BV,1.3450558039493888e-06
Samples,303,BV,1.1990916072227813e-06
Samples,304,BV,1.1215154127401607e-06
Samples,305,BV,2.5737061557268876e-07
Samples,306,BV,3.105363683733854e-07
Samples,307,BV,4.355016607557726e-07
Samples,308,BV,1.0479388629491763e-07
Samples,311,BV,7.085264990826945e-08
Samples,319,BV,6.90130847966656e-08
Samples,320,BV,1.5183466517496854e-07
Samples,323,BV,7.034952703407656e-07
Samples,324,BV,1.8057585660848545e-06
Samples,325,BV,5.247565576087185e-08
Samples,326,BV,5.7012379827111526e-08
Samples,327,BV,6.155841779808167e-08
Samples,328,BV,1.7956368895766174e-07
Samples,329,BV,3.35924757345345e-08
Samples,330,BV,5.3825751138814153e-08
Samples,331,BV,3.172768733361175e-08
Samples,332,BV,1.3215947269531583e-08
Samples,333,BV,1.1504247396473882e-06
Samples,334,BV,1.1418298354928317e-06
Samples,335,BV,9.985987020297393e-07
Samples,336,BV,1.470267515498373e-06
Samples,337,BV,6.497927175102096e-11
Samples,338,BV,1.956757782531462e-09
Samples,339,BV,-2.375517997902914e-10
Samples,340,BV,-1.3302545852570026e-09
Samples,341,BV,-1.4683007992094034e-10
Samples,342,BV,-1.6756707855240476e-10
Samples,343,BV,8.020991923161468e-10
Samples,344,BV,1.7978416822310317e-10
Samples,345,BV,7.480070333387922e-08
Samples,346,BV,2.4875440193014263e-07
Samples,347,BV,1.0257336310947712e-09
Samples,348,BV,1.8152464712228406e-08
Samples,349,BV,7.959838358555218e-10
Samples,350,BV,2.531637322208811e-09
Samples,351,BV,1.1919420228237434e-09
Samples,352,BV,2.4769392064994702e-08
Samples,353,BV,9.025889720296953e-09
Samples,354,BV,6.82591644071594e-10
Samples,355,BV,-7.545764096090685e-10
Samples,356,BV,2.7253481561811897e-08
Samples,357,BV,5.0840414631045756e-08
Samples,358,BV,2.7162077303786875e-09
Samples,359,BV,1.280582999721639e-08
Samples,361,BV,6.606282055112608e-10
Samples,362,BV,9.818395217565682e-10
Samples,363,BV,6.345106474217237e-10
Samples,364,BV,2.688368452819202e-10
Samples,365,BV,1.9007565785073963e-07
Samples,367,BV,5.605947716800864e-09
Samples,368,BV,-2.9152753510894e-09
Samples,370,BV,1.2785357813882122e-08
Samples,374,BV,-1.0473006673738565e-08
Samples,375,BV,6.530322858359459e-07
Samples,376,BV,5.319534605541134e-07
Samples,377,BV,2.2711244544717606e-07
Samples,378,BV,2.3250818259542155e-07
Samples,379,BV,2.3503792827740696e-07
Samples,380,BV,1.612904464878363e-07
Samples,381,BV,6.326874444541456e-07
Samples,382,BV,5.36433402769907e-07
Samples,383,BV,-8.163040027623755e-10
Samples,384,BV,4.0516751113852847e-07
Samples,385,BV,-2.9439146003236013e-10
Samples,386,BV,1.3880944301345367e-08
Samples,387,BV,1.5900175985309477e-08
Samples,388,BV,9.557042284046845e-09
Samples,389,BV,1.2350492888806752e-08
Samples,390,BV,1.0492415075573529e-08
Samples,391,BV,7.766973922052065e-09
Samples,392,BV,1.2423752275648726e-08
Samples,393,BV,9.670585672681005e-09
Samples,394,BV,2.074302661032059e-08
Samples,395,BV,1.2102166344220182e-08
Samples,396,BV,3.371454462665821e-08
Samples,397,BV,1.3466838259295561e-08
Samples,398,BV,1.8316896828322864e-08
Samples,399,BV,2.9320982475090743e-09
Samples,400,BV,6.951790427245034e-07
Samples,401,BV,6.745049742951215e-07
Samples,402,BV,6.728682860912839e-07
Samples,403,BV,1.2842114589162468e-08
Samples,404,BV,1.0282124254720748e-08
Samples,405,BV,9.916670705893463e-09
Samples,406,BV,1.1281837424535981e-08
Samples,407,BV,1.259803396305659e-08
Samples,408,BV,1.3141810771607052e-09
Samples,409,BV,3.063537590815087e-09
Samples,410,BV,6.600568840852828e-07
Samples,411,BV,1.4576810678958129e-09
Samples,412,BV,1.261430214086984e-08
Samples,413,BV,1.7299903341677387e-07
Samples,414,BV,7.3846353641232446e-09
Samples,415,BV,1.428571825986302e-07
Samples,416,BV,8.586611550595257e-07
Samples,417,BV,-6.092419754154941e-08
Samples,418,BV,4.6484377394247285e-09
Samples,419,BV,2.315341246581327e-08
Samples,420,BV,-1.221782512910596e-11
Samples,421,BV,1.6785483792315699e-09
Samples,422,BV,4.2357942656730886e-10
Samples,423,BV,7.052880994309809e-10
Samples,424,BV,-2.7171815993077574e-11
Samples,425,BV,1.7922024213899928e-10
Samples,426,BV,3.5644533834121994e-08
Samples,427,BV,2.14185809559099e-09
Samples,428,BV,8.684764359724956e-07
Samples,429,BV,1.2516850244850153e-07
Samples,430,BV,1.1683410106303947e-07
Samples,431,BV,7.95350609464888e-08
Samples,432,BV,3.974659878354279e-08
Samples,433,BV,7.949061999968517e-08
Samples,434,BV,6.432105513093595e-08
Samples,435,BV,8.073204206114175e-08
Samples,436,BV,1.2561592595809387e-07
Samples,437,BV,5.441792719336476e-08
Samples,438,BV,3.430620967335479e-08
Samples,439,BV,6.805115057088432e-08
Samples,440,BV,4.6576500582732774e-08
Samples,441,BV,5.566481014881416e-08
Samples,442,BV,5.173630660947683e-08
Samples,443,BV,1.3564178113435922e-07
Samples,444,BV,3.278383306734264e-08
Samples,445,BV,9.935093036919527e-08
Samples,446,BV,2.6232663843390684e-07
Samples,447,BV,1.318400067363974e-07
Samples,448,BV,3.095678388400886e-08
Samples,449,BV,1.331204949560943e-07
Samples,450,BV,6.353075201967457e-08
Samples,451,BV,5.8587105120232605e-08
Samples,452,BV,5.0004016694615815e-08
Samples,453,BV,1.8211220531845953e-08
Samples,454,BV,1.8847591830540516e-07
Samples,455,BV,4.945036773859144e-09
Samples,456,BV,9.226597251916181e-08
Samples,457,BV,8.938307508288767e-08
Samples,458,BV,9.607756869296144e-08
Samples,459,BV,1.4321452393550948e-07
Samples,460,BV,1.711866755611385e-07
Samples,461,BV,1.2997320818258034e-07
Samples,462,BV,1.984971684413884e-07
Samples,463,BV,1.4674277369218874e-07
Samples,464,BV,2.2669597499897223e-07
Samples,465,BV,2.4933208025487856e-07
Samples,466,BV,2.372634924953133e-07
Samples,467,BV,2.1982217969922939e-07
Samples,468,BV,1.1558506473453991e-07
Samples,469,BV,1.910343858623946e-07
Samples,470,BV,1.996182855175918e-07
Samples,471,BV,1.803564635326509e-07
Samples,472,BV,1.7426309327707747e-07
Samples,473,BV,1.7501797498843898e-07
Samples,474,BV,1.823078216672732e-07
Samples,475,BV,1.2392306400137864e-07
Samples,476,BV,6.502481178902406e-09
Samples,477,BV,4.585815856822514e-08
Samples,478,BV,9.285202582300515e-08
Samples,479,BV,4.2649517945189543e-08
Samples,480,BV,4.127010372625979e-08
Samples,481,BV,7.916691228769642e-08
Samples,482,BV,1.0495726922684926e-08
Samples,483,BV,1.3710740728615632e-07
Samples,484,BV,1.3659999335175208e-08
Samples,485,BV,4.096481996642984e-08
Samples,486,BV,1.0070332932231924e-07
Samples,487,BV,1.3323576462140307e-08
Samples,488,BV,8.15354187335902e-08
Samples,489,BV,9.307504639322872e-08
Samples,490,BV,1.3150377609221848e-07
Samples,491,BV,6.434748459774272e-08
Samples,492,BV,1.1369085363679708e-07
Samples,493,BV,8.936074604682151e-08
Samples,494,BV,8.751690276924739e-08
Samples,495,BV,8.304777154343206e-08
Samples,496,BV,1.066649559255531e-07
Samples,497,BV,1.2566575490764317e-07
Samples,498,BV,9.81236794975096e-08
Samples,499,BV,7.520940676443224e-08
Samples,500,BV,1.0587933711902162e-07
Samples,501,BV,9.332080759491402e-08
Samples,502,BV,1.9577831391933702e-07
Samples,503,BV,1.6567917349691193e-07
Samples,504,BV,1.20073527591236e-07
Samples,505,BV,1.66247488466176e-07
Samples,506,BV,1.4197793232395473e-07
Samples,507,BV,2.4779480298644713e-07
Samples,508,BV,5.926581818219313e-07
Samples,509,BV,6.94718347982922e-08
Samples,510,BV,7.158174901084191e-07
Samples,511,BV,5.447189975547074e-07
Samples,512,BV,3.708170633055397e-09
Samples,513,BV,7.044418720459152e-09
Samples,514,BV,2.484285446407056e-09
Samples,515,BV,4.498387830197517e-07
Samples,516,BV,5.401246089966547e-07
Samples,517,BV,4.3240500939199514e-07
Samples,518,BV,5.700938166213503e-07
Samples,519,BV,4.73408275354853e-07
Samples,520,BV,3.8825157497259287e-07
Samples,521,BV,6.52864905191246e-07
Samples,522,BV,6.768085653146025e-07
Samples,523,BV,4.162496682263536e-07
Samples,524,BV,7.144812860684747e-07
Samples,525,BV,2.2325696588196253e-07
Samples,526,BV,1.7509703752498895e-07
Samples,527,BV,1.7167173107509189e-07
Samples,528,BV,3.3277736495255934e-07
Samples,529,BV,1.7109825925816292e-08
Samples,530,BV,3.227235963631582e-08
Samples,531,BV,4.076680219102142e-08
Samples,532,BV,9.131603467550526e-09
Samples,533,BV,2.548244059989751e-08
Samples,534,BV,3.4326524009522717e-07
Samples,535,BV,5.027183695359834e-07
Samples,536,BV,2.1229356831348688e-08
Samples,537,BV,3.12795724798377e-08
Samples,538,BV,8.293933048001109e-08
Samples,539,BV,1.258457203048258e-07
Samples,540,BV,5.753814705155059e-08
Samples,541,BV,9.835268666259324e-08
Samples,542,BV,1.3495905327282798e-07
Samples,543,BV,1.1675706318332986e-07
Samples,544,BV,6.292978124972108e-07
Samples,545,BV,6.567553045824789e-07
Samples,546,BV,6.474251921517848e-07
Samples,547,BV,3.7591848331509964e-07
Samples,548,BV,6.076181959224575e-07
Samples,549,BV,3.683076204378369e-07
Samples,550,BV,9.615403528150234e-07
Samples,551,BV,1.3498008784551798e-09
Samples,552,BV,3.2343533706428256e-07
Samples,553,BV,6.329218937650591e-07
Samples,554,BV,6.066325079532581e-07
Samples,555,BV,3.4605252501626145e-07
Samples,556,BV,4.8020603973019726e-09
Samples,557,BV,6.333428741653859e-07
Samples,558,BV,6.910455278849135e-07
Samples,559,BV,3.093359024270042e-10
Samples,560,BV,-5.3514262573274314e-11
Samples,561,BV,1.7438626111894075e-10
Samples,562,BV,6.801594359309587e-07
Samples,563,BV,-1.8193527937288813e-09
Samples,564,BV,-1.621301064396686e-09
Samples,565,BV,-6.750297087815943e-10
Samples,566,BV,8.857946933369384e-09
Samples,567,BV,2.2669260562822917e-07
Samples,568,BV,9.365574856094801e-09
Samples,569,BV,4.950885254914359e-09
Samples,570,BV,6.90851565812382e-07
Samples,571,BV,8.609095197668408e-09
Samples,572,BV,3.056222193942257e-08
Samples,573,BV,9.23929341521175e-09
Samples,574,BV,6.034047740280266e-07
Samples,575,BV,8.711315959321769e-07
Samples,576,BV,6.973309718227326e-07
Samples,577,BV,3.33580614977803e-07
Samples,578,BV,6.749044828175813e-07
Samples,579,BV,6.387596789046575e-07
Samples,580,BV,7.125586246158429e-07
Samples,581,BV,3.2922454106919453e-07
Samples,582,BV,1.1470061891454259e-08
Samples,583,BV,3.324205048260458e-07
Samples,584,BV,6.394811108429851e-07
Samples,585,BV,-9.70907998563995e-10
Samples,586,BV,6.615396195407323e-07
Samples,587,BV,6.356253089630537e-07
Samples,588,BV,-8.832517777500567e-10
Samples,589,BV,4.344698068760704e-07
Samples,590,BV,5.298831251589374e-07
Samples,591,BV,5.485471782184212e-07
Samples,592,BV,6.535384036520767e-07
Samples,593,BV,3.2179545622167023e-07
Samples,594,BV,7.428698261279012e-07
Samples,595,BV,6.341993052493732e-07
Samples,596,BV,-2.9945711556444514e-10
Samples,597,BV,1.3941235512510111e-06
Samples,598,BV,6.747803598728371e-07
Samples,599,BV,1.3961678184763159e-06
Samples,600,BV,1.1767153623422214e-06
Samples,601,BV,1.1725230340711715e-07
Samples,602,BV,1.2671799289905759e-07
Samples,603,BV,5.6261251603742765e-08
Samples,604,BV,8.840525044754984e-08
Samples,605,BV,1.8010782812022574e-07
Samples,606,BV,1.3102768279251742e-07
Samples,607,BV,1.7628723720087604e-07
Samples,608,BV,1.3119918252861628e-07
Samples,609,BV,1.3796568773708522e-07
Samples,610,BV,2.19947063078527e-07
Samples,611,BV,2.030859864131117e-07
Samples,612,BV,1.9475781974362262e-07
Samples,613,BV,1.344346071832104e-07
Samples,614,BV,1.7837153449745695e-07
Samples,615,BV,1.2628307187600392e-07
Samples,616,BV,1.7995532402465693e-07
Samples,617,BV,1.5041138074092122e-07
Samples,618,BV,1.1543067139086192e-07
Samples,619,BV,1.6861219941273852e-07
Samples,620,BV,-5.809181514544207e-10
Samples,621,BV,8.3896494884668e-09
Samples,622,BV,1.846992268333008e-08
Samples,623,BV,5.432138217324365e-08
Samples,624,BV,1.8049473682093017e-07
Samples,625,BV,1.927737519425548e-07
Samples,626,BV,1.2811717198632446e-07
Samples,627,BV,1.6520055430761425e-07
Samples,628,BV,1.7966582763939314e-07
Samples,629,BV,1.461734887922153e-07
Samples,630,BV,1.8865492874089085e-07
Samples,631,BV,2.4980144211576385e-07
Samples,632,BV,2.0589444510211184e-07
Samples,633,BV,1.758696124487542e-07
Samples,634,BV,2.2353288338282315e-07
Samples,635,BV,1.0886429838815028e-07
Samples,636,BV,1.9752647628307433e-07
Samples,637,BV,2.0222504828811224e-07
Samples,638,BV,7.766827700800738e-05
Samples,639,BV,2.450417183609597e-05
Samples,640,BV,2.742743165955394e-05
Samples,641,BV,1.3981913275849914e-05
Samples,642,BV,2.0121732841090772e-05
Samples,643,BV,1.0655578033075022e-05
Samples,645,BV,1.0028163901608158e-05
Samples,646,BV,9.415851643229849e-06
Samples,647,BV,-4.0708350282501617e-08
Samples,648,BV,3.733465885495744e-08
Samples,649,BV,1.038674364382129e-06
Samples,650,BV,9.443544021253989e-06
Samples,651,BV,1.1152950658095047e-06
Samples,652,BV,1.4607068967350635e-05
Samples,653,BV,-5.631581520662332e-09
Samples,654,BV,2.4367812376086395e-06
Samples,655,BV,8.63374069105963e-07
Samples,656,BV,1.7394889613684737e-07
Samples,657,BV,1.93122170671835e-07
Samples,658,BV,5.053016386876031e-07
Samples,659,BV,4.802661259584849e-08
Samples,660,BV,1.1665885715089014e-07
Samples,661,BV,3.0927381174958246e-07
Samples,662,BV,9.802660884482763e-08
Samples,663,BV,1.5076550496876533e-09
Samples,664,BV,1.1003278202443574e-07
Samples,665,BV,2.1211133420757274e-07
Samples,666,BV,1.072524936723226e-07
Samples,667,BV,3.6648163009493314e-08
Samples,668,BV,5.637949330434267e-08
Samples,669,BV,4.1565185375856585e-09
Samples,670,BV,5.790050548793126e-07
Samples,671,BV,1.313136141650031e-11
Samples,672,BV,-2.5025301639129052e-08
Samples,673,BV,6.720530937815863e-07
Samples,674,BV,6.877355094496838e-07
Samples,675,BV,6.375237575704001e-07
Samples,676,BV,-2.345613737044171e-09
Samples,677,BV,1.189416663818799e-08
Samples,678,BV,-1.0595943020976231e-09
Samples,679,BV,6.018944660279352e-07
Samples,680,BV,5.76057606972227e-07
Samples,681,BV,5.980158511310497e-07
Samples,682,BV,1.3112555868008566e-07
Samples,683,BV,1.5193558475233016e-07
Samples,684,BV,3.104104761544488e-07
Samples,685,BV,1.5621815453964724e-07
Samples,686,BV,3.3336819255250824e-07
Samples,687,BV,3.144926015765683e-07
Samples,688,BV,1.9478154675038257e-07
Samples,689,BV,1.3666353864877414e-07
Samples,690,BV,3.0353144448920617e-07
Samples,691,BV,2.5115804585405187e-07
Samples,692,BV,3.1114238159323215e-07
Samples,693,BV,5.78088277733207e-07
Samples,694,BV,1.4079764491138127e-07
Samples,695,BV,5.598909848198692e-08
Samples,696,BV,6.100668017547746e-08
Samples,697,BV,5.924974023210486e-07
Samples,698,BV,7.944263733542005e-07
Samples,699,BV,1.875094458905244e-08
Samples,700,BV,7.821759606692999e-07
Samples,701,BV,7.821665189167963e-07
Samples,702,BV,6.302798292357132e-07
Samples,703,BV,6.796969208385068e-08
Samples,704,BV,4.993210575604557e-07
Samples,705,BV,3.497870316098054e-08
Samples,706,BV,6.774391438080907e-07
Samples,707,BV,3.6654463215024056e-08
Samples,708,BV,2.3708751774257457e-07
Samples,709,BV,7.442064311196916e-07
Samples,710,BV,2.520182288397835e-07
Samples,711,BV,2.8877546519529084e-07
Samples,712,BV,3.658692444230507e-08
Samples,713,BV,2.683431141541042e-07
Samples,714,BV,9.277875873280945e-07
Samples,715,BV,4.776331973362245e-07
Samples,716,BV,3.623836644298897e-07
Samples,717,BV,8.753014736391099e-07
Samples,718,BV,9.568815678923596e-08
Samples,719,BV,-2.147320360061549e-09
Samples,720,BV,5.021003867978793e-08
Samples,721,BV,-7.518884055076489e-10
Samples,722,BV,5.099751325397097e-07
Samples,723,BV,-1.0554856908445815e-09
Samples,724,BV,-1.9293281961329867e-10
Samples,725,BV,7.421272243930116e-08
Samples,726,BV,-9.874409267353792e-10
Samples,727,BV,-1.1474719856997398e-09
Samples,728,BV,1.2684836914066087e-07
Samples,729,BV,6.150998870308087e-08
Samples,730,BV,1.0577909194083706e-07
Samples,731,BV,1.1333435857255665e-07
Samples,732,BV,2.837993686039127e-07
Samples,733,BV,1.569010218548439e-07
Samples,734,BV,1.2796913397281843e-07
Samples,735,BV,1.375813407861009e-07
Samples,736,BV,3.3066964401791127e-07
Samples,737,BV,1.298444421121993e-08
Samples,738,BV,1.1901780323850162e-07
Samples,739,BV,1.5540664140779245e-07
Samples,740,BV,3.0519692051387006e-07
Samples,741,BV,4.323952663523881e-08
Samples,742,BV,3.235278545640264e-07
Samples,743,BV,5.788642264028158e-08
Samples,744,BV,7.182438324355807e-07
Samples,745,BV,4.499957095699591e-07
Samples,746,BV,1.447497617347697e-07
Samples,747,BV,8.976438305534673e-08
Samples,748,BV,3.5683403955876115e-07
Samples,749,BV,7.298563325532602e-08
Samples,750,BV,1.584212812454276e-07
Samples,751,BV,8.427555564940828e-07
Samples,752,BV,2.2361688077356332e-07
Samples,753,BV,5.436986457888292e-07
Samples,754,BV,9.764854920692841e-08
Samples,755,BV,1.072881322543616e-08
Samples,756,BV,8.224506514336627e-09
Samples,757,BV,1.801999495474481e-08
Samples,758,BV,3.40583179127271e-08
Samples,759,BV,1.714338535815998e-08
Samples,760,BV,8.235065936495696e-08
Samples,761,BV,9.55600821624498e-08
Samples,762,BV,3.9379143232837374e-08
Samples,763,BV,3.613556323081184e-07
Samples,764,BV,4.859677020087095e-08
Samples,765,BV,3.81191971065918e-08
Samples,766,BV,-1.3128969905323051e-09
Samples,767,BV,-4.9101142457652636e-09
Samples,768,BV,7.89411011790986e-10
Samples,769,BV,-5.836124301627583e-09
Samples,770,BV,4.366709427397036e-09
Samples,771,BV,-1.889244238447293e-09
Samples,772,BV,3.429181298197058e-09
Samples,773,BV,6.761206671774265e-07
Samples,774,BV,1.726260876408152e-08
Samples,775,BV,3.0893982373777666e-07
Samples,776,BV,1.0555548396220212e-07
Samples,777,BV,8.469118387702052e-08
Samples,778,BV,3.2454622111994522e-09
Samples,779,BV,2.427417871703888e-08
Samples,780,BV,2.1343877408967895e-08
Samples,781,BV,1.7465022202521152e-07
Samples,782,BV,2.4745182493392294e-08
Samples,783,BV,1.2366256904649063e-08
Samples,784,BV,1.2709478042594144e-08
Samples,785,BV,2.2041174237097168e-07
Samples,786,BV,6.191240669699377e-07
Samples,787,BV,9.352737983380565e-09
Samples,788,BV,6.316372108726836e-09
Samples,789,BV,8.727312567627295e-08
Samples,790,BV,2.300861637569677e-08
Samples,791,BV,1.9698523486817535e-08
Samples,792,BV,9.505886603499633e-08
Samples,793,BV,7.447918252350818e-08
Samples,794,BV,1.0530304537836177e-07
Samples,795,BV,1.1732281541047639e-07
Samples,796,BV,1.9456726284789125e-08
Samples,797,BV,6.461007601826593e-07
Samples,798,BV,3.041541910467288e-08
Samples,799,BV,6.463889702893583e-07
Samples,800,BV,2.0284375765012506e-08
Samples,801,BV,4.285003700804037e-09
Samples,802,BV,1.610690456199019e-08
Samples,803,BV,6.8866991710236695e-09
Samples,804,BV,1.03665360405799e-08
Samples,805,BV,8.612231760229838e-07
Samples,806,BV,5.219780017497807e-09
Samples,807,BV,2.7016903212051405e-08
Samples,808,BV,2.3185943582655026e-07
Samples,809,BV,9.207950292335061e-09
Samples,810,BV,1.1805479147082896e-08
Samples,811,BV,9.318773984318725e-09
Samples,812,BV,2.4289291539323335e-11
Samples,813,BV,3.7613463451906364e-07
Samples,814,BV,1.822814742507577e-08
Samples,815,BV,8.100795107445292e-09
Samples,816,BV,3.6411912307775297e-09
Samples,817,BV,6.080662990008585e-09
Samples,818,BV,8.028310611128002e-09
Samples,819,BV,2.623752864298043e-08
Samples,820,BV,8.663775616095488e-10
Samples,821,BV,1.8357008557640845e-07
Samples,822,BV,6.307038529795922e-07
Samples,823,BV,6.375930847209347e-07
Samples,824,BV,1.1911475424045749e-07
Samples,825,BV,1.3765787270094953e-07
Samples,826,BV,1.8551780812783923e-08
Samples,827,BV,1.0082924433241146e-07
Samples,828,BV,1.00352356943844e-07
Samples,829,BV,1.0032581197786997e-07
Samples,830,BV,1.4381762488187277e-07
Samples,831,BV,1.4623761505152824e-07
Samples,832,BV,2.2081447597312048e-07
Samples,833,BV,1.2158160883156887e-07
Samples,834,BV,5.989079978805111e-07
Samples,835,BV,5.394091309218919e-09
Samples,836,BV,5.480094518894735e-07
Samples,837,BV,2.7204163786878523e-07
Samples,838,BV,5.248146348852947e-07
Samples,839,BV,-7.413147652952243e-09
Samples,840,BV,-1.509617557395267e-08
Samples,841,BV,9.976440529071674e-09
Samples,842,BV,-8.232549698460212e-09
Samples,843,BV,4.4629898546548245e-07
Samples,844,BV,-2.6761618806037548e-08
Samples,845,BV,2.8808759097824214e-07
Samples,846,BV,1.0171943152851974e-08
Samples,847,BV,2.4448928777515177e-07
Samples,848,BV,2.362005957467604e-07
Samples,849,BV,5.873661866008526e-09
Samples,850,BV,6.20709664244091e-07
Samples,851,BV,1.2722369974205782e-07
Samples,852,BV,1.2792069586176113e-07
Samples,853,BV,2.0652762743942854e-06
Samples,854,BV,1.4022952021784087e-07
Samples,855,BV,6.096075655654644e-08
Samples,856,BV,1.2423315016114128e-07
Samples,857,BV,1.573988274061079e-07
Samples,858,BV,1.0129318204408353e-07
Samples,859,BV,8.124138502763405e-08
Samples,860,BV,3.182119584618193e-08
Samples,861,BV,4.5467272590870014e-08
Samples,862,BV,1.0374183850506523e-07
Samples,863,BV,1.3033977755212887e-07
Samples,864,BV,3.701498566348981e-08
Samples,865,BV,6.95870443712454e-08
Samples,866,BV,5.139629266090674e-08
Samples,867,BV,1.882113156700921e-08
Samples,868,BV,1.0824048664650498e-08
Samples,869,BV,3.6956110957772426e-08
Samples,870,BV,1.5944998602451257e-07
Samples,871,BV,3.7939332946612695e-08
Samples,872,BV,3.429728607267642e-08
Samples,873,BV,1.3490935260662661e-07
Samples,874,BV,5.3867108156772666e-08
Samples,875,BV,7.125498133579904e-09
Samples,876,BV,5.178022507166961e-08
Samples,877,BV,1.6612707296120247e-07
Samples,878,BV,8.095681992469596e-08
Samples,879,BV,1.0814444921431418e-07
Samples,880,BV,2.9778144145858796e-08
Samples,881,BV,5.19328956378611e-08
Samples,882,BV,1.0470338247042668e-07
Samples,883,BV,1.1587694171824701e-07
Samples,884,BV,1.1894519890622104e-07
Samples,885,BV,7.90460291802635e-08
Samples,886,BV,5.810751042657783e-08
Samples,887,BV,2.2193224562307825e-07
Samples,888,BV,2.1679527860302836e-07
Samples,889,BV,1.7646446038330045e-08
Samples,890,BV,8.843026188541085e-09
Samples,891,BV,-1.6360738533209408e-09
Samples,892,BV,8.666611006638732e-09
Samples,893,BV,9.518246694304961e-09
Samples,894,BV,6.800918190283103e-07
Samples,895,BV,6.944411505472525e-07
Samples,896,BV,6.29334279228322e-07
Samples,897,BV,1.2917837132983101e-06
Samples,898,BV,6.294012319043586e-07
Samples,899,BV,1.8274084136720018e-06
Samples,900,BV,2.1632428818823876e-06
Samples,901,BV,-1.5977381799423598e-08
Samples,902,BV,6.356082823045072e-07
Samples,903,BV,6.322165354257846e-07
Samples,904,BV,-2.4095282445313922e-09
Samples,905,BV,-2.921520867260871e-09
Samples,906,BV,1.7510355441849156e-06
Samples,907,BV,2.006357191741594e-06
Samples,908,BV,2.1220010518499835e-06
Samples,909,BV,1.2772754847843079e-06
Samples,910,BV,6.163533968112098e-07
Samples,911,BV,3.3631706138373463e-07
Samples,912,BV,1.3108198811047336e-07
Samples,913,BV,2.372379365977086e-08
Samples,914,BV,3.6420770303619195e-07
Samples,915,BV,-2.8513323321822475e-08
Samples,916,BV,3.2544512024666364e-07
Samples,917,BV,7.591155871189946e-07
Samples,918,BV,6.251404800230932e-07
Samples,919,BV,6.23727059703221e-07
Samples,920,BV,6.112893158924448e-07
Samples,921,BV,3.500050583907305e-08
Samples,922,BV,8.862054770952878e-08
Samples,923,BV,6.334584970421489e-08
Samples,924,BV,7.341234183967709e-07
Samples,925,BV,1.2056995656624237e-07
Samples,926,BV,8.25423883875368e-07
Samples,927,BV,3.4235190640400346e-06
Samples,928,BV,1.1503528759034946e-05
Samples,929,BV,5.145685963283427e-07
Samples,930,BV,5.1677873094125e-07
Samples,931,BV,4.3986749797081946e-07
Samples,932,BV,3.017737039300256e-07
Samples,933,BV,-1.0333176084541866e-08
Samples,934,BV,5.231783442523108e-07
Samples,935,BV,2.693808423207522e-07
Samples,936,BV,5.058123763511881e-07
Samples,937,BV,2.8077073926205407e-07
Samples,938,BV,3.5088976278281866e-07
Samples,939,BV,5.9620439859802454e-06
Samples,940,BV,2.1586069442936246e-06
Samples,941,BV,-8.390901458717628e-10
Samples,942,BV,7.282243204978122e-07
Samples,943,BV,3.355093352169588e-07
Samples,944,BV,1.7347093456554265e-07
Samples,945,BV,6.123665211285357e-07
Samples,946,BV,5.892286733438587e-07
Samples,947,BV,5.774758484702388e-07
Samples,948,BV,5.976668132561976e-07
Samples,949,BV,6.09873799228664e-07
Samples,950,BV,6.53304853762653e-07
Samples,951,BV,-1.0567014961273825e-08
Samples,952,BV,2.946121229574133e-07
Samples,953,BV,5.483023300944229e-07
Samples,954,BV,7.866012782176544e-06
Samples,955,BV,4.07896099573007e-06
Samples,956,BV,2.8889832166262375e-08
Samples,959,BV,1.2081585577963454e-08
Samples,960,BV,1.1868417120371994e-07
Samples,961,BV,6.849195786976267e-08
Samples,962,BV,3.1548741460602054e-07
Samples,963,BV,1.470338642381474e-07
Samples,964,BV,1.238056066202739e-06
Samples,965,BV,1.2631529770208817e-06
Samples,966,BV,8.140331125005172e-08
Samples,967,BV,2.753588776079549e-07
Samples,969,BV,2.4411266734812167e-07
Samples,970,BV,2.2700022734127874e-08
Samples,971,BV,3.4085995687151124e-07
Samples,973,BV,3.051129757952239e-08
Samples,974,BV,2.0475008558952444e-07
Samples,975,BV,2.987670862059011e-06
Samples,976,BV,2.2564781145910894e-07
Samples,977,BV,8.447366338989823e-08
Samples,978,BV,-4.0708350282501756e-08
Samples,979,BV,7.967931810996045e-08
Samples,982,BV,7.277145839639913e-07
Samples,983,BV,4.7173430605491786e-07
Samples,985,BV,2.5730259126372205e-07
Samples,987,BV,1.2920211904232654e-05
Samples,988,BV,8.764155153943048e-07
Samples,989,BV,1.292886346158599e-05
Samples,990,BV,9.496864419589348e-07
Samples,991,BV,1.9547859423898927e-05
Samples,992,BV,1.6308062589222955e-05
Samples,993,BV,2.0150296807654512e-05
Samples,994,BV,6.1940713953817145e-09
Samples,995,BV,1.1898497919785134e-07
Samples,996,BV,1.6255559814818934e-05
Samples,997,BV,2.960048221539702e-05
Samples,998,BV,1.9437331896600971e-07
Samples,999,BV,2.9219663287853108e-05
Samples,1000,BV,6.91319752636346e-07
Samples,1001,BV,6.132606645160115e-07
Samples,1002,BV,2.7301636765595217e-06
Samples,1003,BV,3.0125400243362224e-06
Samples,1004,BV,3.1306736491541837e-06
Samples,1005,BV,3.303681868454249e-06
Samples,1006,BV,2.6840070925982182e-06
Samples,1007,BV,3.0212561203306607e-06
Samples,1008,BV,3.453683254445364e-06
Samples,1009,BV,3.17091886888478e-06
Samples,1010,BV,7.862564900686891e-10
Samples,1011,BV,-4.664516029943332e-08
Samples,1012,BV,3.025100152345956e-09
Samples,1013,BV,2.2574262997912215e-06
Samples,1014,BV,2.328574142827927e-07
Samples,1015,BV,1.8433584472987623e-08
Samples,1016,BV,-1.301534644831252e-09
Samples,1017,BV,-3.633411462243962e-09
Samples,1018,BV,-4.3149115211033064e-09
Samples,1019,BV,1.1759142918561637e-09
Samples,1020,BV,7.410097725503079e-09
Samples,1021,BV,1.0230732293566642e-08
Samples,1022,BV,1.853874235919537e-08
Samples,1023,BV,1.3643838397781898e-08
Samples,1024,BV,1.3511650358962963e-08
Samples,1025,BV,-6.747134002903821e-09
Samples,4,BW,2.6117713829809773e-09
Samples,5,BW,1.7801614818964938e-08
Samples,6,BW,2.586074975316734e-09
Samples,7,BW,8.994918659644919e-10
Samples,8,BW,1.6288573255077954e-10
Samples,9,BW,1.4082401344937274e-09
Samples,10,BW,5.567373827942307e-10
Samples,11,BW,1.1255684888836118e-09
Samples,12,BW,1.5747668541842654e-05
Samples,17,BW,-4.3963877390134286e-10
Samples,19,BW,3.4086899285180016e-08
Samples,20,BW,4.821540417301037e-08
Samples,21,BW,2.8507207515234093e-08
Samples,26,BW,2.8227983110503965e-09
Samples,28,BW,2.275015372263467e-09
Samples,29,BW,7.3664411577008195e-09
Samples,30,BW,2.0304695460869757e-08
Samples,32,BW,3.568692212162444e-08
Samples,34,BW,6.4846360758075905e-09
Samples,35,BW,0.0011317172546386164
Samples,37,BW,1.3049105060947047e-08
Samples,39,BW,3.713542092300867e-09
Samples,41,BW,2.251934084524415e-08
Samples,42,BW,2.2572453384671494e-08
Samples,44,BW,2.1006960482885074e-08
Samples,55,BW,4.1629488995044775e-09
Samples,56,BW,3.525410032023272e-09
Samples,58,BW,8.03916474851096e-09
Samples,59,BW,5.685567303329047e-09
Samples,60,BW,5.066344974217189e-10
Samples,61,BW,2.364851653347909e-10
Samples,62,BW,5.126829765517454e-10
Samples,63,BW,2.8316036100250964e-10
Samples,64,BW,1.9375051552765916e-10
Samples,65,BW,1.0191915888885577e-09
Samples,66,BW,2.2195527827963402e-10
Samples,67,BW,4.366328112649562e-10
Samples,68,BW,2.9664016355644077e-10
Samples,69,BW,1.1202683382373042e-10
Samples,70,BW,1.282112718738765e-10
Samples,71,BW,9.398640676466123e-09
Samples,72,BW,2.112550199976972e-09
Samples,73,BW,3.139956195638872e-08
Samples,74,BW,2.8813779533719614e-08
Samples,75,BW,5.338508255454653e-08
Samples,76,BW,4.258442815659251e-11
Samples,77,BW,1.555952581712054e-07
Samples,78,BW,6.51351284783804e-10
Samples,79,BW,1.1263941744416948e-09
Samples,80,BW,2.414038668852469e-10
Samples,81,BW,3.595273408904708e-07
Samples,82,BW,3.9211413015469934e-08
Samples,83,BW,8.848728541348095e-09
Samples,84,BW,6.098957080240694e-08
Samples,85,BW,4.6231021828871895e-08
Samples,86,BW,3.9348588084679106e-07
Samples,87,BW,3.3572319723052425e-07
Samples,88,BW,2.1910894392128077e-07
Samples,89,BW,2.5545069256869924e-07
Samples,91,BW,-1.4179865135166578e-07
Samples,93,BW,-1.5350884608240016e-07
Samples,94,BW,-1.3983701059644933e-07
Samples,95,BW,-1.9816259683215538e-08
Samples,96,BW,-2.4653807910645987e-08
Samples,98,BW,-5.707153491489156e-08
Samples,100,BW,-1.5197066831286643e-07
Samples,101,BW,-1.4095174786844384e-07
Samples,102,BW,1.4275473477145287e-08
Samples,103,BW,2.2715048841414116e-07
Samples,106,BW,-1.2534632558626015e-07
Samples,107,BW,-1.458890197681087e-07
Samples,109,BW,3.9089453189683144e-08
Samples,113,BW,-4.0373403902754923e-08
Samples,115,BW,-6.249173969565554e-09
Samples,118,BW,6.649750671338614e-10
Samples,119,BW,2.747610233066562e-11
Samples,120,BW,2.9030074259333525e-10
Samples,121,BW,5.155412577626578e-08
Samples,122,BW,1.5316122752779904e-10
Samples,123,BW,1.9726896823130755e-08
Samples,124,BW,7.261726528814525e-10
Samples,125,BW,1.102104790418838e-09
Samples,126,BW,-2.583760800896856e-09
Samples,127,BW,5.09321093811711e-08
Samples,128,BW,5.1488188211128783e-08
Samples,129,BW,5.2206864806133004e-08
Samples,130,BW,5.1136637158438787e-08
Samples,131,BW,-2.56883737243734e-12
Samples,132,BW,-6.0553364114639776e-12
Samples,133,BW,3.349771929812539e-11
Samples,134,BW,2.9985477314025535e-12
Samples,136,BW,-1.5774925228968724e-10
Samples,137,BW,-2.0314694926813707e-10
Samples,138,BW,-1.7530377216587268e-10
Samples,139,BW,1.1452508845574782e-08
Samples,140,BW,1.1388618371949044e-08
Samples,141,BW,9.822129295442534e-09
Samples,142,BW,1.6465862864187762e-08
Samples,143,BW,1.0512240999233644e-08
Samples,144,BW,1.1136964251165703e-08
Samples,145,BW,5.645611512196673e-09
Samples,146,BW,1.722448724815526e-08
Samples,147,BW,8.2963704436101e-09
Samples,148,BW,1.4695615844954912e-08
Samples,149,BW,8.08310269286617e-09
Samples,150,BW,6.780383023916706e-09
Samples,151,BW,5.75863644581561e-09
Samples,152,BW,1.8371597961701255e-08
Samples,153,BW,7.1020201786343015e-09
Samples,154,BW,1.0548191163826893e-08
Samples,155,BW,6.633131994210948e-09
Samples,156,BW,2.766444039642864e-07
Samples,158,BW,-1.2907090573885721e-09
Samples,159,BW,-1.8352191232962908e-09
Samples,160,BW,7.77726726898482e-09
Samples,161,BW,4.8168264849971675e-09
Samples,164,BW,5.754811788820094e-10
Samples,165,BW,3.745777542642178e-08
Samples,166,BW,3.0140098703147e-08
Samples,167,BW,7.420198847402534e-08
Samples,169,BW,2.828847183799862e-07
Samples,171,BW,-4.3963877390134286e-10
Samples,172,BW,1.0889050905531407e-07
Samples,174,BW,8.393724015224445e-09
Samples,175,BW,-2.4957559775078804e-10
Samples,176,BW,1.7091468082163814e-10
Samples,177,BW,1.0944538819216614e-10
Samples,178,BW,9.295031217297127e-09
Samples,179,BW,3.766113983441123e-09
Samples,181,BW,3.775771699403456e-09
Samples,182,BW,2.494389728507001e-09
Samples,183,BW,1.2781134608802163e-09
Samples,184,BW,1.1941602737451449e-08
Samples,185,BW,1.3636888561523681e-08
Samples,186,BW,1.2453121515298245e-08
Samples,187,BW,1.5920807045725292e-08
Samples,188,BW,1.0819817362278946e-08
Samples,189,BW,8.958126507147357e-09
Samples,190,BW,2.2441583525136386e-09
Samples,191,BW,-2.189510539651865e-10
Samples,192,BW,1.553035465330867e-08
Samples,193,BW,9.571575441723112e-09
Samples,194,BW,5.4332647925181e-09
Samples,195,BW,-2.5875414866861045e-10
Samples,196,BW,8.529831282358363e-09
Samples,197,BW,1.8379125848950152e-09
Samples,198,BW,4.113440010011416e-09
Samples,199,BW,7.653311505230203e-08
Samples,200,BW,4.419383602157133e-08
Samples,201,BW,1.0018440384193138e-08
Samples,202,BW,6.672091587031351e-09
Samples,203,BW,4.942617969103727e-09
Samples,204,BW,-9.51885532716407e-12
Samples,205,BW,6.564665895494326e-09
Samples,206,BW,3.240588319563378e-09
Samples,207,BW,4.7359287335529535e-09
Samples,208,BW,5.349454080019584e-09
Samples,209,BW,6.961448274244834e-09
Samples,210,BW,4.360297767171771e-09
Samples,211,BW,5.211636798421276e-09
Samples,212,BW,2.5464369596035653e-09
Samples,213,BW,5.604542202006968e-09
Samples,214,BW,3.852348978126417e-09
Samples,215,BW,6.201744087503417e-09
Samples,216,BW,4.334509996186916e-09
Samples,217,BW,2.514681954310154e-09
Samples,218,BW,-2.396976056554412e-10
Samples,219,BW,6.661393815311232e-09
Samples,220,BW,9.376695203965648e-09
Samples,221,BW,8.03943091559561e-09
Samples,222,BW,4.017767919691546e-09
Samples,223,BW,1.4095406454540206e-09
Samples,224,BW,8.803704906892647e-09
Samples,225,BW,1.5699363222420433e-10
Samples,226,BW,5.583619947370114e-12
Samples,227,BW,4.027291329743602e-09
Samples,228,BW,6.53764113400488e-09
Samples,229,BW,1.582743525653707e-09
Samples,230,BW,4.54220806818575e-10
Samples,231,BW,1.4703826110780046e-09
Samples,232,BW,4.147607714097959e-10
Samples,233,BW,1.5864132787938745e-09
Samples,234,BW,1.4096995703467754e-09
Samples,235,BW,1.0784735683938486e-08
Samples,236,BW,7.449877259281662e-09
Samples,237,BW,1.3547835591057051e-08
Samples,238,BW,4.36921520529848e-09
Samples,239,BW,1.0717445475058058e-08
Samples,240,BW,5.421494013190028e-09
Samples,241,BW,8.34649694435129e-09
Samples,242,BW,1.224052247659601e-08
Samples,243,BW,1.1280926037299569e-08
Samples,244,BW,1.0782626941821123e-08
Samples,245,BW,8.517770747760135e-09
Samples,246,BW,1.1735182598668855e-08
Samples,247,BW,8.337351460715204e-09
Samples,248,BW,1.2203386483699406e-08
Samples,249,BW,1.087487914896028e-08
Samples,250,BW,1.0163625829392671e-08
Samples,251,BW,1.1549338441964032e-08
Samples,252,BW,-2.5233988443473665e-10
Samples,253,BW,8.165903311728509e-09
Samples,254,BW,1.076700745821735e-08
Samples,255,BW,1.1653755784988911e-08
Samples,256,BW,8.808449253345037e-08
Samples,257,BW,2.2658583648367244e-07
Samples,258,BW,3.3331040167367214e-08
Samples,259,BW,3.6258571608744444e-09
Samples,260,BW,3.523900044309339e-09
Samples,261,BW,8.623616028088384e-08
Samples,262,BW,4.674398034822193e-08
Samples,263,BW,9.633316115371531e-08
Samples,264,BW,7.840034266104079e-08
Samples,265,BW,1.1842501768230405e-08
Samples,266,BW,2.633304977779697e-08
Samples,267,BW,4.705343013202298e-08
Samples,268,BW,5.76990226198103e-08
Samples,269,BW,4.950155550234612e-08
Samples,270,BW,1.8100747676272594e-07
Samples,271,BW,1.1033463626109808e-07
Samples,272,BW,1.7725950443554849e-07
Samples,273,BW,1.1254211634696362e-07
Samples,274,BW,1.36700802778332e-07
Samples,275,BW,9.834916257339025e-10
Samples,276,BW,2.878326795035085e-07
Samples,277,BW,2.714711112344657e-08
Samples,278,BW,3.6182126397214836e-09
Samples,279,BW,4.555613056810288e-09
Samples,280,BW,1.0480862415538327e-07
Samples,281,BW,3.2375890032113795e-08
Samples,282,BW,5.994067531388469e-08
Samples,283,BW,3.41134103083689e-08
Samples,284,BW,2.1220966421329257e-08
Samples,285,BW,5.638699010731567e-09
Samples,286,BW,1.8833571595111443e-08
Samples,287,BW,2.8822442749018685e-08
Samples,288,BW,2.1020981919936842e-08
Samples,289,BW,4.126424838812264e-08
Samples,290,BW,2.8907655750143852e-08
Samples,291,BW,4.2338119818107076e-08
Samples,292,BW,8.565172863155519e-08
Samples,293,BW,3.366374711822209e-08
Samples,294,BW,1.3183532414357015e-09
Samples,295,BW,2.5777636156874984e-09
Samples,296,BW,3.944865160907046e-09
Samples,297,BW,1.5466659996190707e-07
Samples,298,BW,1.5181401791557678e-07
Samples,299,BW,2.753113685993286e-09
Samples,300,BW,5.712402029456862e-09
Samples,301,BW,7.072637519181794e-09
Samples,302,BW,3.579194940858225e-07
Samples,303,BW,3.2542331667346306e-07
Samples,304,BW,3.073435378098649e-07
Samples,305,BW,6.905812523152411e-08
Samples,306,BW,8.245199541426335e-08
Samples,307,BW,1.167450143235336e-07
Samples,308,BW,2.892573107520841e-08
Samples,311,BW,1.8334877654390185e-08
Samples,319,BW,1.8276388312619865e-08
Samples,320,BW,4.0185505638074304e-08
Samples,323,BW,2.0482396617740554e-07
Samples,324,BW,4.937667510209817e-07
Samples,325,BW,1.4173756124675067e-08
Samples,326,BW,1.528719873938698e-08
Samples,327,BW,1.6645988876268093e-08
Samples,328,BW,4.868169144516896e-08
Samples,329,BW,9.169564097563148e-09
Samples,330,BW,1.453223677690454e-08
Samples,331,BW,8.620763196540253e-09
Samples,332,BW,5.5086835095134455e-09
Samples,333,BW,3.2401872166965973e-07
Samples,334,BW,3.209293265971417e-07
Samples,335,BW,2.7958082917446206e-07
Samples,336,BW,4.218019827944471e-07
Samples,337,BW,1.2957167462961461e-11
Samples,338,BW,5.131075697867114e-10
Samples,339,BW,-9.28952616053223e-11
Samples,340,BW,-5.739509602836723e-10
Samples,341,BW,-4.514745929346099e-11
Samples,342,BW,-6.593550252571997e-11
Samples,343,BW,1.9183637344961493e-10
Samples,344,BW,3.9229724397940384e-11
Samples,345,BW,2.0320091172833488e-08
Samples,346,BW,6.791985581690578e-08
Samples,347,BW,2.7110405805094593e-10
Samples,348,BW,4.723830265104026e-09
Samples,349,BW,2.1087182392998737e-10
Samples,350,BW,6.712792826082778e-10
Samples,351,BW,3.1831175786688953e-10
Samples,352,BW,6.652450303199897e-09
Samples,353,BW,2.4804897439265028e-09
Samples,354,BW,1.8457762821649793e-10
Samples,355,BW,-1.9133018811736036e-10
Samples,356,BW,7.2894459898817454e-09
Samples,357,BW,1.3831882852837601e-08
Samples,358,BW,7.181171033782586e-10
Samples,359,BW,3.3950083424936004e-09
Samples,361,BW,1.8408443128220288e-10
Samples,362,BW,2.6297131982103685e-10
Samples,363,BW,1.663396163121716e-10
Samples,364,BW,4.200860113356524e-11
Samples,365,BW,5.250961332385318e-08
Samples,367,BW,1.4991174522805273e-09
Samples,368,BW,-6.273275268337318e-10
Samples,370,BW,3.501019947037733e-09
Samples,374,BW,-3.393166105590501e-09
Samples,375,BW,1.869047428785434e-07
Samples,376,BW,1.477056842554862e-07
Samples,377,BW,6.103761714620591e-08
Samples,378,BW,6.181585620657982e-08
Samples,379,BW,6.585114356718896e-08
Samples,380,BW,4.3845251703405287e-08
Samples,381,BW,1.7264404632831855e-07
Samples,382,BW,1.47283664558919e-07
Samples,383,BW,-2.644756334374022e-10
Samples,384,BW,1.0979588807086398e-07
Samples,385,BW,-9.538035781662684e-11
Samples,386,BW,3.794583070054461e-09
Samples,387,BW,4.277819007979684e-09
Samples,388,BW,2.5782635716484474e-09
Samples,389,BW,3.3464642810034384e-09
Samples,390,BW,2.9048871207482083e-09
Samples,391,BW,2.1219528553879693e-09
Samples,392,BW,3.3773300204507548e-09
Samples,393,BW,2.6656913244299693e-09
Samples,394,BW,5.663906547091102e-09
Samples,395,BW,3.2569730585233215e-09
Samples,396,BW,9.266815696418975e-09
Samples,397,BW,3.6035550398210603e-09
Samples,398,BW,5.003724290187159e-09
Samples,399,BW,7.896329706677711e-10
Samples,400,BW,1.8968289602640566e-07
Samples,401,BW,1.88031491410445e-07
Samples,402,BW,1.8963986136393106e-07
Samples,403,BW,3.624038495622927e-09
Samples,404,BW,2.7449536984040337e-09
Samples,405,BW,2.719384967821871e-09
Samples,406,BW,3.0464924681207597e-09
Samples,407,BW,3.4001129833986277e-09
Samples,408,BW,3.620810260238144e-10
Samples,409,BW,8.182010520719042e-10
Samples,410,BW,1.864888428180947e-07
Samples,411,BW,3.844035069755044e-10
Samples,412,BW,3.164612504202096e-09
Samples,413,BW,4.95109303447275e-08
Samples,414,BW,1.9900968487511072e-09
Samples,415,BW,4.120647679441987e-08
Samples,416,BW,2.408232307589211e-07
Samples,417,BW,-2.4422832251848087e-08
Samples,418,BW,1.2667134759260474e-09
Samples,419,BW,6.326499224746536e-09
Samples,420,BW,-6.698827681604854e-12
Samples,421,BW,4.609313839986611e-10
Samples,422,BW,1.194660438918206e-10
Samples,423,BW,1.898588311815862e-10
Samples,424,BW,-1.3617895532907989e-11
Samples,425,BW,4.868704726947976e-11
Samples,426,BW,9.744570747223691e-09
Samples,427,BW,5.807412647080892e-10
Samples,428,BW,2.3763296383115348e-07
Samples,429,BW,3.514256025239728e-08
Samples,430,BW,3.213045477824694e-08
Samples,431,BW,2.2401542071995558e-08
Samples,432,BW,1.0947369702654021e-08
Samples,433,BW,2.254482487937718e-08
Samples,434,BW,1.7960184023891986e-08
Samples,435,BW,2.2188972600787045e-08
Samples,436,BW,3.463038963430994e-08
Samples,437,BW,1.5143808347503586e-08
Samples,438,BW,9.663394143670595e-09
Samples,439,BW,1.886091375882778e-08
Samples,440,BW,1.280522270102758e-08
Samples,441,BW,1.5433774250776136e-08
Samples,442,BW,1.4011381707277105e-08
Samples,443,BW,3.719615704975323e-08
Samples,444,BW,8.93126153700998e-09
Samples,445,BW,2.7191581863472065e-08
Samples,446,BW,7.345063383963059e-08
Samples,447,BW,3.626724905086057e-08
Samples,448,BW,8.581910577624544e-09
Samples,449,BW,3.67048450243489e-08
Samples,450,BW,1.765159229358688e-08
Samples,451,BW,1.6167818885899796e-08
Samples,452,BW,1.3707235820387965e-08
Samples,453,BW,5.104761062817478e-09
Samples,454,BW,5.389274397108386e-08
Samples,455,BW,1.3055950703468049e-09
Samples,456,BW,2.5417976014163703e-08
Samples,457,BW,2.4526622001106235e-08
Samples,458,BW,2.6702371127894854e-08
Samples,459,BW,4.085596760299839e-08
Samples,460,BW,4.806772981864541e-08
Samples,461,BW,3.61308535791642e-08
Samples,462,BW,5.5384194056024814e-08
Samples,463,BW,4.163865409026973e-08
Samples,464,BW,6.39665236289146e-08
Samples,465,BW,7.051524460041198e-08
Samples,466,BW,6.748481547667877e-08
Samples,467,BW,6.358534335132295e-08
Samples,468,BW,3.323502357330909e-08
Samples,469,BW,5.4022225149676394e-08
Samples,470,BW,5.8194596765131945e-08
Samples,471,BW,5.054385742503798e-08
Samples,472,BW,4.873708351522455e-08
Samples,473,BW,4.9437457657379377e-08
Samples,474,BW,5.0652636552717605e-08
Samples,475,BW,3.516801003400068e-08
Samples,476,BW,1.8112557507275859e-09
Samples,477,BW,1.3393882705494818e-08
Samples,478,BW,2.579343271298974e-08
Samples,479,BW,1.2004850063216866e-08
Samples,480,BW,1.1263593043156e-08
Samples,481,BW,2.2138448395415074e-08
Samples,482,BW,2.975514848620753e-09
Samples,483,BW,3.9497108135949424e-08
Samples,484,BW,4.034256022148052e-09
Samples,485,BW,1.1412704132456489e-08
Samples,486,BW,2.8185890828244522e-08
Samples,487,BW,3.926976482113673e-09
Samples,488,BW,2.2849140900962374e-08
Samples,489,BW,2.679714033997859e-08
Samples,490,BW,3.6677728479426536e-08
Samples,491,BW,1.8269158908248098e-08
Samples,492,BW,3.272637484427481e-08
Samples,493,BW,2.5309842252295277e-08
Samples,494,BW,2.4073978996405875e-08
Samples,495,BW,2.4621476260599416e-08
Samples,496,BW,2.997142452197679e-08
Samples,497,BW,3.5574419580711623e-08
Samples,498,BW,2.780537719427608e-08
Samples,499,BW,2.1431317232998892e-08
Samples,500,BW,2.9749292297265205e-08
Samples,501,BW,2.676718914898726e-08
Samples,502,BW,5.596397089551891e-08
Samples,503,BW,4.6858208071529294e-08
Samples,504,BW,3.468518966623711e-08
Samples,505,BW,4.652489386735673e-08
Samples,506,BW,4.0159105637711213e-08
Samples,507,BW,7.252726052999302e-08
Samples,508,BW,1.6269374891872738e-07
Samples,509,BW,1.9861920580979826e-08
Samples,510,BW,2.0681028085739782e-07
Samples,511,BW,1.5477304521529556e-07
Samples,512,BW,1.0501370460524647e-09
Samples,513,BW,1.9549747796885356e-09
Samples,514,BW,6.62521448228636e-10
Samples,515,BW,1.320306009969848e-07
Samples,516,BW,1.5594490483368364e-07
Samples,517,BW,1.2199957691815278e-07
Samples,518,BW,1.6114123231305218e-07
Samples,519,BW,1.3389898502065807e-07
Samples,520,BW,1.0866034670348263e-07
Samples,521,BW,1.845001916766047e-07
Samples,522,BW,1.925268976868209e-07
Samples,523,BW,1.2304193527136588e-07
Samples,524,BW,2.038448928744373e-07
Samples,525,BW,6.277192369857815e-08
Samples,526,BW,4.9965867288617794e-08
Samples,527,BW,4.794404336562211e-08
Samples,528,BW,9.632399015081616e-08
Samples,529,BW,5.078324963559791e-09
Samples,530,BW,9.569190984456622e-09
Samples,531,BW,1.188777126423541e-08
Samples,532,BW,2.5423393805393274e-09
Samples,533,BW,7.1127790723203385e-09
Samples,534,BW,9.108867913641221e-08
Samples,535,BW,1.5085406800914215e-07
Samples,536,BW,5.966151670034437e-09
Samples,537,BW,8.678731672344103e-09
Samples,538,BW,2.384655012202859e-08
Samples,539,BW,3.77221348842351e-08
Samples,540,BW,1.6188938553389574e-08
Samples,541,BW,2.787688254329573e-08
Samples,542,BW,3.80750638143392e-08
Samples,543,BW,3.3064000093090215e-08
Samples,544,BW,1.8557879079546813e-07
Samples,545,BW,1.8767119425927017e-07
Samples,546,BW,1.8542008903694825e-07
Samples,547,BW,1.0695806585943966e-07
Samples,548,BW,1.8518786401056897e-07
Samples,549,BW,1.0454038093400132e-07
Samples,550,BW,2.793382320949482e-07
Samples,551,BW,2.879471610918742e-10
Samples,552,BW,9.530970973792327e-08
Samples,553,BW,1.837755716724554e-07
Samples,554,BW,1.7991183634762334e-07
Samples,555,BW,1.0121310846554138e-07
Samples,556,BW,1.3638395477789588e-09
Samples,557,BW,1.853662594530898e-07
Samples,558,BW,1.8879147165867752e-07
Samples,559,BW,6.622794878664286e-11
Samples,560,BW,-5.819713903815175e-11
Samples,561,BW,2.962047363588332e-11
Samples,562,BW,1.859429715445296e-07
Samples,563,BW,-6.49791005996347e-10
Samples,564,BW,-4.5910617809297364e-10
Samples,565,BW,-1.813511354154737e-10
Samples,566,BW,2.210594366691807e-09
Samples,567,BW,6.157751162424897e-08
Samples,568,BW,2.3076546839412316e-09
Samples,569,BW,1.344014165736563e-09
Samples,570,BW,1.8959810982874357e-07
Samples,571,BW,2.2776015891027447e-09
Samples,572,BW,8.10694297256836e-09
Samples,573,BW,2.324926491151677e-09
Samples,574,BW,1.6547957676688547e-07
Samples,575,BW,2.3797026231475663e-07
Samples,576,BW,1.909586720927029e-07
Samples,577,BW,9.131360584880043e-08
Samples,578,BW,1.8477683764579288e-07
Samples,579,BW,1.7551522752731636e-07
Samples,580,BW,1.9517051868735466e-07
Samples,581,BW,9.008629278046347e-08
Samples,582,BW,3.1021737684418485e-09
Samples,583,BW,9.073522279816115e-08
Samples,584,BW,1.758603137804657e-07
Samples,585,BW,-3.4625841018418774e-10
Samples,586,BW,1.8184678866153959e-07
Samples,587,BW,1.749001946100696e-07
Samples,588,BW,-2.1272787092549364e-10
Samples,589,BW,1.188888629423011e-07
Samples,590,BW,1.4465980450540865e-07
Samples,591,BW,1.504571635389753e-07
Samples,592,BW,1.795797469095162e-07
Samples,593,BW,8.786934543784753e-08
Samples,594,BW,2.0385382479156382e-07
Samples,595,BW,1.7323565409698087e-07
Samples,596,BW,-1.3241041365495624e-10
Samples,597,BW,3.9242654039418417e-07
Samples,598,BW,1.855405269856815e-07
Samples,599,BW,3.894332107630844e-07
Samples,600,BW,3.2617645394577144e-07
Samples,601,BW,3.236586726770786e-08
Samples,602,BW,3.4948655625237155e-08
Samples,603,BW,1.547822651633431e-08
Samples,604,BW,2.4289794222877137e-08
Samples,605,BW,5.009119527351976e-08
Samples,606,BW,3.6188964079651315e-08
Samples,607,BW,4.907077347635709e-08
Samples,608,BW,3.6245153798221844e-08
Samples,609,BW,3.826637182628977e-08
Samples,610,BW,6.174467548998944e-08
Samples,611,BW,5.686779223453389e-08
Samples,612,BW,5.422954739000689e-08
Samples,613,BW,3.734599376411246e-08
Samples,614,BW,4.982354638346182e-08
Samples,615,BW,3.509358153804343e-08
Samples,616,BW,5.0090920683786136e-08
Samples,617,BW,4.182346105429951e-08
Samples,618,BW,3.201422102423434e-08
Samples,619,BW,4.692366774777172e-08
Samples,620,BW,-1.882125967302363e-10
Samples,621,BW,2.1658277975432974e-09
Samples,622,BW,5.239786508853325e-09
Samples,623,BW,1.505184215221035e-08
Samples,624,BW,5.06033768659993e-08
Samples,625,BW,5.390830988752045e-08
Samples,626,BW,3.572036268919135e-08
Samples,627,BW,4.6174589659775595e-08
Samples,628,BW,5.013890725991904e-08
Samples,629,BW,4.0715606698308704e-08
Samples,630,BW,5.27718752525962e-08
Samples,631,BW,7.016562816478651e-08
Samples,632,BW,5.7674059986066384e-08
Samples,633,BW,4.899739995184271e-08
Samples,634,BW,6.299562081641113e-08
Samples,635,BW,3.0089575945353025e-08
Samples,636,BW,5.5364425019573375e-08
Samples,637,BW,5.688109827380561e-08
Samples,638,BW,2.1581246308783776e-05
Samples,639,BW,6.576792487763076e-06
Samples,640,BW,7.986566794705721e-06
Samples,641,BW,3.931302709426875e-06
Samples,642,BW,5.54095350908732e-06
Samples,643,BW,2.9753045025601435e-06
Samples,645,BW,2.754120672699843e-06
Samples,646,BW,2.745828079126248e-06
Samples,647,BW,-1.3189163217040275e-08
Samples,648,BW,9.81468114981687e-09
Samples,649,BW,2.896027028064237e-07
Samples,650,BW,2.763567401434332e-06
Samples,651,BW,3.107456334376752e-07
Samples,652,BW,4.083324081178356e-06
Samples,653,BW,-2.066007651518827e-09
Samples,654,BW,7.154854879012994e-07
Samples,655,BW,2.3956121441462974e-07
Samples,656,BW,4.766503954401405e-08
Samples,657,BW,5.339542682085233e-08
Samples,658,BW,1.3886603696370143e-07
Samples,659,BW,1.3653906367368915e-08
Samples,660,BW,3.386459953012196e-08
Samples,661,BW,8.765949866167077e-08
Samples,662,BW,2.7209451690311292e-08
Samples,663,BW,4.731916529938714e-10
Samples,664,BW,3.07067484844029e-08
Samples,665,BW,5.862342965363079e-08
Samples,666,BW,3.002524409201034e-08
Samples,667,BW,1.0152266087403327e-08
Samples,668,BW,1.565671183327668e-08
Samples,669,BW,1.1026307501624444e-09
Samples,670,BW,1.6196100636096155e-07
Samples,671,BW,-6.388677123228363e-11
Samples,672,BW,-8.723415899279595e-09
Samples,673,BW,1.885133179237383e-07
Samples,674,BW,1.9355874055292413e-07
Samples,675,BW,1.7840487805046966e-07
Samples,676,BW,-7.999220034813411e-10
Samples,677,BW,3.135419744456967e-09
Samples,678,BW,-3.8131097890786167e-10
Samples,679,BW,1.683341435457427e-07
Samples,680,BW,1.6212248979043699e-07
Samples,681,BW,1.684898736703325e-07
Samples,682,BW,3.671635602445258e-08
Samples,683,BW,4.2590486110288834e-08
Samples,684,BW,8.925547328307617e-08
Samples,685,BW,4.329329399708548e-08
Samples,686,BW,9.312540442733312e-08
Samples,687,BW,8.790507069017622e-08
Samples,688,BW,5.476939327315869e-08
Samples,689,BW,3.836034263980962e-08
Samples,690,BW,8.494107709252521e-08
Samples,691,BW,7.03872100368206e-08
Samples,692,BW,8.724458595304394e-08
Samples,693,BW,1.6234958820480397e-07
Samples,694,BW,3.966252884963128e-08
Samples,695,BW,1.5731885960232496e-08
Samples,696,BW,1.707708985788291e-08
Samples,697,BW,1.6822038030104235e-07
Samples,698,BW,2.237114412280691e-07
Samples,699,BW,5.24841520402469e-09
Samples,700,BW,2.2005587680161167e-07
Samples,701,BW,2.2009135911647477e-07
Samples,702,BW,1.784231986243051e-07
Samples,703,BW,1.9049672529910598e-08
Samples,704,BW,1.404330906526446e-07
Samples,705,BW,9.785273722885448e-09
Samples,706,BW,1.896024326747543e-07
Samples,707,BW,1.0301710445395277e-08
Samples,708,BW,6.687480129047796e-08
Samples,709,BW,2.0789287151941932e-07
Samples,710,BW,7.111529498914744e-08
Samples,711,BW,8.172962394855177e-08
Samples,712,BW,1.029701451213783e-08
Samples,713,BW,7.636846228599843e-08
Samples,714,BW,2.615469300222899e-07
Samples,715,BW,1.3470801146651875e-07
Samples,716,BW,1.0225215543380028e-07
Samples,717,BW,2.4600153664771664e-07
Samples,718,BW,2.7075335717608262e-08
Samples,719,BW,-5.347207141537477e-10
Samples,720,BW,1.4141935171114526e-08
Samples,721,BW,-2.9777637443553367e-10
Samples,722,BW,1.4411807281357807e-07
Samples,723,BW,-2.3587692944116395e-10
Samples,724,BW,-1.0228819815541388e-10
Samples,725,BW,2.0985097526914087e-08
Samples,726,BW,-1.8023932474732577e-10
Samples,727,BW,-2.39046295910267e-10
Samples,728,BW,3.5985861847953964e-08
Samples,729,BW,1.7537104161316062e-08
Samples,730,BW,2.993013912145284e-08
Samples,731,BW,3.205767190853795e-08
Samples,732,BW,8.04605149649846e-08
Samples,733,BW,4.4437624047993274e-08
Samples,734,BW,3.621117375227694e-08
Samples,735,BW,3.922820101274432e-08
Samples,736,BW,9.351053759271675e-08
Samples,737,BW,3.6035855533140232e-09
Samples,738,BW,3.391536372868829e-08
Samples,739,BW,4.3975797927142565e-08
Samples,740,BW,8.631609414165506e-08
Samples,741,BW,1.2334530147594502e-08
Samples,742,BW,9.129147501400475e-08
Samples,743,BW,1.6497767464397892e-08
Samples,744,BW,2.036727992140884e-07
Samples,745,BW,1.2754614400564213e-07
Samples,746,BW,4.079325380411166e-08
Samples,747,BW,2.5276440992087937e-08
Samples,748,BW,1.0105974801770097e-07
Samples,749,BW,2.0814719666290054e-08
Samples,750,BW,4.482445410862019e-08
Samples,751,BW,2.3845172614783566e-07
Samples,752,BW,6.326365151804177e-08
Samples,753,BW,1.5400226353660168e-07
Samples,754,BW,2.769525859832515e-08
Samples,755,BW,3.023516761685788e-09
Samples,756,BW,2.322515293245974e-09
Samples,757,BW,5.0846942577358335e-09
Samples,758,BW,9.611210093927735e-09
Samples,759,BW,4.846432768302842e-09
Samples,760,BW,2.3468070775387438e-08
Samples,761,BW,2.749004170544301e-08
Samples,762,BW,1.1154436707706654e-08
Samples,763,BW,1.0313467803046185e-07
Samples,764,BW,1.3768481767888441e-08
Samples,765,BW,1.0849172922639022e-08
Samples,766,BW,-1.5714041217736482e-09
Samples,767,BW,-1.7242616843122659e-09
Samples,768,BW,-8.052525263788263e-10
Samples,769,BW,-3.033212106530436e-09
Samples,770,BW,5.300029561557492e-10
Samples,771,BW,-6.997996655983137e-10
Samples,772,BW,1.7464520914709448e-10
Samples,773,BW,1.9398604737375404e-07
Samples,774,BW,4.898594664223208e-09
Samples,775,BW,8.76208033091445e-08
Samples,776,BW,3.042183634188755e-08
Samples,777,BW,2.4683915934538095e-08
Samples,778,BW,9.22076862218102e-10
Samples,779,BW,6.922901209299217e-09
Samples,780,BW,6.038582535941014e-09
Samples,781,BW,5.144291369263286e-08
Samples,782,BW,7.05300226553246e-09
Samples,783,BW,3.558010172041478e-09
Samples,784,BW,3.62151222646147e-09
Samples,785,BW,6.520127342056479e-08
Samples,786,BW,1.7703347035240854e-07
Samples,787,BW,2.665695822094608e-09
Samples,788,BW,1.7955291966233214e-09
Samples,789,BW,2.5472167027521217e-08
Samples,790,BW,6.528943276486092e-09
Samples,791,BW,5.646399390946373e-09
Samples,792,BW,2.7394581667829512e-08
Samples,793,BW,2.1177790671605395e-08
Samples,794,BW,3.0550925544898895e-08
Samples,795,BW,3.412047070245936e-08
Samples,796,BW,5.585729883307193e-09
Samples,797,BW,1.854892074101046e-07
Samples,798,BW,8.752849853527872e-09
Samples,799,BW,1.8484258161177267e-07
Samples,800,BW,5.8332662713495925e-09
Samples,801,BW,1.2143483330545483e-09
Samples,802,BW,4.611163810697723e-09
Samples,803,BW,1.977628248313766e-09
Samples,804,BW,2.9861311516366135e-09
Samples,805,BW,2.491046676412139e-07
Samples,806,BW,1.4862446942190254e-09
Samples,807,BW,7.729580716830875e-09
Samples,808,BW,6.762669586152337e-08
Samples,809,BW,2.6305664223184935e-09
Samples,810,BW,3.4046941855788706e-09
Samples,811,BW,2.6685422795612876e-09
Samples,812,BW,-5.970454393127097e-11
Samples,813,BW,1.0997541999993992e-07
Samples,814,BW,5.264175507991484e-09
Samples,815,BW,2.3161584632866162e-09
Samples,816,BW,1.0488678039610706e-09
Samples,817,BW,1.7446940312438479e-09
Samples,818,BW,2.3001236352351198e-09
Samples,819,BW,7.553294241711022e-09
Samples,820,BW,2.392402268705562e-10
Samples,821,BW,5.37370736828533e-08
Samples,822,BW,1.826787042850954e-07
Samples,823,BW,1.844989097729761e-07
Samples,824,BW,3.419460652432212e-08
Samples,825,BW,3.9650710953594644e-08
Samples,826,BW,5.430630358902123e-09
Samples,827,BW,2.89955795244357e-08
Samples,828,BW,2.8947360954916407e-08
Samples,829,BW,2.933415441796848e-08
Samples,830,BW,4.1794366972183734e-08
Samples,831,BW,4.263295988314406e-08
Samples,832,BW,6.41736679738629e-08
Samples,833,BW,3.547408730548661e-08
Samples,834,BW,1.7190967400162862e-07
Samples,835,BW,1.397062463461003e-09
Samples,836,BW,1.5849156277200156e-07
Samples,837,BW,7.759851873224605e-08
Samples,838,BW,1.4994374209744794e-07
Samples,839,BW,-2.439152055801361e-09
Samples,840,BW,-4.675683329169253e-09
Samples,841,BW,2.7399686461007454e-09
Samples,842,BW,-2.6396704003091575e-09
Samples,843,BW,1.2772363624843965e-07
Samples,844,BW,-8.599664489162648e-09
Samples,845,BW,8.219635603770808e-08
Samples,846,BW,2.634729654727966e-09
Samples,847,BW,6.8284300788885e-08
Samples,848,BW,6.580633141409202e-08
Samples,849,BW,1.6739541476972874e-09
Samples,850,BW,1.778410285369256e-07
Samples,851,BW,3.63760579904487e-08
Samples,852,BW,3.657740326937736e-08
Samples,853,BW,6.068936485238163e-07
Samples,854,BW,4.003283941470166e-08
Samples,855,BW,1.7462324545583267e-08
Samples,856,BW,3.5473289209278454e-08
Samples,857,BW,4.5055524648173365e-08
Samples,858,BW,2.9032055769259685e-08
Samples,859,BW,2.3219088297660304e-08
Samples,860,BW,9.095799335812439e-09
Samples,861,BW,1.3031115760911474e-08
Samples,862,BW,2.9739501143887012e-08
Samples,863,BW,3.736785186684354e-08
Samples,864,BW,1.055761812880451e-08
Samples,865,BW,1.9955888307246866e-08
Samples,866,BW,1.4662914519581065e-08
Samples,867,BW,5.4535909372874994e-09
Samples,868,BW,3.0965629269022706e-09
Samples,869,BW,1.0580481355566621e-08
Samples,870,BW,4.597058652643847e-08
Samples,871,BW,1.0857642198283053e-08
Samples,872,BW,9.86330447621499e-09
Samples,873,BW,3.882411334955686e-08
Samples,874,BW,1.5427484271755558e-08
Samples,875,BW,2.044319057014428e-09
Samples,876,BW,1.4863271514077323e-08
Samples,877,BW,4.779871593445194e-08
Samples,878,BW,2.318198721879244e-08
Samples,879,BW,3.102103816587772e-08
Samples,880,BW,8.562179072898273e-09
Samples,881,BW,1.4914098173339746e-08
Samples,882,BW,3.0080004821983096e-08
Samples,883,BW,3.3353939643312496e-08
Samples,884,BW,3.4322641515984033e-08
Samples,885,BW,2.273400786937155e-08
Samples,886,BW,1.6744802162999836e-08
Samples,887,BW,6.437296267968893e-08
Samples,888,BW,6.283567774173225e-08
Samples,889,BW,5.060780837151605e-09
Samples,890,BW,2.455490206593112e-09
Samples,891,BW,-5.899633392242498e-10
Samples,892,BW,2.4364026606750545e-09
Samples,893,BW,2.663230814486648e-09
Samples,894,BW,1.975259530077267e-07
Samples,895,BW,2.0081512256905996e-07
Samples,896,BW,1.8206692764814248e-07
Samples,897,BW,3.71686400323627e-07
Samples,898,BW,1.8145988118276788e-07
Samples,899,BW,5.24902453657965e-07
Samples,900,BW,6.262427523578783e-07
Samples,901,BW,-5.284756962764259e-09
Samples,902,BW,1.835489552101153e-07
Samples,903,BW,1.82311227823204e-07
Samples,904,BW,-8.640166054394273e-10
Samples,905,BW,-9.465481969397256e-10
Samples,906,BW,5.030594495548362e-07
Samples,907,BW,5.768026209236024e-07
Samples,908,BW,6.150241619249321e-07
Samples,909,BW,3.678788170703342e-07
Samples,910,BW,1.782233089039253e-07
Samples,911,BW,9.728217604262589e-08
Samples,912,BW,3.84960840236569e-08
Samples,913,BW,6.854690232709145e-09
Samples,914,BW,1.0553422144042005e-07
Samples,915,BW,-9.913237316296416e-09
Samples,916,BW,9.430252038585456e-08
Samples,917,BW,2.195221191216087e-07
Samples,918,BW,1.8089660353191887e-07
Samples,919,BW,1.8069888502706747e-07
Samples,920,BW,1.769457721652097e-07
Samples,921,BW,1.0130260425295877e-08
Samples,922,BW,2.5957446670205233e-08
Samples,923,BW,1.8527781050573623e-08
Samples,924,BW,2.12945173319823e-07
Samples,925,BW,3.5113679515176694e-08
Samples,926,BW,2.4001772652424305e-07
Samples,927,BW,9.956581333040866e-07
Samples,928,BW,3.35127321056292e-06
Samples,929,BW,1.4969684047208761e-07
Samples,930,BW,1.497071888646821e-07
Samples,931,BW,1.2743509728042837e-07
Samples,932,BW,8.655345839123743e-08
Samples,933,BW,-4.369291344369877e-09
Samples,934,BW,1.5176740450523257e-07
Samples,935,BW,7.854602157813531e-08
Samples,936,BW,1.468618172354358e-07
Samples,937,BW,8.083676247764126e-08
Samples,938,BW,1.0135154765567485e-07
Samples,939,BW,1.7401410936366638e-06
Samples,940,BW,6.294078015675322e-07
Samples,941,BW,-1.4430732426437687e-09
Samples,942,BW,2.1233400411055452e-07
Samples,943,BW,9.808208818266724e-08
Samples,944,BW,5.001645470904654e-08
Samples,945,BW,1.8084693738222863e-07
Samples,946,BW,1.774552745898073e-07
Samples,947,BW,1.739904552794882e-07
Samples,948,BW,1.7672935351620004e-07
Samples,949,BW,1.7894090437509164e-07
Samples,950,BW,1.9124662203841993e-07
Samples,951,BW,-5.471855101926353e-09
Samples,952,BW,8.709187982133233e-08
Samples,953,BW,1.6206783959454242e-07
Samples,954,BW,2.3661601130818597e-06
Samples,955,BW,1.2064140151805602e-06
Samples,956,BW,8.593130345767619e-09
Samples,959,BW,3.446806858046262e-09
Samples,960,BW,3.5268761388820915e-08
Samples,961,BW,2.067728106033805e-08
Samples,962,BW,9.244442391407683e-08
Samples,963,BW,4.3257711792276595e-08
Samples,964,BW,3.6865601399691957e-07
Samples,965,BW,3.7393197264720545e-07
Samples,966,BW,2.3916234224919646e-08
Samples,967,BW,8.29414354180951e-08
Samples,969,BW,7.22910093234336e-08
Samples,970,BW,6.556600206803142e-09
Samples,971,BW,1.0353792537231876e-07
Samples,973,BW,9.143199670511599e-09
Samples,974,BW,6.121235983124806e-08
Samples,975,BW,9.093982295111814e-07
Samples,976,BW,6.796045304289423e-08
Samples,977,BW,2.5293470942467254e-08
Samples,978,BW,-1.318916321704032e-08
Samples,979,BW,2.4762008311169587e-08
Samples,982,BW,2.186169147368539e-07
Samples,983,BW,1.4389194316477642e-07
Samples,985,BW,7.719203707100542e-08
Samples,987,BW,3.912371598023152e-06
Samples,988,BW,2.6541537366923353e-07
Samples,989,BW,3.929239997530583e-06
Samples,990,BW,2.868199058268137e-07
Samples,991,BW,5.918556020745382e-06
Samples,992,BW,4.8554330558192675e-06
Samples,993,BW,5.963532117556712e-06
Samples,994,BW,1.0796692445597897e-09
Samples,995,BW,3.599792851622434e-08
Samples,996,BW,4.864645897227202e-06
Samples,997,BW,9.121812788383807e-06
Samples,998,BW,5.83887731058728e-08
Samples,999,BW,9.008200102288776e-06
Samples,1000,BW,2.1145411151284585e-07
Samples,1001,BW,1.8308126936810095e-07
Samples,1002,BW,8.24576437384921e-07
Samples,1003,BW,9.22584309446507e-07
Samples,1004,BW,9.293552706391005e-07
Samples,1005,BW,9.999226237956299e-07
Samples,1006,BW,8.060424724717528e-07
Samples,1007,BW,8.961702361583111e-07
Samples,1008,BW,1.0246439294909997e-06
Samples,1009,BW,9.545313641380774e-07
Samples,1010,BW,-1.7418456013111935e-12
Samples,1011,BW,-1.5925573467034134e-08
Samples,1012,BW,9.172794220736573e-10
Samples,1013,BW,6.992505206908843e-07
Samples,1014,BW,7.275060336762104e-08
Samples,1015,BW,5.401748048376315e-09
Samples,1016,BW,-5.715161615955017e-10
Samples,1017,BW,-1.0922904332740286e-09
Samples,1018,BW,-1.5259540580467517e-09
Samples,1019,BW,3.4867197200577085e-10
Samples,1020,BW,2.2712390738931374e-09
Samples,1021,BW,3.096741044991656e-09
Samples,1022,BW,5.559497715952026e-09
Samples,1023,BW,4.128026121716626e-09
Samples,1024,BW,4.174311339725844e-09
Samples,1025,BW,-2.1860146872567444e-09
Samples,4,BX,-3.520348490791274e-12
Samples,5,BX,9.69915413935057e-13
Samples,6,BX,3.0220554993393267e-13
Samples,7,BX,-1.6969087387647738e-11
Samples,8,BX,-1.854004531059708e-11
Samples,9,BX,-1.6652821020646288e-11
Samples,10,BX,-1.7512359407395057e-11
Samples,11,BX,-3.255949105110873e-11
Samples,12,BX,-1.0088286214064167e-07
Samples,17,BX,-1.3974573781788537e-10
Samples,19,BX,7.679791011272113e-12
Samples,20,BX,-2.8746306639571234e-09
Samples,21,BX,-4.303725169928695e-09
Samples,26,BX,-3.9190392736169523e-10
Samples,28,BX,-3.893165546877299e-10
Samples,29,BX,-1.8187904275020264e-09
Samples,30,BX,-7.951628320708314e-11
Samples,32,BX,-1.5114359082958823e-09
Samples,34,BX,-1.8157306107557543e-09
Samples,35,BX,2.887146577066017e-07
Samples,37,BX,-1.9043973088634786e-09
Samples,39,BX,-3.191379549551774e-09
Samples,41,BX,-3.5703425528818935e-10
Samples,42,BX,-1.7190072290953837e-10
Samples,44,BX,-3.5112002963754104e-10
Samples,55,BX,-2.3456794644127176e-09
Samples,56,BX,-2.3105620144701593e-09
Samples,58,BX,-4.6348188471319416e-10
Samples,59,BX,-3.0795568318207755e-11
Samples,60,BX,-1.4480766601862293e-11
Samples,61,BX,-3.881947832282456e-11
Samples,62,BX,-3.8308726195312674e-11
Samples,63,BX,-2.0258208196101113e-11
Samples,64,BX,-3.8732181430110276e-11
Samples,65,BX,-3.785178538069939e-11
Samples,66,BX,-4.143546650271745e-11
Samples,67,BX,-3.73211016259135e-11
Samples,68,BX,-3.9681947280189756e-11
Samples,69,BX,-2.9743312479031845e-11
Samples,70,BX,-1.9374561725399527e-11
Samples,71,BX,-1.767472535561741e-10
Samples,72,BX,-1.4628187875284874e-11
Samples,73,BX,-6.611986226411401e-10
Samples,74,BX,-3.6808341239379403e-10
Samples,75,BX,-4.51947546959196e-11
Samples,76,BX,-2.0722301484969577e-11
Samples,77,BX,-1.1712882623293297e-10
Samples,78,BX,-1.981072739068351e-11
Samples,79,BX,-1.6685192578206938e-11
Samples,80,BX,-1.8261634158994402e-11
Samples,81,BX,3.8608726858744995e-11
Samples,82,BX,-4.155487106547143e-10
Samples,83,BX,-1.039622383270311e-11
Samples,84,BX,-4.583468536787609e-10
Samples,85,BX,-1.0650024647339023e-09
Samples,86,BX,-2.4814320759265606e-09
Samples,87,BX,-8.025118525838677e-10
Samples,88,BX,-8.666175240198278e-10
Samples,89,BX,-4.824142360148978e-08
Samples,91,BX,-4.842960743045059e-08
Samples,93,BX,-4.835905147832078e-08
Samples,94,BX,-4.919713947768937e-08
Samples,95,BX,-9.463964849529267e-09
Samples,96,BX,-1.1979299651298253e-08
Samples,98,BX,-2.3965959897441957e-08
Samples,100,BX,-4.8649802056750816e-08
Samples,101,BX,-4.773275409061167e-08
Samples,102,BX,-4.732273260327482e-08
Samples,103,BX,-4.8269279605074234e-08
Samples,106,BX,-4.8222245451225385e-08
Samples,107,BX,-4.556695453327768e-08
Samples,109,BX,-1.0222003651836424e-10
Samples,113,BX,-1.1722136803291896e-08
Samples,115,BX,-1.192687370828102e-08
Samples,118,BX,-1.1884895003395334e-11
Samples,119,BX,-2.4982470047959552e-11
Samples,120,BX,-1.5161321377920914e-11
Samples,121,BX,-4.394356801632671e-10
Samples,122,BX,-1.971355743088111e-11
Samples,123,BX,-3.1440274275637024e-10
Samples,124,BX,-1.876210891368021e-11
Samples,125,BX,-2.5948360559430945e-11
Samples,126,BX,-1.2136572268524175e-09
Samples,127,BX,-4.893672296225728e-10
Samples,128,BX,-5.311850525838406e-10
Samples,129,BX,-4.870033195268019e-10
Samples,130,BX,-4.824139745180701e-10
Samples,131,BX,-3.0723180205562662e-12
Samples,132,BX,-3.0731661978467913e-12
Samples,133,BX,-3.0851748960616678e-12
Samples,134,BX,-3.1377880419941763e-12
Samples,136,BX,-7.624359937146748e-11
Samples,137,BX,-7.637790435090413e-11
Samples,138,BX,-6.907700189291835e-11
Samples,139,BX,-6.341133670942243e-11
Samples,140,BX,-5.635405737015494e-11
Samples,141,BX,-5.865611105374307e-11
Samples,142,BX,-4.9957378045186944e-11
Samples,143,BX,-5.2673096026910565e-11
Samples,144,BX,-5.543951695602909e-11
Samples,145,BX,-6.2441188925993e-11
Samples,146,BX,-3.739998206625475e-11
Samples,147,BX,-5.254253916769676e-11
Samples,148,BX,-4.519493520185105e-11
Samples,149,BX,-5.221726760378467e-11
Samples,150,BX,-6.444717573317575e-11
Samples,151,BX,-6.176133790822485e-11
Samples,152,BX,-4.5478601510390505e-11
Samples,153,BX,-6.443193509779655e-11
Samples,154,BX,-5.6224674939758625e-11
Samples,155,BX,-6.110765370707525e-11
Samples,156,BX,-5.409204528329081e-09
Samples,158,BX,-4.0846512958948516e-10
Samples,159,BX,-6.005478887945934e-09
Samples,160,BX,-3.878810929236309e-10
Samples,161,BX,-3.837768810071727e-10
Samples,164,BX,-2.0237687018604816e-11
Samples,165,BX,-3.556787082095896e-10
Samples,166,BX,-3.3899532428055933e-10
Samples,167,BX,-1.8796666932822485e-09
Samples,169,BX,-5.6933698544319375e-09
Samples,171,BX,-1.3974573781788537e-10
Samples,172,BX,1.0386445463721891e-10
Samples,174,BX,-5.421373049771362e-11
Samples,175,BX,-7.9331324076639e-11
Samples,176,BX,-7.691715920032427e-11
Samples,177,BX,-7.889511195529605e-11
Samples,178,BX,-5.684998341821078e-11
Samples,179,BX,-6.604557606815022e-11
Samples,181,BX,-6.884379097787514e-11
Samples,182,BX,-6.774386115673157e-11
Samples,183,BX,-7.11256246319558e-11
Samples,184,BX,-4.8209902493381585e-11
Samples,185,BX,-4.43662629264512e-11
Samples,186,BX,-5.01148445191862e-11
Samples,187,BX,-4.307969755079636e-11
Samples,188,BX,-5.310568194087054e-11
Samples,189,BX,-5.60182942621294e-11
Samples,190,BX,-6.457984152898456e-11
Samples,191,BX,-6.770862635450954e-11
Samples,192,BX,-3.6675746389436596e-11
Samples,193,BX,-4.925846754190852e-11
Samples,194,BX,-6.157351946561307e-11
Samples,195,BX,-8.224886330714816e-11
Samples,196,BX,-5.23139171569477e-11
Samples,197,BX,-5.759900304562697e-11
Samples,198,BX,-5.2264584202948995e-11
Samples,199,BX,-1.0866413165492021e-10
Samples,200,BX,-1.555004971755473e-10
Samples,201,BX,-5.547318191753391e-11
Samples,202,BX,-5.534682863364976e-11
Samples,203,BX,-5.292378945645827e-11
Samples,204,BX,-3.0257100598109656e-12
Samples,205,BX,-6.26105837348948e-11
Samples,206,BX,-6.641516878489548e-11
Samples,207,BX,-1.4037458112979634e-11
Samples,208,BX,-5.401913856121295e-11
Samples,209,BX,-1.0060556019283454e-11
Samples,210,BX,-1.4361705476886427e-11
Samples,211,BX,-6.164015139773901e-11
Samples,212,BX,-1.9760835960195406e-11
Samples,213,BX,-1.7235799387924693e-11
Samples,214,BX,-1.7644735337525953e-11
Samples,215,BX,-9.736046134156114e-12
Samples,216,BX,-1.316644429898508e-11
Samples,217,BX,-1.5138671516659645e-11
Samples,218,BX,-7.619145704154155e-11
Samples,219,BX,-6.067840860822971e-11
Samples,220,BX,-5.6326627205347004e-11
Samples,221,BX,-5.3673936327643505e-11
Samples,222,BX,-6.142736147295512e-11
Samples,223,BX,-5.575197327530263e-11
Samples,224,BX,-4.3791727220494233e-11
Samples,225,BX,-5.999971739287002e-11
Samples,226,BX,-4.9017890987898974e-11
Samples,227,BX,-6.555724213850633e-11
Samples,228,BX,-5.77174774789703e-11
Samples,229,BX,-6.422630417376421e-11
Samples,230,BX,-6.031544124522018e-11
Samples,231,BX,-5.6844337483819404e-11
Samples,232,BX,-6.613972547476191e-11
Samples,233,BX,-5.619267241430059e-11
Samples,234,BX,-6.601014195508486e-11
Samples,235,BX,-5.7183705425765846e-11
Samples,236,BX,-5.0776379289208646e-11
Samples,237,BX,-5.093294764081971e-11
Samples,238,BX,-6.90623566659173e-11
Samples,239,BX,-5.409088203601835e-11
Samples,240,BX,-5.107049020588391e-11
Samples,241,BX,-4.295488346466416e-11
Samples,242,BX,-5.2401854893322994e-11
Samples,243,BX,-5.489801292642158e-11
Samples,244,BX,-5.604553920504537e-11
Samples,245,BX,-5.630474565744524e-11
Samples,246,BX,-5.5153710595822e-11
Samples,247,BX,-6.302982088324344e-11
Samples,248,BX,-5.46128589697887e-11
Samples,249,BX,-5.975115537854715e-11
Samples,250,BX,-5.7311949560560896e-11
Samples,251,BX,-5.498379744491171e-11
Samples,252,BX,-8.020999380533594e-11
Samples,253,BX,-6.223885281846288e-11
Samples,254,BX,-5.743318961363046e-11
Samples,255,BX,-2.30278197895844e-10
Samples,256,BX,-1.9555966770222427e-10
Samples,257,BX,-1.5055957410989536e-10
Samples,258,BX,-4.3504860071364494e-10
Samples,259,BX,-5.161756671090153e-10
Samples,260,BX,-3.317462101315371e-11
Samples,261,BX,-1.2648620721857388e-10
Samples,262,BX,-2.471044816533858e-10
Samples,263,BX,-1.6922160945955937e-10
Samples,264,BX,-1.3337787754000343e-10
Samples,265,BX,-9.002692506529565e-11
Samples,266,BX,-2.0846794877425717e-10
Samples,267,BX,-1.84469424862343e-10
Samples,268,BX,-1.7321881183007276e-10
Samples,269,BX,-1.6443717600879986e-10
Samples,270,BX,-1.3645089514324872e-10
Samples,271,BX,-5.137307663721506e-10
Samples,272,BX,-5.345943306129197e-10
Samples,273,BX,-4.79423542480452e-10
Samples,274,BX,-4.788441436663212e-10
Samples,275,BX,-2.4384586215710067e-10
Samples,276,BX,1.5939252661894756e-11
Samples,277,BX,-2.489622972946039e-10
Samples,278,BX,-3.3017695952526076e-11
Samples,279,BX,-2.563038273055662e-10
Samples,280,BX,-1.9122454615569293e-10
Samples,281,BX,-4.508106285543516e-11
Samples,282,BX,-1.9288587473692976e-11
Samples,283,BX,-4.5065474006702e-11
Samples,284,BX,-4.964319555503679e-11
Samples,285,BX,-3.633772536838213e-11
Samples,286,BX,-5.6535516850920505e-11
Samples,287,BX,-4.4454227887775796e-11
Samples,288,BX,-5.0602609978420285e-11
Samples,289,BX,-3.240431544348758e-11
Samples,290,BX,-4.3461110587062196e-11
Samples,291,BX,-2.825528057210848e-11
Samples,292,BX,6.426488336292261e-12
Samples,293,BX,-4.551905688949465e-11
Samples,294,BX,-4.800353398309377e-10
Samples,295,BX,-4.5668762096159436e-10
Samples,296,BX,-2.3694826201490788e-11
Samples,297,BX,-1.5516144877292133e-10
Samples,298,BX,-1.5651093019542219e-10
Samples,299,BX,-4.285259507559207e-11
Samples,300,BX,1.4171604551547366e-12
Samples,301,BX,-2.488870447093874e-11
Samples,302,BX,-3.7817835484458046e-10
Samples,303,BX,-2.894411681376664e-10
Samples,304,BX,-4.394931252373376e-11
Samples,305,BX,-4.91073577313921e-10
Samples,306,BX,-1.807854323832582e-10
Samples,307,BX,-1.6646232001088653e-10
Samples,308,BX,7.392846488961281e-12
Samples,311,BX,-3.6622683078270304e-10
Samples,319,BX,-3.7339320715104017e-10
Samples,320,BX,-3.200529261878284e-10
Samples,323,BX,5.2795657273507265e-11
Samples,324,BX,-5.520606185011531e-10
Samples,325,BX,-1.5177278225409667e-10
Samples,326,BX,-4.112962046766138e-11
Samples,327,BX,-1.837190854385133e-11
Samples,328,BX,-6.3789334397434e-11
Samples,329,BX,-3.260527471394098e-11
Samples,330,BX,-2.8358899591631247e-11
Samples,331,BX,-1.269914785417711e-11
Samples,332,BX,-5.361996850239812e-11
Samples,333,BX,9.958921635011354e-11
Samples,334,BX,4.620639653589172e-11
Samples,335,BX,2.3912572328748888e-11
Samples,336,BX,1.4283353568671342e-10
Samples,337,BX,-7.250531922087885e-12
Samples,338,BX,-2.0115516075225828e-11
Samples,339,BX,-4.8820308661042804e-11
Samples,340,BX,-3.923448439357363e-10
Samples,341,BX,-2.7598216582506944e-11
Samples,342,BX,-4.888295854093207e-11
Samples,343,BX,-3.511565924608945e-11
Samples,344,BX,-2.1612666641223097e-11
Samples,345,BX,-1.720464412784044e-11
Samples,346,BX,-9.17032564469744e-11
Samples,347,BX,-1.82541848315102e-11
Samples,348,BX,-3.751127586930703e-10
Samples,349,BX,-5.414795062645211e-12
Samples,350,BX,-2.0850709798562112e-11
Samples,351,BX,-6.74334835418614e-12
Samples,352,BX,-3.9052274291289175e-11
Samples,353,BX,-3.091516546143435e-11
Samples,354,BX,-8.391590172066108e-13
Samples,355,BX,-7.327456042315076e-11
Samples,356,BX,-7.53248879331766e-11
Samples,357,BX,-1.225207612354262e-10
Samples,358,BX,-4.913109440929849e-11
Samples,359,BX,-1.912768775900372e-10
Samples,361,BX,-9.753781762669737e-12
Samples,362,BX,-9.5288858789341e-12
Samples,363,BX,-1.3284596585252335e-11
Samples,364,BX,-5.5717099447912074e-11
Samples,365,BX,-3.9148279698627987e-10
Samples,367,BX,-5.510863259601566e-11
Samples,368,BX,-3.736103934013233e-10
Samples,370,BX,-2.46701121501094e-11
Samples,374,BX,-1.0785684273398365e-09
Samples,375,BX,-1.9266600140629528e-13
Samples,376,BX,-8.050665443535454e-10
Samples,377,BX,-3.710339694299934e-10
Samples,378,BX,-4.4796239727725887e-10
Samples,379,BX,-3.40792840707254e-10
Samples,380,BX,-7.810696051854545e-10
Samples,381,BX,-1.3274007495615356e-10
Samples,382,BX,-2.1610962262372362e-10
Samples,383,BX,-8.406752252897563e-11
Samples,384,BX,-3.4219211317113856e-10
Samples,385,BX,-3.031806853189323e-11
Samples,386,BX,-2.8243894154006864e-11
Samples,387,BX,-2.5972191422115488e-11
Samples,388,BX,-1.4305675419935074e-11
Samples,389,BX,-2.6639855719390553e-11
Samples,390,BX,-2.6592721699487713e-11
Samples,391,BX,-1.2768467643341644e-11
Samples,392,BX,-2.8263748314415134e-11
Samples,393,BX,-1.7846849352402618e-11
Samples,394,BX,-2.5555860173857107e-11
Samples,395,BX,-2.50263026429363e-11
Samples,396,BX,-2.2706204250490133e-11
Samples,397,BX,-2.5166938105249733e-11
Samples,398,BX,-2.624617828015082e-11
Samples,399,BX,-2.802727895879135e-11
Samples,400,BX,-3.6144676164784404e-10
Samples,401,BX,-3.519155854010219e-10
Samples,402,BX,-3.8951747193473757e-10
Samples,403,BX,-2.5133335241036202e-11
Samples,404,BX,-2.023202281421886e-11
Samples,405,BX,-2.736755667267876e-11
Samples,406,BX,-2.7750862233750676e-11
Samples,407,BX,-2.7045759862013754e-11
Samples,408,BX,-1.448655683187152e-11
Samples,409,BX,-1.2844944494812995e-11
Samples,410,BX,-3.56996591261644e-10
Samples,411,BX,-1.65846315130231e-11
Samples,412,BX,-4.205949138102662e-10
Samples,413,BX,-2.9308165077578513e-12
Samples,414,BX,-1.2206127039255568e-11
Samples,415,BX,8.620754820835753e-12
Samples,416,BX,-1.915861616491663e-09
Samples,417,BX,-1.5150133172313086e-08
Samples,418,BX,-1.7960116798332583e-11
Samples,419,BX,-2.1504636535502128e-11
Samples,420,BX,-6.323405724947541e-12
Samples,421,BX,-1.0039837002826201e-11
Samples,422,BX,-2.7227090949440844e-12
Samples,423,BX,-7.679407006926833e-12
Samples,424,BX,-1.153026425353865e-11
Samples,425,BX,-3.4870356519953e-12
Samples,426,BX,-2.3752224487003054e-11
Samples,427,BX,-2.088522553817094e-11
Samples,428,BX,-1.80122927791303e-10
Samples,429,BX,-3.364091192097146e-11
Samples,430,BX,-3.2751363985076604e-11
Samples,431,BX,-5.0967967618438194e-11
Samples,432,BX,-5.330638215602929e-11
Samples,433,BX,-3.9846852904051265e-11
Samples,434,BX,-4.4862584810364664e-11
Samples,435,BX,-4.1497103527718794e-11
Samples,436,BX,-3.6922345193444364e-11
Samples,437,BX,-4.648471847658976e-11
Samples,438,BX,-5.240235284588348e-11
Samples,439,BX,-4.8388560226610326e-11
Samples,440,BX,-5.065943084805307e-11
Samples,441,BX,-4.872775071019685e-11
Samples,442,BX,-5.615176832760239e-11
Samples,443,BX,-3.599611505980809e-11
Samples,444,BX,-5.995280670578691e-11
Samples,445,BX,-4.750227825714887e-11
Samples,446,BX,7.50746457092693e-13
Samples,447,BX,-3.3496939273893167e-11
Samples,448,BX,-5.6025815195966274e-11
Samples,449,BX,-3.600995011927224e-11
Samples,450,BX,-4.2764668131098824e-11
Samples,451,BX,-5.009921505069833e-11
Samples,452,BX,-3.518685894630545e-10
Samples,453,BX,-3.8737352024090265e-10
Samples,454,BX,-2.977509788841275e-10
Samples,455,BX,-6.90982846231157e-11
Samples,456,BX,-4.3875052321297385e-11
Samples,457,BX,-3.9830454458017146e-11
Samples,458,BX,-4.276118418859659e-11
Samples,459,BX,-3.644157988139195e-11
Samples,460,BX,-2.2951103322073524e-11
Samples,461,BX,-3.557858946422854e-11
Samples,462,BX,-2.0366869457643485e-11
Samples,463,BX,-3.0248984263279233e-11
Samples,464,BX,-1.2665597293747236e-11
Samples,465,BX,-3.5594323624994455e-12
Samples,466,BX,-7.674720709450247e-12
Samples,467,BX,-6.059594196484167e-12
Samples,468,BX,-3.686402132023947e-11
Samples,469,BX,-1.306328100611431e-11
Samples,470,BX,-1.4398551356812424e-11
Samples,471,BX,-2.2608251213264215e-11
Samples,472,BX,-2.1255215681252692e-11
Samples,473,BX,-2.3716709573405132e-11
Samples,474,BX,-1.7008203441441508e-11
Samples,475,BX,-3.400524880374776e-11
Samples,476,BX,-2.802911234002363e-12
Samples,477,BX,-4.882806259863389e-11
Samples,478,BX,-4.171425430710396e-11
Samples,479,BX,-5.551392902480293e-11
Samples,480,BX,-5.654983222867258e-11
Samples,481,BX,-4.87835131080916e-11
Samples,482,BX,-1.1657626692742532e-12
Samples,483,BX,-3.82619021961177e-11
Samples,484,BX,-4.925959601012322e-11
Samples,485,BX,-5.015392737461296e-11
Samples,486,BX,-3.67056654104434e-11
Samples,487,BX,-5.254046509474459e-11
Samples,488,BX,-4.537216178941798e-11
Samples,489,BX,-4.371581301110911e-11
Samples,490,BX,-3.88662095496245e-11
Samples,491,BX,-5.7867856537434036e-11
Samples,492,BX,-4.488170208289114e-11
Samples,493,BX,-5.53897844969676e-11
Samples,494,BX,-4.8146145069523517e-11
Samples,495,BX,-4.460817245411113e-11
Samples,496,BX,-4.227523851965646e-11
Samples,497,BX,-4.201853435679663e-11
Samples,498,BX,-5.050129507471266e-11
Samples,499,BX,-5.081099459070013e-11
Samples,500,BX,-4.002951465353415e-11
Samples,501,BX,-4.636996867179339e-11
Samples,502,BX,-1.675904898529664e-11
Samples,503,BX,-2.417576841020878e-11
Samples,504,BX,-4.122323015545942e-11
Samples,505,BX,-2.849936895059425e-11
Samples,506,BX,-2.781608149018517e-11
Samples,507,BX,-1.8137302108983975e-11
Samples,508,BX,-5.240112963672089e-10
Samples,509,BX,-2.957477823909232e-10
Samples,510,BX,-1.9603457240673e-10
Samples,511,BX,-2.2277589777890571e-10
Samples,512,BX,-2.0108217693659852e-11
Samples,513,BX,-4.141049996259363e-11
Samples,514,BX,-4.7581006116028325e-11
Samples,515,BX,-3.9739957498287076e-10
Samples,516,BX,-2.2441393129433436e-10
Samples,517,BX,-5.469642368925868e-10
Samples,518,BX,-3.7664969305709416e-10
Samples,519,BX,-4.1878957865679615e-10
Samples,520,BX,-4.339877186708871e-10
Samples,521,BX,-3.6240963614559156e-10
Samples,522,BX,-4.2416874527154327e-10
Samples,523,BX,-4.618884355153681e-10
Samples,524,BX,-1.2910641327683742e-09
Samples,525,BX,-2.872102467197484e-09
Samples,526,BX,-2.856454958586779e-09
Samples,527,BX,-2.5600466035004925e-09
Samples,528,BX,-3.056594380145841e-11
Samples,529,BX,-1.6128675274059577e-10
Samples,530,BX,-3.4202710491711726e-10
Samples,531,BX,-4.3779842964712234e-10
Samples,532,BX,-1.2103980305475915e-10
Samples,533,BX,-2.738170284864003e-10
Samples,534,BX,-2.126960344793766e-08
Samples,535,BX,-2.887011006700873e-11
Samples,536,BX,-1.4780392594972593e-10
Samples,537,BX,-2.0990162545995168e-10
Samples,538,BX,-5.477788566485653e-11
Samples,539,BX,-4.165666228016512e-11
Samples,540,BX,-5.873429739939896e-11
Samples,541,BX,-4.859902905245729e-11
Samples,542,BX,-4.2503976232400506e-11
Samples,543,BX,-4.478809831469048e-11
Samples,544,BX,-3.7060219650813177e-10
Samples,545,BX,-3.4218153042783104e-10
Samples,546,BX,-3.39310884007495e-10
Samples,547,BX,-1.9626930924334777e-10
Samples,548,BX,-3.1433053182949e-10
Samples,549,BX,-1.7519446578340107e-10
Samples,550,BX,-9.35211172034193e-11
Samples,551,BX,-3.0395005222293647e-10
Samples,552,BX,-4.0932486239830713e-10
Samples,553,BX,-3.32137540533704e-10
Samples,554,BX,-2.8757835318656943e-10
Samples,555,BX,-3.2265363807932746e-10
Samples,556,BX,-2.803918444640564e-12
Samples,557,BX,-2.8030953957948723e-10
Samples,558,BX,-3.835240189376865e-10
Samples,559,BX,-3.144172469996207e-11
Samples,560,BX,-7.835886193212956e-11
Samples,561,BX,-2.91290302499199e-11
Samples,562,BX,-4.4323963656998135e-10
Samples,563,BX,-2.811545986550357e-10
Samples,564,BX,-1.8503241357275963e-10
Samples,565,BX,-8.661059025609252e-11
Samples,566,BX,-4.2327557760614667e-10
Samples,567,BX,-1.7360507347140467e-10
Samples,568,BX,-4.671116722312208e-10
Samples,569,BX,-2.2058431980538604e-11
Samples,570,BX,-4.0789184261641896e-10
Samples,571,BX,-1.28989440589306e-10
Samples,572,BX,-4.680977481718306e-10
Samples,573,BX,-4.393134700521528e-10
Samples,574,BX,-3.570126383776063e-10
Samples,575,BX,-8.228218707058771e-10
Samples,576,BX,-3.97462563963409e-10
Samples,577,BX,-2.2032817681415235e-10
Samples,578,BX,-4.3164401104010745e-10
Samples,579,BX,-2.4706563229205785e-10
Samples,580,BX,-3.782841903611425e-10
Samples,581,BX,-2.207928585242283e-10
Samples,582,BX,-3.200861308193824e-11
Samples,583,BX,-4.412548641439354e-10
Samples,584,BX,-2.4444573196885454e-10
Samples,585,BX,-1.7629864863658269e-10
Samples,586,BX,-4.052329212338156e-10
Samples,587,BX,-2.190014720546798e-10
Samples,588,BX,-1.0384102213859473e-10
Samples,589,BX,-7.426874550996898e-10
Samples,590,BX,-7.070703553909089e-10
Samples,591,BX,-6.640843390787982e-10
Samples,592,BX,-4.0268771838084095e-10
Samples,593,BX,-4.805385309380862e-10
Samples,594,BX,-6.068816707743585e-10
Samples,595,BX,-6.151226982886634e-10
Samples,596,BX,-8.932002054026716e-11
Samples,597,BX,-2.7194388323644103e-11
Samples,598,BX,-3.001323120639199e-10
Samples,599,BX,-1.410420452361945e-10
Samples,600,BX,-1.435056409163251e-10
Samples,601,BX,-3.756181591154629e-11
Samples,602,BX,-3.34444754001749e-11
Samples,603,BX,-4.1595062533241526e-11
Samples,604,BX,-3.80679197440669e-11
Samples,605,BX,-1.453434310490762e-11
Samples,606,BX,-2.940810965263374e-11
Samples,607,BX,-1.374192984080244e-11
Samples,608,BX,-3.22221996376553e-11
Samples,609,BX,-3.058312054253795e-11
Samples,610,BX,-1.585279560088535e-11
Samples,611,BX,-1.710572670165356e-11
Samples,612,BX,-2.1878498336804524e-11
Samples,613,BX,-3.283880826338631e-11
Samples,614,BX,-2.8972512805959934e-11
Samples,615,BX,-3.6216354757585e-11
Samples,616,BX,-1.977089258242534e-11
Samples,617,BX,-3.403280727390184e-11
Samples,618,BX,-3.4967242219322933e-11
Samples,619,BX,-3.9926101283209584e-11
Samples,620,BX,-5.982617948659203e-11
Samples,621,BX,-3.779376338743561e-10
Samples,622,BX,2.551055549696224e-13
Samples,623,BX,-5.469996731070889e-11
Samples,624,BX,-2.1665899254731904e-11
Samples,625,BX,-2.0959282139455782e-11
Samples,626,BX,-3.244256044498273e-11
Samples,627,BX,-2.5032145478263284e-11
Samples,628,BX,-1.4749767593198817e-11
Samples,629,BX,-2.8902137005626887e-11
Samples,630,BX,-1.944595934531258e-11
Samples,631,BX,-1.3241747855701703e-11
Samples,632,BX,-1.7833085513331336e-11
Samples,633,BX,-1.848283610951165e-11
Samples,634,BX,-5.619334393573963e-12
Samples,635,BX,-2.7133899946415427e-11
Samples,636,BX,-1.0648165329150834e-11
Samples,637,BX,-1.050757431900924e-11
Samples,638,BX,-2.356444786837521e-08
Samples,639,BX,-3.844128494653298e-07
Samples,640,BX,1.0107352278361955e-08
Samples,641,BX,-4.812126688294793e-10
Samples,642,BX,-2.4657566186018582e-08
Samples,643,BX,-1.4195019237292468e-09
Samples,645,BX,-4.338652224672832e-08
Samples,646,BX,3.316636523151442e-09
Samples,647,BX,-4.192372134536557e-09
Samples,648,BX,-8.066417438500801e-10
Samples,649,BX,-6.781045924286902e-10
Samples,650,BX,3.021565533298284e-10
Samples,651,BX,-1.2642091354310225e-10
Samples,652,BX,-4.265431491178748e-09
Samples,653,BX,-8.344290346630329e-10
Samples,654,BX,8.140699088204652e-11
Samples,655,BX,-3.4087385831349155e-10
Samples,656,BX,-4.87217818606885e-10
Samples,657,BX,-2.6050311738351587e-10
Samples,658,BX,-5.248901248771463e-10
Samples,659,BX,1.1862099104707977e-12
Samples,660,BX,5.8619693869131884e-12
Samples,661,BX,1.5448143154552878e-11
Samples,662,BX,-2.4127805905458276e-11
Samples,663,BX,-2.1991401322217915e-12
Samples,664,BX,-1.6333109637238326e-11
Samples,665,BX,-1.4274509938656584e-10
Samples,666,BX,-2.040719940131118e-11
Samples,667,BX,-3.252294753075531e-11
Samples,668,BX,-3.1169345031869056e-11
Samples,669,BX,-1.0729572319262949e-10
Samples,670,BX,-3.948146976656156e-10
Samples,671,BX,-1.1892613640898887e-10
Samples,672,BX,-3.4157826430745118e-09
Samples,673,BX,-5.871216777070645e-10
Samples,674,BX,-5.917657660247443e-10
Samples,675,BX,-3.664309373466241e-10
Samples,676,BX,-2.856161031930778e-10
Samples,677,BX,-4.2952726226678767e-10
Samples,678,BX,-1.5185456417305194e-10
Samples,679,BX,-2.129637549938084e-10
Samples,680,BX,-6.653645435410862e-10
Samples,681,BX,-1.398251054864859e-10
Samples,682,BX,-2.4080478404045302e-11
Samples,683,BX,-2.129191697448003e-11
Samples,684,BX,-2.1776092967427526e-12
Samples,685,BX,-2.0092289087444568e-10
Samples,686,BX,-1.9161463181407116e-10
Samples,687,BX,-2.0632748853669662e-10
Samples,688,BX,-2.3875687844554505e-10
Samples,689,BX,-1.8487502516746632e-11
Samples,690,BX,-1.56987701251601e-10
Samples,691,BX,-2.231077630921556e-10
Samples,692,BX,-2.1710237038012373e-10
Samples,693,BX,-1.0314813426697953e-10
Samples,694,BX,-2.2254856000663902e-11
Samples,695,BX,-4.378222620736368e-11
Samples,696,BX,-3.888732275825256e-11
Samples,697,BX,-5.3042868780313645e-11
Samples,698,BX,-1.4790418520983766e-10
Samples,699,BX,-1.6212738317002777e-11
Samples,700,BX,-1.4548512253291002e-10
Samples,701,BX,-4.1907672311236713e-10
Samples,702,BX,-3.0379010274299e-10
Samples,703,BX,-2.55888059685576e-10
Samples,704,BX,-1.3078834010749646e-10
Samples,705,BX,-2.7956358619493485e-11
Samples,706,BX,-3.4201135004296144e-09
Samples,707,BX,-3.6071009990319505e-11
Samples,708,BX,-2.6922015929148984e-10
Samples,709,BX,-2.370653969674827e-09
Samples,710,BX,-4.969173898806151e-10
Samples,711,BX,-2.7614557372718236e-10
Samples,712,BX,-1.064032002245959e-11
Samples,713,BX,-1.5928692115950247e-11
Samples,714,BX,-4.21224172432797e-10
Samples,715,BX,-1.191747135359578e-10
Samples,716,BX,-3.6131549625873143e-10
Samples,717,BX,-1.1609912745387043e-09
Samples,718,BX,-2.5977414225143855e-11
Samples,719,BX,-1.8527084927558359e-10
Samples,720,BX,-2.0233939681645115e-11
Samples,721,BX,-1.3653801897620949e-10
Samples,722,BX,-6.652020875745896e-10
Samples,723,BX,-9.554754547748576e-11
Samples,724,BX,-7.183414187822168e-11
Samples,725,BX,-5.616792178796672e-11
Samples,726,BX,-1.1378249150902499e-10
Samples,727,BX,-1.1153945640865932e-10
Samples,728,BX,-3.7731603176753055e-11
Samples,729,BX,-2.1321931268961053e-11
Samples,730,BX,-4.037964698039576e-11
Samples,731,BX,-6.945773388901318e-11
Samples,732,BX,-3.6473139770118755e-10
Samples,733,BX,-2.2716461042608586e-10
Samples,734,BX,-7.650911166407944e-11
Samples,735,BX,-1.7227330107312672e-10
Samples,736,BX,-3.004983473716889e-10
Samples,737,BX,-1.8119943529252027e-10
Samples,738,BX,-1.5625073962426946e-10
Samples,739,BX,-2.9400361907300895e-10
Samples,740,BX,-1.8512751621606555e-10
Samples,741,BX,-7.512477654043762e-12
Samples,742,BX,-1.5417471809605076e-10
Samples,743,BX,-4.517303073468831e-12
Samples,744,BX,-1.8730319361755828e-10
Samples,745,BX,-1.27466763310592e-10
Samples,746,BX,-2.0682356641529083e-10
Samples,747,BX,-4.3367828448332294e-11
Samples,748,BX,-1.5596887949224092e-10
Samples,749,BX,-1.1624934739692638e-11
Samples,750,BX,-8.422935560491602e-11
Samples,751,BX,-4.5683088216517757e-10
Samples,752,BX,-2.539729016897334e-10
Samples,753,BX,-3.1975998106945344e-10
Samples,754,BX,-3.7736738836579944e-11
Samples,755,BX,-2.3034804964158996e-11
Samples,756,BX,-1.2557660076989182e-11
Samples,757,BX,-2.0268236405866363e-11
Samples,758,BX,-1.2915200782943031e-11
Samples,759,BX,-9.683148121556723e-12
Samples,760,BX,-4.1732613391386726e-12
Samples,761,BX,1.3073268757273869e-12
Samples,762,BX,-1.0294433375444177e-11
Samples,763,BX,-1.8821577998143255e-10
Samples,764,BX,-1.0445587748243282e-11
Samples,765,BX,-1.7571638145310847e-11
Samples,766,BX,-2.0675249501736155e-09
Samples,767,BX,-6.579030793578069e-10
Samples,768,BX,-1.864651677478171e-09
Samples,769,BX,-2.5916802891462935e-09
Samples,770,BX,-1.359411875134227e-09
Samples,771,BX,-3.1086594437338475e-10
Samples,772,BX,-1.3535312964903554e-09
Samples,773,BX,-3.0517854265191466e-10
Samples,774,BX,-8.89387405141581e-12
Samples,775,BX,-1.9942723180896937e-10
Samples,776,BX,-4.9393661534455194e-12
Samples,777,BX,1.5513723814457714e-12
Samples,778,BX,-1.2973543318034693e-11
Samples,779,BX,-1.8291458506797496e-11
Samples,780,BX,-1.8477720515498547e-11
Samples,781,BX,1.5900872988050185e-11
Samples,782,BX,-2.0124425183124856e-11
Samples,783,BX,-2.4163295413798975e-11
Samples,784,BX,-1.2479432569309042e-11
Samples,785,BX,2.2790062449415928e-11
Samples,786,BX,-2.857753001087638e-10
Samples,787,BX,-2.4957649882172636e-11
Samples,788,BX,-1.1254179614816809e-11
Samples,789,BX,3.99227325755945e-12
Samples,790,BX,-2.1828778494710325e-11
Samples,791,BX,-2.100347698782645e-11
Samples,792,BX,-7.544629091412276e-12
Samples,793,BX,-1.0636512585525422e-10
Samples,794,BX,-1.4472438543925064e-12
Samples,795,BX,2.2181660963560235e-11
Samples,796,BX,-2.3244732143045565e-11
Samples,797,BX,-3.388658668146667e-10
Samples,798,BX,-1.9783159664999e-11
Samples,799,BX,-4.3466261717314667e-10
Samples,800,BX,-1.528948391483105e-11
Samples,801,BX,-2.7842711189205082e-11
Samples,802,BX,-1.6163245373891587e-11
Samples,803,BX,-1.5057354519081036e-11
Samples,804,BX,-9.046248197200657e-12
Samples,805,BX,-1.2870590108289484e-10
Samples,806,BX,-1.4126750636966145e-11
Samples,807,BX,-1.2084901061839918e-11
Samples,808,BX,-1.5622191927150073e-11
Samples,809,BX,-1.1293222089293983e-11
Samples,810,BX,-1.1869895387483842e-11
Samples,811,BX,-1.5088608657769377e-11
Samples,812,BX,-1.3358783343788745e-10
Samples,813,BX,-1.981676814729484e-11
Samples,814,BX,-9.508454244421157e-12
Samples,815,BX,-9.091608535225072e-12
Samples,816,BX,-9.95980824752943e-12
Samples,817,BX,-8.454170437991821e-12
Samples,818,BX,-1.2340244627102449e-11
Samples,819,BX,-5.941641397254098e-12
Samples,820,BX,-2.3531441560897176e-11
Samples,821,BX,-5.4794847292051704e-12
Samples,822,BX,-2.1166885571931207e-10
Samples,823,BX,-2.177091406804718e-10
Samples,824,BX,-2.964727775830998e-11
Samples,825,BX,-2.6702913984155143e-11
Samples,826,BX,3.833283283212112e-12
Samples,827,BX,-3.8028509195611925e-11
Samples,828,BX,-4.5452174453664606e-11
Samples,829,BX,-2.003712267904927e-11
Samples,830,BX,-2.4744951113632898e-11
Samples,831,BX,-2.8095815390819998e-11
Samples,832,BX,-2.2924927333766763e-10
Samples,833,BX,-2.594623316929188e-10
Samples,834,BX,-2.334220424839838e-10
Samples,835,BX,-2.101090793898699e-10
Samples,836,BX,-1.0020747011981956e-09
Samples,837,BX,-1.0462990487780866e-09
Samples,838,BX,-1.3839619996256026e-09
Samples,839,BX,-6.294475242602697e-10
Samples,840,BX,-1.0678761261477427e-09
Samples,841,BX,-2.2691407785433283e-10
Samples,842,BX,-6.355077836599947e-10
Samples,843,BX,-3.094337731505342e-09
Samples,844,BX,-1.979225988680092e-09
Samples,845,BX,-2.576820371797435e-09
Samples,846,BX,-4.665589884295219e-10
Samples,847,BX,-3.4408451285759906e-09
Samples,848,BX,-3.763955364078538e-09
Samples,849,BX,-1.1167440953559876e-11
Samples,850,BX,-2.2603574244647569e-10
Samples,851,BX,-2.11410717906671e-11
Samples,852,BX,-4.779324759576418e-11
Samples,853,BX,-3.4418077459541576e-11
Samples,854,BX,-1.7824285465020188e-11
Samples,855,BX,-3.277440909367591e-11
Samples,856,BX,-2.193600922739593e-11
Samples,857,BX,-8.075609866732807e-12
Samples,858,BX,-1.7362387678986117e-11
Samples,859,BX,-2.193804727288569e-11
Samples,860,BX,-2.7791210511206203e-11
Samples,861,BX,-1.0692641017430038e-11
Samples,862,BX,-4.998828070795426e-12
Samples,863,BX,1.606118972612895e-11
Samples,864,BX,-3.9412936899013204e-12
Samples,865,BX,-1.3581185145701338e-11
Samples,866,BX,-2.158706885789634e-11
Samples,867,BX,3.654438891713826e-12
Samples,868,BX,7.270279268808028e-13
Samples,869,BX,-2.628809187171635e-11
Samples,870,BX,5.7916190785766144e-11
Samples,871,BX,-1.9200648999545276e-11
Samples,872,BX,-4.149525406814142e-11
Samples,873,BX,-1.2195831010106694e-11
Samples,874,BX,-2.8067494965869673e-11
Samples,875,BX,-1.1929581452423675e-12
Samples,876,BX,-3.755783524810116e-11
Samples,877,BX,7.388701494035629e-13
Samples,878,BX,-3.0851174414341924e-11
Samples,879,BX,-1.4332843660172739e-11
Samples,880,BX,-1.592292914670444e-11
Samples,881,BX,-2.8208295419741115e-11
Samples,882,BX,-1.2551492139165441e-11
Samples,883,BX,-1.5972715977634224e-11
Samples,884,BX,-1.1633782579036612e-11
Samples,885,BX,-1.9539014742575604e-11
Samples,886,BX,-4.0670629296924004e-11
Samples,887,BX,1.1230191565163173e-11
Samples,888,BX,3.6131979438579202e-12
Samples,889,BX,-1.4156497927475204e-11
Samples,890,BX,-1.1157799998500973e-10
Samples,891,BX,-1.6131534589109584e-10
Samples,892,BX,-1.0298985729977277e-10
Samples,893,BX,-1.1051994672088839e-10
Samples,894,BX,-6.843582775992923e-10
Samples,895,BX,-5.072057181432583e-10
Samples,896,BX,-6.844216495222207e-11
Samples,897,BX,-1.9763842383054106e-10
Samples,898,BX,-7.93834016716801e-11
Samples,899,BX,-1.3167030208758714e-09
Samples,900,BX,1.5279301867525583e-10
Samples,901,BX,-5.555801830943852e-10
Samples,902,BX,1.5385646014421563e-11
Samples,903,BX,-1.4571445793430097e-11
Samples,904,BX,-1.6299771085345152e-10
Samples,905,BX,-3.0087445424277897e-10
Samples,906,BX,5.165701444646767e-10
Samples,907,BX,4.919319259074978e-10
Samples,908,BX,5.276910428740507e-10
Samples,909,BX,2.2975094184450565e-10
Samples,910,BX,6.348881070507177e-12
Samples,911,BX,-6.336836345331683e-11
Samples,912,BX,2.3961779817863854e-11
Samples,913,BX,-6.719099719761118e-12
Samples,914,BX,-6.796763782432556e-11
Samples,915,BX,-2.1383656527589602e-09
Samples,916,BX,-1.4310146489330952e-09
Samples,917,BX,-2.308836333451331e-10
Samples,918,BX,-1.0520159987965948e-10
Samples,919,BX,-8.711578933660891e-11
Samples,920,BX,1.8720984661450893e-11
Samples,921,BX,6.976385853337904e-12
Samples,922,BX,2.10849045908066e-11
Samples,923,BX,1.2482987291085592e-11
Samples,924,BX,-1.8249438799865125e-11
Samples,925,BX,-9.843514592696157e-11
Samples,926,BX,-1.2810229470852923e-10
Samples,927,BX,5.73795197987048e-10
Samples,928,BX,5.820998502757229e-09
Samples,929,BX,-1.2192435776313507e-10
Samples,930,BX,4.790226561463935e-10
Samples,931,BX,2.489788990082382e-10
Samples,932,BX,1.8136366816096338e-10
Samples,933,BX,1.406336787678777e-09
Samples,934,BX,6.051497215431763e-10
Samples,935,BX,4.793495326164882e-10
Samples,936,BX,2.915962151528941e-10
Samples,937,BX,-9.39061243849838e-11
Samples,938,BX,5.6290030331070734e-11
Samples,939,BX,1.292954340020389e-09
Samples,940,BX,-4.4087433362158356e-10
Samples,941,BX,-3.903424344413705e-10
Samples,942,BX,1.599063600983658e-11
Samples,943,BX,-1.2319025844650741e-10
Samples,944,BX,-1.6493297841845375e-09
Samples,945,BX,2.496152418129218e-10
Samples,946,BX,2.1525292917762443e-10
Samples,947,BX,2.3577173455716196e-10
Samples,948,BX,2.6816339814572895e-10
Samples,949,BX,2.0616063183177423e-10
Samples,950,BX,1.8838797500735367e-10
Samples,951,BX,1.9323442553600196e-09
Samples,952,BX,2.956617534485543e-10
Samples,953,BX,2.1978309859582092e-10
Samples,954,BX,7.823494245445445e-09
Samples,955,BX,4.965233848439155e-09
Samples,956,BX,2.1636433763403997e-11
Samples,959,BX,4.833888940479574e-10
Samples,960,BX,4.1154215293760804e-10
Samples,961,BX,2.6288697987091035e-10
Samples,962,BX,3.49381983133538e-10
Samples,963,BX,4.897879713855483e-10
Samples,964,BX,4.173322464964898e-10
Samples,965,BX,3.556434472019221e-10
Samples,966,BX,1.9268171968933616e-11
Samples,967,BX,1.1916997124779894e-10
Samples,969,BX,-4.6205658414315006e-10
Samples,970,BX,-2.0051503063157957e-10
Samples,971,BX,2.2617707490268663e-11
Samples,973,BX,-1.9315602753576728e-10
Samples,974,BX,-1.574889023674626e-11
Samples,975,BX,3.148636042370191e-10
Samples,976,BX,-9.629334657170463e-11
Samples,977,BX,-1.501694386735719e-10
Samples,978,BX,-4.192372134536571e-09
Samples,979,BX,6.789283757955902e-11
Samples,982,BX,2.787493672179029e-10
Samples,983,BX,2.1576072018984404e-10
Samples,985,BX,1.9983198226582487e-10
Samples,987,BX,3.889250651157025e-09
Samples,988,BX,2.2164699872007195e-09
Samples,989,BX,4.369200698751254e-09
Samples,990,BX,3.170326438061917e-09
Samples,991,BX,5.751001060352347e-09
Samples,992,BX,6.968141554667302e-09
Samples,993,BX,7.654063343119817e-09
Samples,994,BX,1.891999426471513e-09
Samples,995,BX,4.1968554664430264e-10
Samples,996,BX,3.1889245255029225e-09
Samples,997,BX,7.093799960467961e-09
Samples,998,BX,1.0668764492359679e-09
Samples,999,BX,4.417176286859728e-09
Samples,1000,BX,1.12159990504265e-10
Samples,1001,BX,1.0046712243765246e-10
Samples,1002,BX,8.127014617420214e-10
Samples,1003,BX,1.0238289934924225e-09
Samples,1004,BX,1.0802676169545315e-09
Samples,1005,BX,1.1968507150171076e-09
Samples,1006,BX,7.821830248895849e-10
Samples,1007,BX,1.0985226454996741e-09
Samples,1008,BX,1.2188248632703116e-09
Samples,1009,BX,1.5826507556136314e-09
Samples,1010,BX,3.839318087388229e-10
Samples,1011,BX,3.0952255730110654e-10
Samples,1012,BX,6.757394029818982e-13
Samples,1013,BX,6.948679305876209e-10
Samples,1014,BX,-1.432640868368172e-10
Samples,1015,BX,-1.868448061841254e-10
Samples,1016,BX,-1.5962626462198852e-10
Samples,1017,BX,-1.5681648506981305e-10
Samples,1018,BX,-1.5128800138828368e-10
Samples,1019,BX,-2.6558695000580583e-12
Samples,1020,BX,2.327429280151689e-13
Samples,1021,BX,-1.0854088688601098e-12
Samples,1022,BX,2.026821539629202e-12
Samples,1023,BX,-2.646675099223238e-12
Samples,1024,BX,-2.688912879458335e-12
Samples,1025,BX,-6.948573544606881e-10
Samples,4,BY,2.2338279531146064e-12
Samples,5,BY,1.6580942391754015e-11
Samples,6,BY,3.4973055917022112e-12
Samples,7,BY,1.1908607557160962e-12
Samples,8,BY,3.092750389745795e-13
Samples,9,BY,1.6917057045059584e-12
Samples,10,BY,8.164657650631642e-13
Samples,11,BY,1.7341246168809944e-12
Samples,12,BY,1.4277852478461777e-08
Samples,17,BY,-1.226844579417468e-13
Samples,19,BY,5.4109769048590305e-11
Samples,20,BY,1.3015437293289892e-10
Samples,21,BY,9.265840464181519e-11
Samples,26,BY,6.590415537202898e-12
Samples,28,BY,5.3177571235905506e-12
Samples,29,BY,2.1429914213439478e-11
Samples,30,BY,1.5319887271727805e-11
Samples,32,BY,5.906647251203849e-11
Samples,34,BY,2.886366753001764e-11
Samples,35,BY,1.5031753681923509e-06
Samples,37,BY,3.2716720294206616e-11
Samples,39,BY,3.247076333999837e-11
Samples,41,BY,2.514918444691479e-11
Samples,42,BY,2.127796294489322e-11
Samples,44,BY,2.3372024542920878e-11
Samples,55,BY,1.4950423128765648e-11
Samples,56,BY,2.84942693001764e-11
Samples,58,BY,6.0453995464633834e-12
Samples,59,BY,8.112190539558718e-12
Samples,60,BY,6.563220419759771e-13
Samples,61,BY,4.598569454113733e-13
Samples,62,BY,7.700430637528528e-13
Samples,63,BY,4.1041741421358436e-13
Samples,64,BY,3.995647864825771e-13
Samples,65,BY,1.2454253678356153e-12
Samples,66,BY,3.68252730035722e-13
Samples,67,BY,5.732544488520377e-13
Samples,68,BY,4.2791469621048183e-13
Samples,69,BY,2.974807100981145e-13
Samples,70,BY,2.4116489431997803e-13
Samples,71,BY,7.027037521093681e-12
Samples,72,BY,2.7441350967555134e-12
Samples,73,BY,2.122770130315924e-11
Samples,74,BY,3.762120966167486e-11
Samples,75,BY,6.049634393777519e-11
Samples,76,BY,2.1309927085264225e-13
Samples,77,BY,1.6941012251046928e-10
Samples,78,BY,1.3613585408262941e-12
Samples,79,BY,1.3077459053115446e-12
Samples,80,BY,4.240466332839445e-13
Samples,81,BY,6.03720015765575e-10
Samples,82,BY,3.079885318997301e-11
Samples,83,BY,1.1220080306772862e-11
Samples,84,BY,7.257919846072299e-11
Samples,85,BY,6.231131930399166e-11
Samples,86,BY,5.891930835078794e-10
Samples,87,BY,4.749309880859462e-10
Samples,88,BY,3.305500932905009e-10
Samples,89,BY,2.965244623081695e-10
Samples,91,BY,-2.9095104573919095e-11
Samples,93,BY,-3.472585149126855e-11
Samples,94,BY,-3.541834920832922e-11
Samples,95,BY,2.1874314139559757e-12
Samples,96,BY,1.4666463174272612e-11
Samples,98,BY,6.2974129206054265e-12
Samples,100,BY,3.763789317326728e-11
Samples,101,BY,-1.8975306375312575e-11
Samples,102,BY,1.8127062785988805e-10
Samples,103,BY,2.624124327840555e-10
Samples,106,BY,-1.4522428938250038e-12
Samples,107,BY,-2.567700686791448e-11
Samples,109,BY,2.6284974084165512e-11
Samples,113,BY,-1.1285436574916436e-11
Samples,115,BY,8.145277720095718e-12
Samples,118,BY,8.89310951042467e-13
Samples,119,BY,1.0889708420452552e-13
Samples,120,BY,4.5064635185623037e-13
Samples,121,BY,3.631246861235568e-11
Samples,122,BY,2.8744948634991775e-13
Samples,123,BY,1.3241245638719012e-11
Samples,124,BY,7.980894286675241e-13
Samples,125,BY,1.9623298308785065e-12
Samples,126,BY,-3.1587800129934077e-13
Samples,127,BY,3.490352577665873e-11
Samples,128,BY,3.5434766068219736e-11
Samples,129,BY,3.5044432009620965e-11
Samples,130,BY,3.42977552537765e-11
Samples,131,BY,-1.1437258131253394e-15
Samples,132,BY,-1.7599683182394555e-15
Samples,133,BY,-3.014376006136482e-16
Samples,134,BY,-1.4946343539218977e-15
Samples,136,BY,-2.057574975866877e-14
Samples,137,BY,-5.0933876090726665e-14
Samples,138,BY,-5.722574875591561e-14
Samples,139,BY,1.3088891133128698e-11
Samples,140,BY,1.3218802183936922e-11
Samples,141,BY,1.125064877632377e-11
Samples,142,BY,1.6508808274326618e-11
Samples,143,BY,1.3293386921285828e-11
Samples,144,BY,1.3106407926158448e-11
Samples,145,BY,7.340749706781017e-12
Samples,146,BY,2.079623280693765e-11
Samples,147,BY,1.2866585961821855e-11
Samples,148,BY,1.770873055622423e-11
Samples,149,BY,1.2126967277545746e-11
Samples,150,BY,7.749115406802568e-12
Samples,151,BY,8.334732459304978e-12
Samples,152,BY,2.0703949845627634e-11
Samples,153,BY,7.871605798110163e-12
Samples,154,BY,1.1428675010835302e-11
Samples,155,BY,8.133721856268733e-12
Samples,156,BY,3.8839445731134667e-10
Samples,158,BY,-2.2488565534403243e-13
Samples,159,BY,5.7319651066555e-12
Samples,160,BY,1.4037045123480119e-11
Samples,161,BY,1.3335360356810888e-11
Samples,164,BY,4.468433550186341e-13
Samples,165,BY,3.165178157894763e-11
Samples,166,BY,4.193579118544191e-11
Samples,167,BY,7.835433664802878e-11
Samples,169,BY,1.994182255907256e-10
Samples,171,BY,-1.226844579417468e-13
Samples,172,BY,1.4931235011303658e-10
Samples,174,BY,1.1339024201886127e-11
Samples,175,BY,-6.964592011261941e-14
Samples,176,BY,3.532924561363621e-13
Samples,177,BY,2.502538917599369e-13
Samples,178,BY,1.3061462670549792e-11
Samples,179,BY,3.382201211774213e-12
Samples,181,BY,5.0356993716466365e-12
Samples,182,BY,2.3522098961638785e-12
Samples,183,BY,1.678853033260136e-12
Samples,184,BY,1.5962717795766778e-11
Samples,185,BY,1.7558372791708118e-11
Samples,186,BY,1.600063149190229e-11
Samples,187,BY,2.0065096651143383e-11
Samples,188,BY,1.2748906293894367e-11
Samples,189,BY,1.1451880895917705e-11
Samples,190,BY,3.2065351605134577e-12
Samples,191,BY,-6.175357486396457e-14
Samples,192,BY,1.8693744841672938e-11
Samples,193,BY,1.3282317221225109e-11
Samples,194,BY,7.047755872894222e-12
Samples,195,BY,-7.22072627668423e-14
Samples,196,BY,9.813830073941133e-12
Samples,197,BY,3.038504979951059e-12
Samples,198,BY,5.026245839304607e-12
Samples,199,BY,7.540617921775823e-11
Samples,200,BY,3.736779716932477e-11
Samples,201,BY,1.1287088024817774e-11
Samples,202,BY,8.163939797385417e-12
Samples,203,BY,6.308646738633333e-12
Samples,204,BY,-2.656307121584996e-15
Samples,205,BY,8.570681738682801e-12
Samples,206,BY,4.512373763919725e-12
Samples,207,BY,5.358073980991667e-12
Samples,208,BY,6.326582192497111e-12
Samples,209,BY,8.297198419814242e-12
Samples,210,BY,4.989099407658643e-12
Samples,211,BY,5.564482319755731e-12
Samples,212,BY,1.8521808255158335e-12
Samples,213,BY,6.285650158338322e-12
Samples,214,BY,3.296025008699376e-12
Samples,215,BY,7.376212446236652e-12
Samples,216,BY,4.848520480536629e-12
Samples,217,BY,3.1525314134205968e-12
Samples,218,BY,-6.688939321437445e-14
Samples,219,BY,8.163949696815813e-12
Samples,220,BY,9.802758811984938e-12
Samples,221,BY,8.938733012513229e-12
Samples,222,BY,5.3805365972997235e-12
Samples,223,BY,1.8454125655256528e-12
Samples,224,BY,9.726816073303533e-12
Samples,225,BY,4.57347775017818e-13
Samples,226,BY,1.3001046608282163e-13
Samples,227,BY,4.145986650540471e-12
Samples,228,BY,7.503842439840356e-12
Samples,229,BY,2.1079369022404617e-12
Samples,230,BY,6.685054643118965e-12
Samples,231,BY,7.099126038363605e-12
Samples,232,BY,1.8696459238119197e-12
Samples,233,BY,9.197239545495411e-12
Samples,234,BY,5.4517964830641525e-12
Samples,235,BY,1.0495562554750283e-11
Samples,236,BY,8.550462139245934e-12
Samples,237,BY,1.3653962510780177e-11
Samples,238,BY,4.076090783479797e-12
Samples,239,BY,1.1507963578358601e-11
Samples,240,BY,6.458604264158178e-12
Samples,241,BY,9.143088087606438e-12
Samples,242,BY,1.3745423099285184e-11
Samples,243,BY,1.1109926114466388e-11
Samples,244,BY,1.2662985432828223e-11
Samples,245,BY,8.186198480326434e-12
Samples,246,BY,1.2018981288269274e-11
Samples,247,BY,8.21186773518509e-12
Samples,248,BY,1.3324390561893609e-11
Samples,249,BY,1.1053691393078216e-11
Samples,250,BY,1.1689476972369071e-11
Samples,251,BY,1.3407324355180784e-11
Samples,252,BY,-7.041731479741108e-14
Samples,253,BY,1.0109798450839074e-11
Samples,254,BY,1.1790902166881064e-11
Samples,255,BY,1.2609161051878018e-11
Samples,256,BY,6.733907792239357e-11
Samples,257,BY,2.0314680814845626e-10
Samples,258,BY,2.9075695070076597e-11
Samples,259,BY,2.769608878774862e-12
Samples,260,BY,3.4661959374774258e-12
Samples,261,BY,9.184053432226804e-11
Samples,262,BY,4.2996217140520945e-11
Samples,263,BY,8.067357520189532e-11
Samples,264,BY,5.895550184636476e-11
Samples,265,BY,8.474356864875462e-12
Samples,266,BY,1.5523206448705504e-11
Samples,267,BY,3.116940106884285e-11
Samples,268,BY,4.241945663519048e-11
Samples,269,BY,3.701907816365402e-11
Samples,270,BY,8.298206298070245e-11
Samples,271,BY,3.189234354218597e-11
Samples,272,BY,5.6971058590962537e-11
Samples,273,BY,3.2874918164353615e-11
Samples,274,BY,4.002434330676268e-11
Samples,275,BY,8.813175057081072e-13
Samples,276,BY,1.8727592489778203e-10
Samples,277,BY,1.7790751016969065e-11
Samples,278,BY,2.482627028549427e-12
Samples,279,BY,2.6414617860106526e-12
Samples,280,BY,3.99496285126229e-11
Samples,281,BY,2.010596974250553e-11
Samples,282,BY,4.233688778015024e-11
Samples,283,BY,2.104774535393129e-11
Samples,284,BY,1.65693988296218e-11
Samples,285,BY,4.3554843810326565e-12
Samples,286,BY,1.2035681225640013e-11
Samples,287,BY,1.848196230616839e-11
Samples,288,BY,1.3711897102452103e-11
Samples,289,BY,2.6987140559470537e-11
Samples,290,BY,1.7748217821850088e-11
Samples,291,BY,2.4138857655312953e-11
Samples,292,BY,5.688082111317902e-11
Samples,293,BY,2.018632711017453e-11
Samples,294,BY,1.5348570907819238e-12
Samples,295,BY,2.061649363839679e-12
Samples,296,BY,4.7845178538733765e-12
Samples,297,BY,7.582432043690972e-11
Samples,298,BY,7.3735395059347e-11
Samples,299,BY,1.2943629202793087e-12
Samples,300,BY,4.191324910595989e-12
Samples,301,BY,4.704863829665239e-12
Samples,302,BY,1.745411000902205e-10
Samples,303,BY,1.5247026752214807e-10
Samples,304,BY,1.7648548963527766e-10
Samples,305,BY,3.651292267509177e-11
Samples,306,BY,3.560725580058434e-11
Samples,307,BY,5.721824816910617e-11
Samples,308,BY,2.2654443130329828e-11
Samples,311,BY,2.2134681387648575e-11
Samples,319,BY,1.52047742501013e-11
Samples,320,BY,5.361693278509681e-11
Samples,323,BY,1.1531098921108218e-10
Samples,324,BY,2.8314214204769583e-10
Samples,325,BY,6.460499637862257e-12
Samples,326,BY,6.615621042851125e-12
Samples,327,BY,7.296780229838774e-12
Samples,328,BY,1.752966536800648e-11
Samples,329,BY,4.33882669264956e-12
Samples,330,BY,6.2569586749827084e-12
Samples,331,BY,3.877914749198046e-12
Samples,332,BY,1.91752538571819e-12
Samples,333,BY,2.3326184064044796e-10
Samples,334,BY,2.0770208839120326e-10
Samples,335,BY,1.9331776214641053e-10
Samples,336,BY,3.1232351323231385e-10
Samples,337,BY,3.6832240188781925e-14
Samples,338,BY,4.582711519466696e-13
Samples,339,BY,-1.980881046467951e-14
Samples,340,BY,1.0460277871519068e-13
Samples,341,BY,1.65845412394336e-14
Samples,342,BY,2.8346251066385242e-14
Samples,343,BY,1.417440751921402e-13
Samples,344,BY,4.138124477222633e-14
Samples,345,BY,8.179156073873255e-12
Samples,346,BY,2.818188674892202e-11
Samples,347,BY,1.830614083184368e-13
Samples,348,BY,2.6784382556861848e-12
Samples,349,BY,1.3873670878076622e-13
Samples,350,BY,3.1933467695496033e-13
Samples,351,BY,2.030131089353378e-13
Samples,352,BY,-1.3439126843102235e-14
Samples,353,BY,1.1460677923925838e-12
Samples,354,BY,8.097946709901569e-14
Samples,355,BY,-1.0642629663383936e-14
Samples,356,BY,3.174515216494263e-12
Samples,357,BY,6.3520362599631e-12
Samples,358,BY,3.511638861771138e-13
Samples,359,BY,-1.3497767421440537e-13
Samples,361,BY,9.355925233371193e-16
Samples,362,BY,3.1191184524071593e-15
Samples,363,BY,2.415170777123886e-13
Samples,364,BY,1.7427269220599677e-13
Samples,365,BY,2.313222577608507e-11
Samples,367,BY,8.458082479205419e-13
Samples,368,BY,8.385795219049532e-13
Samples,370,BY,1.5740740665379816e-12
Samples,374,BY,-9.468881479141235e-13
Samples,375,BY,7.470632785149511e-11
Samples,376,BY,6.022661454198452e-11
Samples,377,BY,2.5990047140941944e-11
Samples,378,BY,2.6894873876158147e-11
Samples,379,BY,2.7874756011699735e-11
Samples,380,BY,2.3223742610555546e-11
Samples,381,BY,6.37845922341854e-11
Samples,382,BY,5.50298670847219e-11
Samples,383,BY,-7.380388549247728e-14
Samples,384,BY,5.964791052033003e-11
Samples,385,BY,-2.661659569555763e-14
Samples,386,BY,2.8208596555209604e-12
Samples,387,BY,3.253659946831219e-12
Samples,388,BY,2.1047622929106164e-12
Samples,389,BY,2.3828144530911353e-12
Samples,390,BY,1.9330769875525655e-12
Samples,391,BY,1.285811793978473e-12
Samples,392,BY,2.3877303077899114e-12
Samples,393,BY,1.795017630645022e-12
Samples,394,BY,2.86891036013603e-12
Samples,395,BY,2.429669212121417e-12
Samples,396,BY,4.646691424420144e-12
Samples,397,BY,2.6605584600664844e-12
Samples,398,BY,2.65114851945528e-12
Samples,399,BY,7.438962131543968e-13
Samples,400,BY,6.987832553895842e-11
Samples,401,BY,6.784199265485364e-11
Samples,402,BY,7.099603976418017e-11
Samples,403,BY,2.348589859365675e-12
Samples,404,BY,1.765478414714893e-12
Samples,405,BY,1.8705047839403588e-12
Samples,406,BY,1.935975200993608e-12
Samples,407,BY,2.186238216400744e-12
Samples,408,BY,3.624510973256538e-13
Samples,409,BY,6.538352452476035e-13
Samples,410,BY,6.966772066081858e-11
Samples,411,BY,2.9616754310744837e-13
Samples,412,BY,3.964314557039431e-12
Samples,413,BY,2.084883071470372e-11
Samples,414,BY,1.3181486709508823e-12
Samples,415,BY,2.6343794769810337e-11
Samples,416,BY,1.1030763923953352e-10
Samples,417,BY,8.249848529044478e-12
Samples,418,BY,5.81634331768558e-13
Samples,419,BY,6.1719956115885425e-12
Samples,420,BY,1.6511134893434785e-14
Samples,421,BY,5.177439540922754e-13
Samples,422,BY,1.3019098276275639e-13
Samples,423,BY,2.2115562498718124e-13
Samples,424,BY,2.8146940141874568e-14
Samples,425,BY,7.395495377651932e-14
Samples,426,BY,7.322243924035444e-12
Samples,427,BY,5.957563918529225e-13
Samples,428,BY,1.5021694745215675e-10
Samples,429,BY,2.278383799994698e-11
Samples,430,BY,2.0280762684553308e-11
Samples,431,BY,1.4768247286543294e-11
Samples,432,BY,6.230015615214979e-12
Samples,433,BY,1.5391078725122665e-11
Samples,434,BY,1.1183520347940925e-11
Samples,435,BY,1.448499424279586e-11
Samples,436,BY,2.1662605353113368e-11
Samples,437,BY,9.57775607974258e-12
Samples,438,BY,5.434106772480645e-12
Samples,439,BY,1.1619038049854775e-11
Samples,440,BY,7.754335422290549e-12
Samples,441,BY,9.83180388768102e-12
Samples,442,BY,8.021979046919381e-12
Samples,443,BY,2.4079608818802658e-11
Samples,444,BY,7.345455948384232e-12
Samples,445,BY,1.8053403692054363e-11
Samples,446,BY,5.446296304366513e-11
Samples,447,BY,2.5592841022624706e-11
Samples,448,BY,5.8418888740264e-12
Samples,449,BY,2.3482079207988565e-11
Samples,450,BY,1.1827222319685432e-11
Samples,451,BY,1.0061957150541652e-11
Samples,452,BY,4.198079860203183e-12
Samples,453,BY,4.6502458898327826e-12
Samples,454,BY,2.989557573487498e-11
Samples,455,BY,1.0361406752271312e-12
Samples,456,BY,1.695918861925795e-11
Samples,457,BY,1.810261602875629e-11
Samples,458,BY,2.0151127921742825e-11
Samples,459,BY,2.634456973992659e-11
Samples,460,BY,3.418616299308941e-11
Samples,461,BY,2.3230111843491363e-11
Samples,462,BY,3.946615053787419e-11
Samples,463,BY,2.8215858934657615e-11
Samples,464,BY,4.702677965478755e-11
Samples,465,BY,5.3800466704454224e-11
Samples,466,BY,4.965997131186625e-11
Samples,467,BY,4.719681586241749e-11
Samples,468,BY,2.10123788588436e-11
Samples,469,BY,3.943263966150575e-11
Samples,470,BY,4.3446201811944004e-11
Samples,471,BY,3.633101322515208e-11
Samples,472,BY,3.514182853094509e-11
Samples,473,BY,3.4663525343631977e-11
Samples,474,BY,3.6496122711240006e-11
Samples,475,BY,2.3100443367418684e-11
Samples,476,BY,1.370704710705521e-12
Samples,477,BY,9.359319466040818e-12
Samples,478,BY,1.7904606389380672e-11
Samples,479,BY,7.197936235778413e-12
Samples,480,BY,6.362125354413077e-12
Samples,481,BY,1.3035078539787008e-11
Samples,482,BY,2.0730139707515205e-12
Samples,483,BY,2.5584756854952354e-11
Samples,484,BY,3.0606048539239115e-12
Samples,485,BY,7.002263641726171e-12
Samples,486,BY,1.766483726301222e-11
Samples,487,BY,2.1976648557117e-12
Samples,488,BY,1.4362626725067276e-11
Samples,489,BY,1.8080815915484514e-11
Samples,490,BY,2.349978307933314e-11
Samples,491,BY,1.2064831732091668e-11
Samples,492,BY,2.1560764023584576e-11
Samples,493,BY,1.559873831483894e-11
Samples,494,BY,1.766245822065895e-11
Samples,495,BY,1.5349544486947083e-11
Samples,496,BY,1.955002211975043e-11
Samples,497,BY,2.3095889119036316e-11
Samples,498,BY,1.8323980597938968e-11
Samples,499,BY,1.3675865343576858e-11
Samples,500,BY,1.9889728758498595e-11
Samples,501,BY,1.58380746134252e-11
Samples,502,BY,3.831126636235031e-11
Samples,503,BY,2.955127750370387e-11
Samples,504,BY,2.23000161443837e-11
Samples,505,BY,3.289305732372088e-11
Samples,506,BY,2.9039208975541513e-11
Samples,507,BY,4.2454382153022005e-11
Samples,508,BY,7.43005321257669e-11
Samples,509,BY,1.4153609361270291e-11
Samples,510,BY,1.0440138616029781e-10
Samples,511,BY,6.754100236398658e-11
Samples,512,BY,7.238205146252154e-13
Samples,513,BY,1.419411814514729e-12
Samples,514,BY,5.090857175651235e-13
Samples,515,BY,5.798777875862276e-11
Samples,516,BY,7.572637123689258e-11
Samples,517,BY,5.568808430350942e-11
Samples,518,BY,7.678973895195063e-11
Samples,519,BY,5.645279983983019e-11
Samples,520,BY,4.542390337137134e-11
Samples,521,BY,7.324702249779065e-11
Samples,522,BY,7.218857965631946e-11
Samples,523,BY,5.312389319545735e-11
Samples,524,BY,7.783008864194245e-11
Samples,525,BY,4.2351621752692804e-11
Samples,526,BY,4.034204595494169e-11
Samples,527,BY,3.5138305686815984e-11
Samples,528,BY,3.89163579791046e-11
Samples,529,BY,3.845528293276969e-12
Samples,530,BY,8.2234306224614e-12
Samples,531,BY,1.0093365071199304e-11
Samples,532,BY,1.3129046461401602e-12
Samples,533,BY,5.7443575441563294e-12
Samples,534,BY,6.98854706541478e-11
Samples,535,BY,6.051817346931182e-11
Samples,536,BY,4.357913237885633e-12
Samples,537,BY,4.842094731848003e-12
Samples,538,BY,1.6411242537838374e-11
Samples,539,BY,2.4578697651542036e-11
Samples,540,BY,9.604183049189422e-12
Samples,541,BY,1.8126422769863968e-11
Samples,542,BY,2.5720871691105484e-11
Samples,543,BY,2.0310672084830702e-11
Samples,544,BY,7.037599851576974e-11
Samples,545,BY,7.270078673195767e-11
Samples,546,BY,7.050877172410664e-11
Samples,547,BY,4.053386092295051e-11
Samples,548,BY,7.003824564544563e-11
Samples,549,BY,4.1168699240680494e-11
Samples,550,BY,1.7418658844888803e-10
Samples,551,BY,5.66122725222042e-13
Samples,552,BY,3.6562225611855824e-11
Samples,553,BY,6.87474812331954e-11
Samples,554,BY,6.872231558233466e-11
Samples,555,BY,3.9553520465173145e-11
Samples,556,BY,9.02292331934116e-13
Samples,557,BY,7.387481414282628e-11
Samples,558,BY,7.888734332014934e-11
Samples,559,BY,2.1517870361366233e-13
Samples,560,BY,2.0620431752778348e-13
Samples,561,BY,1.7134782807468613e-13
Samples,562,BY,7.498421807692021e-11
Samples,563,BY,7.572545705490919e-14
Samples,564,BY,3.94982935115045e-14
Samples,565,BY,6.926848971706765e-14
Samples,566,BY,2.555168175537688e-12
Samples,567,BY,2.282782911573621e-11
Samples,568,BY,2.754664506817382e-12
Samples,569,BY,9.272521800085796e-13
Samples,570,BY,7.649914964369134e-11
Samples,571,BY,1.896313671375602e-12
Samples,572,BY,5.557094370021304e-12
Samples,573,BY,2.76672809568302e-12
Samples,574,BY,8.955918928949662e-11
Samples,575,BY,1.2971154900388112e-10
Samples,576,BY,8.704207112168993e-11
Samples,577,BY,4.128479629986624e-11
Samples,578,BY,7.720543945250169e-11
Samples,579,BY,8.461754111850012e-11
Samples,580,BY,9.335634806241706e-11
Samples,581,BY,3.7552402413988244e-11
Samples,582,BY,2.2322256328107187e-12
Samples,583,BY,4.246430202441712e-11
Samples,584,BY,7.740818851891529e-11
Samples,585,BY,1.0443941038480478e-13
Samples,586,BY,7.264720620179661e-11
Samples,587,BY,9.250172102909276e-11
Samples,588,BY,2.2225706157993375e-13
Samples,589,BY,5.4193919424754456e-11
Samples,590,BY,7.390825271231912e-11
Samples,591,BY,6.670979898386119e-11
Samples,592,BY,9.341956440220902e-11
Samples,593,BY,4.438262926351595e-11
Samples,594,BY,8.640862308972179e-11
Samples,595,BY,8.883865631000718e-11
Samples,596,BY,3.2224378218443676e-14
Samples,597,BY,2.2994315977332873e-10
Samples,598,BY,7.239365390721873e-11
Samples,599,BY,2.0968931977055995e-10
Samples,600,BY,1.8827266687051158e-10
Samples,601,BY,2.169309112845077e-11
Samples,602,BY,2.3470054862633816e-11
Samples,603,BY,9.956344881505932e-12
Samples,604,BY,1.494634511797327e-11
Samples,605,BY,3.7294113326197754e-11
Samples,606,BY,2.5365878535766386e-11
Samples,607,BY,3.6692203534019806e-11
Samples,608,BY,2.4722259055370047e-11
Samples,609,BY,2.629179242400593e-11
Samples,610,BY,3.909718506847122e-11
Samples,611,BY,3.5456439749700846e-11
Samples,612,BY,3.4514524993554325e-11
Samples,613,BY,2.5558418839166548e-11
Samples,614,BY,2.8128932751901236e-11
Samples,615,BY,2.3433066980328682e-11
Samples,616,BY,3.682640560602145e-11
Samples,617,BY,2.352271153322248e-11
Samples,618,BY,2.1601138728704734e-11
Samples,619,BY,2.320530727769377e-11
Samples,620,BY,-5.252211992757333e-14
Samples,621,BY,1.828223494634147e-12
Samples,622,BY,4.0594561285000996e-12
Samples,623,BY,1.028872338567076e-11
Samples,624,BY,3.186835627541746e-11
Samples,625,BY,3.3613210414007237e-11
Samples,626,BY,2.4325035890992874e-11
Samples,627,BY,2.8715755621142463e-11
Samples,628,BY,3.7479940763216823e-11
Samples,629,BY,2.440568202358893e-11
Samples,630,BY,3.282103891966945e-11
Samples,631,BY,4.381480461591426e-11
Samples,632,BY,3.293038993963027e-11
Samples,633,BY,3.5891549070863685e-11
Samples,634,BY,3.4340932355641066e-11
Samples,635,BY,1.9860656138177565e-11
Samples,636,BY,3.4657804780517046e-11
Samples,637,BY,3.528102562996244e-11
Samples,638,BY,8.937446341411687e-09
Samples,639,BY,8.571973241270142e-09
Samples,640,BY,1.1153815717656055e-08
Samples,641,BY,2.1503269056649226e-09
Samples,642,BY,2.0580094587337847e-09
Samples,643,BY,1.4431361621720695e-09
Samples,645,BY,1.1182026556345572e-09
Samples,646,BY,3.581277404211846e-09
Samples,647,BY,-3.680533738252401e-12
Samples,648,BY,1.5731788640124627e-11
Samples,649,BY,3.3262530071531087e-10
Samples,650,BY,1.1719954244205785e-09
Samples,651,BY,2.324860691731934e-10
Samples,652,BY,1.6004345614582103e-09
Samples,653,BY,5.286912102377935e-13
Samples,654,BY,3.0520954689767285e-10
Samples,655,BY,2.369557576281085e-10
Samples,656,BY,2.7434845054293157e-11
Samples,657,BY,2.7278317332154336e-11
Samples,658,BY,6.345557432222857e-11
Samples,659,BY,7.85921422211458e-12
Samples,660,BY,1.651262648163713e-11
Samples,661,BY,6.539923095309047e-11
Samples,662,BY,1.7384745689784883e-11
Samples,663,BY,2.3477969956597783e-13
Samples,664,BY,2.0368095924384075e-11
Samples,665,BY,3.9494349963579355e-11
Samples,666,BY,1.942340376808628e-11
Samples,667,BY,7.116159992314177e-12
Samples,668,BY,1.0185615635342692e-11
Samples,669,BY,8.071214314443233e-13
Samples,670,BY,6.672702431862248e-11
Samples,671,BY,1.3529255182797914e-13
Samples,672,BY,-2.500497532468288e-12
Samples,673,BY,7.918166182588282e-11
Samples,674,BY,8.07175812243515e-11
Samples,675,BY,7.12540648507219e-11
Samples,676,BY,-2.2284076102317554e-13
Samples,677,BY,1.935073320126962e-12
Samples,678,BY,-1.3168962793090867e-14
Samples,679,BY,7.149609409303672e-11
Samples,680,BY,6.258665527356688e-11
Samples,681,BY,7.157881179401242e-11
Samples,682,BY,2.567347316393725e-11
Samples,683,BY,2.957288798108095e-11
Samples,684,BY,4.260970611178328e-11
Samples,685,BY,3.603569935926012e-11
Samples,686,BY,6.462085089781561e-11
Samples,687,BY,6.385559460902962e-11
Samples,688,BY,3.138558936468137e-11
Samples,689,BY,2.5608983553340455e-11
Samples,690,BY,5.464611266233381e-11
Samples,691,BY,2.4910903448099634e-11
Samples,692,BY,5.776445595981133e-11
Samples,693,BY,8.17615518554917e-11
Samples,694,BY,2.7180565560641687e-11
Samples,695,BY,8.995288918448948e-12
Samples,696,BY,1.0675450113178113e-11
Samples,697,BY,6.632573380186708e-11
Samples,698,BY,8.675545030437818e-11
Samples,699,BY,5.050910249641854e-12
Samples,700,BY,8.587753923182236e-11
Samples,701,BY,8.506730026063922e-11
Samples,702,BY,6.775792667024255e-11
Samples,703,BY,7.37397286618742e-12
Samples,704,BY,6.399017909943102e-11
Samples,705,BY,6.630429793695503e-12
Samples,706,BY,8.289474840322325e-11
Samples,707,BY,5.98473846449288e-12
Samples,708,BY,2.952282582899313e-11
Samples,709,BY,9.36058810414946e-11
Samples,710,BY,2.888493099023607e-11
Samples,711,BY,3.516961616263689e-11
Samples,712,BY,7.672010206345475e-12
Samples,713,BY,3.69520005010773e-11
Samples,714,BY,1.236611807618958e-10
Samples,715,BY,6.405396884085634e-11
Samples,716,BY,4.8991050481436244e-11
Samples,717,BY,1.0860158754295544e-10
Samples,718,BY,1.3222352471028873e-11
Samples,719,BY,4.5537888530427955e-14
Samples,720,BY,6.361792219582511e-12
Samples,721,BY,7.489735963075377e-14
Samples,722,BY,6.515296046913621e-11
Samples,723,BY,3.570550540660402e-14
Samples,724,BY,8.522840391905966e-14
Samples,725,BY,9.755027940245582e-12
Samples,726,BY,3.535771073441971e-14
Samples,727,BY,6.00407732317293e-14
Samples,728,BY,1.8346863718206567e-11
Samples,729,BY,8.135091657596217e-12
Samples,730,BY,1.4716064145409012e-11
Samples,731,BY,1.4773569665065614e-11
Samples,732,BY,3.648337160226649e-11
Samples,733,BY,2.4571564768995258e-11
Samples,734,BY,1.660074505019062e-11
Samples,735,BY,1.9867882298864776e-11
Samples,736,BY,5.035777643566169e-11
Samples,737,BY,2.1310163953984414e-12
Samples,738,BY,1.77873373426914e-11
Samples,739,BY,1.8620293787635845e-11
Samples,740,BY,3.565143755283421e-11
Samples,741,BY,7.138030552612684e-12
Samples,742,BY,3.7008313473018314e-11
Samples,743,BY,1.258292055372888e-11
Samples,744,BY,8.402853806000215e-11
Samples,745,BY,5.102053579439562e-11
Samples,746,BY,2.2935072057097592e-11
Samples,747,BY,1.5413795920190137e-11
Samples,748,BY,4.032981305878553e-11
Samples,749,BY,1.1947111954691891e-11
Samples,750,BY,2.8155091064848643e-11
Samples,751,BY,1.0321732001192439e-10
Samples,752,BY,3.142787828253031e-11
Samples,753,BY,6.990556428066894e-11
Samples,754,BY,1.2729268120003153e-11
Samples,755,BY,3.109499618531175e-12
Samples,756,BY,2.290141039545231e-12
Samples,757,BY,5.2960283077711165e-12
Samples,758,BY,1.1407149459745777e-11
Samples,759,BY,4.3505288353550595e-12
Samples,760,BY,1.8791897901208418e-11
Samples,761,BY,2.010463138654209e-11
Samples,762,BY,1.251788930514797e-11
Samples,763,BY,5.086826952169759e-11
Samples,764,BY,1.2892693427384169e-11
Samples,765,BY,6.475544719932375e-12
Samples,766,BY,3.3145425577212443e-12
Samples,767,BY,-3.804537655452943e-13
Samples,768,BY,2.3862283935106335e-12
Samples,769,BY,2.879550148265511e-12
Samples,770,BY,1.8079548197045458e-12
Samples,771,BY,-2.122461146423116e-13
Samples,772,BY,4.574773863138395e-12
Samples,773,BY,7.164350589925061e-11
Samples,774,BY,3.967576551843481e-12
Samples,775,BY,3.348145944760347e-11
Samples,776,BY,1.645724057705683e-11
Samples,777,BY,1.4728747771721016e-11
Samples,778,BY,6.384942998803402e-13
Samples,779,BY,4.4345790585823265e-12
Samples,780,BY,5.3821208796229894e-12
Samples,781,BY,3.425452504576381e-11
Samples,782,BY,6.538031506244007e-12
Samples,783,BY,2.760795119499613e-12
Samples,784,BY,3.2034721942400966e-12
Samples,785,BY,4.1789362283950456e-11
Samples,786,BY,6.422596430645283e-11
Samples,787,BY,1.9664342891869765e-12
Samples,788,BY,1.199329615915359e-12
Samples,789,BY,1.5290544345061178e-11
Samples,790,BY,4.9624386716503746e-12
Samples,791,BY,5.294190156930964e-12
Samples,792,BY,1.7379001718492183e-11
Samples,793,BY,1.3501365817934906e-11
Samples,794,BY,2.285590177411884e-11
Samples,795,BY,4.0244840459957654e-11
Samples,796,BY,4.691267501881225e-12
Samples,797,BY,6.870786203228833e-11
Samples,798,BY,7.62648612941668e-12
Samples,799,BY,6.47943444098244e-11
Samples,800,BY,3.323189334919865e-12
Samples,801,BY,9.187300966850488e-13
Samples,802,BY,3.5735739492101483e-12
Samples,803,BY,1.4682605684196508e-12
Samples,804,BY,1.933023870300057e-12
Samples,805,BY,1.1286197141962992e-10
Samples,806,BY,1.0521282527807008e-12
Samples,807,BY,5.3188531823409455e-12
Samples,808,BY,3.366896371021416e-11
Samples,809,BY,1.983407483268841e-12
Samples,810,BY,2.387406450681109e-12
Samples,811,BY,1.9195511929302898e-12
Samples,812,BY,1.7899122239195772e-13
Samples,813,BY,5.520097465934668e-11
Samples,814,BY,3.6740161205159495e-12
Samples,815,BY,1.3729472317426631e-12
Samples,816,BY,7.066741709212395e-13
Samples,817,BY,1.0769253209125004e-12
Samples,818,BY,1.3253141420224752e-12
Samples,819,BY,5.185922088360697e-12
Samples,820,BY,1.6218051566517757e-13
Samples,821,BY,2.7874160984133462e-11
Samples,822,BY,6.723435851636952e-11
Samples,823,BY,6.666471692302714e-11
Samples,824,BY,2.041332499756839e-11
Samples,825,BY,2.5050169616285346e-11
Samples,826,BY,6.4040730499715705e-12
Samples,827,BY,1.696532008862403e-11
Samples,828,BY,1.6348524380568165e-11
Samples,829,BY,1.2149869209815635e-11
Samples,830,BY,2.4231308398317643e-11
Samples,831,BY,2.7777383037791732e-11
Samples,832,BY,3.9258910308787866e-11
Samples,833,BY,2.6979578261089113e-11
Samples,834,BY,7.171489215014439e-11
Samples,835,BY,8.509290177006023e-13
Samples,836,BY,7.498927802674846e-11
Samples,837,BY,5.307377090139598e-11
Samples,838,BY,7.311552117124166e-11
Samples,839,BY,-6.773657499200571e-13
Samples,840,BY,-1.0515483686885889e-12
Samples,841,BY,1.1479263465378964e-12
Samples,842,BY,-7.249320722257228e-13
Samples,843,BY,4.4007181538864955e-11
Samples,844,BY,-1.9478206702266925e-12
Samples,845,BY,4.89155313288363e-11
Samples,846,BY,1.0722531026401888e-12
Samples,847,BY,4.712830028557435e-11
Samples,848,BY,4.2724422302593643e-11
Samples,849,BY,9.675579261112093e-13
Samples,850,BY,6.707496032742646e-11
Samples,851,BY,2.3720946577364177e-11
Samples,852,BY,2.5352890018949105e-11
Samples,853,BY,1.8094176685896097e-10
Samples,854,BY,2.6010294175978615e-11
Samples,855,BY,1.261114646237471e-11
Samples,856,BY,2.286740071183539e-11
Samples,857,BY,3.10329354391647e-11
Samples,858,BY,2.0475770613656107e-11
Samples,859,BY,1.6570541714976535e-11
Samples,860,BY,4.981865319175018e-12
Samples,861,BY,1.228568652844507e-11
Samples,862,BY,2.1177686270335342e-11
Samples,863,BY,2.451091352016033e-11
Samples,864,BY,5.45931558728849e-12
Samples,865,BY,1.3235852288813857e-11
Samples,866,BY,9.14942651850309e-12
Samples,867,BY,4.38350191879546e-12
Samples,868,BY,2.4627496987045944e-12
Samples,869,BY,5.799866285986912e-12
Samples,870,BY,2.6342481228819455e-11
Samples,871,BY,5.682146787814762e-12
Samples,872,BY,4.8815959062232745e-12
Samples,873,BY,2.4431484335482152e-11
Samples,874,BY,8.851261536823375e-12
Samples,875,BY,1.2396137184152858e-12
Samples,876,BY,7.614870205927035e-12
Samples,877,BY,3.5544419723889935e-11
Samples,878,BY,1.2568795416861713e-11
Samples,879,BY,1.8873049123494338e-11
Samples,880,BY,4.4109228347614756e-12
Samples,881,BY,7.172031405569938e-12
Samples,882,BY,1.8152962560148588e-11
Samples,883,BY,2.081355390363693e-11
Samples,884,BY,2.1409440448572178e-11
Samples,885,BY,1.3415002851664033e-11
Samples,886,BY,1.1516131392911465e-11
Samples,887,BY,4.560527657519373e-11
Samples,888,BY,3.9204892337696205e-11
Samples,889,BY,2.0206665916912294e-12
Samples,890,BY,1.871326459694668e-12
Samples,891,BY,-1.1969195903811824e-13
Samples,892,BY,1.666935839608913e-12
Samples,893,BY,1.521366129047109e-12
Samples,894,BY,7.467203587194275e-11
Samples,895,BY,7.730710528955406e-11
Samples,896,BY,6.626517747944384e-11
Samples,897,BY,2.2839973469205998e-10
Samples,898,BY,6.652362294719964e-11
Samples,899,BY,3.322034370913853e-10
Samples,900,BY,3.7792239149532373e-10
Samples,901,BY,-1.3089896757278964e-12
Samples,902,BY,6.740642831817269e-11
Samples,903,BY,6.460361020197661e-11
Samples,904,BY,7.843362102614833e-14
Samples,905,BY,-2.6414128905597274e-13
Samples,906,BY,3.3194852220616033e-10
Samples,907,BY,4.966832463230212e-10
Samples,908,BY,4.0551799037975997e-10
Samples,909,BY,2.3073444721793012e-10
Samples,910,BY,8.175316431477972e-11
Samples,911,BY,3.712051272232818e-11
Samples,912,BY,2.8432809005991455e-11
Samples,913,BY,4.862897681751233e-12
Samples,914,BY,3.935764276166474e-11
Samples,915,BY,4.0185478822969385e-13
Samples,916,BY,5.658819727166737e-11
Samples,917,BY,8.079037235883712e-11
Samples,918,BY,6.401292232605338e-11
Samples,919,BY,6.593146812569951e-11
Samples,920,BY,6.627632808123484e-11
Samples,921,BY,7.01377914704299e-12
Samples,922,BY,1.902930385120318e-11
Samples,923,BY,1.0330677021422057e-11
Samples,924,BY,8.981741628854059e-11
Samples,925,BY,1.2556358116035374e-11
Samples,926,BY,8.008941323217105e-11
Samples,927,BY,3.493150473656482e-10
Samples,928,BY,1.0942399907115326e-09
Samples,929,BY,4.940873057707721e-11
Samples,930,BY,1.2630301090531295e-10
Samples,931,BY,4.988193608029188e-11
Samples,932,BY,2.6011135336379935e-11
Samples,933,BY,1.8973442120866085e-12
Samples,934,BY,1.5603874145922684e-10
Samples,935,BY,1.1661543402429576e-10
Samples,936,BY,6.152743000948613e-11
Samples,937,BY,4.298717605702319e-11
Samples,938,BY,4.9437566347386366e-11
Samples,939,BY,5.926795209305753e-10
Samples,940,BY,2.138955190861968e-10
Samples,941,BY,6.2248340774481196e-12
Samples,942,BY,2.4404606965689486e-10
Samples,943,BY,1.2002779203823672e-10
Samples,944,BY,4.607355202006154e-11
Samples,945,BY,7.361717699081159e-11
Samples,946,BY,7.345848789213665e-11
Samples,947,BY,6.969940007750546e-11
Samples,948,BY,7.028882162597692e-11
Samples,949,BY,7.175277024973934e-11
Samples,950,BY,7.373971131642143e-11
Samples,951,BY,2.299565547561415e-12
Samples,952,BY,3.836858562338552e-11
Samples,953,BY,6.04197880701058e-11
Samples,954,BY,9.013533967445931e-10
Samples,955,BY,4.6081558839794277e-10
Samples,956,BY,8.253519270986228e-12
Samples,959,BY,2.3453536101911155e-12
Samples,960,BY,5.3171949749078603e-11
Samples,961,BY,2.1510208640958167e-11
Samples,962,BY,3.2207216806618305e-11
Samples,963,BY,5.295061974832481e-11
Samples,964,BY,1.6368158917154193e-10
Samples,965,BY,1.6656805580938048e-10
Samples,966,BY,1.764569313634998e-11
Samples,967,BY,3.366451629647837e-11
Samples,969,BY,4.9431307597491345e-11
Samples,970,BY,1.3332056770716715e-11
Samples,971,BY,3.835496511856839e-11
Samples,973,BY,1.5376383611659953e-11
Samples,974,BY,6.175357292704384e-11
Samples,975,BY,3.448346438911336e-10
Samples,976,BY,4.374987578715508e-11
Samples,977,BY,2.4891030590508117e-11
Samples,978,BY,-3.680533738252413e-12
Samples,979,BY,3.785272433738135e-11
Samples,982,BY,1.1106407455369742e-10
Samples,983,BY,9.502759593309308e-11
Samples,985,BY,4.845326474271447e-11
Samples,987,BY,1.553463616650449e-09
Samples,988,BY,2.3067617180909942e-10
Samples,989,BY,1.5648221003075725e-09
Samples,990,BY,2.6861427729058133e-10
Samples,991,BY,2.222104821711057e-09
Samples,992,BY,1.8649871734016225e-09
Samples,993,BY,2.2274119141810774e-09
Samples,994,BY,8.015624161830579e-12
Samples,995,BY,4.2242393237515393e-11
Samples,996,BY,1.906950340457845e-09
Samples,997,BY,3.6254782754590303e-09
Samples,998,BY,9.202951485677104e-11
Samples,999,BY,3.6068089480748334e-09
Samples,1000,BY,8.828555579309546e-11
Samples,1001,BY,7.2797891563671e-11
Samples,1002,BY,6.905928039156436e-10
Samples,1003,BY,7.569470738858485e-10
Samples,1004,BY,7.349001953027997e-10
Samples,1005,BY,8.267003309211164e-10
Samples,1006,BY,6.361870588321686e-10
Samples,1007,BY,6.943073335277134e-10
Samples,1008,BY,7.885283308597763e-10
Samples,1009,BY,7.480399574129671e-10
Samples,1010,BY,2.783765410466473e-12
Samples,1011,BY,4.348442917918814e-13
Samples,1012,BY,5.470820360226095e-13
Samples,1013,BY,5.794241196608089e-10
Samples,1014,BY,2.423451793183892e-11
Samples,1015,BY,2.4608104287967462e-12
Samples,1016,BY,5.881661133141955e-13
Samples,1017,BY,-3.3500368311440265e-14
Samples,1018,BY,3.069975615333652e-13
Samples,1019,BY,2.783181851641397e-13
Samples,1020,BY,1.5335681981828056e-12
Samples,1021,BY,2.340148662204193e-12
Samples,1022,BY,3.24364557945663e-12
Samples,1023,BY,2.7924210934658355e-12
Samples,1024,BY,2.9031130257543825e-12
Samples,1025,BY,-6.100235986441315e-13
Samples,4,BZ,4.7039563037061943e-11
Samples,5,BZ,3.5317610389760837e-10
Samples,6,BZ,7.342618192985681e-11
Samples,7,BZ,2.4196387428134196e-11
Samples,8,BZ,5.897447598953145e-12
Samples,9,BZ,3.6512301410386444e-11
Samples,10,BZ,1.6882930308271783e-11
Samples,11,BZ,3.8518766794253834e-11
Samples,12,BZ,2.970470119185782e-07
Samples,17,BZ,-4.4049778205002506e-12
Samples,19,BZ,1.1688072242897304e-09
Samples,20,BZ,2.6556447158367562e-09
Samples,21,BZ,1.965793001132921e-09
Samples,26,BZ,1.2382159806688644e-10
Samples,28,BZ,1.0519385906242762e-10
Samples,29,BZ,4.241823455474097e-10
Samples,30,BZ,3.2321694386713074e-10
Samples,32,BZ,1.3030580774652326e-09
Samples,34,BZ,6.188461122374428e-10
Samples,35,BZ,3.1884353370162506e-05
Samples,37,BZ,6.927816102171835e-10
Samples,39,BZ,6.735672951149337e-10
Samples,41,BZ,5.243375667785908e-10
Samples,42,BZ,4.262031618409379e-10
Samples,44,BZ,4.829209225515983e-10
Samples,55,BZ,3.4167214341573133e-10
Samples,56,BZ,5.418127737598999e-10
Samples,58,BZ,1.2135996785706946e-10
Samples,59,BZ,1.7797901968651e-10
Samples,60,BZ,1.4309354577390285e-11
Samples,61,BZ,9.484724976628278e-12
Samples,62,BZ,1.5881989154306303e-11
Samples,63,BZ,7.418590422973976e-12
Samples,64,BZ,7.871290662928931e-12
Samples,65,BZ,2.8912408436198772e-11
Samples,66,BZ,7.158169260277273e-12
Samples,67,BZ,1.330578214311876e-11
Samples,68,BZ,7.917997636701701e-12
Samples,69,BZ,5.839093304379247e-12
Samples,70,BZ,4.5191014489315355e-12
Samples,71,BZ,1.4393543090797342e-10
Samples,72,BZ,6.023534501717478e-11
Samples,73,BZ,4.615732653401841e-10
Samples,74,BZ,8.05842901180722e-10
Samples,75,BZ,1.2894430333967749e-09
Samples,76,BZ,4.021224923916444e-12
Samples,77,BZ,3.638066591546176e-09
Samples,78,BZ,2.8417890590740267e-11
Samples,79,BZ,2.9297922136790077e-11
Samples,80,BZ,9.005168717255399e-12
Samples,81,BZ,1.2758082861058669e-08
Samples,82,BZ,6.434641372929858e-10
Samples,83,BZ,2.360890506324106e-10
Samples,84,BZ,1.519948605618508e-09
Samples,85,BZ,1.2509092466423285e-09
Samples,86,BZ,1.3163276933836631e-08
Samples,87,BZ,1.0015608126271297e-08
Samples,88,BZ,7.191425557565826e-09
Samples,89,BZ,7.221285313347891e-09
Samples,91,BZ,-1.213494890426839e-09
Samples,93,BZ,-1.3691496321005112e-09
Samples,94,BZ,-1.1369811407505802e-09
Samples,95,BZ,-8.301893614750417e-11
Samples,96,BZ,-2.217786365252133e-11
Samples,98,BZ,-2.6951087452819257e-10
Samples,100,BZ,-2.893616835105143e-10
Samples,101,BZ,-1.0877839870109427e-09
Samples,102,BZ,3.3135913662965797e-09
Samples,103,BZ,5.557727002798896e-09
Samples,106,BZ,-7.837558553251521e-10
Samples,107,BZ,-1.1767663309572492e-09
Samples,109,BZ,5.40567637443931e-10
Samples,113,BZ,-3.776423088039495e-10
Samples,115,BZ,3.080501659083398e-10
Samples,118,BZ,1.9819678506699476e-11
Samples,119,BZ,1.922283401216279e-12
Samples,120,BZ,9.737023787927841e-12
Samples,121,BZ,7.47965981848164e-10
Samples,122,BZ,5.798495412241485e-12
Samples,123,BZ,2.829548502727965e-10
Samples,124,BZ,1.7522173404849426e-11
Samples,125,BZ,4.243510673677361e-11
Samples,126,BZ,-8.15170890648719e-12
Samples,127,BZ,7.429851129711237e-10
Samples,128,BZ,7.520973615905045e-10
Samples,129,BZ,7.528706815955359e-10
Samples,130,BZ,7.333464096416479e-10
Samples,131,BZ,-6.084250735641852e-14
Samples,132,BZ,-6.838736039746015e-14
Samples,133,BZ,-5.983504137788649e-14
Samples,134,BZ,-5.545739765229096e-14
Samples,136,BZ,-1.9731984900207776e-12
Samples,137,BZ,-2.008420818737336e-12
Samples,138,BZ,-1.7772533886860064e-12
Samples,139,BZ,2.821397078675507e-10
Samples,140,BZ,2.869687930365323e-10
Samples,141,BZ,2.344834989258292e-10
Samples,142,BZ,3.5667624616281346e-10
Samples,143,BZ,2.8317457862412717e-10
Samples,144,BZ,2.7523578948919005e-10
Samples,145,BZ,1.616567236655105e-10
Samples,146,BZ,4.5716890393917604e-10
Samples,147,BZ,2.686582856656862e-10
Samples,148,BZ,3.8653875251520623e-10
Samples,149,BZ,2.5739487515538343e-10
Samples,150,BZ,1.6393770291046155e-10
Samples,151,BZ,1.6784780739282919e-10
Samples,152,BZ,4.4773259078193696e-10
Samples,153,BZ,1.7642592064946251e-10
Samples,154,BZ,2.545198777224042e-10
Samples,155,BZ,1.6968997975596779e-10
Samples,156,BZ,7.809706158644797e-09
Samples,158,BZ,-5.6069463075235844e-12
Samples,159,BZ,7.342775456113545e-11
Samples,160,BZ,2.792845850089091e-10
Samples,161,BZ,2.6165856473076633e-10
Samples,164,BZ,8.909740033444987e-12
Samples,165,BZ,6.967937446548443e-10
Samples,166,BZ,8.841261113408307e-10
Samples,167,BZ,1.7246534666492927e-09
Samples,169,BZ,4.233673284574242e-09
Samples,171,BZ,-4.4049778205002506e-12
Samples,172,BZ,3.165171960532091e-09
Samples,174,BZ,2.417749601926452e-10
Samples,175,BZ,-2.500632423465494e-12
Samples,176,BZ,6.7320789040905975e-12
Samples,177,BZ,4.378717061213996e-12
Samples,178,BZ,2.7804921350181053e-10
Samples,179,BZ,7.050067883992184e-11
Samples,181,BZ,1.0436062136913959e-10
Samples,182,BZ,4.75257953513098e-11
Samples,183,BZ,3.45120316900784e-11
Samples,184,BZ,3.416345246710595e-10
Samples,185,BZ,3.6765655132482647e-10
Samples,186,BZ,3.361378461658986e-10
Samples,187,BZ,4.2090417108838107e-10
Samples,188,BZ,2.659615535982882e-10
Samples,189,BZ,2.4072651897638525e-10
Samples,190,BZ,6.719531967219972e-11
Samples,191,BZ,-2.214117192330955e-12
Samples,192,BZ,3.9472636034126976e-10
Samples,193,BZ,2.837791414608121e-10
Samples,194,BZ,1.5256301665996605e-10
Samples,195,BZ,-2.59259727192177e-12
Samples,196,BZ,2.007985740837178e-10
Samples,197,BZ,6.209772854897323e-11
Samples,198,BZ,1.0673353105968513e-10
Samples,199,BZ,1.590430821883013e-09
Samples,200,BZ,7.839965768489975e-10
Samples,201,BZ,2.3818756459047073e-10
Samples,202,BZ,1.7589119384750566e-10
Samples,203,BZ,1.3304764860237865e-10
Samples,204,BZ,-9.537454174166577e-14
Samples,205,BZ,1.8184912945529609e-10
Samples,206,BZ,1.002745576901376e-10
Samples,207,BZ,1.1463785509085406e-10
Samples,208,BZ,1.3236353189812875e-10
Samples,209,BZ,1.779979157215405e-10
Samples,210,BZ,1.0436111771603864e-10
Samples,211,BZ,1.1893248276545556e-10
Samples,212,BZ,4.0763350776680795e-11
Samples,213,BZ,1.3595296117806115e-10
Samples,214,BZ,7.304774588822436e-11
Samples,215,BZ,1.6094654365213673e-10
Samples,216,BZ,1.0476662681965639e-10
Samples,217,BZ,6.840427605687803e-11
Samples,218,BZ,-2.4016594968854467e-12
Samples,219,BZ,1.7703724348598457e-10
Samples,220,BZ,2.0460323445604475e-10
Samples,221,BZ,1.9182927506358636e-10
Samples,222,BZ,1.0996878664844745e-10
Samples,223,BZ,3.930992950179995e-11
Samples,224,BZ,2.143604238772573e-10
Samples,225,BZ,9.549135947014181e-12
Samples,226,BZ,2.3958613394773783e-12
Samples,227,BZ,8.762275296238397e-11
Samples,228,BZ,1.5922578170986424e-10
Samples,229,BZ,4.304317277322449e-11
Samples,230,BZ,1.369232930637713e-10
Samples,231,BZ,1.537873741614725e-10
Samples,232,BZ,3.631722234744478e-11
Samples,233,BZ,1.959500791920656e-10
Samples,234,BZ,1.1547613172016463e-10
Samples,235,BZ,2.2660169702703985e-10
Samples,236,BZ,1.8663590456616553e-10
Samples,237,BZ,2.9323115849468703e-10
Samples,238,BZ,8.729780267346336e-11
Samples,239,BZ,2.4843823750785504e-10
Samples,240,BZ,1.3734188061252692e-10
Samples,241,BZ,1.9647071629881953e-10
Samples,242,BZ,2.952074899286091e-10
Samples,243,BZ,2.4263852761541916e-10
Samples,244,BZ,2.736088403785454e-10
Samples,245,BZ,1.7897092407158397e-10
Samples,246,BZ,2.5453268259291596e-10
Samples,247,BZ,1.7798489786583005e-10
Samples,248,BZ,2.786801053379498e-10
Samples,249,BZ,2.381566924036373e-10
Samples,250,BZ,2.508636636237823e-10
Samples,251,BZ,2.877692922514447e-10
Samples,252,BZ,-2.528329301573498e-12
Samples,253,BZ,2.133038401986991e-10
Samples,254,BZ,2.4973309590636776e-10
Samples,255,BZ,2.645961248445986e-10
Samples,256,BZ,1.4280917020302225e-09
Samples,257,BZ,4.34372854146035e-09
Samples,258,BZ,6.220405762170846e-10
Samples,259,BZ,5.031389807849022e-11
Samples,260,BZ,7.47663924567362e-11
Samples,261,BZ,1.952758685844485e-09
Samples,262,BZ,9.398107959292251e-10
Samples,263,BZ,1.715164849043964e-09
Samples,264,BZ,1.2996169871476446e-09
Samples,265,BZ,1.6785948372671513e-10
Samples,266,BZ,3.250196823596932e-10
Samples,267,BZ,6.818375297159181e-10
Samples,268,BZ,8.935096540227715e-10
Samples,269,BZ,8.055971435541871e-10
Samples,270,BZ,1.8473456448845225e-09
Samples,271,BZ,6.951724849678281e-10
Samples,272,BZ,1.1723786787694129e-09
Samples,273,BZ,7.127353449313828e-10
Samples,274,BZ,8.946910372689978e-10
Samples,275,BZ,1.5286482537503443e-11
Samples,276,BZ,3.99084835237801e-09
Samples,277,BZ,3.8746418323178006e-10
Samples,278,BZ,5.403479419625878e-11
Samples,279,BZ,6.122560850925596e-11
Samples,280,BZ,8.57267092526692e-10
Samples,281,BZ,4.283530260504036e-10
Samples,282,BZ,9.084636091478865e-10
Samples,283,BZ,4.5727702966099993e-10
Samples,284,BZ,3.5235712905065923e-10
Samples,285,BZ,9.32473922835692e-11
Samples,286,BZ,2.4990001960018677e-10
Samples,287,BZ,4.041733907090751e-10
Samples,288,BZ,2.9095324935393985e-10
Samples,289,BZ,5.848338313363129e-10
Samples,290,BZ,3.8707998259479014e-10
Samples,291,BZ,5.204709324662276e-10
Samples,292,BZ,1.2427931010079723e-09
Samples,293,BZ,4.368257487314398e-10
Samples,294,BZ,3.109614368749579e-11
Samples,295,BZ,5.075162755121689e-11
Samples,296,BZ,1.043799222522967e-10
Samples,297,BZ,1.6746364928497644e-09
Samples,298,BZ,1.5854411169505096e-09
Samples,299,BZ,2.8497203687522462e-11
Samples,300,BZ,9.20441764410104e-11
Samples,301,BZ,1.0058729078909088e-10
Samples,302,BZ,3.804042187848207e-09
Samples,303,BZ,3.3028138842613748e-09
Samples,304,BZ,3.819794233644209e-09
Samples,305,BZ,8.118413511474029e-10
Samples,306,BZ,7.902273521585567e-10
Samples,307,BZ,1.2292746259782055e-09
Samples,308,BZ,4.9625348317358e-10
Samples,311,BZ,4.4177605033244914e-10
Samples,319,BZ,3.3292548715641923e-10
Samples,320,BZ,1.1813287736357347e-09
Samples,323,BZ,2.5026475035009086e-09
Samples,324,BZ,6.178607673188698e-09
Samples,325,BZ,1.3830901223011811e-10
Samples,326,BZ,1.4343378821727383e-10
Samples,327,BZ,1.5791194403226055e-10
Samples,328,BZ,3.8035074897964497e-10
Samples,329,BZ,9.204823536286052e-11
Samples,330,BZ,1.3755322660030572e-10
Samples,331,BZ,8.548858664469639e-11
Samples,332,BZ,4.1828167796170776e-11
Samples,333,BZ,5.075013938349727e-09
Samples,334,BZ,4.462158253071366e-09
Samples,335,BZ,4.154528751101424e-09
Samples,336,BZ,6.7428696839107335e-09
Samples,337,BZ,6.559440857414496e-13
Samples,338,BZ,1.02456853983066e-11
Samples,339,BZ,-5.57250096773986e-13
Samples,340,BZ,-5.558465940706562e-12
Samples,341,BZ,-1.3481189470996394e-13
Samples,342,BZ,-3.1192103537097624e-13
Samples,343,BZ,2.2872280915796542e-12
Samples,344,BZ,6.033721474166363e-13
Samples,345,BZ,1.7736212135196907e-10
Samples,346,BZ,5.964408995392376e-10
Samples,347,BZ,3.690777431185121e-12
Samples,348,BZ,5.641642272790038e-11
Samples,349,BZ,2.9100388986085576e-12
Samples,350,BZ,6.9115676854121526e-12
Samples,351,BZ,4.387441288603386e-12
Samples,352,BZ,5.921975490482819e-11
Samples,353,BZ,2.5243801406062493e-11
Samples,354,BZ,1.8247132306660047e-12
Samples,355,BZ,-2.6429866923001496e-12
Samples,356,BZ,-2.629609698135874e-12
Samples,357,BZ,1.314557024847106e-10
Samples,358,BZ,7.679184371190432e-12
Samples,359,BZ,4.8920958583626026e-11
Samples,361,BZ,3.0052364574233355e-12
Samples,362,BZ,2.7098153059538263e-12
Samples,363,BZ,4.209187464934171e-12
Samples,364,BZ,9.680185497980463e-13
Samples,365,BZ,5.047112418663504e-10
Samples,367,BZ,1.4133162573879981e-11
Samples,368,BZ,-1.2423975102074136e-12
Samples,370,BZ,3.314382710664004e-11
Samples,374,BZ,-3.39979599700947e-11
Samples,375,BZ,1.5841129526424088e-09
Samples,376,BZ,1.245250252655082e-09
Samples,377,BZ,5.474603319135546e-10
Samples,378,BZ,5.619461181303066e-10
Samples,379,BZ,5.864736390425673e-10
Samples,380,BZ,4.46964727429541e-10
Samples,381,BZ,1.3926880717433633e-09
Samples,382,BZ,1.17416708915845e-09
Samples,383,BZ,-2.6499239114335828e-12
Samples,384,BZ,1.2835902553234827e-09
Samples,385,BZ,-9.556672105265725e-13
Samples,386,BZ,5.6849807836532925e-11
Samples,387,BZ,6.835052481825397e-11
Samples,388,BZ,4.2411508846205835e-11
Samples,389,BZ,5.070505322907953e-11
Samples,390,BZ,4.267619710138853e-11
Samples,391,BZ,2.7023775320391113e-11
Samples,392,BZ,5.022767479095852e-11
Samples,393,BZ,3.6943444849009626e-11
Samples,394,BZ,6.227844579379846e-11
Samples,395,BZ,5.1573519821080994e-11
Samples,396,BZ,1.0106736046400104e-10
Samples,397,BZ,5.5295061534391884e-11
Samples,398,BZ,5.677538490972402e-11
Samples,399,BZ,1.4207589261512473e-11
Samples,400,BZ,1.4873173801853936e-09
Samples,401,BZ,1.5019642742833115e-09
Samples,402,BZ,1.5026274361351042e-09
Samples,403,BZ,4.963219560328858e-11
Samples,404,BZ,3.753659174457938e-11
Samples,405,BZ,3.7919475949399505e-11
Samples,406,BZ,4.426431924198834e-11
Samples,407,BZ,4.748477407749746e-11
Samples,408,BZ,6.581496929044438e-12
Samples,409,BZ,1.4125782486553863e-11
Samples,410,BZ,1.5020146535121664e-09
Samples,411,BZ,5.762460775501594e-12
Samples,412,BZ,6.97995085887699e-11
Samples,413,BZ,4.506419013653816e-10
Samples,414,BZ,2.7828604663769e-11
Samples,415,BZ,5.741600172254427e-10
Samples,416,BZ,2.178646489743883e-09
Samples,417,BZ,-4.900991406828511e-10
Samples,418,BZ,1.2862047353639825e-11
Samples,419,BZ,1.299248138113638e-10
Samples,420,BZ,1.6147021460522375e-13
Samples,421,BZ,1.0255801239254591e-11
Samples,422,BZ,2.6800937069175437e-12
Samples,423,BZ,4.352081482214789e-12
Samples,424,BZ,1.8129795853881335e-13
Samples,425,BZ,1.375824946654996e-12
Samples,426,BZ,1.5916641889974893e-10
Samples,427,BZ,1.1114214051151383e-11
Samples,428,BZ,3.2614262958003065e-09
Samples,429,BZ,4.848965554784604e-10
Samples,430,BZ,4.363095495514713e-10
Samples,431,BZ,3.07417491721432e-10
Samples,432,BZ,1.3387124891559572e-10
Samples,433,BZ,3.317685698795352e-10
Samples,434,BZ,2.416885387119346e-10
Samples,435,BZ,3.168934318703959e-10
Samples,436,BZ,4.749641593741452e-10
Samples,437,BZ,2.0727173656093782e-10
Samples,438,BZ,1.1786440352369777e-10
Samples,439,BZ,2.535230523607767e-10
Samples,440,BZ,1.5978008498569286e-10
Samples,441,BZ,2.0992148457734173e-10
Samples,442,BZ,1.7325610713060503e-10
Samples,443,BZ,5.140024034778966e-10
Samples,444,BZ,1.5175163592051601e-10
Samples,445,BZ,3.9119748949451953e-10
Samples,446,BZ,1.1779513614379016e-09
Samples,447,BZ,5.581396940098581e-10
Samples,448,BZ,1.231869682932837e-10
Samples,449,BZ,5.051387842075366e-10
Samples,450,BZ,2.5499084278539855e-10
Samples,451,BZ,2.2054681582588706e-10
Samples,452,BZ,9.300434378843208e-11
Samples,453,BZ,9.276244422764021e-11
Samples,454,BZ,6.327276405021986e-10
Samples,455,BZ,1.8131140500467046e-11
Samples,456,BZ,3.6278147237581114e-10
Samples,457,BZ,3.993016720331306e-10
Samples,458,BZ,4.3488376498043606e-10
Samples,459,BZ,5.665119568115307e-10
Samples,460,BZ,7.403972161882001e-10
Samples,461,BZ,5.021917056550582e-10
Samples,462,BZ,8.462716417822825e-10
Samples,463,BZ,6.093372545797166e-10
Samples,464,BZ,1.0287950139285672e-09
Samples,465,BZ,1.1541209655176153e-09
Samples,466,BZ,1.0640514893267485e-09
Samples,467,BZ,1.0263880311034833e-09
Samples,468,BZ,4.559640039076965e-10
Samples,469,BZ,8.431519806381265e-10
Samples,470,BZ,9.32634675750609e-10
Samples,471,BZ,7.865064664909555e-10
Samples,472,BZ,7.48470239621346e-10
Samples,473,BZ,7.563775933068287e-10
Samples,474,BZ,7.893944122857e-10
Samples,475,BZ,4.958069383142207e-10
Samples,476,BZ,2.922398937989025e-11
Samples,477,BZ,1.9898366624528873e-10
Samples,478,BZ,3.92537831939727e-10
Samples,479,BZ,1.5513119585160592e-10
Samples,480,BZ,1.3794569539606023e-10
Samples,481,BZ,2.838783770396906e-10
Samples,482,BZ,4.418367866146378e-11
Samples,483,BZ,5.586587020993223e-10
Samples,484,BZ,6.689733025691816e-11
Samples,485,BZ,1.5065852463054363e-10
Samples,486,BZ,3.8807051104412815e-10
Samples,487,BZ,4.6012495125332206e-11
Samples,488,BZ,3.04328796461507e-10
Samples,489,BZ,3.900516481047594e-10
Samples,490,BZ,5.107905254968724e-10
Samples,491,BZ,2.5263699606739507e-10
Samples,492,BZ,4.733371094382041e-10
Samples,493,BZ,3.4217375461676277e-10
Samples,494,BZ,3.849372984282763e-10
Samples,495,BZ,3.361238897288601e-10
Samples,496,BZ,4.2492287820025245e-10
Samples,497,BZ,4.939735446299638e-10
Samples,498,BZ,3.9850468041711635e-10
Samples,499,BZ,2.954015557715361e-10
Samples,500,BZ,4.178670035824345e-10
Samples,501,BZ,3.3511958562234395e-10
Samples,502,BZ,8.351277536961187e-10
Samples,503,BZ,6.30960859068385e-10
Samples,504,BZ,4.755964023964673e-10
Samples,505,BZ,7.110273000660219e-10
Samples,506,BZ,6.274825419438822e-10
Samples,507,BZ,9.101325646370256e-10
Samples,508,BZ,1.5814350927635874e-09
Samples,509,BZ,2.9630856214959946e-10
Samples,510,BZ,2.30702230750257e-09
Samples,511,BZ,1.4667628867863846e-09
Samples,512,BZ,1.4664712452818468e-11
Samples,513,BZ,2.859858743747281e-11
Samples,514,BZ,8.438651414395216e-12
Samples,515,BZ,1.2768864146081132e-09
Samples,516,BZ,1.6246835842546945e-09
Samples,517,BZ,1.131249389036565e-09
Samples,518,BZ,1.6410229454884501e-09
Samples,519,BZ,1.2415853135193678e-09
Samples,520,BZ,9.527261772387427e-10
Samples,521,BZ,1.5884652242187615e-09
Samples,522,BZ,1.5632383561278168e-09
Samples,523,BZ,1.1793577301910595e-09
Samples,524,BZ,1.6286954268944468e-09
Samples,525,BZ,8.972480685134495e-10
Samples,526,BZ,7.646112630171861e-10
Samples,527,BZ,7.264522928936781e-10
Samples,528,BZ,8.308289852110413e-10
Samples,529,BZ,8.263060273429862e-11
Samples,530,BZ,1.6262174482663716e-10
Samples,531,BZ,1.980802302661818e-10
Samples,532,BZ,2.3376848088933536e-11
Samples,533,BZ,1.1214357188294082e-10
Samples,534,BZ,5.790062932463615e-10
Samples,535,BZ,1.3153379078819649e-09
Samples,536,BZ,9.185470994882116e-11
Samples,537,BZ,9.864266710782881e-11
Samples,538,BZ,3.4620004182059726e-10
Samples,539,BZ,5.243912673662773e-10
Samples,540,BZ,2.043759970522618e-10
Samples,541,BZ,3.909804453988436e-10
Samples,542,BZ,5.502755566377241e-10
Samples,543,BZ,4.4319569620561283e-10
Samples,544,BZ,1.5178690732170608e-09
Samples,545,BZ,1.5393822643651442e-09
Samples,546,BZ,1.5054732674412544e-09
Samples,547,BZ,8.657761429851077e-10
Samples,548,BZ,1.5142336780043134e-09
Samples,549,BZ,8.835029833087963e-10
Samples,550,BZ,3.7903673858559965e-09
Samples,551,BZ,7.17272961854561e-12
Samples,552,BZ,7.785501541176942e-10
Samples,553,BZ,1.4959067142567247e-09
Samples,554,BZ,1.4606218196715943e-09
Samples,555,BZ,8.207933740888731e-10
Samples,556,BZ,1.9479215509533618e-11
Samples,557,BZ,1.61700143067711e-09
Samples,558,BZ,1.7059533165322082e-09
Samples,559,BZ,4.097408506055155e-12
Samples,560,BZ,2.9772572487780695e-12
Samples,561,BZ,2.9957299685616997e-12
Samples,562,BZ,1.657788846545034e-09
Samples,563,BZ,-2.9160610155245336e-12
Samples,564,BZ,-1.4886007714693407e-12
Samples,565,BZ,9.820306065583033e-13
Samples,566,BZ,4.699240710462675e-11
Samples,567,BZ,4.863209866809478e-10
Samples,568,BZ,4.168903508055529e-11
Samples,569,BZ,1.9508045485918732e-11
Samples,570,BZ,1.64229458598928e-09
Samples,571,BZ,3.62216361340294e-11
Samples,572,BZ,1.0123059698322187e-10
Samples,573,BZ,5.010658041514013e-11
Samples,574,BZ,1.8966752655643374e-09
Samples,575,BZ,2.9306150041894366e-09
Samples,576,BZ,1.8909800389648982e-09
Samples,577,BZ,8.951157585039048e-10
Samples,578,BZ,1.6413187065330018e-09
Samples,579,BZ,1.8179409579973134e-09
Samples,580,BZ,1.984738709343321e-09
Samples,581,BZ,8.287988573895439e-10
Samples,582,BZ,4.929016106114087e-11
Samples,583,BZ,9.394147372268757e-10
Samples,584,BZ,1.6755936678721995e-09
Samples,585,BZ,-4.2503832020173046e-13
Samples,586,BZ,1.5565365774867279e-09
Samples,587,BZ,2.0149878905999915e-09
Samples,588,BZ,7.272400611597552e-13
Samples,589,BZ,1.1735044960824965e-09
Samples,590,BZ,1.5443624438296348e-09
Samples,591,BZ,1.5030328362522191e-09
Samples,592,BZ,2.011996377971632e-09
Samples,593,BZ,9.357742843774704e-10
Samples,594,BZ,1.882498067694246e-09
Samples,595,BZ,1.9460016564192117e-09
Samples,596,BZ,-5.462934947131077e-13
Samples,597,BZ,4.9367148853334325e-09
Samples,598,BZ,1.594291718541352e-09
Samples,599,BZ,4.518905360134522e-09
Samples,600,BZ,4.054987356486927e-09
Samples,601,BZ,4.6193353524463154e-10
Samples,602,BZ,5.145926931048151e-10
Samples,603,BZ,2.1623787825743957e-10
Samples,604,BZ,3.203908271296946e-10
Samples,605,BZ,8.085234578344215e-10
Samples,606,BZ,5.437056159477078e-10
Samples,607,BZ,7.979044606660384e-10
Samples,608,BZ,5.371780219490511e-10
Samples,609,BZ,5.744436084877235e-10
Samples,610,BZ,8.380104834530613e-10
Samples,611,BZ,7.643639834570861e-10
Samples,612,BZ,7.492030897851657e-10
Samples,613,BZ,5.59307033022081e-10
Samples,614,BZ,6.11886573066519e-10
Samples,615,BZ,5.136490688991643e-10
Samples,616,BZ,8.109113293888694e-10
Samples,617,BZ,5.117605843810519e-10
Samples,618,BZ,4.610323536163793e-10
Samples,619,BZ,4.94923983496204e-10
Samples,620,BZ,-1.8858034444466372e-12
Samples,621,BZ,3.453598151106812e-11
Samples,622,BZ,8.629007420152492e-11
Samples,623,BZ,2.2499769316132615e-10
Samples,624,BZ,6.872798101252814e-10
Samples,625,BZ,7.266980493417749e-10
Samples,626,BZ,5.214545335997548e-10
Samples,627,BZ,6.090327490500059e-10
Samples,628,BZ,8.111303044428927e-10
Samples,629,BZ,5.368619737293362e-10
Samples,630,BZ,7.120560171294327e-10
Samples,631,BZ,9.44708118968551e-10
Samples,632,BZ,7.071991667623804e-10
Samples,633,BZ,7.748305860086135e-10
Samples,634,BZ,7.348874908419133e-10
Samples,635,BZ,4.259956064502025e-10
Samples,636,BZ,7.508344589445463e-10
Samples,637,BZ,7.631472094336685e-10
Samples,638,BZ,1.934102711146912e-07
Samples,639,BZ,1.8713083376196788e-07
Samples,640,BZ,2.415052770281358e-07
Samples,641,BZ,4.701559479841209e-08
Samples,642,BZ,4.450000176860595e-08
Samples,643,BZ,3.192872394225287e-08
Samples,645,BZ,2.367159638393865e-08
Samples,646,BZ,7.776184813299399e-08
Samples,647,BZ,-1.3214933461500738e-10
Samples,648,BZ,3.1968083107907515e-10
Samples,649,BZ,7.176496486281235e-09
Samples,650,BZ,2.4955346095251543e-08
Samples,651,BZ,5.081389663152747e-09
Samples,652,BZ,3.434067732391499e-08
Samples,653,BZ,1.8601110046916395e-14
Samples,654,BZ,6.569995022995544e-09
Samples,655,BZ,5.09195339018932e-09
Samples,656,BZ,6.038730938025313e-10
Samples,657,BZ,5.627959687841849e-10
Samples,658,BZ,1.368562534858357e-09
Samples,659,BZ,1.7186608519633065e-10
Samples,660,BZ,3.6002142414483556e-10
Samples,661,BZ,1.4025488792720013e-09
Samples,662,BZ,3.7700824087412993e-10
Samples,663,BZ,5.229466561257278e-12
Samples,664,BZ,4.3589047802533573e-10
Samples,665,BZ,8.339740663974184e-10
Samples,666,BZ,4.194042785446705e-10
Samples,667,BZ,1.5314153102838515e-10
Samples,668,BZ,2.2276203908166794e-10
Samples,669,BZ,1.5569505012907423e-11
Samples,670,BZ,1.4166429661813937e-09
Samples,671,BZ,1.373071489845725e-12
Samples,672,BZ,-8.502197447760405e-11
Samples,673,BZ,1.7371689457338577e-09
Samples,674,BZ,1.7711883307035653e-09
Samples,675,BZ,1.5431477892530035e-09
Samples,676,BZ,-6.741358720777756e-12
Samples,677,BZ,3.8085251891419316e-11
Samples,678,BZ,-4.758057720606626e-12
Samples,679,BZ,1.5023187895595528e-09
Samples,680,BZ,1.3658730088945564e-09
Samples,681,BZ,1.5068500376049378e-09
Samples,682,BZ,5.592935740787955e-10
Samples,683,BZ,6.45432253048068e-10
Samples,684,BZ,9.240256323125037e-10
Samples,685,BZ,7.667809609690611e-10
Samples,686,BZ,1.3756938887989267e-09
Samples,687,BZ,1.3536055156470197e-09
Samples,688,BZ,6.752628251342572e-10
Samples,689,BZ,5.537963268747124e-10
Samples,690,BZ,1.1717970988229366e-09
Samples,691,BZ,5.34533656141061e-10
Samples,692,BZ,1.2449164687812086e-09
Samples,693,BZ,1.7777905180755825e-09
Samples,694,BZ,5.842256630321731e-10
Samples,695,BZ,2.0189602364374156e-10
Samples,696,BZ,2.2634256001509775e-10
Samples,697,BZ,1.4090771498229056e-09
Samples,698,BZ,1.877705707918164e-09
Samples,699,BZ,1.0778325371882484e-10
Samples,700,BZ,1.8647466157194785e-09
Samples,701,BZ,1.8340997213420475e-09
Samples,702,BZ,1.4791259879646524e-09
Samples,703,BZ,1.6252715316807256e-10
Samples,704,BZ,1.3830183760086119e-09
Samples,705,BZ,1.4105131540525872e-10
Samples,706,BZ,1.6604019080538998e-09
Samples,707,BZ,1.3018957584758156e-10
Samples,708,BZ,6.126041257719665e-10
Samples,709,BZ,1.8040680651168133e-09
Samples,710,BZ,6.078515316756663e-10
Samples,711,BZ,7.433226470933045e-10
Samples,712,BZ,1.6557291303235039e-10
Samples,713,BZ,8.080569750697985e-10
Samples,714,BZ,2.5577995457763073e-09
Samples,715,BZ,1.3885857681589857e-09
Samples,716,BZ,1.0628256895233779e-09
Samples,717,BZ,2.3734598978503215e-09
Samples,718,BZ,2.7965184948936376e-10
Samples,719,BZ,-2.6631917808413503e-12
Samples,720,BZ,1.3740932333513362e-10
Samples,721,BZ,-1.4937666840425633e-12
Samples,722,BZ,1.3840824623276497e-09
Samples,723,BZ,-7.509004532271483e-14
Samples,724,BZ,7.041079665295835e-14
Samples,725,BZ,2.1394551187347194e-10
Samples,726,BZ,3.40268650130939e-13
Samples,727,BZ,-1.5392411301175041e-15
Samples,728,BZ,3.9296998527253696e-10
Samples,729,BZ,1.699192840903541e-10
Samples,730,BZ,3.1510647481577703e-10
Samples,731,BZ,3.1942233600071254e-10
Samples,732,BZ,7.78694705217371e-10
Samples,733,BZ,5.279092510460658e-10
Samples,734,BZ,3.670607792431125e-10
Samples,735,BZ,4.2009172137316645e-10
Samples,736,BZ,1.0401381044271586e-09
Samples,737,BZ,4.9449938671504036e-11
Samples,738,BZ,3.9911537276833695e-10
Samples,739,BZ,3.917055222512555e-10
Samples,740,BZ,7.625138338366954e-10
Samples,741,BZ,1.5231255008715477e-10
Samples,742,BZ,7.942580788621888e-10
Samples,743,BZ,2.743291250070411e-10
Samples,744,BZ,1.7995010543539615e-09
Samples,745,BZ,1.1336906839091716e-09
Samples,746,BZ,4.972227987226164e-10
Samples,747,BZ,3.395966398767532e-10
Samples,748,BZ,8.727820247554196e-10
Samples,749,BZ,2.570411760971158e-10
Samples,750,BZ,6.113918323304522e-10
Samples,751,BZ,2.2440613576774456e-09
Samples,752,BZ,6.628323323939774e-10
Samples,753,BZ,1.4925972394602573e-09
Samples,754,BZ,2.719130349714544e-10
Samples,755,BZ,6.543646829283724e-11
Samples,756,BZ,4.9445749776154306e-11
Samples,757,BZ,1.1735295552643516e-10
Samples,758,BZ,2.461227296908532e-10
Samples,759,BZ,9.417873683355874e-11
Samples,760,BZ,3.954859294327809e-10
Samples,761,BZ,4.323526234303966e-10
Samples,762,BZ,2.735638192899881e-10
Samples,763,BZ,1.0947924149296365e-09
Samples,764,BZ,2.7984979034050214e-10
Samples,765,BZ,1.4118088498948673e-10
Samples,766,BZ,-1.1121390619321082e-12
Samples,767,BZ,-1.637257084355832e-11
Samples,768,BZ,2.5458136413174162e-11
Samples,769,BZ,-5.927327886319462e-12
Samples,770,BZ,2.8129318198469042e-11
Samples,771,BZ,-5.924075471193566e-12
Samples,772,BZ,3.038460734722056e-11
Samples,773,BZ,1.543288708350687e-09
Samples,774,BZ,8.559970330047198e-11
Samples,775,BZ,6.944810502700627e-10
Samples,776,BZ,3.470131678410617e-10
Samples,777,BZ,3.2221235393055583e-10
Samples,778,BZ,1.4126958809343019e-11
Samples,779,BZ,9.320576163344973e-11
Samples,780,BZ,1.2021417570832117e-10
Samples,781,BZ,7.342985205364624e-10
Samples,782,BZ,1.4161675014246337e-10
Samples,783,BZ,6.090565971189491e-11
Samples,784,BZ,6.971352911118089e-11
Samples,785,BZ,9.014345315198361e-10
Samples,786,BZ,1.3855925989188027e-09
Samples,787,BZ,4.199043797246887e-11
Samples,788,BZ,2.4539294682467742e-11
Samples,789,BZ,3.290507157746301e-10
Samples,790,BZ,1.0487271782140581e-10
Samples,791,BZ,1.1225164184856315e-10
Samples,792,BZ,3.691099498599374e-10
Samples,793,BZ,2.862892534640575e-10
Samples,794,BZ,4.873342930287683e-10
Samples,795,BZ,8.775734279708807e-10
Samples,796,BZ,9.987560543635385e-11
Samples,797,BZ,1.461625487833353e-09
Samples,798,BZ,1.6447969310840513e-10
Samples,799,BZ,1.4304757922921e-09
Samples,800,BZ,7.172651951923363e-11
Samples,801,BZ,1.92944499340034e-11
Samples,802,BZ,7.537840188638638e-11
Samples,803,BZ,3.281614021284898e-11
Samples,804,BZ,4.125084195897525e-11
Samples,805,BZ,2.4409269687864836e-09
Samples,806,BZ,2.2149145780896232e-11
Samples,807,BZ,1.1477629505532399e-10
Samples,808,BZ,7.253642706512758e-10
Samples,809,BZ,4.2906501933144207e-11
Samples,810,BZ,5.045916813675448e-11
Samples,811,BZ,4.0422089236827327e-11
Samples,812,BZ,1.0884648518329498e-12
Samples,813,BZ,1.22733198876425e-09
Samples,814,BZ,7.842409952140288e-11
Samples,815,BZ,2.96576000597782e-11
Samples,816,BZ,1.553482025758354e-11
Samples,817,BZ,2.355681892195176e-11
Samples,818,BZ,2.7524558907021207e-11
Samples,819,BZ,1.0974232539883448e-10
Samples,820,BZ,2.6556754807310066e-12
Samples,821,BZ,6.088082597281669e-10
Samples,822,BZ,1.4301305348053035e-09
Samples,823,BZ,1.4474128108714964e-09
Samples,824,BZ,4.4292697654313294e-10
Samples,825,BZ,5.45289736327313e-10
Samples,826,BZ,1.3802136993436576e-10
Samples,827,BZ,3.5391288827481833e-10
Samples,828,BZ,3.648408573778742e-10
Samples,829,BZ,2.6985147552420266e-10
Samples,830,BZ,5.185996657003468e-10
Samples,831,BZ,5.90111406147166e-10
Samples,832,BZ,8.828507563458934e-10
Samples,833,BZ,5.599947412691564e-10
Samples,834,BZ,1.4815467607915992e-09
Samples,835,BZ,9.318743920540892e-12
Samples,836,BZ,1.6039114245545282e-09
Samples,837,BZ,9.825332754772492e-10
Samples,838,BZ,1.4770686034043478e-09
Samples,839,BZ,-2.4374418073972723e-11
Samples,840,BZ,-4.572298701140154e-11
Samples,841,BZ,1.8789087156483172e-11
Samples,842,BZ,-2.5087529226475285e-11
Samples,843,BZ,1.1930367818141262e-09
Samples,844,BZ,-8.5239166393397e-11
Samples,845,BZ,9.625876235453168e-10
Samples,846,BZ,1.623738033213778e-11
Samples,847,BZ,9.083347163507285e-10
Samples,848,BZ,8.396380107978864e-10
Samples,849,BZ,2.017456394325671e-11
Samples,850,BZ,1.4505010792646494e-09
Samples,851,BZ,5.051991070126195e-10
Samples,852,BZ,5.504229357009081e-10
Samples,853,BZ,3.991763928874145e-09
Samples,854,BZ,5.667946087515678e-10
Samples,855,BZ,2.7314323933568325e-10
Samples,856,BZ,4.9735893377567e-10
Samples,857,BZ,6.70487311855404e-10
Samples,858,BZ,4.6104750749642315e-10
Samples,859,BZ,3.6197738828615547e-10
Samples,860,BZ,1.0466092600954183e-10
Samples,861,BZ,2.66106076724261e-10
Samples,862,BZ,4.639202883392431e-10
Samples,863,BZ,5.204140577946105e-10
Samples,864,BZ,1.1831668265726967e-10
Samples,865,BZ,2.7563544151152243e-10
Samples,866,BZ,1.903646795230038e-10
Samples,867,BZ,9.502433404255325e-11
Samples,868,BZ,5.252933877497374e-11
Samples,869,BZ,1.270866636657133e-10
Samples,870,BZ,5.779050102591655e-10
Samples,871,BZ,1.2222870840125268e-10
Samples,872,BZ,1.0326973590526767e-10
Samples,873,BZ,5.331676119693844e-10
Samples,874,BZ,1.9193811480912793e-10
Samples,875,BZ,2.7479204877931534e-11
Samples,876,BZ,1.678049770181092e-10
Samples,877,BZ,7.579188898855109e-10
Samples,878,BZ,2.7208766553955164e-10
Samples,879,BZ,4.1022581033469836e-10
Samples,880,BZ,9.260560465808224e-11
Samples,881,BZ,1.59557237360893e-10
Samples,882,BZ,3.9682227687824064e-10
Samples,883,BZ,4.4517421991085423e-10
Samples,884,BZ,4.749046565015957e-10
Samples,885,BZ,2.937243559835528e-10
Samples,886,BZ,2.525432515159803e-10
Samples,887,BZ,9.76174470465923e-10
Samples,888,BZ,8.518456691940019e-10
Samples,889,BZ,4.559600003012682e-11
Samples,890,BZ,3.3238263546938347e-11
Samples,891,BZ,-4.8174330715956475e-12
Samples,892,BZ,3.3455878881354466e-11
Samples,893,BZ,3.3962103486726544e-11
Samples,894,BZ,1.639655985525975e-09
Samples,895,BZ,1.740167483766247e-09
Samples,896,BZ,1.4530625413494142e-09
Samples,897,BZ,4.890545021139946e-09
Samples,898,BZ,1.4302974372226508e-09
Samples,899,BZ,7.16789556229405e-09
Samples,900,BZ,8.308846523950369e-09
Samples,901,BZ,-5.1572940411265826e-11
Samples,902,BZ,1.4436957214235719e-09
Samples,903,BZ,1.429154704625896e-09
Samples,904,BZ,-7.046035760490826e-12
Samples,905,BZ,-9.483976530445097e-12
Samples,906,BZ,7.2159726459933955e-09
Samples,907,BZ,1.0494165411065909e-08
Samples,908,BZ,8.779837523401932e-09
Samples,909,BZ,4.971262438766651e-09
Samples,910,BZ,1.7466981782272293e-09
Samples,911,BZ,7.891695784458572e-10
Samples,912,BZ,6.244128498907112e-10
Samples,913,BZ,1.070240547952701e-10
Samples,914,BZ,8.152457734041586e-10
Samples,915,BZ,-5.662987425050504e-11
Samples,916,BZ,1.1323165228277154e-09
Samples,917,BZ,1.735861268659208e-09
Samples,918,BZ,1.3987604233057872e-09
Samples,919,BZ,1.4202107256236355e-09
Samples,920,BZ,1.3789846421481427e-09
Samples,921,BZ,1.511972432681634e-10
Samples,922,BZ,4.1301369590216016e-10
Samples,923,BZ,2.2434208380973777e-10
Samples,924,BZ,1.8066675086681644e-09
Samples,925,BZ,2.605141397034999e-10
Samples,926,BZ,1.7244191400015897e-09
Samples,927,BZ,7.342644744630751e-09
Samples,928,BZ,2.459554704582661e-08
Samples,929,BZ,1.0666259317979804e-09
Samples,930,BZ,2.6780170287059347e-09
Samples,931,BZ,1.08207767553156e-09
Samples,932,BZ,5.137085573446965e-10
Samples,933,BZ,1.2871184947833695e-11
Samples,934,BZ,3.384820107496348e-09
Samples,935,BZ,2.494104973893884e-09
Samples,936,BZ,1.2978486593312766e-09
Samples,937,BZ,7.886935425042395e-10
Samples,938,BZ,1.064754429111339e-09
Samples,939,BZ,1.2879336210364186e-08
Samples,940,BZ,4.612007563568428e-09
Samples,941,BZ,8.300872629190105e-11
Samples,942,BZ,5.2106455461496635e-09
Samples,943,BZ,2.6388204352519557e-09
Samples,944,BZ,8.896664225981306e-10
Samples,945,BZ,1.5972456060734265e-09
Samples,946,BZ,1.5714727081793738e-09
Samples,947,BZ,1.5257510752342068e-09
Samples,948,BZ,1.5222429580640986e-09
Samples,949,BZ,1.5475605967401875e-09
Samples,950,BZ,1.5444796857985051e-09
Samples,951,BZ,-5.407263795825647e-11
Samples,952,BZ,8.194824660528277e-10
Samples,953,BZ,1.2869514452039506e-09
Samples,954,BZ,1.9386816619320164e-08
Samples,955,BZ,9.689373902501263e-09
Samples,956,BZ,1.7718151601863141e-10
Samples,959,BZ,4.730046903657022e-11
Samples,960,BZ,1.1299921378406055e-09
Samples,961,BZ,4.600910818335509e-10
Samples,962,BZ,6.881920327848323e-10
Samples,963,BZ,1.115035513915006e-09
Samples,964,BZ,3.5254482849401086e-09
Samples,965,BZ,3.5670625578029687e-09
Samples,966,BZ,3.9839728829156336e-10
Samples,967,BZ,7.13862769769321e-10
Samples,969,BZ,1.1004049199880312e-09
Samples,970,BZ,2.675835861040691e-10
Samples,971,BZ,8.235047336148188e-10
Samples,973,BZ,3.213980072381435e-10
Samples,974,BZ,1.335501900866757e-09
Samples,975,BZ,7.321549769904571e-09
Samples,976,BZ,9.204097107199708e-10
Samples,977,BZ,5.295650437279747e-10
Samples,978,BZ,-1.3214933461500785e-10
Samples,979,BZ,8.134345701992182e-10
Samples,982,BZ,2.393061421793271e-09
Samples,983,BZ,2.0450862430626695e-09
Samples,985,BZ,1.0572888849501093e-09
Samples,987,BZ,3.366798647198719e-08
Samples,988,BZ,4.947073690819588e-09
Samples,989,BZ,3.3963959503007415e-08
Samples,990,BZ,5.5319552470653734e-09
Samples,991,BZ,4.843241198051204e-08
Samples,992,BZ,4.0379917633562994e-08
Samples,993,BZ,4.774479274349334e-08
Samples,994,BZ,1.3970021048710575e-10
Samples,995,BZ,8.267615149767282e-10
Samples,996,BZ,4.032813261311515e-08
Samples,997,BZ,7.942218067976518e-08
Samples,998,BZ,2.0755243903092462e-09
Samples,999,BZ,7.854721970736667e-08
Samples,1000,BZ,1.8906390379463362e-09
Samples,1001,BZ,1.5430132515527252e-09
Samples,1002,BZ,1.4964008696219578e-08
Samples,1003,BZ,1.633682612833612e-08
Samples,1004,BZ,1.614733724977304e-08
Samples,1005,BZ,1.7669855287975173e-08
Samples,1006,BZ,1.3780579142089437e-08
Samples,1007,BZ,1.4929711093635796e-08
Samples,1008,BZ,1.6829610747804514e-08
Samples,1009,BZ,1.6287218233953824e-08
Samples,1010,BZ,4.680143715089045e-11
Samples,1011,BZ,-3.5171055630766655e-11
Samples,1012,BZ,1.1418003620000956e-11
Samples,1013,BZ,1.2618157351102227e-08
Samples,1014,BZ,4.900522240757163e-10
Samples,1015,BZ,5.865149303050039e-11
Samples,1016,BZ,-4.774518351869165e-12
Samples,1017,BZ,-2.7435926041526683e-12
Samples,1018,BZ,-9.626417590810148e-12
Samples,1019,BZ,5.656745066957209e-12
Samples,1020,BZ,3.199199210230818e-11
Samples,1021,BZ,5.0103593724847953e-11
Samples,1022,BZ,6.999775871942922e-11
Samples,1023,BZ,5.80596945638978e-11
Samples,1024,BZ,6.303145717273022e-11
Samples,1025,BZ,-2.1902859311527934e-11
Samples,4,CA,5.277867489955727e-10
Samples,5,CA,4.0915662288121535e-09
Samples,6,CA,8.547047463806683e-10
Samples,7,CA,2.526784675183521e-10
Samples,8,CA,6.011312242240547e-11
Samples,9,CA,3.816732410318862e-10
Samples,10,CA,1.758546366745611e-10
Samples,11,CA,4.012290859962517e-10
Samples,12,CA,3.1376438617935475e-06
Samples,17,CA,-5.87380515226959e-11
Samples,19,CA,1.3070129811243528e-08
Samples,20,CA,2.7365371494454387e-08
Samples,21,CA,1.9880829301439266e-08
Samples,26,CA,1.2152858594229774e-09
Samples,28,CA,1.0383481514771819e-09
Samples,29,CA,4.33665486764989e-09
Samples,30,CA,3.493436135915921e-09
Samples,32,CA,1.3519952927957781e-08
Samples,34,CA,6.279521423904474e-09
Samples,35,CA,0.0003646705105017917
Samples,37,CA,6.99205051109289e-09
Samples,39,CA,6.682259366466448e-09
Samples,41,CA,5.560679398317532e-09
Samples,42,CA,4.641794639752037e-09
Samples,44,CA,5.148779556591347e-09
Samples,55,CA,3.3097362876849047e-09
Samples,56,CA,5.295653266924472e-09
Samples,58,CA,1.163946201572485e-09
Samples,59,CA,1.865859462927033e-09
Samples,60,CA,1.4751458464936612e-10
Samples,61,CA,9.423220546745033e-11
Samples,62,CA,1.5700106522633175e-10
Samples,63,CA,7.482563142352129e-11
Samples,64,CA,7.585765516421087e-11
Samples,65,CA,2.8856930517215285e-10
Samples,66,CA,6.819268296525984e-11
Samples,67,CA,1.2884464147274703e-10
Samples,68,CA,8.198382024302398e-11
Samples,69,CA,5.564278225049504e-11
Samples,70,CA,4.493167428141841e-11
Samples,71,CA,1.3951193376277825e-09
Samples,72,CA,6.331034275129877e-10
Samples,73,CA,4.690729267722327e-09
Samples,74,CA,8.469401369503583e-09
Samples,75,CA,1.4123406472124525e-08
Samples,76,CA,3.914287214917487e-11
Samples,77,CA,4.0690759100281736e-08
Samples,78,CA,2.8675969177088633e-10
Samples,79,CA,3.0027405656695466e-10
Samples,80,CA,9.096608211048393e-11
Samples,81,CA,1.4255353808638048e-07
Samples,82,CA,6.753569059734812e-09
Samples,83,CA,2.6376320774477473e-09
Samples,84,CA,1.589090096441246e-08
Samples,85,CA,1.292622289864422e-08
Samples,86,CA,1.3880195849510376e-07
Samples,87,CA,1.0831959615448675e-07
Samples,88,CA,7.555866907734456e-08
Samples,89,CA,6.78454038139458e-08
Samples,91,CA,-1.7416426263288014e-08
Samples,93,CA,-1.9693811903660488e-08
Samples,94,CA,-1.708913775932208e-08
Samples,95,CA,-1.929479776359579e-09
Samples,96,CA,-1.8009301604336234e-09
Samples,98,CA,-5.439507431775335e-09
Samples,100,CA,-7.721571998828605e-09
Samples,101,CA,-1.667279386326168e-08
Samples,102,CA,2.7686353385420023e-08
Samples,103,CA,5.0128870871037255e-08
Samples,106,CA,-1.4178329661269153e-08
Samples,107,CA,-1.7316057645487737e-08
Samples,109,CA,5.708916361987455e-09
Samples,113,CA,-5.4031665144439886e-09
Samples,115,CA,1.2458246626605934e-09
Samples,118,CA,1.9903881394542393e-10
Samples,119,CA,1.710078104619879e-11
Samples,120,CA,1.0183831020887709e-10
Samples,121,CA,7.806679959772856e-09
Samples,122,CA,5.6828393544935455e-11
Samples,123,CA,2.9470581380106893e-09
Samples,124,CA,1.8105119372909723e-10
Samples,125,CA,4.3634182217668055e-10
Samples,126,CA,-2.004691462942923e-10
Samples,127,CA,7.678890070876008e-09
Samples,128,CA,7.717495007339019e-09
Samples,129,CA,7.857288895051657e-09
Samples,130,CA,7.702366250785686e-09
Samples,131,CA,-9.483839221039475e-13
Samples,132,CA,-1.0028463311366365e-12
Samples,133,CA,-9.55205159216526e-13
Samples,134,CA,-1.0279009596574698e-12
Samples,136,CA,-2.6836635589991704e-11
Samples,137,CA,-2.921802366894575e-11
Samples,138,CA,-2.7182201630391257e-11
Samples,139,CA,2.968312165192336e-09
Samples,140,CA,3.0367617750680392e-09
Samples,141,CA,2.5028900483261027e-09
Samples,142,CA,3.797430002450415e-09
Samples,143,CA,3.004919221377521e-09
Samples,144,CA,2.9464107551983477e-09
Samples,145,CA,1.699012565585312e-09
Samples,146,CA,4.884545591860088e-09
Samples,147,CA,2.8198232674749375e-09
Samples,148,CA,4.1062921133969636e-09
Samples,149,CA,2.72882500029946e-09
Samples,150,CA,1.7098852927235681e-09
Samples,151,CA,1.754034105317664e-09
Samples,152,CA,4.753317335954228e-09
Samples,153,CA,1.8558652653262754e-09
Samples,154,CA,2.6618199346989e-09
Samples,155,CA,1.7912158865991158e-09
Samples,156,CA,7.794268490089853e-08
Samples,158,CA,-1.0047318265099667e-10
Samples,159,CA,2.395691120126951e-10
Samples,160,CA,2.789408643613258e-09
Samples,161,CA,2.591421313795403e-09
Samples,164,CA,9.37445603934724e-11
Samples,165,CA,7.181754314523729e-09
Samples,166,CA,9.093415625387378e-09
Samples,167,CA,1.7484270395540117e-08
Samples,169,CA,4.351851808858014e-08
Samples,171,CA,-5.87380515226959e-11
Samples,172,CA,3.562488228057261e-08
Samples,174,CA,2.4728703171845044e-09
Samples,175,CA,-3.334461196269075e-11
Samples,176,CA,5.709397573286874e-11
Samples,177,CA,3.667244081163652e-11
Samples,178,CA,2.8625387662473335e-09
Samples,179,CA,7.12666432402088e-10
Samples,181,CA,1.057537054152007e-09
Samples,182,CA,4.759651514881457e-10
Samples,183,CA,3.363011681417117e-10
Samples,184,CA,3.5527453106602537e-09
Samples,185,CA,3.858003142984643e-09
Samples,186,CA,3.4877731883138963e-09
Samples,187,CA,4.4072919219016314e-09
Samples,188,CA,2.7659527243779846e-09
Samples,189,CA,2.4884793291779353e-09
Samples,190,CA,6.617136893807207e-10
Samples,191,CA,-2.9453442998447294e-11
Samples,192,CA,4.119942438331789e-09
Samples,193,CA,2.914000197454832e-09
Samples,194,CA,1.557587450306659e-09
Samples,195,CA,-3.4570914620053095e-11
Samples,196,CA,2.0656287776116615e-09
Samples,197,CA,6.078894426760812e-10
Samples,198,CA,1.0589465996115104e-09
Samples,199,CA,1.6696343334637875e-08
Samples,200,CA,8.12041423385061e-09
Samples,201,CA,2.4058042940655435e-09
Samples,202,CA,1.7567978294935697e-09
Samples,203,CA,1.3361023626875509e-09
Samples,204,CA,-1.271769115545574e-12
Samples,205,CA,1.8064594967717637e-09
Samples,206,CA,9.8597704658217e-10
Samples,207,CA,1.1777948814569e-09
Samples,208,CA,1.3272325780006812e-09
Samples,209,CA,1.872778388530174e-09
Samples,210,CA,1.0823340682967824e-09
Samples,211,CA,1.1957161828540062e-09
Samples,212,CA,4.10823067248952e-10
Samples,213,CA,1.3969084571495464e-09
Samples,214,CA,7.435190209171755e-10
Samples,215,CA,1.6766355964765398e-09
Samples,216,CA,1.0861992030612407e-09
Samples,217,CA,6.957347849435226e-10
Samples,218,CA,-3.2024860286812706e-11
Samples,219,CA,1.750073171199144e-09
Samples,220,CA,2.0306698848849985e-09
Samples,221,CA,1.9216239452364565e-09
Samples,222,CA,1.0930665387516063e-09
Samples,223,CA,3.806923726057115e-10
Samples,224,CA,2.121376580092366e-09
Samples,225,CA,8.79935219781008e-11
Samples,226,CA,1.727759234526361e-11
Samples,227,CA,8.479558981473283e-10
Samples,228,CA,1.5322253300344683e-09
Samples,229,CA,4.024341146138832e-10
Samples,230,CA,1.3039994922113469e-09
Samples,231,CA,1.46245556775001e-09
Samples,232,CA,3.286863493403213e-10
Samples,233,CA,1.863040438242621e-09
Samples,234,CA,1.0978149197287627e-09
Samples,235,CA,2.2761516022000903e-09
Samples,236,CA,1.8280254671357906e-09
Samples,237,CA,2.913640205993568e-09
Samples,238,CA,8.458555678933679e-10
Samples,239,CA,2.4456177999394316e-09
Samples,240,CA,1.3313632568115654e-09
Samples,241,CA,1.9091844976867505e-09
Samples,242,CA,2.9290867997793455e-09
Samples,243,CA,2.3741653188838303e-09
Samples,244,CA,2.683062662590388e-09
Samples,245,CA,1.748419297297933e-09
Samples,246,CA,2.5191148854569165e-09
Samples,247,CA,1.7189056983592979e-09
Samples,248,CA,2.7561648409860164e-09
Samples,249,CA,2.3569000183215464e-09
Samples,250,CA,2.4575983172316166e-09
Samples,251,CA,2.859225716668261e-09
Samples,252,CA,-3.371393519645473e-11
Samples,253,CA,2.0697381951417703e-09
Samples,254,CA,2.4438764980923877e-09
Samples,255,CA,2.4850342034538738e-09
Samples,256,CA,1.4183254150761944e-08
Samples,257,CA,4.4356708424133965e-08
Samples,258,CA,5.976406565089428e-09
Samples,259,CA,4.0547162555527735e-10
Samples,260,CA,7.246933388299274e-10
Samples,261,CA,1.9445965473337545e-08
Samples,262,CA,9.094285706489897e-09
Samples,263,CA,1.694028248104778e-08
Samples,264,CA,1.2959082709368198e-08
Samples,265,CA,1.64096926394356e-09
Samples,266,CA,3.1138046316573084e-09
Samples,267,CA,6.67109885763431e-09
Samples,268,CA,8.737594655258522e-09
Samples,269,CA,7.871759618477864e-09
Samples,270,CA,2.7167224372415505e-08
Samples,271,CA,1.0240554436255701e-08
Samples,272,CA,1.7197722784960987e-08
Samples,273,CA,1.0406990037332708e-08
Samples,274,CA,1.322836716279054e-08
Samples,275,CA,2.15519872010416e-10
Samples,276,CA,5.870940823543995e-08
Samples,277,CA,5.724226606244588e-09
Samples,278,CA,7.900658513645893e-10
Samples,279,CA,8.79013045805776e-10
Samples,280,CA,1.2606194810856097e-08
Samples,281,CA,6.296929877413107e-09
Samples,282,CA,1.33193155306323e-08
Samples,283,CA,6.721701842657529e-09
Samples,284,CA,5.174523067078733e-09
Samples,285,CA,1.3762625824261498e-09
Samples,286,CA,3.6587288928585042e-09
Samples,287,CA,5.917584566278809e-09
Samples,288,CA,4.270318390947772e-09
Samples,289,CA,8.570226597836126e-09
Samples,290,CA,5.678699387283856e-09
Samples,291,CA,7.59713703284059e-09
Samples,292,CA,1.8177511471096196e-08
Samples,293,CA,6.426042172709001e-09
Samples,294,CA,4.899379369110646e-10
Samples,295,CA,7.437839560466523e-10
Samples,296,CA,1.5392502854152953e-09
Samples,297,CA,2.4304917458509947e-08
Samples,298,CA,2.3181494693851125e-08
Samples,299,CA,4.0775451070725017e-10
Samples,300,CA,1.3480175838674205e-09
Samples,301,CA,1.4776900207089037e-09
Samples,302,CA,5.5845796964327843e-08
Samples,303,CA,4.8174569028474427e-08
Samples,304,CA,5.557110059984642e-08
Samples,305,CA,1.181303744069786e-08
Samples,306,CA,1.147182154662398e-08
Samples,307,CA,1.7983826816108818e-08
Samples,308,CA,7.249715295993997e-09
Samples,311,CA,6.4702192810556794e-09
Samples,319,CA,4.807211555901689e-09
Samples,320,CA,1.7082811432558138e-08
Samples,323,CA,3.647461695303262e-08
Samples,324,CA,8.947141771306083e-08
Samples,325,CA,2.0026995812496572e-09
Samples,326,CA,2.1006459437209288e-09
Samples,327,CA,2.314207489675224e-09
Samples,328,CA,5.560836171630445e-09
Samples,329,CA,1.3571145925832092e-09
Samples,330,CA,2.0096191495138052e-09
Samples,331,CA,1.2536369130730534e-09
Samples,332,CA,6.019263536239185e-10
Samples,333,CA,7.384389085774097e-08
Samples,334,CA,6.504979969642422e-08
Samples,335,CA,6.05610007610464e-08
Samples,336,CA,9.782764542781189e-08
Samples,337,CA,9.953465671125636e-12
Samples,338,CA,1.4592309453308036e-10
Samples,339,CA,-6.346640568811702e-12
Samples,340,CA,-3.0991911020952615e-12
Samples,341,CA,-6.075495760587978e-14
Samples,342,CA,-5.040565403966009e-12
Samples,343,CA,3.2232686409249864e-11
Samples,344,CA,9.190072000706276e-12
Samples,345,CA,2.5963475334887356e-09
Samples,346,CA,8.667496717974946e-09
Samples,347,CA,5.522026230829953e-11
Samples,348,CA,8.365591005222158e-10
Samples,349,CA,4.207657304994727e-11
Samples,350,CA,1.0048554359785824e-10
Samples,351,CA,6.364437412383655e-11
Samples,352,CA,-1.7539692380325446e-11
Samples,353,CA,3.6725414559829033e-10
Samples,354,CA,2.6385432469107698e-11
Samples,355,CA,-1.1582635462567835e-11
Samples,356,CA,9.910186504599155e-10
Samples,357,CA,1.884309358037411e-09
Samples,358,CA,1.1474430945641232e-10
Samples,359,CA,-8.79300235097269e-11
Samples,361,CA,-4.3967231469462875e-12
Samples,362,CA,-4.191103727421319e-12
Samples,363,CA,6.366133980029195e-11
Samples,364,CA,1.4729479474768824e-11
Samples,365,CA,7.250702118832922e-09
Samples,367,CA,2.0624349682713636e-10
Samples,368,CA,-2.9216314535947924e-11
Samples,370,CA,4.782926842033693e-10
Samples,374,CA,-4.533448307267955e-10
Samples,375,CA,2.3498487880828807e-08
Samples,376,CA,1.8272643831750226e-08
Samples,377,CA,8.08181663208951e-09
Samples,378,CA,8.240942945482848e-09
Samples,379,CA,8.611702118873301e-09
Samples,380,CA,6.572876064560224e-09
Samples,381,CA,2.0792636422901345e-08
Samples,382,CA,1.7417972586626262e-08
Samples,383,CA,-3.533533506494094e-11
Samples,384,CA,1.8847949764126406e-08
Samples,385,CA,-1.2743317251047143e-11
Samples,386,CA,8.730769394137705e-10
Samples,387,CA,1.042103178491935e-09
Samples,388,CA,6.344615733192467e-10
Samples,389,CA,7.578383601006459e-10
Samples,390,CA,6.372365910958131e-10
Samples,391,CA,4.0670096066820145e-10
Samples,392,CA,7.590285646321802e-10
Samples,393,CA,5.571202608882818e-10
Samples,394,CA,9.289531566099113e-10
Samples,395,CA,7.984939499188321e-10
Samples,396,CA,1.5223358223375821e-09
Samples,397,CA,8.374641804529689e-10
Samples,398,CA,8.500472532260342e-10
Samples,399,CA,2.068166070086948e-10
Samples,400,CA,2.2070395772498977e-08
Samples,401,CA,2.207184030670009e-08
Samples,402,CA,2.2246068064166608e-08
Samples,403,CA,7.683367243449412e-10
Samples,404,CA,5.56584427839891e-10
Samples,405,CA,5.767057341512e-10
Samples,406,CA,6.572869874756551e-10
Samples,407,CA,7.105675396017975e-10
Samples,408,CA,9.784265611170479e-11
Samples,409,CA,2.1073378484464652e-10
Samples,410,CA,2.2146718580783548e-08
Samples,411,CA,8.710434049740164e-11
Samples,412,CA,9.977295357731936e-10
Samples,413,CA,6.7031624743556244e-09
Samples,414,CA,4.1354065527795913e-10
Samples,415,CA,8.502098178138022e-09
Samples,416,CA,3.191538560559745e-08
Samples,417,CA,-3.760800190465514e-09
Samples,418,CA,1.8451943720860836e-10
Samples,419,CA,1.9219481063314937e-09
Samples,420,CA,2.6499252302603807e-12
Samples,421,CA,1.5574757735944177e-10
Samples,422,CA,4.04327765914186e-11
Samples,423,CA,6.44432936827501e-11
Samples,424,CA,3.346960802614165e-12
Samples,425,CA,2.1139550327635e-11
Samples,426,CA,2.353935305206695e-09
Samples,427,CA,1.6439338453672074e-10
Samples,428,CA,4.852313283371514e-08
Samples,429,CA,7.13459824564324e-09
Samples,430,CA,6.44837287950818e-09
Samples,431,CA,4.536793959198335e-09
Samples,432,CA,1.970971582762205e-09
Samples,433,CA,4.867378179402961e-09
Samples,434,CA,3.556454426725352e-09
Samples,435,CA,4.657580091476351e-09
Samples,436,CA,7.022205211279433e-09
Samples,437,CA,3.066024157228268e-09
Samples,438,CA,1.731632409535323e-09
Samples,439,CA,3.726308952650553e-09
Samples,440,CA,2.3524910097526918e-09
Samples,441,CA,3.091519471476541e-09
Samples,442,CA,2.556824211063596e-09
Samples,443,CA,7.606659890437205e-09
Samples,444,CA,2.200182337351031e-09
Samples,445,CA,5.641594392653806e-09
Samples,446,CA,1.7033864968502788e-08
Samples,447,CA,8.060480676432455e-09
Samples,448,CA,1.7823945624681394e-09
Samples,449,CA,7.313506443138091e-09
Samples,450,CA,3.699676766079103e-09
Samples,451,CA,3.1913010243701643e-09
Samples,452,CA,1.3433675258533447e-09
Samples,453,CA,1.3234499416779615e-09
Samples,454,CA,9.10066963815804e-09
Samples,455,CA,2.616153365424166e-10
Samples,456,CA,5.219497514362488e-09
Samples,457,CA,5.783707151865891e-09
Samples,458,CA,6.280155947171063e-09
Samples,459,CA,8.22343267025289e-09
Samples,460,CA,1.0690407821544883e-08
Samples,461,CA,7.2681485943982505e-09
Samples,462,CA,1.2180956384149839e-08
Samples,463,CA,8.76222537660816e-09
Samples,464,CA,1.4845339737073751e-08
Samples,465,CA,1.6654336091086376e-08
Samples,466,CA,1.5389606282919534e-08
Samples,467,CA,1.485556873665486e-08
Samples,468,CA,6.605384598136282e-09
Samples,469,CA,1.2172634113764696e-08
Samples,470,CA,1.3496830906121096e-08
Samples,471,CA,1.1279226687425587e-08
Samples,472,CA,1.0822344838488555e-08
Samples,473,CA,1.091010670897534e-08
Samples,474,CA,1.139888088365239e-08
Samples,475,CA,7.139716119677459e-09
Samples,476,CA,4.2201303116429944e-10
Samples,477,CA,2.854237634234997e-09
Samples,478,CA,5.64848938834336e-09
Samples,479,CA,2.2235509381457244e-09
Samples,480,CA,1.9685970393733293e-09
Samples,481,CA,4.086156676374548e-09
Samples,482,CA,6.412686007987703e-10
Samples,483,CA,8.02029214525202e-09
Samples,484,CA,9.509394395292106e-10
Samples,485,CA,2.161470712919562e-09
Samples,486,CA,5.5964854536165116e-09
Samples,487,CA,6.544062631171589e-10
Samples,488,CA,4.360501148960195e-09
Samples,489,CA,5.590471040071057e-09
Samples,490,CA,7.347263992997272e-09
Samples,491,CA,3.652233494865443e-09
Samples,492,CA,6.816633612442313e-09
Samples,493,CA,4.872586351684798e-09
Samples,494,CA,5.518143587580416e-09
Samples,495,CA,4.840938491452362e-09
Samples,496,CA,6.117818338029306e-09
Samples,497,CA,7.073134346381315e-09
Samples,498,CA,5.714754839468541e-09
Samples,499,CA,4.241842420967304e-09
Samples,500,CA,5.982277908739549e-09
Samples,501,CA,4.821680605801763e-09
Samples,502,CA,1.2032936957063963e-08
Samples,503,CA,9.065998280470603e-09
Samples,504,CA,6.884098822794086e-09
Samples,505,CA,1.0269353324827099e-08
Samples,506,CA,9.005437620354628e-09
Samples,507,CA,1.3182139192212139e-08
Samples,508,CA,2.275264264229246e-08
Samples,509,CA,4.242850421842484e-09
Samples,510,CA,3.315465520043034e-08
Samples,511,CA,2.1093047530882228e-08
Samples,512,CA,2.1055754359852582e-10
Samples,513,CA,4.0822611169574697e-10
Samples,514,CA,1.2608803308422332e-10
Samples,515,CA,1.841905558489938e-08
Samples,516,CA,2.337954226852345e-08
Samples,517,CA,1.6270609411301857e-08
Samples,518,CA,2.3620360357357014e-08
Samples,519,CA,1.782252830638741e-08
Samples,520,CA,1.3768805499879708e-08
Samples,521,CA,2.292089900134254e-08
Samples,522,CA,2.246114281869512e-08
Samples,523,CA,1.6925936840021475e-08
Samples,524,CA,2.330844920100735e-08
Samples,525,CA,1.2632369925646916e-08
Samples,526,CA,1.0897491295752445e-08
Samples,527,CA,1.035590786721824e-08
Samples,528,CA,1.1971064248205552e-08
Samples,529,CA,1.1694853913295e-09
Samples,530,CA,2.3055765244890236e-09
Samples,531,CA,2.7972344367300092e-09
Samples,532,CA,3.3154974991055766e-10
Samples,533,CA,1.594555823345425e-09
Samples,534,CA,8.619813566630683e-09
Samples,535,CA,1.8969663203855445e-08
Samples,536,CA,1.2805441035957757e-09
Samples,537,CA,1.4005752931539152e-09
Samples,538,CA,4.994997897845757e-09
Samples,539,CA,7.559389413906314e-09
Samples,540,CA,2.9587237316927728e-09
Samples,541,CA,5.624650940758103e-09
Samples,542,CA,7.917030320850891e-09
Samples,543,CA,6.371597613491454e-09
Samples,544,CA,2.1813424833607397e-08
Samples,545,CA,2.19852052518387e-08
Samples,546,CA,2.1670245792679727e-08
Samples,547,CA,1.249582575983752e-08
Samples,548,CA,2.1859709553946834e-08
Samples,549,CA,1.2700068408227747e-08
Samples,550,CA,5.470491955603688e-08
Samples,551,CA,1.0447514249799187e-10
Samples,552,CA,1.1302631969088003e-08
Samples,553,CA,2.161250869994713e-08
Samples,554,CA,2.1056933206519867e-08
Samples,555,CA,1.1809285537424276e-08
Samples,556,CA,2.8167898643066406e-10
Samples,557,CA,2.324424988830903e-08
Samples,558,CA,2.4307420367959753e-08
Samples,559,CA,5.88190727500441e-11
Samples,560,CA,3.9911152745014695e-11
Samples,561,CA,4.288485719072878e-11
Samples,562,CA,2.3419334884809323e-08
Samples,563,CA,-3.8173419060586817e-11
Samples,564,CA,-1.9039907162615014e-11
Samples,565,CA,1.3664556066181583e-11
Samples,566,CA,7.245112560646146e-10
Samples,567,CA,6.9439896293010964e-09
Samples,568,CA,6.372557009471469e-10
Samples,569,CA,2.8079117937290735e-10
Samples,570,CA,2.334052321715884e-08
Samples,571,CA,5.229679493855727e-10
Samples,572,CA,1.4534134724698194e-09
Samples,573,CA,7.138505750913721e-10
Samples,574,CA,2.6885580476569107e-08
Samples,575,CA,4.1643811501970804e-08
Samples,576,CA,2.6892681253060816e-08
Samples,577,CA,1.2764256715646375e-08
Samples,578,CA,2.3267862559072453e-08
Samples,579,CA,2.584494321654203e-08
Samples,580,CA,2.8170316043026046e-08
Samples,581,CA,1.1726131408140212e-08
Samples,582,CA,7.003901944032297e-10
Samples,583,CA,1.3315497509222159e-08
Samples,584,CA,2.3843929777635868e-08
Samples,585,CA,-9.158786603702851e-13
Samples,586,CA,2.19738588050205e-08
Samples,587,CA,2.876272600257292e-08
Samples,588,CA,1.062928490459441e-11
Samples,589,CA,1.6736653552863214e-08
Samples,590,CA,2.1830564972572642e-08
Samples,591,CA,2.1352581457410766e-08
Samples,592,CA,2.8490903154631485e-08
Samples,593,CA,1.3272916282608781e-08
Samples,594,CA,2.6431695354627605e-08
Samples,595,CA,2.768840510542671e-08
Samples,596,CA,-1.4166780071873362e-12
Samples,597,CA,7.049937387554292e-08
Samples,598,CA,2.2457905211670077e-08
Samples,599,CA,6.431021817569764e-08
Samples,600,CA,5.791773771776869e-08
Samples,601,CA,6.539195679972004e-09
Samples,602,CA,7.265488306531443e-09
Samples,603,CA,3.064796956829605e-09
Samples,604,CA,4.564358824050778e-09
Samples,605,CA,1.1436775301933076e-08
Samples,606,CA,7.642214695305552e-09
Samples,607,CA,1.128336354592375e-08
Samples,608,CA,7.580904317840786e-09
Samples,609,CA,8.13876753076585e-09
Samples,610,CA,1.1805103778230215e-08
Samples,611,CA,1.0815392477964035e-08
Samples,612,CA,1.062135985217342e-08
Samples,613,CA,7.890643770375006e-09
Samples,614,CA,8.648898843054611e-09
Samples,615,CA,7.274440542015691e-09
Samples,616,CA,1.1408315892846615e-08
Samples,617,CA,7.186726443313045e-09
Samples,618,CA,6.528957674064705e-09
Samples,619,CA,6.992206810816503e-09
Samples,620,CA,-2.514619242032973e-11
Samples,621,CA,4.791841308070056e-10
Samples,622,CA,1.2260698827878958e-09
Samples,623,CA,3.1695418522104367e-09
Samples,624,CA,9.70984871123379e-09
Samples,625,CA,1.0272678975942913e-08
Samples,626,CA,7.38805317214533e-09
Samples,627,CA,8.662309784819669e-09
Samples,628,CA,1.1469792572948689e-08
Samples,629,CA,7.57185677114888e-09
Samples,630,CA,1.0086878414133786e-08
Samples,631,CA,1.3355588576335465e-08
Samples,632,CA,9.974686616383785e-09
Samples,633,CA,1.0942033399049295e-08
Samples,634,CA,1.0358713170694877e-08
Samples,635,CA,6.038248057193052e-09
Samples,636,CA,1.0606365987205422e-08
Samples,637,CA,1.0777963478606369e-08
Samples,638,CA,2.729135384681661e-06
Samples,639,CA,2.5817103374783867e-06
Samples,640,CA,3.407610862542795e-06
Samples,641,CA,6.664744416720931e-07
Samples,642,CA,6.214364971212656e-07
Samples,643,CA,4.5204072605948326e-07
Samples,645,CA,3.4042493603907954e-07
Samples,646,CA,1.0961303300057703e-06
Samples,647,CA,-1.7621415456808754e-09
Samples,648,CA,4.413141260724982e-09
Samples,649,CA,1.0082688871218326e-07
Samples,650,CA,3.5462827347308725e-07
Samples,651,CA,7.210145462858949e-08
Samples,652,CA,4.836759044672895e-07
Samples,653,CA,4.206639477116182e-11
Samples,654,CA,9.317489711588526e-08
Samples,655,CA,7.196524263933181e-08
Samples,656,CA,8.303893334233588e-09
Samples,657,CA,7.900027488592854e-09
Samples,658,CA,1.920909128925559e-08
Samples,659,CA,2.432590446941562e-09
Samples,660,CA,5.098800197571666e-09
Samples,661,CA,1.978948927877547e-08
Samples,662,CA,5.2925842611362636e-09
Samples,663,CA,7.339101061299515e-11
Samples,664,CA,6.1180292421408395e-09
Samples,665,CA,1.1764550561052402e-08
Samples,666,CA,5.901137310169051e-09
Samples,667,CA,2.1428449028173254e-09
Samples,668,CA,3.129532833400347e-09
Samples,669,CA,2.1165399490286343e-10
Samples,670,CA,1.9817488208301308e-08
Samples,671,CA,2.5367782983081302e-11
Samples,672,CA,-1.1597630844130038e-09
Samples,673,CA,2.42601063249356e-08
Samples,674,CA,2.5091332865049893e-08
Samples,675,CA,2.1641863869726527e-08
Samples,676,CA,-8.872701736435512e-11
Samples,677,CA,5.44716067609232e-10
Samples,678,CA,-3.789702903696125e-11
Samples,679,CA,2.1233432783393345e-08
Samples,680,CA,1.9006500373103047e-08
Samples,681,CA,2.131328795220859e-08
Samples,682,CA,7.851964404771433e-09
Samples,683,CA,9.107848832835356e-09
Samples,684,CA,1.3053890122761855e-08
Samples,685,CA,1.0726697080394632e-08
Samples,686,CA,1.9339587788141738e-08
Samples,687,CA,1.911042598445061e-08
Samples,688,CA,9.424008231314042e-09
Samples,689,CA,7.79388813827787e-09
Samples,690,CA,1.6616481459742798e-08
Samples,691,CA,7.512027716089067e-09
Samples,692,CA,1.7502546293491016e-08
Samples,693,CA,2.5088209688120173e-08
Samples,694,CA,8.255442559983656e-09
Samples,695,CA,2.8367115689611612e-09
Samples,696,CA,3.1945992439619094e-09
Samples,697,CA,1.986743674607226e-08
Samples,698,CA,2.6563335265713854e-08
Samples,699,CA,1.518604696658454e-09
Samples,700,CA,2.6226512717620478e-08
Samples,701,CA,2.5571845527201412e-08
Samples,702,CA,2.094604501330329e-08
Samples,703,CA,2.2648024281941586e-09
Samples,704,CA,1.9529474720075763e-08
Samples,705,CA,1.9933655931194e-09
Samples,706,CA,2.364559925820295e-08
Samples,707,CA,1.82246600121229e-09
Samples,708,CA,8.528597557997185e-09
Samples,709,CA,2.4877174680004596e-08
Samples,710,CA,8.64031470503528e-09
Samples,711,CA,1.0464524187158374e-08
Samples,712,CA,2.33312502965088e-09
Samples,713,CA,1.146623063555492e-08
Samples,714,CA,3.600719774347789e-08
Samples,715,CA,1.959097334960956e-08
Samples,716,CA,1.495761533199255e-08
Samples,717,CA,3.320893654643724e-08
Samples,718,CA,3.948099658856181e-09
Samples,719,CA,-3.0150656882595404e-11
Samples,720,CA,1.931072171801024e-09
Samples,721,CA,-2.06586564227667e-11
Samples,722,CA,1.934579948791649e-08
Samples,723,CA,-7.030461566641631e-12
Samples,724,CA,1.1669068262852433e-13
Samples,725,CA,3.0243722120549314e-09
Samples,726,CA,-3.290133478331267e-13
Samples,727,CA,-1.5331440315854976e-12
Samples,728,CA,5.549200237279247e-09
Samples,729,CA,2.4097988645740664e-09
Samples,730,CA,4.4522923502803634e-09
Samples,731,CA,4.525040372601976e-09
Samples,732,CA,1.0966847688674122e-08
Samples,733,CA,7.3749632844303885e-09
Samples,734,CA,5.1693290974480466e-09
Samples,735,CA,5.905212318894642e-09
Samples,736,CA,1.4516308890078516e-08
Samples,737,CA,6.879470366504332e-10
Samples,738,CA,5.490821656703497e-09
Samples,739,CA,5.44333130112528e-09
Samples,740,CA,1.0679298223344263e-08
Samples,741,CA,2.13978453154716e-09
Samples,742,CA,1.1204298588279552e-08
Samples,743,CA,3.863822478761614e-09
Samples,744,CA,2.5240223095569855e-08
Samples,745,CA,1.5936397335014165e-08
Samples,746,CA,6.968599934137914e-09
Samples,747,CA,4.800472152429245e-09
Samples,748,CA,1.2402499693933383e-08
Samples,749,CA,3.623678490759642e-09
Samples,750,CA,8.556278756468414e-09
Samples,751,CA,3.187754680075967e-08
Samples,752,CA,9.29415907753774e-09
Samples,753,CA,2.0762274611930822e-08
Samples,754,CA,3.848064706270139e-09
Samples,755,CA,9.177569715197301e-10
Samples,756,CA,6.923004237019243e-10
Samples,757,CA,1.638758519107359e-09
Samples,758,CA,3.467496470848733e-09
Samples,759,CA,1.319344763594658e-09
Samples,760,CA,5.6124664122356885e-09
Samples,761,CA,6.130521586443903e-09
Samples,762,CA,3.858655265113414e-09
Samples,763,CA,1.541124791581486e-08
Samples,764,CA,3.945404026665729e-09
Samples,765,CA,2.001231177738834e-09
Samples,766,CA,1.7613518821348458e-10
Samples,767,CA,-1.986692466682447e-10
Samples,768,CA,2.6120873691598803e-10
Samples,769,CA,-3.485317074938578e-11
Samples,770,CA,4.691330241997665e-10
Samples,771,CA,-7.009911549402563e-11
Samples,772,CA,3.9784852837021513e-10
Samples,773,CA,2.1635847449782032e-08
Samples,774,CA,1.2071555497658087e-09
Samples,775,CA,9.71221296390839e-09
Samples,776,CA,4.8994613554896184e-09
Samples,777,CA,4.522813453924043e-09
Samples,778,CA,1.9799702698618734e-10
Samples,779,CA,1.3062108515776547e-09
Samples,780,CA,1.6830318049238274e-09
Samples,781,CA,1.0387179662643595e-08
Samples,782,CA,1.9928946727724477e-09
Samples,783,CA,8.476294936167478e-10
Samples,784,CA,9.807928620345142e-10
Samples,785,CA,1.2767572658604746e-08
Samples,786,CA,1.9510037854406104e-08
Samples,787,CA,5.812580529613743e-10
Samples,788,CA,3.408192461053835e-10
Samples,789,CA,4.642607529711525e-09
Samples,790,CA,1.4692852774705233e-09
Samples,791,CA,1.5762687488551874e-09
Samples,792,CA,5.236418155316692e-09
Samples,793,CA,3.986857991248845e-09
Samples,794,CA,6.876776285601662e-09
Samples,795,CA,1.2356152576650727e-08
Samples,796,CA,1.4113130858885977e-09
Samples,797,CA,2.0351491341681605e-08
Samples,798,CA,2.294145402071775e-09
Samples,799,CA,1.9849498123027345e-08
Samples,800,CA,9.988899562465014e-10
Samples,801,CA,2.668199314568591e-10
Samples,802,CA,1.0534522777963521e-09
Samples,803,CA,4.5146716387259106e-10
Samples,804,CA,5.723614777524694e-10
Samples,805,CA,3.4122188522577605e-08
Samples,806,CA,3.0780655823508203e-10
Samples,807,CA,1.6051227802977959e-09
Samples,808,CA,1.0249211885158338e-08
Samples,809,CA,5.98821746995947e-10
Samples,810,CA,7.012872755354617e-10
Samples,811,CA,5.624681256851712e-10
Samples,812,CA,1.6592645634793527e-11
Samples,813,CA,1.7241313549643983e-08
Samples,814,CA,1.0976161830213726e-09
Samples,815,CA,4.14562337091235e-10
Samples,816,CA,2.1360641603925763e-10
Samples,817,CA,3.2501601268297576e-10
Samples,818,CA,3.822981227726161e-10
Samples,819,CA,1.5347665081322318e-09
Samples,820,CA,3.589230737426759e-11
Samples,821,CA,8.539523083670023e-09
Samples,822,CA,2.0014291109361512e-08
Samples,823,CA,2.0348102982253973e-08
Samples,824,CA,6.201546480259599e-09
Samples,825,CA,7.62928783942753e-09
Samples,826,CA,1.9398921454046005e-09
Samples,827,CA,4.912380106631968e-09
Samples,828,CA,5.0735516693843265e-09
Samples,829,CA,3.756879890687136e-09
Samples,830,CA,7.2450121309424554e-09
Samples,831,CA,8.229472907581776e-09
Samples,832,CA,1.2208868285414433e-08
Samples,833,CA,7.704302858881609e-09
Samples,834,CA,2.08332629226577e-08
Samples,835,CA,1.2959906454068653e-10
Samples,836,CA,2.2307981183301636e-08
Samples,837,CA,1.3895727984940529e-08
Samples,838,CA,2.0736258145548633e-08
Samples,839,CA,-3.235659590916824e-10
Samples,840,CA,-5.987319941029708e-10
Samples,841,CA,2.6882277182733223e-10
Samples,842,CA,-3.2689685906757136e-10
Samples,843,CA,1.644357122175293e-08
Samples,844,CA,-1.14123025391669e-09
Samples,845,CA,1.3884236234167769e-08
Samples,846,CA,2.2529598114464004e-10
Samples,847,CA,1.2421601772711539e-08
Samples,848,CA,1.1817621727308045e-08
Samples,849,CA,2.851453594391754e-10
Samples,850,CA,2.041069548123186e-08
Samples,851,CA,7.158153639930753e-09
Samples,852,CA,7.783264368424118e-09
Samples,853,CA,5.660797256565032e-08
Samples,854,CA,8.01773454374939e-09
Samples,855,CA,3.873287587651179e-09
Samples,856,CA,7.043169499388263e-09
Samples,857,CA,9.512151431457854e-09
Samples,858,CA,6.506731901280613e-09
Samples,859,CA,5.107963495736856e-09
Samples,860,CA,1.4709830585077728e-09
Samples,861,CA,3.750553559923384e-09
Samples,862,CA,6.541883895627346e-09
Samples,863,CA,7.390651852030592e-09
Samples,864,CA,1.6644657650860963e-09
Samples,865,CA,3.896335201260594e-09
Samples,866,CA,2.702898572470725e-09
Samples,867,CA,1.3552258821188843e-09
Samples,868,CA,7.474279853845867e-10
Samples,869,CA,1.7747749956345541e-09
Samples,870,CA,8.153572495856003e-09
Samples,871,CA,1.7213261859887374e-09
Samples,872,CA,1.4438100474527376e-09
Samples,873,CA,7.537763127829039e-09
Samples,874,CA,2.7075033874639288e-09
Samples,875,CA,3.9057596546398197e-10
Samples,876,CA,2.3647799944426604e-09
Samples,877,CA,1.0708971845984856e-08
Samples,878,CA,3.845047252257483e-09
Samples,879,CA,5.77549802395393e-09
Samples,880,CA,1.3079860989408481e-09
Samples,881,CA,2.23479998971447e-09
Samples,882,CA,5.576779594190257e-09
Samples,883,CA,6.298889584259949e-09
Samples,884,CA,6.693128586312372e-09
Samples,885,CA,4.118258959867876e-09
Samples,886,CA,3.5529001198866735e-09
Samples,887,CA,1.375728952627499e-08
Samples,888,CA,1.2053056619903461e-08
Samples,889,CA,6.344195667137583e-10
Samples,890,CA,4.79341144559854e-10
Samples,891,CA,-5.977373862881578e-11
Samples,892,CA,4.818923920213508e-10
Samples,893,CA,5.058889053578002e-10
Samples,894,CA,2.2845096748260734e-08
Samples,895,CA,2.404661250131477e-08
Samples,896,CA,2.0321820433363404e-08
Samples,897,CA,6.902928221968834e-08
Samples,898,CA,2.0079312325002043e-08
Samples,899,CA,9.944446105206942e-08
Samples,900,CA,1.1787714021425759e-07
Samples,901,CA,-7.109100785568352e-10
Samples,902,CA,2.0384422034098914e-08
Samples,903,CA,2.0080472213738487e-08
Samples,904,CA,-9.730774093502626e-11
Samples,905,CA,-1.2646381543461647e-10
Samples,906,CA,1.0165707068935797e-07
Samples,907,CA,1.487048783035927e-07
Samples,908,CA,1.2388114066552784e-07
Samples,909,CA,7.0398583093773e-08
Samples,910,CA,2.476539198487891e-08
Samples,911,CA,1.0989875130446119e-08
Samples,912,CA,8.847232631760329e-09
Samples,913,CA,1.5112487151110898e-09
Samples,914,CA,1.1529501589541968e-08
Samples,915,CA,-1.029965301282918e-09
Samples,916,CA,1.5819826095384754e-08
Samples,917,CA,2.449816637784511e-08
Samples,918,CA,1.9720627902039156e-08
Samples,919,CA,1.9869908879704933e-08
Samples,920,CA,1.9360935783077185e-08
Samples,921,CA,2.1369736018048343e-09
Samples,922,CA,5.825299629641396e-09
Samples,923,CA,3.164437373544449e-09
Samples,924,CA,2.5526135087683563e-08
Samples,925,CA,3.6659856053876154e-09
Samples,926,CA,2.392498401391771e-08
Samples,927,CA,1.0151617597010872e-07
Samples,928,CA,3.3977167171990575e-07
Samples,929,CA,1.491974522151133e-08
Samples,930,CA,3.721187748813954e-08
Samples,931,CA,1.5038951838946106e-08
Samples,932,CA,6.9739328292255535e-09
Samples,933,CA,2.934946237300798e-10
Samples,934,CA,4.707516528921231e-08
Samples,935,CA,3.466029744684493e-08
Samples,936,CA,1.792002284068559e-08
Samples,937,CA,1.0909080175122258e-08
Samples,938,CA,1.4980064371523556e-08
Samples,939,CA,1.7730582003648986e-07
Samples,940,CA,6.40313498010922e-08
Samples,941,CA,1.1002040815177002e-09
Samples,942,CA,7.328251974194274e-08
Samples,943,CA,3.589992424923501e-08
Samples,944,CA,1.2530402790104003e-08
Samples,945,CA,2.187921768811819e-08
Samples,946,CA,2.15104164062307e-08
Samples,947,CA,2.095962486965291e-08
Samples,948,CA,2.1054069715131438e-08
Samples,949,CA,2.1333125054649656e-08
Samples,950,CA,2.1259747895198955e-08
Samples,951,CA,-7.820259160920509e-10
Samples,952,CA,1.1185284547437063e-08
Samples,953,CA,1.7765478318116082e-08
Samples,954,CA,2.6408070848358635e-07
Samples,955,CA,1.3402445731972532e-07
Samples,956,CA,2.467430020217039e-09
Samples,959,CA,6.240180697337806e-10
Samples,960,CA,1.538667967904502e-08
Samples,961,CA,6.1655857895883925e-09
Samples,962,CA,9.472906381863992e-09
Samples,963,CA,1.529365839540632e-08
Samples,964,CA,4.876165200028296e-08
Samples,965,CA,4.937848271473333e-08
Samples,966,CA,5.458693410965204e-09
Samples,967,CA,9.768583305609182e-09
Samples,969,CA,1.478590346055509e-08
Samples,970,CA,3.6119083837090675e-09
Samples,971,CA,1.1420126732760438e-08
Samples,973,CA,4.391811327617007e-09
Samples,974,CA,1.8233783382790666e-08
Samples,975,CA,1.0195903075514298e-07
Samples,976,CA,1.272260169290021e-08
Samples,977,CA,7.369389900565944e-09
Samples,978,CA,-1.7621415456808813e-09
Samples,979,CA,1.1165488544894347e-08
Samples,982,CA,3.324334524569506e-08
Samples,983,CA,2.83591225506044e-08
Samples,985,CA,1.4505377177556305e-08
Samples,987,CA,4.68672818048031e-07
Samples,988,CA,6.789195948075735e-08
Samples,989,CA,4.7385594799463855e-07
Samples,990,CA,7.56402000277792e-08
Samples,991,CA,6.750029110248339e-07
Samples,992,CA,5.638178551683314e-07
Samples,993,CA,6.599754343570304e-07
Samples,994,CA,2.0050399913281337e-09
Samples,995,CA,1.1058704563553931e-08
Samples,996,CA,5.605287059013821e-07
Samples,997,CA,1.1100823159752173e-06
Samples,998,CA,2.7920365614499674e-08
Samples,999,CA,1.0964864571851778e-06
Samples,1000,CA,2.561390833600083e-08
Samples,1001,CA,2.1235914199000615e-08
Samples,1002,CA,2.0810270066803145e-07
Samples,1003,CA,2.2811146184750144e-07
Samples,1004,CA,2.239614291566193e-07
Samples,1005,CA,2.45061239481539e-07
Samples,1006,CA,1.911435014167001e-07
Samples,1007,CA,2.0734507014765126e-07
Samples,1008,CA,2.3414903408479e-07
Samples,1009,CA,2.2534445893413187e-07
Samples,1010,CA,6.078549150836504e-10
Samples,1011,CA,-4.84799701592197e-10
Samples,1012,CA,1.549361046549598e-10
Samples,1013,CA,1.7383056408425323e-07
Samples,1014,CA,6.475474151298667e-09
Samples,1015,CA,7.550557715610526e-10
Samples,1016,CA,1.4812827641848973e-11
Samples,1017,CA,-5.7779739868507284e-11
Samples,1018,CA,-1.4153171253360538e-10
Samples,1019,CA,7.969447144739016e-11
Samples,1020,CA,4.3587317242694923e-10
Samples,1021,CA,6.82113447984865e-10
Samples,1022,CA,9.63823889180247e-10
Samples,1023,CA,7.883338506936793e-10
Samples,1024,CA,8.671502748558168e-10
Samples,1025,CA,-2.9206305483481015e-10
Samples,4,CB,9.596283712660677e-11
Samples,5,CB,7.178117960177902e-10
Samples,6,CB,1.5003317127179718e-10
Samples,7,CB,4.97158014889181e-11
Samples,8,CB,1.2702336543430834e-11
Samples,9,CB,7.418793970719314e-11
Samples,10,CB,3.520115142082275e-11
Samples,11,CB,7.977794207724336e-11
Samples,12,CB,6.018867548156448e-07
Samples,17,CB,-4.818985445513413e-12
Samples,19,CB,2.3810660036296804e-09
Samples,20,CB,5.595518647024585e-09
Samples,21,CB,4.281110522102835e-09
Samples,26,CB,2.6327960591884483e-10
Samples,28,CB,2.2805029764932147e-10
Samples,29,CB,9.356637254190015e-10
Samples,30,CB,6.561161375409199e-10
Samples,32,CB,2.7197713445409054e-09
Samples,34,CB,1.3066746445303967e-09
Samples,35,CB,6.479418601060449e-05
Samples,37,CB,1.480295686844234e-09
Samples,39,CB,1.4462287708752214e-09
Samples,41,CB,1.0859954237124392e-09
Samples,42,CB,8.835563387714629e-10
Samples,44,CB,1.0024961492935752e-09
Samples,55,CB,7.821944437333754e-10
Samples,56,CB,1.2184695291202856e-09
Samples,58,CB,2.646218014412781e-10
Samples,59,CB,3.648438772030083e-10
Samples,60,CB,2.9424575930128524e-11
Samples,61,CB,2.1177060140324816e-11
Samples,62,CB,3.3598862930605145e-11
Samples,63,CB,1.5829137621716856e-11
Samples,64,CB,1.7232741696052714e-11
Samples,65,CB,5.984366908825506e-11
Samples,66,CB,1.5793904501754553e-11
Samples,67,CB,2.8055166869452527e-11
Samples,68,CB,1.8680190599038216e-11
Samples,69,CB,1.269709474087468e-11
Samples,70,CB,1.0164017478390837e-11
Samples,71,CB,2.9037269814786065e-10
Samples,72,CB,1.2387732111267698e-10
Samples,73,CB,9.597685493480703e-10
Samples,74,CB,1.658684975864342e-09
Samples,75,CB,2.616532538768556e-09
Samples,76,CB,8.758265255132742e-12
Samples,77,CB,7.419565818292254e-09
Samples,78,CB,5.859060861085515e-11
Samples,79,CB,6.030476933619745e-11
Samples,80,CB,1.924673457039499e-11
Samples,81,CB,2.601187714608761e-08
Samples,82,CB,1.3407738855300383e-09
Samples,83,CB,4.837012801431301e-10
Samples,84,CB,3.1606822124527783e-09
Samples,85,CB,2.593098578662811e-09
Samples,86,CB,2.6866691342604256e-08
Samples,87,CB,2.0458156727515815e-08
Samples,88,CB,1.4480339077655756e-08
Samples,89,CB,1.6592115645626304e-08
Samples,91,CB,-8.581279157713365e-10
Samples,93,CB,-1.3482038515902359e-09
Samples,94,CB,-8.470070957317882e-10
Samples,95,CB,1.2506337218154504e-10
Samples,96,CB,1.3782648767459453e-10
Samples,98,CB,8.422027966672445e-11
Samples,100,CB,7.201769692390128e-11
Samples,101,CB,-6.882574832453237e-10
Samples,102,CB,8.400289776709574e-09
Samples,103,CB,1.3262139365692538e-08
Samples,106,CB,-3.412137841653081e-10
Samples,107,CB,-1.061334606551209e-09
Samples,109,CB,1.0964660150436127e-09
Samples,113,CB,-3.6855051721902025e-10
Samples,115,CB,8.868231687251175e-10
Samples,118,CB,4.096320987219422e-11
Samples,119,CB,5.09221316686616e-12
Samples,120,CB,2.0817256286458897e-11
Samples,121,CB,1.5906687500331516e-09
Samples,122,CB,1.2529294136212415e-11
Samples,123,CB,6.102217182918602e-10
Samples,124,CB,3.682277703697357e-11
Samples,125,CB,8.875232713096965e-11
Samples,126,CB,-1.9297952386382893e-11
Samples,127,CB,1.587613233673511e-09
Samples,128,CB,1.5892428780264192e-09
Samples,129,CB,1.6116307661929669e-09
Samples,130,CB,1.5762182955373784e-09
Samples,131,CB,-9.322016209004457e-14
Samples,132,CB,-2.7094811167583515e-14
Samples,133,CB,-6.883515822821922e-14
Samples,134,CB,-1.974166515428153e-14
Samples,136,CB,-1.2747533501003323e-12
Samples,137,CB,-2.0230949297636055e-12
Samples,138,CB,-1.6519336981495408e-12
Samples,139,CB,6.030938635878852e-10
Samples,140,CB,6.143009684267578e-10
Samples,141,CB,5.098617653763094e-10
Samples,142,CB,7.581516708755348e-10
Samples,143,CB,6.106204652774551e-10
Samples,144,CB,5.962728274649561e-10
Samples,145,CB,3.583060471648192e-10
Samples,146,CB,9.780308540742738e-10
Samples,147,CB,5.82023291014205e-10
Samples,148,CB,8.27494532839556e-10
Samples,149,CB,5.601055287623294e-10
Samples,150,CB,3.6205035401281457e-10
Samples,151,CB,3.7163169106599957e-10
Samples,152,CB,9.511417155987288e-10
Samples,153,CB,3.9196208661576285e-10
Samples,154,CB,5.517623338443955e-10
Samples,155,CB,3.797379646405875e-10
Samples,156,CB,1.743021942033869e-08
Samples,158,CB,-9.196639382484723e-12
Samples,159,CB,5.0092038516243e-10
Samples,160,CB,6.093262653715047e-10
Samples,161,CB,5.727159840875612e-10
Samples,164,CB,3.4994623169547294e-11
Samples,165,CB,1.5022557868104284e-09
Samples,166,CB,1.901631656643711e-09
Samples,167,CB,3.8696232984606185e-09
Samples,169,CB,9.65068728698205e-09
Samples,171,CB,-4.818985445513413e-12
Samples,172,CB,6.753403537831304e-09
Samples,174,CB,5.337804752628561e-10
Samples,175,CB,-2.7356576455793904e-12
Samples,176,CB,1.8097221305228753e-11
Samples,177,CB,1.3256439688344269e-11
Samples,178,CB,6.106479105170478e-10
Samples,179,CB,1.6013633811420675e-10
Samples,181,CB,2.362473079217376e-10
Samples,182,CB,1.085674570405155e-10
Samples,183,CB,8.317541017007514e-11
Samples,184,CB,7.455975415861344e-10
Samples,185,CB,8.010912878757853e-10
Samples,186,CB,7.308911328162007e-10
Samples,187,CB,9.100916611251403e-10
Samples,188,CB,5.81880230944289e-10
Samples,189,CB,5.280688519847305e-10
Samples,190,CB,1.5511034930479986e-10
Samples,191,CB,-2.4256501880553613e-12
Samples,192,CB,8.641998721740907e-10
Samples,193,CB,6.190845875308142e-10
Samples,194,CB,3.402607837823309e-10
Samples,195,CB,-2.836265931084744e-12
Samples,196,CB,4.445879473048616e-10
Samples,197,CB,1.413083448934409e-10
Samples,198,CB,2.385617520354895e-10
Samples,199,CB,3.4578534073972647e-09
Samples,200,CB,1.7068840297924794e-09
Samples,201,CB,5.248087125628561e-10
Samples,202,CB,3.8914127667782276e-10
Samples,203,CB,3.0238423317338874e-10
Samples,204,CB,-1.0433844329173115e-13
Samples,205,CB,4.0550699641768405e-10
Samples,206,CB,2.2864064032999947e-10
Samples,207,CB,2.5048377703318705e-10
Samples,208,CB,2.9744672275827047e-10
Samples,209,CB,3.892199884636584e-10
Samples,210,CB,2.2830254073523878e-10
Samples,211,CB,2.6906632525952657e-10
Samples,212,CB,8.931812127544826e-11
Samples,213,CB,2.965213595864322e-10
Samples,214,CB,1.6018889648184876e-10
Samples,215,CB,3.500133858072741e-10
Samples,216,CB,2.304947336328544e-10
Samples,217,CB,1.496818734211241e-10
Samples,218,CB,-2.627382618524895e-12
Samples,219,CB,3.9669707797274943e-10
Samples,220,CB,4.5542933632622316e-10
Samples,221,CB,4.2772342711489864e-10
Samples,222,CB,2.530490733552964e-10
Samples,223,CB,9.328900646694078e-11
Samples,224,CB,4.779775926932154e-10
Samples,225,CB,2.715958394660019e-11
Samples,226,CB,8.043029738130317e-12
Samples,227,CB,2.0162192768739617e-10
Samples,228,CB,3.565936293442227e-10
Samples,229,CB,1.0022539312281667e-10
Samples,230,CB,3.113475939387957e-10
Samples,231,CB,3.4510722748298046e-10
Samples,232,CB,8.170227235526649e-11
Samples,233,CB,4.392403343523355e-10
Samples,234,CB,2.625693282038144e-10
Samples,235,CB,5.061687946175337e-10
Samples,236,CB,4.1519270186381646e-10
Samples,237,CB,6.467175222220154e-10
Samples,238,CB,2.0003118030464226e-10
Samples,239,CB,5.505105438808754e-10
Samples,240,CB,3.0864997789667293e-10
Samples,241,CB,4.337062495253187e-10
Samples,242,CB,6.543822029189332e-10
Samples,243,CB,5.33191350108263e-10
Samples,244,CB,6.037776907728704e-10
Samples,245,CB,3.983834272606685e-10
Samples,246,CB,5.647931327794881e-10
Samples,247,CB,3.980704588561057e-10
Samples,248,CB,6.162384983735469e-10
Samples,249,CB,5.28867405782767e-10
Samples,250,CB,5.562599996679561e-10
Samples,251,CB,6.379692648478965e-10
Samples,252,CB,-2.7659576511475163e-12
Samples,253,CB,4.805406986350977e-10
Samples,254,CB,5.604013228635415e-10
Samples,255,CB,6.079173587003462e-10
Samples,256,CB,3.1527905785940683e-09
Samples,257,CB,9.468674331887036e-09
Samples,258,CB,1.4071120478142837e-09
Samples,259,CB,1.1057029376091044e-10
Samples,260,CB,1.654706293506879e-10
Samples,261,CB,4.258028620683194e-09
Samples,262,CB,2.0800131991777088e-09
Samples,263,CB,3.7368013934621326e-09
Samples,264,CB,2.841896973971095e-09
Samples,265,CB,3.778152205428202e-10
Samples,266,CB,7.235754741413982e-10
Samples,267,CB,1.4961993215472344e-09
Samples,268,CB,1.974982878648314e-09
Samples,269,CB,1.757699918662465e-09
Samples,270,CB,4.041781925947783e-09
Samples,271,CB,1.5599425025523694e-09
Samples,272,CB,2.5793131071651675e-09
Samples,273,CB,1.574086846653689e-09
Samples,274,CB,1.9772801101713028e-09
Samples,275,CB,4.575490842361795e-11
Samples,276,CB,8.744150835824488e-09
Samples,277,CB,8.700870166628938e-10
Samples,278,CB,1.190336154568287e-10
Samples,279,CB,1.4704628784213966e-10
Samples,280,CB,1.8874872467950035e-09
Samples,281,CB,9.410694146544136e-10
Samples,282,CB,1.9753437320262358e-09
Samples,283,CB,1.0063554570812693e-09
Samples,284,CB,7.787385634964995e-10
Samples,285,CB,2.108829645941604e-10
Samples,286,CB,5.533247588080009e-10
Samples,287,CB,8.910795835134382e-10
Samples,288,CB,6.443631943070154e-10
Samples,289,CB,1.2778623777985054e-09
Samples,290,CB,8.511554890815956e-10
Samples,291,CB,1.1370555402204293e-09
Samples,292,CB,2.721591368554464e-09
Samples,293,CB,9.71321020797609e-10
Samples,294,CB,9.531239392026799e-11
Samples,295,CB,1.3264682058050137e-10
Samples,296,CB,2.3215707180217618e-10
Samples,297,CB,3.6708038832742275e-09
Samples,298,CB,3.488151269189476e-09
Samples,299,CB,6.341104020387958e-11
Samples,300,CB,2.02573935287084e-10
Samples,301,CB,2.2464513581625098e-10
Samples,302,CB,8.438678540483184e-09
Samples,303,CB,7.2741559899221075e-09
Samples,304,CB,8.351940684866149e-09
Samples,305,CB,1.8409042154892105e-09
Samples,306,CB,1.7465549689503501e-09
Samples,307,CB,2.7369230107286085e-09
Samples,308,CB,1.0911036428732983e-09
Samples,311,CB,1.001015990372042e-09
Samples,319,CB,7.46289032629852e-10
Samples,320,CB,2.6072554592162823e-09
Samples,323,CB,5.503671244172133e-09
Samples,324,CB,1.3522167171826466e-08
Samples,325,CB,3.0771222935645475e-10
Samples,326,CB,3.198840116484658e-10
Samples,327,CB,3.5088680780761866e-10
Samples,328,CB,8.462405591209702e-10
Samples,329,CB,2.086374456257974e-10
Samples,330,CB,3.0784290044330753e-10
Samples,331,CB,1.925607524015255e-10
Samples,332,CB,1.7820805822146655e-10
Samples,333,CB,1.11408238239994e-08
Samples,334,CB,9.817998607311304e-09
Samples,335,CB,9.131522866961533e-09
Samples,336,CB,1.4754261183488433e-08
Samples,337,CB,1.83133807778007e-12
Samples,338,CB,2.3251172703872833e-11
Samples,339,CB,-1.7697605025559471e-12
Samples,340,CB,1.2053376619784495e-11
Samples,341,CB,-1.9181573476143233e-13
Samples,342,CB,-1.7612004726588968e-12
Samples,343,CB,6.235096628145807e-12
Samples,344,CB,2.358055928619233e-12
Samples,345,CB,3.972636296444585e-10
Samples,346,CB,1.3237024867105716e-09
Samples,347,CB,9.364816717680062e-12
Samples,348,CB,1.384549047855859e-10
Samples,349,CB,6.699452311104631e-12
Samples,350,CB,1.6089424967487712e-11
Samples,351,CB,9.984597378293744e-12
Samples,352,CB,-9.890833916683804e-13
Samples,353,CB,-1.087992468371451e-12
Samples,354,CB,4.094747567957979e-12
Samples,355,CB,-2.8913912673080473e-12
Samples,356,CB,-2.8913912673080473e-12
Samples,357,CB,2.9543201475601813e-10
Samples,358,CB,-1.7661178047461553e-12
Samples,359,CB,1.1433758443206686e-10
Samples,361,CB,-3.1330481928825445e-13
Samples,362,CB,-3.1983204219368495e-13
Samples,363,CB,-4.329635855669368e-13
Samples,364,CB,-1.6936429621562807e-12
Samples,365,CB,-1.0522426884124233e-11
Samples,367,CB,-1.7942785094502156e-12
Samples,368,CB,-1.3554044135034648e-11
Samples,370,CB,-7.891971939330155e-13
Samples,374,CB,-3.719330288351554e-11
Samples,375,CB,3.485469762669497e-09
Samples,376,CB,2.8344235665420453e-09
Samples,377,CB,1.2515871259754423e-09
Samples,378,CB,1.2797067050646564e-09
Samples,379,CB,1.3155078262781232e-09
Samples,380,CB,1.0782500241213773e-09
Samples,381,CB,3.092284758797302e-09
Samples,382,CB,2.634856805427925e-09
Samples,383,CB,-2.898980490091592e-12
Samples,384,CB,2.882100975964657e-09
Samples,385,CB,-1.0454868482763327e-12
Samples,386,CB,1.3199920143009314e-10
Samples,387,CB,1.555260438690156e-10
Samples,388,CB,9.624474243152369e-11
Samples,389,CB,1.1403411890926201e-10
Samples,390,CB,9.566412717304481e-11
Samples,391,CB,6.152988988042602e-11
Samples,392,CB,1.1319829654050648e-10
Samples,393,CB,8.437383371605523e-11
Samples,394,CB,1.4016367377709814e-10
Samples,395,CB,1.1567586856848396e-10
Samples,396,CB,2.2802407818276997e-10
Samples,397,CB,1.2505158062623286e-10
Samples,398,CB,1.2881086229227118e-10
Samples,399,CB,3.3691154625920205e-11
Samples,400,CB,3.3205636604989456e-09
Samples,401,CB,3.3381137135910263e-09
Samples,402,CB,3.3723152112329836e-09
Samples,403,CB,1.1351920417722225e-10
Samples,404,CB,8.433162828080891e-11
Samples,405,CB,8.796472438152165e-11
Samples,406,CB,1.0091796872381703e-10
Samples,407,CB,1.0764593567666588e-10
Samples,408,CB,1.538040126722699e-11
Samples,409,CB,3.2094363971863046e-11
Samples,410,CB,3.3606801627627414e-09
Samples,411,CB,1.3631837196926326e-11
Samples,412,CB,1.8191806567993286e-10
Samples,413,CB,1.0068068112062165e-09
Samples,414,CB,6.263064632699354e-11
Samples,415,CB,1.2760520415402435e-09
Samples,416,CB,4.89572770505547e-09
Samples,417,CB,-5.561855861790987e-10
Samples,418,CB,2.877460626284693e-11
Samples,419,CB,2.8983984881552943e-10
Samples,420,CB,6.844578010353588e-13
Samples,421,CB,2.3392368365632232e-11
Samples,422,CB,6.115759051595195e-12
Samples,423,CB,9.759951614045412e-12
Samples,424,CB,9.386392362443195e-13
Samples,425,CB,3.302846387361268e-12
Samples,426,CB,3.5469345008014905e-10
Samples,427,CB,2.5860688915702485e-11
Samples,428,CB,7.2888684233781195e-09
Samples,429,CB,1.0757724553485683e-09
Samples,430,CB,9.744808827111762e-10
Samples,431,CB,6.983897224676911e-10
Samples,432,CB,3.065117815132014e-10
Samples,433,CB,7.472528502374311e-10
Samples,434,CB,5.497744279351429e-10
Samples,435,CB,7.170275315783377e-10
Samples,436,CB,1.0596341092135387e-09
Samples,437,CB,4.714347388061636e-10
Samples,438,CB,2.688149451779812e-10
Samples,439,CB,5.758392557764512e-10
Samples,440,CB,3.624310986541699e-10
Samples,441,CB,4.785457743398128e-10
Samples,442,CB,3.9371784751451334e-10
Samples,443,CB,1.146426308535344e-09
Samples,444,CB,3.4957515278323306e-10
Samples,445,CB,8.766255123003299e-10
Samples,446,CB,2.5993220886331205e-09
Samples,447,CB,1.2380543572909135e-09
Samples,448,CB,2.833265051468933e-10
Samples,449,CB,1.1283447950655082e-09
Samples,450,CB,5.794689155706112e-10
Samples,451,CB,5.01637094644961e-10
Samples,452,CB,2.3358763326832197e-10
Samples,453,CB,2.2255930101021173e-10
Samples,454,CB,1.4422188092823649e-09
Samples,455,CB,4.6440428349319935e-11
Samples,456,CB,8.141665908495005e-10
Samples,457,CB,9.018639939212793e-10
Samples,458,CB,9.73913842531387e-10
Samples,459,CB,1.2677203519420618e-09
Samples,460,CB,1.6432721833398144e-09
Samples,461,CB,1.1210059277784815e-09
Samples,462,CB,1.863741566275223e-09
Samples,463,CB,1.3428331990560752e-09
Samples,464,CB,2.269240127960581e-09
Samples,465,CB,2.544133650917116e-09
Samples,466,CB,2.345933058713145e-09
Samples,467,CB,2.2731688529709205e-09
Samples,468,CB,1.0175969715239453e-09
Samples,469,CB,1.8597973412684646e-09
Samples,470,CB,2.066836450096404e-09
Samples,471,CB,1.7341964283606152e-09
Samples,472,CB,1.6592483712766683e-09
Samples,473,CB,1.6727021622559398e-09
Samples,474,CB,1.749349352447866e-09
Samples,475,CB,1.102473474765599e-09
Samples,476,CB,6.52303576085028e-11
Samples,477,CB,4.5428101534888703e-10
Samples,478,CB,8.82231784216504e-10
Samples,479,CB,3.5252532264110773e-10
Samples,480,CB,3.1257795543568545e-10
Samples,481,CB,6.415115822867738e-10
Samples,482,CB,9.911295897726754e-11
Samples,483,CB,1.2448675191231536e-09
Samples,484,CB,1.5557392917998835e-10
Samples,485,CB,3.438488261828486e-10
Samples,486,CB,8.691351290347648e-10
Samples,487,CB,1.0734381856161357e-10
Samples,488,CB,6.866143815972124e-10
Samples,489,CB,8.748890579024243e-10
Samples,490,CB,1.1364506649449047e-09
Samples,491,CB,5.735838458901111e-10
Samples,492,CB,1.0593205163863604e-09
Samples,493,CB,7.623545777078609e-10
Samples,494,CB,8.658728502623166e-10
Samples,495,CB,7.549938520283842e-10
Samples,496,CB,9.52710727852677e-10
Samples,497,CB,1.0954819476439895e-09
Samples,498,CB,8.937860440146807e-10
Samples,499,CB,6.673693919051808e-10
Samples,500,CB,9.34822736871867e-10
Samples,501,CB,7.531267410471029e-10
Samples,502,CB,1.8476660785303013e-09
Samples,503,CB,1.3918166182099353e-09
Samples,504,CB,1.0645044440572296e-09
Samples,505,CB,1.5779191714695024e-09
Samples,506,CB,1.3873272615687917e-09
Samples,507,CB,2.020015938151714e-09
Samples,508,CB,3.572139517923281e-09
Samples,509,CB,6.959794268943018e-10
Samples,510,CB,5.120392734055476e-09
Samples,511,CB,3.264537537995135e-09
Samples,512,CB,3.326972076122344e-11
Samples,513,CB,6.452081413053892e-11
Samples,514,CB,2.1057132268729036e-11
Samples,515,CB,2.8573699730013633e-09
Samples,516,CB,3.6020641918561963e-09
Samples,517,CB,2.558865591807633e-09
Samples,518,CB,3.659456800779227e-09
Samples,519,CB,2.779705568551471e-09
Samples,520,CB,2.159965531864032e-09
Samples,521,CB,3.5742514446853656e-09
Samples,522,CB,3.4958013497781753e-09
Samples,523,CB,2.6216724194581687e-09
Samples,524,CB,3.7163021096059652e-09
Samples,525,CB,2.197581009308142e-09
Samples,526,CB,1.959354256648056e-09
Samples,527,CB,1.837668027495152e-09
Samples,528,CB,1.8343559445417433e-09
Samples,529,CB,1.9676773017349478e-10
Samples,530,CB,3.944901547550239e-10
Samples,531,CB,4.758716025034131e-10
Samples,532,CB,5.951368932389812e-11
Samples,533,CB,2.77483280098152e-10
Samples,534,CB,2.256135831577811e-09
Samples,535,CB,2.9095127123694507e-09
Samples,536,CB,2.1536650380961932e-10
Samples,537,CB,2.360661820296515e-10
Samples,538,CB,7.892755444279279e-10
Samples,539,CB,1.1719826791204186e-09
Samples,540,CB,4.687964428317681e-10
Samples,541,CB,8.799077268493429e-10
Samples,542,CB,1.2340458662707837e-09
Samples,543,CB,9.913137844611313e-10
Samples,544,CB,3.4109463001308407e-09
Samples,545,CB,3.445840274045617e-09
Samples,546,CB,3.3871111800228163e-09
Samples,547,CB,1.945322429278094e-09
Samples,548,CB,3.390931260709675e-09
Samples,549,CB,1.992051589146188e-09
Samples,550,CB,8.357229751956667e-09
Samples,551,CB,3.019289893840749e-11
Samples,552,CB,1.7830651636222995e-09
Samples,553,CB,3.352473194162313e-09
Samples,554,CB,3.261932571803762e-09
Samples,555,CB,1.846728247974897e-09
Samples,556,CB,4.358568298407336e-11
Samples,557,CB,3.6361238158826797e-09
Samples,558,CB,3.4473001406410407e-09
Samples,559,CB,9.172646162439707e-12
Samples,560,CB,7.887817827152002e-12
Samples,561,CB,7.218929711308729e-12
Samples,562,CB,3.3761215890144676e-09
Samples,563,CB,2.2135274788193307e-12
Samples,564,CB,2.726158306243458e-12
Samples,565,CB,4.1526893128922744e-12
Samples,566,CB,1.1137655886877459e-10
Samples,567,CB,1.0017344467440517e-09
Samples,568,CB,1.0360611635976288e-10
Samples,569,CB,4.0727869994385534e-11
Samples,570,CB,3.442650834653689e-09
Samples,571,CB,7.911265175621941e-11
Samples,572,CB,2.2422918098534727e-10
Samples,573,CB,1.133109000444962e-10
Samples,574,CB,3.898221754211563e-09
Samples,575,CB,6.227136045614694e-09
Samples,576,CB,3.942365937551956e-09
Samples,577,CB,1.8801710804786398e-09
Samples,578,CB,3.4147470552423017e-09
Samples,579,CB,3.774635663668938e-09
Samples,580,CB,4.1435572696634506e-09
Samples,581,CB,1.7399642136658858e-09
Samples,582,CB,1.0319842886618025e-10
Samples,583,CB,2.0182574335029167e-09
Samples,584,CB,3.5121673819886826e-09
Samples,585,CB,4.949818329343767e-12
Samples,586,CB,3.2599433473114674e-09
Samples,587,CB,4.0941093504851524e-09
Samples,588,CB,4.919123632705814e-12
Samples,589,CB,2.4589767626233096e-09
Samples,590,CB,3.176740891129148e-09
Samples,591,CB,3.091408454471193e-09
Samples,592,CB,4.111046744485295e-09
Samples,593,CB,1.9425815640889552e-09
Samples,594,CB,3.8405512535795665e-09
Samples,595,CB,4.0263809432438375e-09
Samples,596,CB,2.5688495391590206e-12
Samples,597,CB,1.0138381305343906e-08
Samples,598,CB,3.3511983090613497e-09
Samples,599,CB,9.441430605134479e-09
Samples,600,CB,8.504450429176891e-09
Samples,601,CB,9.761486404862601e-10
Samples,602,CB,1.0811852472317135e-09
Samples,603,CB,4.708143056356546e-10
Samples,604,CB,6.904584095563034e-10
Samples,605,CB,1.7135092759826579e-09
Samples,606,CB,1.1424974742073244e-09
Samples,607,CB,1.6894863445414337e-09
Samples,608,CB,1.1386670643504835e-09
Samples,609,CB,1.22081470551167e-09
Samples,610,CB,1.7622923287064144e-09
Samples,611,CB,1.6136709073332191e-09
Samples,612,CB,1.5819897982361688e-09
Samples,613,CB,1.1909645173575424e-09
Samples,614,CB,1.299157638580342e-09
Samples,615,CB,1.1074527225718886e-09
Samples,616,CB,1.71968743259876e-09
Samples,617,CB,1.0873694740712122e-09
Samples,618,CB,9.966379615482137e-10
Samples,619,CB,1.053525057598892e-09
Samples,620,CB,-2.063043157582884e-12
Samples,621,CB,9.279759728879541e-11
Samples,622,CB,1.8135520058033552e-10
Samples,623,CB,4.986789620801576e-10
Samples,624,CB,1.4661168343975864e-09
Samples,625,CB,1.5529194493936999e-09
Samples,626,CB,1.1301420300211296e-09
Samples,627,CB,1.3052265924036088e-09
Samples,628,CB,1.7385135255174113e-09
Samples,629,CB,1.145178203052589e-09
Samples,630,CB,1.520942258919036e-09
Samples,631,CB,2.0166862030095627e-09
Samples,632,CB,1.5039663449501767e-09
Samples,633,CB,1.6545623421665477e-09
Samples,634,CB,1.5675671388404697e-09
Samples,635,CB,9.303726997253413e-10
Samples,636,CB,1.6070715237719356e-09
Samples,637,CB,1.6359084637263928e-09
Samples,638,CB,4.080567453630904e-07
Samples,639,CB,4.381894123437349e-07
Samples,640,CB,5.094848286797525e-07
Samples,641,CB,9.916264954377037e-08
Samples,642,CB,9.882169169578935e-08
Samples,643,CB,6.75656054895786e-08
Samples,645,CB,5.7168788947476284e-08
Samples,646,CB,1.6412559521326125e-07
Samples,647,CB,-1.4456956336540226e-10
Samples,648,CB,7.398347386150256e-10
Samples,649,CB,1.520283868151865e-08
Samples,650,CB,5.2997704883798486e-08
Samples,651,CB,1.0805686289355587e-08
Samples,652,CB,7.395017442449078e-08
Samples,653,CB,3.343919338826182e-11
Samples,654,CB,1.3900556268862927e-08
Samples,655,CB,1.0883107584906052e-08
Samples,656,CB,1.29495047595664e-09
Samples,657,CB,1.21079753404154e-09
Samples,658,CB,2.938011237744137e-09
Samples,659,CB,3.636087904439308e-10
Samples,660,CB,7.620841811914855e-10
Samples,661,CB,3.021561346079359e-09
Samples,662,CB,8.209879581865552e-10
Samples,663,CB,2.815498683084202e-11
Samples,664,CB,9.438357313890554e-10
Samples,665,CB,1.871672645009999e-09
Samples,666,CB,9.109017668737788e-10
Samples,667,CB,3.401810222908232e-10
Samples,668,CB,4.94807689393581e-10
Samples,669,CB,3.219735965329989e-11
Samples,670,CB,2.843278108750271e-09
Samples,671,CB,5.6794419350663e-12
Samples,672,CB,-5.040330666045514e-11
Samples,673,CB,3.5396776229086864e-09
Samples,674,CB,3.613811514747898e-09
Samples,675,CB,3.242812248969754e-09
Samples,676,CB,-4.76012540788693e-12
Samples,677,CB,9.366206420886025e-11
Samples,678,CB,-2.0857747698988412e-12
Samples,679,CB,3.0320858767472072e-09
Samples,680,CB,2.779079079995719e-09
Samples,681,CB,3.041755668378529e-09
Samples,682,CB,1.1253272184290133e-09
Samples,683,CB,1.3064248165989269e-09
Samples,684,CB,1.8646143324620802e-09
Samples,685,CB,1.652841102688846e-09
Samples,686,CB,2.913185600879501e-09
Samples,687,CB,2.908927346279285e-09
Samples,688,CB,1.4823485282963835e-09
Samples,689,CB,1.1604164103318272e-09
Samples,690,CB,2.5258053130709696e-09
Samples,691,CB,1.1657804282810357e-09
Samples,692,CB,2.6990689904856805e-09
Samples,693,CB,3.726465810104069e-09
Samples,694,CB,1.2286860522916582e-09
Samples,695,CB,4.369938491709452e-10
Samples,696,CB,4.925692805686237e-10
Samples,697,CB,2.959293327600458e-09
Samples,698,CB,4.024592816047246e-09
Samples,699,CB,2.263051563210981e-10
Samples,700,CB,3.944660459995917e-09
Samples,701,CB,3.91699554194078e-09
Samples,702,CB,3.190789091315614e-09
Samples,703,CB,3.694783372245457e-10
Samples,704,CB,2.916249617244469e-09
Samples,705,CB,2.9610850892656493e-10
Samples,706,CB,3.929253865276248e-09
Samples,707,CB,2.8548264048461767e-10
Samples,708,CB,1.3311593754332729e-09
Samples,709,CB,4.04997207234618e-09
Samples,710,CB,1.3773313003786908e-09
Samples,711,CB,1.5957034510466633e-09
Samples,712,CB,3.4685933403229367e-10
Samples,713,CB,1.680975493821428e-09
Samples,714,CB,5.3339677355536575e-09
Samples,715,CB,2.8995444113221958e-09
Samples,716,CB,2.2366578108209676e-09
Samples,717,CB,5.039377798508609e-09
Samples,718,CB,5.812623972342208e-10
Samples,719,CB,2.625834223803822e-12
Samples,720,CB,2.881156882481791e-10
Samples,721,CB,-2.726732443614551e-12
Samples,722,CB,2.943288270724325e-09
Samples,723,CB,3.616426310233274e-12
Samples,724,CB,2.738823059408445e-12
Samples,725,CB,4.5417894395499397e-10
Samples,726,CB,4.73684540439708e-12
Samples,727,CB,4.7815071075541084e-12
Samples,728,CB,8.265678883136546e-10
Samples,729,CB,3.586158394397347e-10
Samples,730,CB,6.644088297065752e-10
Samples,731,CB,6.785110179675411e-10
Samples,732,CB,1.663519448837703e-09
Samples,733,CB,1.1180628460086962e-09
Samples,734,CB,7.768734488448127e-10
Samples,735,CB,8.957524956003574e-10
Samples,736,CB,2.197597534453086e-09
Samples,737,CB,1.1662531001680292e-10
Samples,738,CB,8.383025142756121e-10
Samples,739,CB,8.946875925225836e-10
Samples,740,CB,1.676151392835253e-09
Samples,741,CB,3.2000381489096076e-10
Samples,742,CB,1.7353938170111286e-09
Samples,743,CB,5.774949055623712e-10
Samples,744,CB,3.91007423292141e-09
Samples,745,CB,2.4688657086821277e-09
Samples,746,CB,1.1316686763102225e-09
Samples,747,CB,7.328734897030457e-10
Samples,748,CB,1.921256937614317e-09
Samples,749,CB,5.459468022208716e-10
Samples,750,CB,1.3008461889589687e-09
Samples,751,CB,4.822152178706769e-09
Samples,752,CB,1.4284512756184051e-09
Samples,753,CB,3.1785373868338883e-09
Samples,754,CB,5.822416728439525e-10
Samples,755,CB,1.4080191876768462e-10
Samples,756,CB,1.0657368472271262e-10
Samples,757,CB,2.502054672453463e-10
Samples,758,CB,5.249604620648942e-10
Samples,759,CB,2.005069482722942e-10
Samples,760,CB,8.448005215928322e-10
Samples,761,CB,9.217914980748719e-10
Samples,762,CB,5.842826875201167e-10
Samples,763,CB,2.4273973984636317e-09
Samples,764,CB,5.97230097582796e-10
Samples,765,CB,3.048320296201762e-10
Samples,766,CB,1.1893925175987556e-10
Samples,767,CB,-3.854567868384375e-12
Samples,768,CB,1.194775574436656e-10
Samples,769,CB,8.693227860945162e-11
Samples,770,CB,1.3159690727252778e-10
Samples,771,CB,1.0487584581251152e-12
Samples,772,CB,1.162706163774093e-10
Samples,773,CB,3.421113766871201e-09
Samples,774,CB,1.83653879749746e-10
Samples,775,CB,1.541267556387097e-09
Samples,776,CB,7.426512831147978e-10
Samples,777,CB,6.843949433282551e-10
Samples,778,CB,3.154227040142215e-11
Samples,779,CB,1.999583024671554e-10
Samples,780,CB,2.577379796576098e-10
Samples,781,CB,1.5678027856195374e-09
Samples,782,CB,3.051929695110289e-10
Samples,783,CB,1.3161917283210476e-10
Samples,784,CB,1.5113613767209536e-10
Samples,785,CB,1.92801483355272e-09
Samples,786,CB,3.0859767453153796e-09
Samples,787,CB,9.112204845766886e-11
Samples,788,CB,5.348846866976297e-11
Samples,789,CB,7.022208100517025e-10
Samples,790,CB,2.2713650088151283e-10
Samples,791,CB,2.43954129844124e-10
Samples,792,CB,7.949410827159944e-10
Samples,793,CB,6.291989854028606e-10
Samples,794,CB,1.0481123017908656e-09
Samples,795,CB,1.880775043302541e-09
Samples,796,CB,2.1883413022579808e-10
Samples,797,CB,3.2321742513106885e-09
Samples,798,CB,3.559854651474068e-10
Samples,799,CB,3.1959815583126784e-09
Samples,800,CB,1.5356359778318625e-10
Samples,801,CB,4.356509038303692e-11
Samples,802,CB,1.6383859566038533e-10
Samples,803,CB,7.071556277735919e-11
Samples,804,CB,8.878369942725101e-11
Samples,805,CB,5.306271249662674e-09
Samples,806,CB,4.853061679023972e-11
Samples,807,CB,2.469821574525344e-10
Samples,808,CB,1.564146323410731e-09
Samples,809,CB,9.35101166499728e-11
Samples,810,CB,1.0915789728008804e-10
Samples,811,CB,8.785795777145873e-11
Samples,812,CB,8.22226443516999e-12
Samples,813,CB,2.6389900152086116e-09
Samples,814,CB,1.7115297187876185e-10
Samples,815,CB,6.47713386196605e-11
Samples,816,CB,3.398728538691596e-11
Samples,817,CB,5.160317775354576e-11
Samples,818,CB,6.070147822855293e-11
Samples,819,CB,2.374446519690954e-10
Samples,820,CB,7.49890551037125e-12
Samples,821,CB,1.3082203341068625e-09
Samples,822,CB,3.1853014760402766e-09
Samples,823,CB,3.23002333705202e-09
Samples,824,CB,9.918098939247224e-10
Samples,825,CB,1.2074052468802743e-09
Samples,826,CB,2.9702058408234216e-10
Samples,827,CB,7.904143506778027e-10
Samples,828,CB,8.213432755748687e-10
Samples,829,CB,5.904374983804723e-10
Samples,830,CB,1.1401677257937889e-09
Samples,831,CB,1.3093434246023348e-09
Samples,832,CB,2.0330160604203495e-09
Samples,833,CB,1.3064752515703492e-09
Samples,834,CB,2.992576269757634e-09
Samples,835,CB,2.811839265005776e-11
Samples,836,CB,3.2555702622395614e-09
Samples,837,CB,2.0474950965714446e-09
Samples,838,CB,3.0664385972903312e-09
Samples,839,CB,-1.8618881144705764e-11
Samples,840,CB,-4.379008653345066e-11
Samples,841,CB,4.79923793975655e-11
Samples,842,CB,-1.9720414763967464e-11
Samples,843,CB,2.6224352769600264e-09
Samples,844,CB,-8.928984508925142e-11
Samples,845,CB,2.166441394952028e-09
Samples,846,CB,4.47358679483493e-11
Samples,847,CB,1.980582213560824e-09
Samples,848,CB,1.936138449623519e-09
Samples,849,CB,4.2404685874654266e-11
Samples,850,CB,3.075376040466988e-09
Samples,851,CB,1.0791314326238414e-09
Samples,852,CB,1.1538608129079777e-09
Samples,853,CB,8.328595295705503e-09
Samples,854,CB,1.2068907020472253e-09
Samples,855,CB,6.004347767327756e-10
Samples,856,CB,1.0635478573499287e-09
Samples,857,CB,1.425228567154216e-09
Samples,858,CB,9.894855651004115e-10
Samples,859,CB,7.823348890734493e-10
Samples,860,CB,2.3563276279417675e-10
Samples,861,CB,5.937704697932298e-10
Samples,862,CB,9.94023833614557e-10
Samples,863,CB,1.1224947358464459e-09
Samples,864,CB,2.6480856853280305e-10
Samples,865,CB,6.017494720884236e-10
Samples,866,CB,4.2571389326325464e-10
Samples,867,CB,1.9766999259864749e-10
Samples,868,CB,1.0933763702160646e-10
Samples,869,CB,2.8256254586521305e-10
Samples,870,CB,1.2236884922932474e-09
Samples,871,CB,2.7419714018017444e-10
Samples,872,CB,2.3267633142999296e-10
Samples,873,CB,1.149364998190306e-09
Samples,874,CB,4.243684624376519e-10
Samples,875,CB,5.783397626025382e-11
Samples,876,CB,3.726235644325466e-10
Samples,877,CB,1.614650478395338e-09
Samples,878,CB,5.990941926504529e-10
Samples,879,CB,8.921037061058741e-10
Samples,880,CB,2.1161585701200308e-10
Samples,881,CB,3.517450894809483e-10
Samples,882,CB,8.655938833202524e-10
Samples,883,CB,9.701626458622295e-10
Samples,884,CB,1.0347196248650914e-09
Samples,885,CB,6.457811156420077e-10
Samples,886,CB,5.689055848727328e-10
Samples,887,CB,2.0911787248979385e-09
Samples,888,CB,1.8265455614442157e-09
Samples,889,CB,9.721093378575898e-11
Samples,890,CB,7.839490140119476e-11
Samples,891,CB,1.4045751728062856e-12
Samples,892,CB,8.18101365931442e-11
Samples,893,CB,8.413482325728578e-11
Samples,894,CB,3.4859600723211585e-09
Samples,895,CB,3.6793871917782325e-09
Samples,896,CB,3.144956455286032e-09
Samples,897,CB,1.042957734621798e-08
Samples,898,CB,3.1132833418620615e-09
Samples,899,CB,1.5024593075681768e-08
Samples,900,CB,1.7479266280601425e-08
Samples,901,CB,-4.3451617723848595e-11
Samples,902,CB,3.1730604046028804e-09
Samples,903,CB,3.1270097696702365e-09
Samples,904,CB,1.2398010632048805e-12
Samples,905,CB,-1.0375340518880398e-11
Samples,906,CB,1.527529802186874e-08
Samples,907,CB,2.2394071746233748e-08
Samples,908,CB,1.844370132705908e-08
Samples,909,CB,1.043924290314018e-08
Samples,910,CB,3.702152923356963e-09
Samples,911,CB,1.7374169495453313e-09
Samples,912,CB,1.3149419049800814e-09
Samples,913,CB,2.289015321177971e-10
Samples,914,CB,1.8029598606007146e-09
Samples,915,CB,6.066271942409275e-11
Samples,916,CB,2.5836828594668546e-09
Samples,917,CB,3.835860885997023e-09
Samples,918,CB,3.0965990641368347e-09
Samples,919,CB,3.0778538516797177e-09
Samples,920,CB,3.0406150641465597e-09
Samples,921,CB,3.2062839543633513e-10
Samples,922,CB,8.67779466560987e-10
Samples,923,CB,4.730006591323386e-10
Samples,924,CB,3.919675083137376e-09
Samples,925,CB,6.08085474725916e-10
Samples,926,CB,3.864211653826734e-09
Samples,927,CB,1.6794926624420157e-08
Samples,928,CB,5.632259749026634e-08
Samples,929,CB,2.4834250110654267e-09
Samples,930,CB,5.7033577410281655e-09
Samples,931,CB,2.3327604068506303e-09
Samples,932,CB,1.2546385127135576e-09
Samples,933,CB,6.088565056560465e-11
Samples,934,CB,7.214685477756116e-09
Samples,935,CB,5.476694062296698e-09
Samples,936,CB,2.787408068487626e-09
Samples,937,CB,1.9321948438340526e-09
Samples,938,CB,2.2312184802082617e-09
Samples,939,CB,2.9072947241337304e-08
Samples,940,CB,1.0594443801155584e-08
Samples,941,CB,3.1443534788721385e-10
Samples,942,CB,1.1184597340790564e-08
Samples,943,CB,5.6494450122627245e-09
Samples,944,CB,2.214658793540473e-09
Samples,945,CB,3.2815031627741056e-09
Samples,946,CB,3.236029468401683e-09
Samples,947,CB,3.1388189053224752e-09
Samples,948,CB,3.168955912139085e-09
Samples,949,CB,3.211587772044759e-09
Samples,950,CB,3.2697862820507955e-09
Samples,951,CB,1.7099614831957193e-10
Samples,952,CB,1.7650667819313686e-09
Samples,953,CB,2.710136192451877e-09
Samples,954,CB,4.2055868304982174e-08
Samples,955,CB,2.1158814382144143e-08
Samples,956,CB,3.6214570862151447e-10
Samples,959,CB,1.2175922079636872e-10
Samples,960,CB,2.2997728145271393e-09
Samples,961,CB,9.56318344544939e-10
Samples,962,CB,1.4671822517027614e-09
Samples,963,CB,2.2952530653337006e-09
Samples,964,CB,7.178607621335095e-09
Samples,965,CB,7.25187803117938e-09
Samples,966,CB,8.444477770285709e-10
Samples,967,CB,1.554202122695595e-09
Samples,969,CB,2.349398444905643e-09
Samples,970,CB,5.835972121758245e-10
Samples,971,CB,1.6738453088830367e-09
Samples,973,CB,7.010416044060788e-10
Samples,974,CB,2.7446750157253124e-09
Samples,975,CB,1.49256373416774e-08
Samples,976,CB,1.941299686850247e-09
Samples,977,CB,1.1301653169504827e-09
Samples,978,CB,-1.4456956336540276e-10
Samples,979,CB,1.730982341604131e-09
Samples,982,CB,5.02628620046183e-09
Samples,983,CB,4.285250553374162e-09
Samples,985,CB,2.255700738273591e-09
Samples,987,CB,6.905621707978447e-08
Samples,988,CB,1.0538363007523224e-08
Samples,989,CB,6.994332057363327e-08
Samples,990,CB,1.1747896996341071e-08
Samples,991,CB,9.946097023362569e-08
Samples,992,CB,8.361603986372296e-08
Samples,993,CB,9.796582598022125e-08
Samples,994,CB,4.687777749773167e-10
Samples,995,CB,1.7850429208882942e-09
Samples,996,CB,8.412405833024087e-08
Samples,997,CB,1.6591441435068655e-07
Samples,998,CB,4.5746424892774395e-09
Samples,999,CB,1.638332819142072e-07
Samples,1000,CB,4.0655392759181e-09
Samples,1001,CB,3.281469102345952e-09
Samples,1002,CB,3.114348530810525e-08
Samples,1003,CB,3.4132964353732215e-08
Samples,1004,CB,3.4000869391644605e-08
Samples,1005,CB,3.7313164879624165e-08
Samples,1006,CB,2.927276047889603e-08
Samples,1007,CB,3.158137509918878e-08
Samples,1008,CB,3.5746819742504636e-08
Samples,1009,CB,3.460206331009215e-08
Samples,1010,CB,1.3362935781083288e-10
Samples,1011,CB,2.1883979207702225e-10
Samples,1012,CB,2.5186803217358067e-11
Samples,1013,CB,2.662511551263091e-08
Samples,1014,CB,1.2305946199464954e-09
Samples,1015,CB,1.568549452970008e-10
Samples,1016,CB,3.939006018059506e-11
Samples,1017,CB,2.3937275043053456e-11
Samples,1018,CB,-1.5108182391325174e-11
Samples,1019,CB,8.129713985318948e-12
Samples,1020,CB,6.765054586455125e-11
Samples,1021,CB,1.0629568208353194e-10
Samples,1022,CB,1.481412312485989e-10
Samples,1023,CB,1.212267949035e-10
Samples,1024,CB,1.3410907411975092e-10
Samples,1025,CB,-2.3961428306441353e-11
Samples,4,CC,4.2038407431327957e-10
Samples,5,CC,3.2642571198402065e-09
Samples,6,CC,6.83389621091641e-10
Samples,7,CC,2.008767976849375e-10
Samples,8,CC,4.804643835303298e-11
Samples,9,CC,3.0313515468117717e-10
Samples,10,CC,1.3992127933606328e-10
Samples,11,CC,3.204274976994248e-10
Samples,12,CC,2.495229094749314e-06
Samples,17,CC,-4.6307978423809246e-11
Samples,19,CC,1.045798418618123e-08
Samples,20,CC,2.1872470574464872e-08
Samples,21,CC,1.587946474469522e-08
Samples,26,CC,9.62949654966929e-10
Samples,28,CC,8.243782669366168e-10
Samples,29,CC,3.4999495919367306e-09
Samples,30,CC,2.7692573065148476e-09
Samples,32,CC,1.0918606982694497e-08
Samples,34,CC,5.016788615447831e-09
Samples,35,CC,0.00029087805359997055
Samples,37,CC,5.572470343001602e-09
Samples,39,CC,5.330387483519836e-09
Samples,41,CC,4.408944310884931e-09
Samples,42,CC,3.6823696288923284e-09
Samples,44,CC,4.062343543285296e-09
Samples,55,CC,2.5772292245870884e-09
Samples,56,CC,4.2504244458705014e-09
Samples,58,CC,9.15181208942239e-10
Samples,59,CC,1.485659696380906e-09
Samples,60,CC,1.1794556065579728e-10
Samples,61,CC,7.457566078657904e-11
Samples,62,CC,1.249891592173578e-10
Samples,63,CC,5.875719642318294e-11
Samples,64,CC,5.976990563859267e-11
Samples,65,CC,2.2993578731125725e-10
Samples,66,CC,5.373869291300269e-11
Samples,67,CC,1.0315914877299933e-10
Samples,68,CC,6.551236075530693e-11
Samples,69,CC,4.408666751695438e-11
Samples,70,CC,3.6441807055480834e-11
Samples,71,CC,1.1064228593715683e-09
Samples,72,CC,5.04527923805542e-10
Samples,73,CC,3.6896674963164177e-09
Samples,74,CC,6.717679846423427e-09
Samples,75,CC,1.1290507966412057e-08
Samples,76,CC,3.1592340557810465e-11
Samples,77,CC,3.247404032927644e-08
Samples,78,CC,2.2683440196309195e-10
Samples,79,CC,2.387512711595813e-10
Samples,80,CC,7.21247241147772e-11
Samples,81,CC,1.1391040863510062e-07
Samples,82,CC,5.361526616685515e-09
Samples,83,CC,2.1059162799255782e-09
Samples,84,CC,1.275107832407766e-08
Samples,85,CC,1.023277193431719e-08
Samples,86,CC,1.1026845989212357e-07
Samples,87,CC,8.637078102494873e-08
Samples,88,CC,6.001413690387945e-08
Samples,89,CC,5.380443921221116e-08
Samples,91,CC,-1.3973071979641517e-08
Samples,93,CC,-1.564855924175061e-08
Samples,94,CC,-1.2919957789016415e-08
Samples,95,CC,-1.4743208534142819e-09
Samples,96,CC,-1.4657411431462365e-09
Samples,98,CC,-4.245656133987288e-09
Samples,100,CC,-5.870550523308238e-09
Samples,101,CC,-1.2805594163326523e-08
Samples,102,CC,2.1929899833797693e-08
Samples,103,CC,4.051493725224568e-08
Samples,106,CC,-1.113885241869414e-08
Samples,107,CC,-1.3559215019395967e-08
Samples,109,CC,4.523734158217173e-09
Samples,113,CC,-3.98345858430908e-09
Samples,115,CC,1.1663399237065012e-09
Samples,118,CC,1.5848770085029936e-10
Samples,119,CC,1.3886457085954764e-11
Samples,120,CC,8.123338179785269e-11
Samples,121,CC,6.193991667562819e-09
Samples,122,CC,4.526909315488954e-11
Samples,123,CC,2.332701751083582e-09
Samples,124,CC,1.432893954576978e-10
Samples,125,CC,3.469268274653205e-10
Samples,126,CC,-1.614082750905205e-10
Samples,127,CC,6.077894617289202e-09
Samples,128,CC,6.132737063509888e-09
Samples,129,CC,6.279843268917989e-09
Samples,130,CC,6.1597231219177795e-09
Samples,131,CC,-7.60355901906812e-13
Samples,132,CC,-8.049538154525943e-13
Samples,133,CC,-7.468694379298445e-13
Samples,134,CC,-7.135297272552292e-13
Samples,136,CC,-2.1880765837197045e-11
Samples,137,CC,-2.2824634397519904e-11
Samples,138,CC,-2.068714654782398e-11
Samples,139,CC,2.365291294704439e-09
Samples,140,CC,2.4270773986584213e-09
Samples,141,CC,1.986887293199278e-09
Samples,142,CC,3.0374932561486426e-09
Samples,143,CC,2.4021273279972863e-09
Samples,144,CC,2.343129257872465e-09
Samples,145,CC,1.3531314658287716e-09
Samples,146,CC,3.905463477796575e-09
Samples,147,CC,2.255274240592621e-09
Samples,148,CC,3.2831625498783234e-09
Samples,149,CC,2.184771023948339e-09
Samples,150,CC,1.3631773961226513e-09
Samples,151,CC,1.3925793026181225e-09
Samples,152,CC,3.790202243580536e-09
Samples,153,CC,1.4825927980338196e-09
Samples,154,CC,2.1203912013059427e-09
Samples,155,CC,1.4324672390268193e-09
Samples,156,CC,6.231389852956725e-08
Samples,158,CC,-8.621856451323005e-11
Samples,159,CC,2.466140510947698e-10
Samples,160,CC,2.215428952593968e-09
Samples,161,CC,2.0464360068904825e-09
Samples,164,CC,7.49864401039765e-11
Samples,165,CC,5.720738135569771e-09
Samples,166,CC,7.228942301676902e-09
Samples,167,CC,1.390655074873817e-08
Samples,169,CC,3.4720929972828296e-08
Samples,171,CC,-4.6307978423809246e-11
Samples,172,CC,2.8462010865772814e-08
Samples,174,CC,1.9690518671710533e-09
Samples,175,CC,-2.628826682686162e-11
Samples,176,CC,4.56266527702137e-11
Samples,177,CC,2.902636365425825e-11
Samples,178,CC,2.274329286637686e-09
Samples,179,CC,5.683349602100577e-10
Samples,181,CC,8.382585103305072e-10
Samples,182,CC,3.8020174869700915e-10
Samples,183,CC,2.6774146201450676e-10
Samples,184,CC,2.830027675180703e-09
Samples,185,CC,3.0840130581475803e-09
Samples,186,CC,2.7857815971958924e-09
Samples,187,CC,3.5205990148672543e-09
Samples,188,CC,2.1993302597193658e-09
Samples,189,CC,1.9766217484321415e-09
Samples,190,CC,5.24470351363572e-10
Samples,191,CC,-2.3064433539301257e-11
Samples,192,CC,3.2872629166636798e-09
Samples,193,CC,2.3249543399608254e-09
Samples,194,CC,1.240246097549838e-09
Samples,195,CC,-2.7255060847535814e-11
Samples,196,CC,1.6481174167743873e-09
Samples,197,CC,4.824572191248844e-10
Samples,198,CC,8.387549667090783e-10
Samples,199,CC,1.3309253414948105e-08
Samples,200,CC,6.479485725425851e-09
Samples,201,CC,1.9197581117659016e-09
Samples,202,CC,1.3903916583516598e-09
Samples,203,CC,1.0629871741727617e-09
Samples,204,CC,-1.0026389237647017e-12
Samples,205,CC,1.4333354334883518e-09
Samples,206,CC,7.877181636834416e-10
Samples,207,CC,9.402702539068894e-10
Samples,208,CC,1.0549084858104056e-09
Samples,209,CC,1.4986605606288869e-09
Samples,210,CC,8.663053083780925e-10
Samples,211,CC,9.54158469697107e-10
Samples,212,CC,3.273600038184622e-10
Samples,213,CC,1.114507868212884e-09
Samples,214,CC,5.904682202242447e-10
Samples,215,CC,1.340853889801773e-09
Samples,216,CC,8.654461182907211e-10
Samples,217,CC,5.555680152572276e-10
Samples,218,CC,-2.524779935225136e-11
Samples,219,CC,1.3959669874666317e-09
Samples,220,CC,1.6081565733067591e-09
Samples,221,CC,1.5329260259547796e-09
Samples,222,CC,8.733379169567128e-10
Samples,223,CC,3.0372795509815344e-10
Samples,224,CC,1.696707458810898e-09
Samples,225,CC,7.086113604534335e-11
Samples,226,CC,1.3642886642342707e-11
Samples,227,CC,6.717646574507201e-10
Samples,228,CC,1.219554388384166e-09
Samples,229,CC,3.1711227769254274e-10
Samples,230,CC,1.0432000591280844e-09
Samples,231,CC,1.176667374738699e-09
Samples,232,CC,2.634733546727698e-10
Samples,233,CC,1.4975276469404595e-09
Samples,234,CC,8.831654911235867e-10
Samples,235,CC,1.8184798543360269e-09
Samples,236,CC,1.4553998411846367e-09
Samples,237,CC,2.322946524144652e-09
Samples,238,CC,6.753390476202698e-10
Samples,239,CC,1.9475712335362062e-09
Samples,240,CC,1.058242200205223e-09
Samples,241,CC,1.5248329558920765e-09
Samples,242,CC,2.332969858225836e-09
Samples,243,CC,1.8962686051721454e-09
Samples,244,CC,2.137316064818773e-09
Samples,245,CC,1.3955539337753906e-09
Samples,246,CC,2.0120623512731845e-09
Samples,247,CC,1.370330050560296e-09
Samples,248,CC,2.2038784683471195e-09
Samples,249,CC,1.876223575116345e-09
Samples,250,CC,1.9642788843208777e-09
Samples,251,CC,2.283211152369954e-09
Samples,252,CC,-2.657943433918445e-11
Samples,253,CC,1.6468718312502854e-09
Samples,254,CC,1.9475609285914728e-09
Samples,255,CC,1.9804081807582135e-09
Samples,256,CC,1.133567935261424e-08
Samples,257,CC,3.5461918183863666e-08
Samples,258,CC,4.784283591324846e-09
Samples,259,CC,3.1857579099430425e-10
Samples,260,CC,5.768324700147284e-10
Samples,261,CC,1.5526351139227208e-08
Samples,262,CC,7.261056640732799e-09
Samples,263,CC,1.3522059206934903e-08
Samples,264,CC,1.0323436710840504e-08
Samples,265,CC,1.2985687856317322e-09
Samples,266,CC,2.4751824358597255e-09
Samples,267,CC,5.284001665083639e-09
Samples,268,CC,6.9680743417576155e-09
Samples,269,CC,6.266708776037851e-09
Samples,270,CC,2.1929340287033496e-08
Samples,271,CC,8.331990741962641e-09
Samples,272,CC,1.3868883528095682e-08
Samples,273,CC,8.41644003407499e-09
Samples,274,CC,1.065950237930335e-08
Samples,275,CC,1.7903719934856145e-10
Samples,276,CC,4.7453091971464576e-08
Samples,277,CC,4.611397922190065e-09
Samples,278,CC,6.373331038416941e-10
Samples,279,CC,7.140125474094858e-10
Samples,280,CC,1.0173321762300424e-08
Samples,281,CC,5.07836512893769e-09
Samples,282,CC,1.0740252962682685e-08
Samples,283,CC,5.4165798597603754e-09
Samples,284,CC,4.170611925856744e-09
Samples,285,CC,1.1094337739438549e-09
Samples,286,CC,2.950891038573673e-09
Samples,287,CC,4.7567480702534726e-09
Samples,288,CC,3.447409322771008e-09
Samples,289,CC,6.913690213017755e-09
Samples,290,CC,4.577548784154368e-09
Samples,291,CC,6.12339509380325e-09
Samples,292,CC,1.4693509310100165e-08
Samples,293,CC,5.191607188908612e-09
Samples,294,CC,3.9410397154645874e-10
Samples,295,CC,6.065991777329383e-10
Samples,296,CC,1.2329216202556407e-09
Samples,297,CC,1.9630146454321134e-08
Samples,298,CC,1.870808754978841e-08
Samples,299,CC,3.2725031881040743e-10
Samples,300,CC,1.087918534383488e-09
Samples,301,CC,1.1886296847356782e-09
Samples,302,CC,4.501733612284605e-08
Samples,303,CC,3.8907643095853175e-08
Samples,304,CC,4.4817214745677487e-08
Samples,305,CC,9.53150339468378e-09
Samples,306,CC,9.25989851856514e-09
Samples,307,CC,1.4504634425745422e-08
Samples,308,CC,5.8551772253850244e-09
Samples,311,CC,5.248536890966316e-09
Samples,319,CC,3.886988842854921e-09
Samples,320,CC,1.3762393720029896e-08
Samples,323,CC,2.9483917790991713e-08
Samples,324,CC,7.219842609189228e-08
Samples,325,CC,1.6129720785690264e-09
Samples,326,CC,1.6934998803065487e-09
Samples,327,CC,1.862275673722509e-09
Samples,328,CC,4.468363347916643e-09
Samples,329,CC,1.0903588949219562e-09
Samples,330,CC,1.6183608752340775e-09
Samples,331,CC,1.0054436563489358e-09
Samples,332,CC,4.884957802060159e-10
Samples,333,CC,5.964089305497922e-08
Samples,334,CC,5.257831847558219e-08
Samples,335,CC,4.887369463588641e-08
Samples,336,CC,7.902975167417882e-08
Samples,337,CC,8.151557061036248e-12
Samples,338,CC,1.1753610797653957e-10
Samples,339,CC,-4.677325536963358e-12
Samples,340,CC,1.0779639953896667e-13
Samples,341,CC,-5.566535386029292e-14
Samples,342,CC,-3.309769164943232e-12
Samples,343,CC,2.6794795202543355e-11
Samples,344,CC,7.31901228035581e-12
Samples,345,CC,2.094908854263268e-09
Samples,346,CC,6.984815265494748e-09
Samples,347,CC,4.3376608491701227e-11
Samples,348,CC,6.824934649860483e-10
Samples,349,CC,3.3563940090416015e-11
Samples,350,CC,8.180308457929074e-11
Samples,351,CC,5.057482106366657e-11
Samples,352,CC,6.953442978920722e-10
Samples,353,CC,2.9640409296759306e-10
Samples,354,CC,2.1400446525254843e-11
Samples,355,CC,-2.7784787054285544e-11
Samples,356,CC,-2.7727293402802907e-11
Samples,357,CC,1.531686993242766e-09
Samples,358,CC,9.317330988471567e-11
Samples,359,CC,5.583990450561166e-10
Samples,361,CC,3.690836064141363e-11
Samples,362,CC,3.1145060010515516e-11
Samples,363,CC,5.016587892519191e-11
Samples,364,CC,1.2921556937243298e-11
Samples,365,CC,5.84644464181904e-09
Samples,367,CC,1.6875324387359698e-10
Samples,368,CC,-1.1646429035436792e-11
Samples,370,CC,3.874530154064176e-10
Samples,374,CC,-3.5740856388009726e-10
Samples,375,CC,1.8954959236067113e-08
Samples,376,CC,1.4825336105542959e-08
Samples,377,CC,6.516416404953121e-09
Samples,378,CC,6.644714492957837e-09
Samples,379,CC,6.955690627004206e-09
Samples,380,CC,5.335804255042402e-09
Samples,381,CC,1.6780321282764597e-08
Samples,382,CC,1.4085877130006329e-08
Samples,383,CC,-2.7857715592644394e-11
Samples,384,CC,1.521967850559365e-08
Samples,385,CC,-1.0046592370896586e-11
Samples,386,CC,6.92890929133351e-10
Samples,387,CC,8.247987271181887e-10
Samples,388,CC,5.126011766725108e-10
Samples,389,CC,6.045933059571177e-10
Samples,390,CC,5.054853423813418e-10
Samples,391,CC,3.2589770209208424e-10
Samples,392,CC,6.004522999419449e-10
Samples,393,CC,4.4575549915616445e-10
Samples,394,CC,7.476519865355667e-10
Samples,395,CC,6.175497803137445e-10
Samples,396,CC,1.2187024268833257e-09
Samples,397,CC,6.59313596668405e-10
Samples,398,CC,6.841775115571049e-10
Samples,399,CC,1.6945780261678757e-10
Samples,400,CC,1.7742735869902874e-08
Samples,401,CC,1.7791627295946997e-08
Samples,402,CC,1.793309989156333e-08
Samples,403,CC,5.923189030490251e-10
Samples,404,CC,4.47063259910593e-10
Samples,405,CC,4.6138860684105986e-10
Samples,406,CC,5.283669864140073e-10
Samples,407,CC,5.731691689396038e-10
Samples,408,CC,7.919945215213171e-11
Samples,409,CC,1.705513536795537e-10
Samples,410,CC,1.7868163158905234e-08
Samples,411,CC,7.043414481772479e-11
Samples,412,CC,8.030510967985741e-10
Samples,413,CC,5.4122647881650745e-09
Samples,414,CC,3.338878225667475e-10
Samples,415,CC,6.8604204248176186e-09
Samples,416,CC,2.5959269440002862e-08
Samples,417,CC,-5.500634463669153e-09
Samples,418,CC,1.500091896498737e-10
Samples,419,CC,1.5478534743082862e-09
Samples,420,CC,2.103030943963056e-12
Samples,421,CC,1.221635952731589e-10
Samples,422,CC,3.184362833294815e-11
Samples,423,CC,5.09931381061443e-11
Samples,424,CC,2.6427375826896894e-12
Samples,425,CC,1.672334425727143e-11
Samples,426,CC,1.8952915466039033e-09
Samples,427,CC,1.3265421465095675e-10
Samples,428,CC,3.892516589208658e-08
Samples,429,CC,5.748418893408796e-09
Samples,430,CC,5.201642236512167e-09
Samples,431,CC,3.6543886167918837e-09
Samples,432,CC,1.5879963245014882e-09
Samples,433,CC,3.928913915313604e-09
Samples,434,CC,2.8681061370865645e-09
Samples,435,CC,3.760938341665006e-09
Samples,436,CC,5.663565629843163e-09
Samples,437,CC,2.4691090703326488e-09
Samples,438,CC,1.39993844568726e-09
Samples,439,CC,3.0026025428633305e-09
Samples,440,CC,1.900141219958036e-09
Samples,441,CC,2.490075147346383e-09
Samples,442,CC,2.0600390124515774e-09
Samples,443,CC,6.133896452930675e-09
Samples,444,CC,1.7694853673455906e-09
Samples,445,CC,4.547359898354087e-09
Samples,446,CC,1.3750110977439393e-08
Samples,447,CC,6.500944301312e-09
Samples,448,CC,1.4358998309085318e-09
Samples,449,CC,5.912213478660729e-09
Samples,450,CC,2.9818226949820825e-09
Samples,451,CC,2.577209099204575e-09
Samples,452,CC,1.0854650854287801e-09
Samples,453,CC,1.1900592125521925e-09
Samples,454,CC,7.360166249954369e-09
Samples,455,CC,2.0952323828450925e-10
Samples,456,CC,4.2204348285610315e-09
Samples,457,CC,4.6622796730836236e-09
Samples,458,CC,5.062631357058157e-09
Samples,459,CC,6.629618229385273e-09
Samples,460,CC,8.612266957541412e-09
Samples,461,CC,5.85919825975291e-09
Samples,462,CC,9.804232233735262e-09
Samples,463,CC,7.071539725318322e-09
Samples,464,CC,1.1982719968803727e-08
Samples,465,CC,1.3438572499298018e-08
Samples,466,CC,1.2411471491264269e-08
Samples,467,CC,1.1985586994456126e-08
Samples,468,CC,5.323878889508443e-09
Samples,469,CC,9.81691322198937e-09
Samples,470,CC,1.08886047480406e-08
Samples,471,CC,9.095413048029012e-09
Samples,472,CC,8.737910114100099e-09
Samples,473,CC,8.798547437696705e-09
Samples,474,CC,9.187169699700418e-09
Samples,475,CC,5.75628349959926e-09
Samples,476,CC,3.3958202056111583e-10
Samples,477,CC,2.3014188214261336e-09
Samples,478,CC,4.547935379894026e-09
Samples,479,CC,1.7907256794203303e-09
Samples,480,CC,1.5862407757854363e-09
Samples,481,CC,3.2946879551987103e-09
Samples,482,CC,5.171651884847915e-10
Samples,483,CC,6.46441220293406e-09
Samples,484,CC,7.648929039504263e-10
Samples,485,CC,1.7422706869389875e-09
Samples,486,CC,4.507478431599871e-09
Samples,487,CC,5.310102795897045e-10
Samples,488,CC,3.5153794121577502e-09
Samples,489,CC,4.509979884890818e-09
Samples,490,CC,5.914192656315981e-09
Samples,491,CC,2.9432323633106665e-09
Samples,492,CC,5.497076760847574e-09
Samples,493,CC,3.92651405340628e-09
Samples,494,CC,4.439610251778685e-09
Samples,495,CC,3.894294737050359e-09
Samples,496,CC,4.930673926764581e-09
Samples,497,CC,5.701156754085317e-09
Samples,498,CC,4.610427525492029e-09
Samples,499,CC,3.4237565846658817e-09
Samples,500,CC,4.817490012613913e-09
Samples,501,CC,3.878298667798226e-09
Samples,502,CC,9.701556919334476e-09
Samples,503,CC,7.317969773574631e-09
Samples,504,CC,5.5410586135617935e-09
Samples,505,CC,8.27719327196435e-09
Samples,506,CC,7.258167197824866e-09
Samples,507,CC,1.062318853133563e-08
Samples,508,CC,1.836438762437943e-08
Samples,509,CC,3.41669390737491e-09
Samples,510,CC,2.6699596940499285e-08
Samples,511,CC,1.702559029617982e-08
Samples,512,CC,1.6937270601871491e-10
Samples,513,CC,3.293140918132152e-10
Samples,514,CC,1.0192961064720934e-10
Samples,515,CC,1.484041279082548e-08
Samples,516,CC,1.882156976876846e-08
Samples,517,CC,1.3136804920927343e-08
Samples,518,CC,1.9050094639905054e-08
Samples,519,CC,1.4338856046267427e-08
Samples,520,CC,1.1105046809814208e-08
Samples,521,CC,1.8470365940128254e-08
Samples,522,CC,1.8098737452493263e-08
Samples,523,CC,1.36606770699923e-08
Samples,524,CC,1.8760915543192284e-08
Samples,525,CC,1.0156038734752821e-08
Samples,526,CC,8.799437900240836e-09
Samples,527,CC,8.416614119749797e-09
Samples,528,CC,9.640924133779246e-09
Samples,529,CC,9.448582198717381e-10
Samples,530,CC,1.8562418656078573e-09
Samples,531,CC,2.260347467754365e-09
Samples,532,CC,2.702795169526339e-10
Samples,533,CC,1.2868394665182735e-09
Samples,534,CC,7.568637900810157e-09
Samples,535,CC,1.529938249278145e-08
Samples,536,CC,1.0312225077354106e-09
Samples,537,CC,1.1330923080764242e-09
Samples,538,CC,4.021166535574776e-09
Samples,539,CC,6.093126176893646e-09
Samples,540,CC,2.3882647478554396e-09
Samples,541,CC,4.5355133792535075e-09
Samples,542,CC,6.373830918667294e-09
Samples,543,CC,5.1339064809598415e-09
Samples,544,CC,1.757527239873534e-08
Samples,545,CC,1.7742374976293333e-08
Samples,546,CC,1.749578411224816e-08
Samples,547,CC,1.006050822410192e-08
Samples,548,CC,1.762136997565022e-08
Samples,549,CC,1.0247446253410107e-08
Samples,550,CC,4.40572846508408e-08
Samples,551,CC,8.476827053012018e-11
Samples,552,CC,9.129370082513505e-09
Samples,553,CC,1.7420075899178344e-08
Samples,554,CC,1.6986710843999258e-08
Samples,555,CC,9.518127325658107e-09
Samples,556,CC,2.2686560288006157e-10
Samples,557,CC,1.8733365635456528e-08
Samples,558,CC,1.9551201997282668e-08
Samples,559,CC,4.669408594537323e-11
Samples,560,CC,3.3911646814004087e-11
Samples,561,CC,3.574370977587716e-11
Samples,562,CC,1.887664450240978e-08
Samples,563,CC,-2.7149685408612647e-11
Samples,564,CC,-1.1948906460988351e-11
Samples,565,CC,1.1719013122562414e-11
Samples,566,CC,5.590094692958716e-10
Samples,567,CC,5.565005639994912e-09
Samples,568,CC,5.029001343783702e-10
Samples,569,CC,2.2484117097732432e-10
Samples,570,CC,1.883592100035669e-08
Samples,571,CC,4.1922894367595543e-10
Samples,572,CC,1.154475433646692e-09
Samples,573,CC,5.643809411754187e-10
Samples,574,CC,2.175362130386514e-08
Samples,575,CC,3.362015943571916e-08
Samples,576,CC,2.1665498437497767e-08
Samples,577,CC,1.02540913688493e-08
Samples,578,CC,1.873267746163033e-08
Samples,579,CC,2.0814786162542323e-08
Samples,580,CC,2.272850889013836e-08
Samples,581,CC,9.453698004035046e-09
Samples,582,CC,5.640909101232239e-10
Samples,583,CC,1.0719847409233455e-08
Samples,584,CC,1.925211396862976e-08
Samples,585,CC,1.9074071644828535e-12
Samples,586,CC,1.7669229664727132e-08
Samples,587,CC,2.3166929207096236e-08
Samples,588,CC,1.0400880295259601e-11
Samples,589,CC,1.3569193720980403e-08
Samples,590,CC,1.7659452243441185e-08
Samples,591,CC,1.7153950479352402e-08
Samples,592,CC,2.2998202427775187e-08
Samples,593,CC,1.0688853952355456e-08
Samples,594,CC,2.1385450473825096e-08
Samples,595,CC,2.2226610138228557e-08
Samples,596,CC,-7.999926891336959e-13
Samples,597,CC,5.685456268176219e-08
Samples,598,CC,1.8090857106150116e-08
Samples,599,CC,5.1756468310724535e-08
Samples,600,CC,4.6634143447217437e-08
Samples,601,CC,5.2591638606187635e-09
Samples,602,CC,5.846054683302707e-09
Samples,603,CC,2.465826444289638e-09
Samples,604,CC,3.6768482714439572e-09
Samples,605,CC,9.22134463283744e-09
Samples,606,CC,6.162513039396553e-09
Samples,607,CC,9.084067659192205e-09
Samples,608,CC,6.1107956856854355e-09
Samples,609,CC,6.555012360078761e-09
Samples,610,CC,9.512493125445389e-09
Samples,611,CC,8.712025813463286e-09
Samples,612,CC,8.552649812928944e-09
Samples,613,CC,6.3623991525154984e-09
Samples,614,CC,6.967533604708599e-09
Samples,615,CC,5.852702110790996e-09
Samples,616,CC,9.180442711107741e-09
Samples,617,CC,5.789204553380455e-09
Samples,618,CC,5.252572498739306e-09
Samples,619,CC,5.633698796670069e-09
Samples,620,CC,-1.982478658815646e-11
Samples,621,CC,3.8883832341722547e-10
Samples,622,CC,9.881254796873653e-10
Samples,623,CC,2.5517428346953577e-09
Samples,624,CC,7.834028247223961e-09
Samples,625,CC,8.279651242894395e-09
Samples,626,CC,5.956236948735609e-09
Samples,627,CC,6.967295061884258e-09
Samples,628,CC,9.23607767215165e-09
Samples,629,CC,6.096010688199301e-09
Samples,630,CC,8.112265708067394e-09
Samples,631,CC,1.0754810531939702e-08
Samples,632,CC,8.028722473687768e-09
Samples,633,CC,8.810859162025885e-09
Samples,634,CC,8.335221641724937e-09
Samples,635,CC,4.871174615340599e-09
Samples,636,CC,8.536429458188754e-09
Samples,637,CC,8.67410814529366e-09
Samples,638,CC,2.1971325446372483e-06
Samples,639,CC,2.0933550228727754e-06
Samples,640,CC,2.758074888058801e-06
Samples,641,CC,5.374178100871929e-07
Samples,642,CC,5.008179067901661e-07
Samples,643,CC,3.6429590885054674e-07
Samples,645,CC,2.7278474883124447e-07
Samples,646,CC,8.87281504014709e-07
Samples,647,CC,-1.3892393527142762e-09
Samples,648,CC,3.557128767745987e-09
Samples,649,CC,8.124128960403587e-08
Samples,650,CC,2.859395837121943e-07
Samples,651,CC,5.8146406174112037e-08
Samples,652,CC,3.8850256798759284e-07
Samples,653,CC,4.531866665864138e-11
Samples,654,CC,7.511050707101262e-08
Samples,655,CC,5.789067975937212e-08
Samples,656,CC,6.680550797499843e-09
Samples,657,CC,6.3193357994445785e-09
Samples,658,CC,1.5465568880552366e-08
Samples,659,CC,1.9592732539862287e-09
Samples,660,CC,4.112631211272859e-09
Samples,661,CC,1.5942059344187448e-08
Samples,662,CC,4.252059878843332e-09
Samples,663,CC,5.976805022191763e-11
Samples,664,CC,4.914244319936273e-09
Samples,665,CC,9.472345405987963e-09
Samples,666,CC,4.740452721103297e-09
Samples,667,CC,1.725281795273539e-09
Samples,668,CC,2.5230687156195287e-09
Samples,669,CC,1.7387864747386652e-10
Samples,670,CC,1.5930878255421968e-08
Samples,671,CC,2.2249121260427816e-11
Samples,672,CC,-8.9249887639498e-10
Samples,673,CC,1.9500933189288986e-08
Samples,674,CC,2.0234912920583247e-08
Samples,675,CC,1.7429808182217254e-08
Samples,676,CC,-7.055663591002498e-11
Samples,677,CC,4.434020194930108e-10
Samples,678,CC,-2.94791039602396e-11
Samples,679,CC,1.7067048957118274e-08
Samples,680,CC,1.53097484440373e-08
Samples,681,CC,1.714195055401627e-08
Samples,682,CC,6.294256029050444e-09
Samples,683,CC,7.3175788182386975e-09
Samples,684,CC,1.0488324563302708e-08
Samples,685,CC,8.616353979709893e-09
Samples,686,CC,1.553903662319394e-08
Samples,687,CC,1.538268202086983e-08
Samples,688,CC,7.578511165828743e-09
Samples,689,CC,6.279969077440819e-09
Samples,690,CC,1.336843158139511e-08
Samples,691,CC,6.038765186482588e-09
Samples,692,CC,1.4080041079826224e-08
Samples,693,CC,2.0147860768914494e-08
Samples,694,CC,6.632009147522033e-09
Samples,695,CC,2.2813193383928754e-09
Samples,696,CC,2.5694685361107274e-09
Samples,697,CC,1.5978769856549732e-08
Samples,698,CC,2.1370154393996934e-08
Samples,699,CC,1.220588477045814e-09
Samples,700,CC,2.106788421544333e-08
Samples,701,CC,2.0579369986970715e-08
Samples,702,CC,1.6797832644719636e-08
Samples,703,CC,1.8200617937493826e-09
Samples,704,CC,1.5702052782277603e-08
Samples,705,CC,1.6002369234757854e-09
Samples,706,CC,1.9038735498150586e-08
Samples,707,CC,1.4696340212898804e-09
Samples,708,CC,6.8703906136264e-09
Samples,709,CC,2.001836777147091e-08
Samples,710,CC,6.942485078037894e-09
Samples,711,CC,8.411816128969823e-09
Samples,712,CC,1.8797377360361305e-09
Samples,713,CC,9.233749113563336e-09
Samples,714,CC,2.8963184641429015e-08
Samples,715,CC,1.579538780261159e-08
Samples,716,CC,1.205570312649953e-08
Samples,717,CC,2.6780636560266472e-08
Samples,718,CC,3.1808596383791625e-09
Samples,719,CC,-2.3824011653985387e-11
Samples,720,CC,1.5572482560488036e-09
Samples,721,CC,-1.2464393231020946e-11
Samples,722,CC,1.5618731170120743e-08
Samples,723,CC,-4.932821211081625e-12
Samples,724,CC,1.2570337415378116e-12
Samples,725,CC,2.4409695712523105e-09
Samples,726,CC,1.844070605396214e-12
Samples,727,CC,1.6754049711048432e-12
Samples,728,CC,4.47834309250801e-09
Samples,729,CC,1.937547070417534e-09
Samples,730,CC,3.5821462268240467e-09
Samples,731,CC,3.640787433147764e-09
Samples,732,CC,8.838582661373916e-09
Samples,733,CC,5.980231701149988e-09
Samples,734,CC,4.169951919347515e-09
Samples,735,CC,4.7517473051297356e-09
Samples,736,CC,1.175563229238303e-08
Samples,737,CC,5.566315011656249e-10
Samples,738,CC,4.416525695011172e-09
Samples,739,CC,4.367071999367055e-09
Samples,740,CC,8.594922849123827e-09
Samples,741,CC,1.7264870822588891e-09
Samples,742,CC,9.019101075616438e-09
Samples,743,CC,3.1086622083706515e-09
Samples,744,CC,2.027897513345238e-08
Samples,745,CC,1.2797700620180049e-08
Samples,746,CC,5.596090838316958e-09
Samples,747,CC,3.867546063929794e-09
Samples,748,CC,9.967351432390171e-09
Samples,749,CC,2.9206088026241816e-09
Samples,750,CC,6.8602409697141085e-09
Samples,751,CC,2.564919437454785e-08
Samples,752,CC,7.4647128213636e-09
Samples,753,CC,1.6714861611073712e-08
Samples,754,CC,3.0925056246140098e-09
Samples,755,CC,7.378488363437688e-10
Samples,756,CC,5.568276795379499e-10
Samples,757,CC,1.3216168425350143e-09
Samples,758,CC,2.7928608931606603e-09
Samples,759,CC,1.065127885967571e-09
Samples,760,CC,4.511732204112383e-09
Samples,761,CC,4.936595708335868e-09
Samples,762,CC,3.104200949719797e-09
Samples,763,CC,1.241765655208127e-08
Samples,764,CC,3.1741501169247207e-09
Samples,765,CC,1.6137198859392786e-09
Samples,766,CC,2.1608079348262166e-10
Samples,767,CC,-1.4636695918026777e-10
Samples,768,CC,2.57666449269991e-10
Samples,769,CC,8.363629948386749e-11
Samples,770,CC,3.8230383367489666e-10
Samples,771,CC,-4.861974575109792e-11
Samples,772,CC,3.307437779517469e-10
Samples,773,CC,1.7360168481822928e-08
Samples,774,CC,9.716938558284366e-10
Samples,775,CC,7.803687063263097e-09
Samples,776,CC,3.94372502237198e-09
Samples,777,CC,3.639764021841008e-09
Samples,778,CC,1.5961770446281818e-10
Samples,779,CC,1.054374243658322e-09
Samples,780,CC,1.3517343862104711e-09
Samples,781,CC,8.372233715862803e-09
Samples,782,CC,1.6042763467680972e-09
Samples,783,CC,6.806823565007942e-10
Samples,784,CC,7.90186729568877e-10
Samples,785,CC,1.0291777151926882e-08
Samples,786,CC,1.568648845903609e-08
Samples,787,CC,4.693219589367775e-10
Samples,788,CC,2.749840411961298e-10
Samples,789,CC,3.7366799454566074e-09
Samples,790,CC,1.1815820929628056e-09
Samples,791,CC,1.2700533627127027e-09
Samples,792,CC,4.211445994681446e-09
Samples,793,CC,3.2197020793437473e-09
Samples,794,CC,5.533429348313733e-09
Samples,795,CC,9.940092812345962e-09
Samples,796,CC,1.1374320604197798e-09
Samples,797,CC,1.6380356265558454e-08
Samples,798,CC,1.8463268510084339e-09
Samples,799,CC,1.595537126415104e-08
Samples,800,CC,8.029211807673417e-10
Samples,801,CC,2.1254633751699347e-10
Samples,802,CC,8.473119953985311e-10
Samples,803,CC,3.6376667408222615e-10
Samples,804,CC,4.6044331167792923e-10
Samples,805,CC,2.7493608536698027e-08
Samples,806,CC,2.4704826284869763e-10
Samples,807,CC,1.289889783610316e-09
Samples,808,CC,8.248304147282777e-09
Samples,809,CC,4.811347688432417e-10
Samples,810,CC,5.641593348580076e-10
Samples,811,CC,4.521324292119533e-10
Samples,812,CC,1.3419865481048879e-11
Samples,813,CC,1.390008394048626e-08
Samples,814,CC,8.857396938745536e-10
Samples,815,CC,3.338889613927094e-10
Samples,816,CC,1.7211508629931643e-10
Samples,817,CC,2.6253045356883943e-10
Samples,818,CC,3.0818564569800104e-10
Samples,819,CC,1.2388590686206966e-09
Samples,820,CC,2.954332473801994e-11
Samples,821,CC,6.871987870814154e-09
Samples,822,CC,1.61153764176313e-08
Samples,823,CC,1.6372956615033825e-08
Samples,824,CC,4.978470493314897e-09
Samples,825,CC,6.1264627922198825e-09
Samples,826,CC,1.5601092282173799e-09
Samples,827,CC,3.947014334577758e-09
Samples,828,CC,4.076864087693482e-09
Samples,829,CC,3.0208171914333555e-09
Samples,830,CC,5.822701731213844e-09
Samples,831,CC,6.614588518614472e-09
Samples,832,CC,9.831070906119876e-09
Samples,833,CC,6.20073273360151e-09
Samples,834,CC,1.680500294671651e-08
Samples,835,CC,1.1068850997277092e-10
Samples,836,CC,1.8070661794642138e-08
Samples,837,CC,1.1232141491584248e-08
Samples,838,CC,1.66739024880986e-08
Samples,839,CC,-2.4972895303880427e-10
Samples,840,CC,-4.720628764381438e-10
Samples,841,CC,2.1709805968802986e-10
Samples,842,CC,-2.5088298628609967e-10
Samples,843,CC,1.3439448661539152e-08
Samples,844,CC,-9.05644583513963e-10
Samples,845,CC,1.1371863619921851e-08
Samples,846,CC,1.9032553815265383e-10
Samples,847,CC,9.937150557172388e-09
Samples,848,CC,9.610909317897773e-09
Samples,849,CC,2.2833568660134677e-10
Samples,850,CC,1.644179462158267e-08
Samples,851,CC,5.761756132395034e-09
Samples,852,CC,6.2685433577222494e-09
Samples,853,CC,4.547238384687439e-08
Samples,854,CC,6.44861132703797e-09
Samples,855,CC,3.118519948706001e-09
Samples,856,CC,5.6580617522803086e-09
Samples,857,CC,7.651377343657213e-09
Samples,858,CC,5.2353523186427626e-09
Samples,859,CC,4.105197785474404e-09
Samples,860,CC,1.1837820403284176e-09
Samples,861,CC,3.0182573867389492e-09
Samples,862,CC,5.256835468458742e-09
Samples,863,CC,5.952402907030125e-09
Samples,864,CC,1.3412209129235817e-09
Samples,865,CC,3.131289013497989e-09
Samples,866,CC,2.1722723769039244e-09
Samples,867,CC,1.0914152520225932e-09
Samples,868,CC,6.014016042912378e-10
Samples,869,CC,1.4323541607707512e-09
Samples,870,CC,6.55175660736703e-09
Samples,871,CC,1.3801369511830982e-09
Samples,872,CC,1.1691436459985633e-09
Samples,873,CC,6.062868781072534e-09
Samples,874,CC,2.1750637486441837e-09
Samples,875,CC,3.1441556626349536e-10
Samples,876,CC,1.9016105406099927e-09
Samples,877,CC,8.601823437932248e-09
Samples,878,CC,3.0859697299588247e-09
Samples,879,CC,4.63488309061374e-09
Samples,880,CC,1.0480621517793681e-09
Samples,881,CC,1.7953270002519308e-09
Samples,882,CC,4.491341851852385e-09
Samples,883,CC,5.0731797916878965e-09
Samples,884,CC,5.3919369474719435e-09
Samples,885,CC,3.3152191114781573e-09
Samples,886,CC,2.8549174015646877e-09
Samples,887,CC,1.1053251244216235e-08
Samples,888,CC,9.683516772672455e-09
Samples,889,CC,5.107443307667305e-10
Samples,890,CC,3.8797558103383405e-10
Samples,891,CC,-4.529407818304454e-11
Samples,892,CC,3.782045384378527e-10
Samples,893,CC,4.0259310115489485e-10
Samples,894,CC,1.8505582955449882e-08
Samples,895,CC,1.9313412210746652e-08
Samples,896,CC,1.634018462493025e-08
Samples,897,CC,5.5278151102131486e-08
Samples,898,CC,1.6168060841211725e-08
Samples,899,CC,7.992238147793983e-08
Samples,900,CC,9.478874369536591e-08
Samples,901,CC,-5.549281342071931e-10
Samples,902,CC,1.6430897752239638e-08
Samples,903,CC,1.613838091796686e-08
Samples,904,CC,-7.401972048370971e-11
Samples,905,CC,-9.970170076676776e-11
Samples,906,CC,8.168100194157414e-08
Samples,907,CC,1.195960663698563e-07
Samples,908,CC,9.965180421446587e-08
Samples,909,CC,5.64488738287051e-08
Samples,910,CC,1.9841987162283376e-08
Samples,911,CC,8.869750710907686e-09
Samples,912,CC,7.122742690626495e-09
Samples,913,CC,1.2146848979107127e-09
Samples,914,CC,9.259526709551214e-09
Samples,915,CC,-5.689351320074226e-10
Samples,916,CC,1.2780770503310099e-08
Samples,917,CC,1.9723948322440543e-08
Samples,918,CC,1.5874698386605684e-08
Samples,919,CC,1.5929263947849288e-08
Samples,920,CC,1.557935152264956e-08
Samples,921,CC,1.7138761504285173e-09
Samples,922,CC,4.68317500738825e-09
Samples,923,CC,2.544492340634145e-09
Samples,924,CC,2.0493268975611658e-08
Samples,925,CC,2.962449286784173e-09
Samples,926,CC,1.9247940924368927e-08
Samples,927,CC,8.178091748981892e-08
Samples,928,CC,2.7277161716221027e-07
Samples,929,CC,1.1941628617330848e-08
Samples,930,CC,2.9709602769629295e-08
Samples,931,CC,1.2094206001562718e-08
Samples,932,CC,5.550117918179947e-09
Samples,933,CC,2.2708813643863152e-10
Samples,934,CC,3.7881513255049517e-08
Samples,935,CC,2.7919358783556988e-08
Samples,936,CC,1.4383252973688273e-08
Samples,937,CC,8.656946646761837e-09
Samples,938,CC,1.1984279865781093e-08
Samples,939,CC,1.4248321490426802e-07
Samples,940,CC,5.14499030327137e-08
Samples,941,CC,9.83845368513628e-10
Samples,942,CC,5.86246389365216e-08
Samples,943,CC,2.890441612525121e-08
Samples,944,CC,1.014400346320656e-08
Samples,945,CC,1.760131565721625e-08
Samples,946,CC,1.7280928905846853e-08
Samples,947,CC,1.682792504398503e-08
Samples,948,CC,1.6896550986047324e-08
Samples,949,CC,1.7139286553553584e-08
Samples,950,CC,1.707843739958657e-08
Samples,951,CC,-5.548837926861236e-10
Samples,952,CC,8.900234891555582e-09
Samples,953,CC,1.423351774249955e-08
Samples,954,CC,2.1178403027142823e-07
Samples,955,CC,1.0806015604622546e-07
Samples,956,CC,1.983112281052721e-09
Samples,959,CC,4.995155563336308e-10
Samples,960,CC,1.2369373541138348e-08
Samples,961,CC,4.965292131830149e-09
Samples,962,CC,7.565583927411805e-09
Samples,963,CC,1.227958709251579e-08
Samples,964,CC,3.9231219898124105e-08
Samples,965,CC,3.9733238922753046e-08
Samples,966,CC,4.366601153039328e-09
Samples,967,CC,7.806812239910511e-09
Samples,969,CC,1.2013195199337669e-08
Samples,970,CC,2.9671595148576752e-09
Samples,971,CC,9.124413739594311e-09
Samples,973,CC,3.5448028679626374e-09
Samples,974,CC,1.4625534511948282e-08
Samples,975,CC,8.154690270512764e-08
Samples,976,CC,1.0278406134736679e-08
Samples,977,CC,5.936717562717739e-09
Samples,978,CC,-1.389239352714281e-09
Samples,979,CC,8.928239000758573e-09
Samples,982,CC,2.6708934928103993e-08
Samples,983,CC,2.2815004488741717e-08
Samples,985,CC,1.1697244231606133e-08
Samples,987,CC,3.766960291057107e-07
Samples,988,CC,5.4617705393330484e-08
Samples,989,CC,3.8056963087275057e-07
Samples,990,CC,6.067232873923951e-08
Samples,991,CC,5.412030541496923e-07
Samples,992,CC,4.5323663253257177e-07
Samples,993,CC,5.293687109139425e-07
Samples,994,CC,1.5977546996585686e-09
Samples,995,CC,8.909287009448923e-09
Samples,996,CC,4.504388282300061e-07
Samples,997,CC,8.936192480832075e-07
Samples,998,CC,2.2325703472747536e-08
Samples,999,CC,8.822315056665072e-07
Samples,1000,CC,2.0683756027219563e-08
Samples,1001,CC,1.7088184232128433e-08
Samples,1002,CC,1.6742405198844497e-07
Samples,1003,CC,1.836001486244137e-07
Samples,1004,CC,1.8001275165620038e-07
Samples,1005,CC,1.970221024314495e-07
Samples,1006,CC,1.535978753431736e-07
Samples,1007,CC,1.6677667501491003e-07
Samples,1008,CC,1.8812284085175243e-07
Samples,1009,CC,1.813483843336691e-07
Samples,1010,CC,4.908594465455147e-10
Samples,1011,CC,-5.104474248314244e-10
Samples,1012,CC,1.2543368648417042e-10
Samples,1013,CC,1.3958689641718962e-07
Samples,1014,CC,5.233022972023864e-09
Samples,1015,CC,6.019200796035536e-10
Samples,1016,CC,1.8017464031663103e-11
Samples,1017,CC,-5.081923490374839e-11
Samples,1018,CC,-1.03983967994871e-10
Samples,1019,CC,6.470278162240307e-11
Samples,1020,CC,3.507248037545457e-10
Samples,1021,CC,5.496911101280951e-10
Samples,1022,CC,7.811549618460894e-10
Samples,1023,CC,6.330319932312149e-10
Samples,1024,CC,6.979034048441844e-10
Samples,1025,CC,-2.3025703596000823e-10
Samples,4,CD,3.7003516978271355e-10
Samples,5,CD,2.83189949878545e-09
Samples,6,CD,5.918282394712136e-10
Samples,7,CD,1.805048765196501e-10
Samples,8,CD,4.176375474882214e-11
Samples,9,CD,2.752470058695535e-10
Samples,10,CD,1.2585269390928057e-10
Samples,11,CD,2.879299426878191e-10
Samples,12,CD,2.2382659898424247e-06
Samples,17,CD,-5.969628346398535e-11
Samples,19,CD,9.446854867178969e-09
Samples,20,CD,2.012234984461588e-08
Samples,21,CD,1.4485515886808694e-08
Samples,26,CD,8.641329349892036e-10
Samples,28,CD,7.301488830683772e-10
Samples,29,CD,3.057703496631618e-09
Samples,30,CD,2.5401554915734146e-09
Samples,32,CD,9.951185766668577e-09
Samples,34,CD,4.494427135418132e-09
Samples,35,CD,0.0002644420439257975
Samples,37,CD,5.000197094029995e-09
Samples,39,CD,4.690408490447e-09
Samples,41,CD,4.1467384082387925e-09
Samples,42,CD,3.409509681746405e-09
Samples,44,CD,3.78570704088831e-09
Samples,55,CD,2.27234458328465e-09
Samples,56,CD,3.849712079122695e-09
Samples,58,CD,8.365799279460623e-10
Samples,59,CD,1.4279493652869566e-09
Samples,60,CD,1.1210374315511652e-10
Samples,61,CD,6.83820526375776e-11
Samples,62,CD,1.173465516653666e-10
Samples,63,CD,5.6151962998423203e-11
Samples,64,CD,5.516765186893468e-11
Samples,65,CD,2.1847108861513297e-10
Samples,66,CD,4.8676015840021086e-11
Samples,67,CD,9.731212427231976e-11
Samples,68,CD,5.937760373873809e-11
Samples,69,CD,4.0460183932072643e-11
Samples,70,CD,3.3394953025294876e-11
Samples,71,CD,1.0771736584820012e-09
Samples,72,CD,4.865050684546902e-10
Samples,73,CD,3.4529712966139257e-09
Samples,74,CD,6.459805460476245e-09
Samples,75,CD,1.0694893382457362e-08
Samples,76,CD,2.7818674407826755e-11
Samples,77,CD,3.0462996137623066e-08
Samples,78,CD,2.1961391169161793e-10
Samples,79,CD,2.313360635415176e-10
Samples,80,CD,6.858795398680307e-11
Samples,81,CD,1.0728301099744184e-07
Samples,82,CD,5.030631031209122e-09
Samples,83,CD,1.963924128669942e-09
Samples,84,CD,1.1975225856995266e-08
Samples,85,CD,9.644740172767373e-09
Samples,86,CD,1.0280059363156677e-07
Samples,87,CD,8.0281246411211e-08
Samples,88,CD,5.632718857840336e-08
Samples,89,CD,4.944591844987533e-08
Samples,91,CD,-1.8444985712587553e-08
Samples,93,CD,-2.0309735210113077e-08
Samples,94,CD,-1.847067676896409e-08
Samples,95,CD,-2.4928431765054687e-09
Samples,96,CD,-2.6886384724995205e-09
Samples,98,CD,-6.855691474691839e-09
Samples,100,CD,-1.1411134170118054e-08
Samples,101,CD,-1.7885811530510352e-08
Samples,102,CD,1.6909504795789232e-08
Samples,103,CD,3.4732873174765615e-08
Samples,106,CD,-1.6724327910655203e-08
Samples,107,CD,-1.872901306055884e-08
Samples,109,CD,4.345488228439023e-09
Samples,113,CD,-5.491311875143353e-09
Samples,115,CD,-4.633615445496146e-11
Samples,118,CD,1.5608515846172804e-10
Samples,119,CD,1.1663029704565904e-11
Samples,120,CD,7.941295377061295e-11
Samples,121,CD,6.097318690701873e-09
Samples,122,CD,4.426892167972146e-11
Samples,123,CD,2.2956947473816874e-09
Samples,124,CD,1.4271059839071852e-10
Samples,125,CD,3.461309270383006e-10
Samples,126,CD,-2.676641815714362e-10
Samples,127,CD,6.028258715162352e-09
Samples,128,CD,6.075042488563955e-09
Samples,129,CD,6.182253558575187e-09
Samples,130,CD,6.076070978307618e-09
Samples,131,CD,-1.0577113841088119e-12
Samples,132,CD,-1.103782785327792e-12
Samples,133,CD,-1.0333925612108489e-12
Samples,134,CD,-1.0224087171873451e-12
Samples,136,CD,-2.9001071971967303e-11
Samples,137,CD,-3.027185781691572e-11
Samples,138,CD,-2.7570016533780015e-11
Samples,139,CD,2.348446955923783e-09
Samples,140,CD,2.4088993773131668e-09
Samples,141,CD,1.977744391582444e-09
Samples,142,CD,3.0068899696551557e-09
Samples,143,CD,2.3973858399132315e-09
Samples,144,CD,2.342741166040673e-09
Samples,145,CD,1.367121472053963e-09
Samples,146,CD,3.896273507929867e-09
Samples,147,CD,2.2746957214330432e-09
Samples,148,CD,3.291678860172592e-09
Samples,149,CD,2.1929210984924487e-09
Samples,150,CD,1.3797828101753733e-09
Samples,151,CD,1.4175646135546138e-09
Samples,152,CD,3.81362107131658e-09
Samples,153,CD,1.505393722200066e-09
Samples,154,CD,2.1507040004277455e-09
Samples,155,CD,1.460137674213718e-09
Samples,156,CD,6.482110884788945e-08
Samples,158,CD,-1.1206050780164877e-10
Samples,159,CD,-1.0124185061527949e-10
Samples,160,CD,2.2976673202755877e-09
Samples,161,CD,2.1689484199272665e-09
Samples,164,CD,7.120702631702177e-11
Samples,165,CD,5.891015505380115e-09
Samples,166,CD,7.498155537754156e-09
Samples,167,CD,1.4314611961205641e-08
Samples,169,CD,3.5409514209651766e-08
Samples,171,CD,-5.969628346398535e-11
Samples,172,CD,2.8404538725683282e-08
Samples,174,CD,2.053222942172429e-09
Samples,175,CD,-3.388858425023262e-11
Samples,176,CD,4.7385072490205406e-11
Samples,177,CD,2.612946729931851e-11
Samples,178,CD,2.3680749226931087e-09
Samples,179,CD,5.937323835351236e-10
Samples,181,CD,8.749922937950138e-10
Samples,182,CD,3.973073890510795e-10
Samples,183,CD,2.811269061965994e-10
Samples,184,CD,2.933824904043161e-09
Samples,185,CD,3.1744767631124197e-09
Samples,186,CD,2.8767596599583635e-09
Samples,187,CD,3.635279371596453e-09
Samples,188,CD,2.2906133383264525e-09
Samples,189,CD,2.0594980194087276e-09
Samples,190,CD,5.637178738441911e-10
Samples,191,CD,-2.957448884122462e-11
Samples,192,CD,3.4403607284442557e-09
Samples,193,CD,2.4200641482712464e-09
Samples,194,CD,1.2995569747951627e-09
Samples,195,CD,-3.5134892378418566e-11
Samples,196,CD,1.728028837492729e-09
Samples,197,CD,5.133070187010682e-10
Samples,198,CD,8.941939361108908e-10
Samples,199,CD,1.3835755432884402e-08
Samples,200,CD,6.7390045717717955e-09
Samples,201,CD,2.057170546628728e-09
Samples,202,CD,1.4991950731974548e-09
Samples,203,CD,1.1448500895994668e-09
Samples,204,CD,-1.2925163101982659e-12
Samples,205,CD,1.5464842301230415e-09
Samples,206,CD,8.58341190115583e-10
Samples,207,CD,1.0105229435237336e-09
Samples,208,CD,1.1385353513796035e-09
Samples,209,CD,1.5960681743264983e-09
Samples,210,CD,9.286756536321663e-10
Samples,211,CD,1.0255958669206043e-09
Samples,212,CD,3.530641691251881e-10
Samples,213,CD,1.201274722224326e-09
Samples,214,CD,6.387141085885338e-10
Samples,215,CD,1.4344022396614267e-09
Samples,216,CD,9.299960551894385e-10
Samples,217,CD,6.04387165745335e-10
Samples,218,CD,-3.2547302609066094e-11
Samples,219,CD,1.5104767888072441e-09
Samples,220,CD,1.7571266651283313e-09
Samples,221,CD,1.6602109223693596e-09
Samples,222,CD,9.538868589515545e-10
Samples,223,CD,3.375574294043022e-10
Samples,224,CD,1.859638425108108e-09
Samples,225,CD,7.900884323619989e-11
Samples,226,CD,1.3823422255589483e-11
Samples,227,CD,7.51208066170515e-10
Samples,228,CD,1.3609759410839045e-09
Samples,229,CD,3.600780591258967e-10
Samples,230,CD,1.1706260180381368e-09
Samples,231,CD,1.31427519320204e-09
Samples,232,CD,2.98892924649946e-10
Samples,233,CD,1.6775140018513574e-09
Samples,234,CD,9.989294925650625e-10
Samples,235,CD,1.967332426168536e-09
Samples,236,CD,1.6174252614618865e-09
Samples,237,CD,2.5329978980648023e-09
Samples,238,CD,7.539612029460874e-10
Samples,239,CD,2.156594568724683e-09
Samples,240,CD,1.1711337839841909e-09
Samples,241,CD,1.6892510275843788e-09
Samples,242,CD,2.5804283897088916e-09
Samples,243,CD,2.1002892683218353e-09
Samples,244,CD,2.3703610008191363e-09
Samples,245,CD,1.5551118137924136e-09
Samples,246,CD,2.224782134622016e-09
Samples,247,CD,1.5385157661026105e-09
Samples,248,CD,2.4446072108016634e-09
Samples,249,CD,2.083509641327859e-09
Samples,250,CD,2.1819334656198827e-09
Samples,251,CD,2.5258340562647886e-09
Samples,252,CD,-3.426393249351051e-11
Samples,253,CD,1.8527415773873866e-09
Samples,254,CD,2.186835070823279e-09
Samples,255,CD,2.271741677591421e-09
Samples,256,CD,1.2652730441014158e-08
Samples,257,CD,3.890548871851202e-08
Samples,258,CD,5.362515599992411e-09
Samples,259,CD,3.5449638620794115e-10
Samples,260,CD,6.617503150029418e-10
Samples,261,CD,1.72351871885105e-08
Samples,262,CD,8.165935874927909e-09
Samples,263,CD,1.51225755024416e-08
Samples,264,CD,1.148125772949714e-08
Samples,265,CD,1.5017978859464736e-09
Samples,266,CD,2.8065247533949802e-09
Samples,267,CD,5.974764191984307e-09
Samples,268,CD,7.875929180870554e-09
Samples,269,CD,7.080874546015318e-09
Samples,270,CD,2.4511709057642307e-08
Samples,271,CD,9.259557291997364e-09
Samples,272,CD,1.550648616253981e-08
Samples,273,CD,9.413065927800787e-09
Samples,274,CD,1.1938990304756213e-08
Samples,275,CD,1.8935104658532936e-10
Samples,276,CD,5.299948057248067e-08
Samples,277,CD,5.175444807059518e-09
Samples,278,CD,7.146568610105399e-10
Samples,279,CD,7.938397449537985e-10
Samples,280,CD,1.1410595407451573e-08
Samples,281,CD,5.704868993768961e-09
Samples,282,CD,1.2060773321222255e-08
Samples,283,CD,6.080277257378753e-09
Samples,284,CD,4.6934696449090725e-09
Samples,285,CD,1.2505751555432152e-09
Samples,286,CD,3.320313534265861e-09
Samples,287,CD,5.360949643132902e-09
Samples,288,CD,3.87656035055584e-09
Samples,289,CD,7.78685502807394e-09
Samples,290,CD,5.160926030702761e-09
Samples,291,CD,6.899490478329648e-09
Samples,292,CD,1.6513031081815674e-08
Samples,293,CD,5.847824060755169e-09
Samples,294,CD,4.179214628723225e-10
Samples,295,CD,6.578224737973021e-10
Samples,296,CD,1.390111952894856e-09
Samples,297,CD,2.221564752190496e-08
Samples,298,CD,2.1128253460667263e-08
Samples,299,CD,3.671502870557364e-10
Samples,300,CD,1.2255409018490506e-09
Samples,301,CD,1.3488146002167404e-09
Samples,302,CD,5.1018822459408044e-08
Samples,303,CD,4.405787485893154e-08
Samples,304,CD,5.0790855450720033e-08
Samples,305,CD,1.0866480329033805e-08
Samples,306,CD,1.0485161146817876e-08
Samples,307,CD,1.6446724693156445e-08
Samples,308,CD,6.618038346787357e-09
Samples,311,CD,5.955686458028258e-09
Samples,319,CD,4.4030365657379225e-09
Samples,320,CD,1.5698420177345102e-08
Samples,323,CD,3.3381932491305744e-08
Samples,324,CD,8.201880261463949e-08
Samples,325,CD,1.83572736833924e-09
Samples,326,CD,1.9340518247293028e-09
Samples,327,CD,2.128547426996049e-09
Samples,328,CD,5.089353682258893e-09
Samples,329,CD,1.2471278033961208e-09
Samples,330,CD,1.848635001734969e-09
Samples,331,CD,1.157741265900352e-09
Samples,332,CD,5.544549767981028e-10
Samples,333,CD,6.774341931479194e-08
Samples,334,CD,5.967851297822709e-08
Samples,335,CD,5.5502826045001386e-08
Samples,336,CD,8.970772690523217e-08
Samples,337,CD,8.9334573270785e-12
Samples,338,CD,1.3376693847875182e-10
Samples,339,CD,-7.964681396611928e-12
Samples,340,CD,-1.683784836217383e-11
Samples,341,CD,-1.4112038908619921e-12
Samples,342,CD,-6.548674723703279e-12
Samples,343,CD,2.90212557671393e-11
Samples,344,CD,7.212717379038763e-12
Samples,345,CD,2.401596321910562e-09
Samples,346,CD,8.014245239033856e-09
Samples,347,CD,4.8634767299209803e-11
Samples,348,CD,7.606609302764313e-10
Samples,349,CD,3.823625396772463e-11
Samples,350,CD,9.249019181650993e-11
Samples,351,CD,5.838945038849761e-11
Samples,352,CD,-1.7858560522927436e-11
Samples,353,CD,3.391845971947101e-10
Samples,354,CD,2.4545454197557815e-11
Samples,355,CD,-1.399512237029992e-11
Samples,356,CD,9.180073638414013e-10
Samples,357,CD,1.7545726337876429e-09
Samples,358,CD,1.0505069545212549e-10
Samples,359,CD,-8.947500383060154e-11
Samples,361,CD,-4.474097402824254e-12
Samples,362,CD,-4.262650673074606e-12
Samples,363,CD,5.718187252145321e-11
Samples,364,CD,1.1052910954155584e-11
Samples,365,CD,6.69915928959982e-09
Samples,367,CD,1.909296346766582e-10
Samples,368,CD,-3.456537818053871e-11
Samples,370,CD,4.4348688624559335e-10
Samples,374,CD,-4.6074053906167323e-10
Samples,375,CD,2.167984194660587e-08
Samples,376,CD,1.6995375839885063e-08
Samples,377,CD,7.490432830975914e-09
Samples,378,CD,7.643745502674029e-09
Samples,379,CD,7.967173012326009e-09
Samples,380,CD,6.127687614406649e-09
Samples,381,CD,1.920472301013809e-08
Samples,382,CD,1.6144896444687112e-08
Samples,383,CD,-3.591178330994799e-11
Samples,384,CD,1.749022347707004e-08
Samples,385,CD,-1.2951207252696586e-11
Samples,386,CD,8.037564318358827e-10
Samples,387,CD,9.558167441911046e-10
Samples,388,CD,5.882071025009832e-10
Samples,389,CD,6.95750763536347e-10
Samples,390,CD,5.827891117242481e-10
Samples,391,CD,3.752279748122159e-10
Samples,392,CD,6.932367733711681e-10
Samples,393,CD,5.134201006928262e-10
Samples,394,CD,8.5650644511761e-10
Samples,395,CD,7.169305391591337e-10
Samples,396,CD,1.3992561526179375e-09
Samples,397,CD,7.666402950536897e-10
Samples,398,CD,7.840844498701354e-10
Samples,399,CD,1.9223226577037892e-10
Samples,400,CD,2.051075983996558e-08
Samples,401,CD,2.0470108457629563e-08
Samples,402,CD,2.059691576317455e-08
Samples,403,CD,6.901412373751488e-10
Samples,404,CD,5.132853379647006e-10
Samples,405,CD,5.337503727472345e-10
Samples,406,CD,6.056410468804483e-10
Samples,407,CD,6.59260404147138e-10
Samples,408,CD,9.089023762876764e-11
Samples,409,CD,1.9505059345687526e-10
Samples,410,CD,2.0585958516070063e-08
Samples,411,CD,8.031757439577803e-11
Samples,412,CD,9.231648108570985e-10
Samples,413,CD,6.2071322100149384e-09
Samples,414,CD,3.8474295947576587e-10
Samples,415,CD,7.858344768411493e-09
Samples,416,CD,2.989921421811344e-08
Samples,417,CD,-3.932864788677884e-09
Samples,418,CD,1.729387649376545e-10
Samples,419,CD,1.7900906294976796e-09
Samples,420,CD,2.2220441328011174e-12
Samples,421,CD,1.4116318518188244e-10
Samples,422,CD,3.677326569269116e-11
Samples,423,CD,5.875138463658658e-11
Samples,424,CD,2.6179762917905786e-12
Samples,425,CD,1.9225253999966132e-11
Samples,426,CD,2.1945541673947444e-09
Samples,427,CD,1.5278069057237048e-10
Samples,428,CD,4.481394861116829e-08
Samples,429,CD,6.637560024056351e-09
Samples,430,CD,6.010871531862634e-09
Samples,431,CD,4.227404582868178e-09
Samples,432,CD,1.8391482186265292e-09
Samples,433,CD,4.54545317225208e-09
Samples,434,CD,3.3289230864928146e-09
Samples,435,CD,4.344961883444885e-09
Samples,436,CD,6.544945477122548e-09
Samples,437,CD,2.8556551422891193e-09
Samples,438,CD,1.6241075186674395e-09
Samples,439,CD,3.479793045528765e-09
Samples,440,CD,2.2046927329601797e-09
Samples,441,CD,2.8857829921470108e-09
Samples,442,CD,2.3929391176040796e-09
Samples,443,CD,7.0937102366337465e-09
Samples,444,CD,2.0549956602550613e-09
Samples,445,CD,5.279322446162333e-09
Samples,446,CD,1.5862760296302482e-08
Samples,447,CD,7.526810520179323e-09
Samples,448,CD,1.6724297210801337e-09
Samples,449,CD,6.84368459437872e-09
Samples,450,CD,3.4592240362858885e-09
Samples,451,CD,2.9897355429831016e-09
Samples,452,CD,1.2536582205758742e-09
Samples,453,CD,2.046532947218518e-09
Samples,454,CD,8.538371785245849e-09
Samples,455,CD,2.4493982347354037e-10
Samples,456,CD,4.880906562825316e-09
Samples,457,CD,5.410006588738075e-09
Samples,458,CD,5.87436906768914e-09
Samples,459,CD,7.690720069889758e-09
Samples,460,CD,9.99286484890932e-09
Samples,461,CD,6.811251399162653e-09
Samples,462,CD,1.1421107615997863e-08
Samples,463,CD,8.21465573695021e-09
Samples,464,CD,1.3888200561600305e-08
Samples,465,CD,1.5581186582735787e-08
Samples,466,CD,1.4376201024288233e-08
Samples,467,CD,1.3889650619954419e-08
Samples,468,CD,6.191971741458954e-09
Samples,469,CD,1.1414372098214769e-08
Samples,470,CD,1.2641836128438328e-08
Samples,471,CD,1.0580716455775418e-08
Samples,472,CD,1.0147764946873864e-08
Samples,473,CD,1.0224628755466121e-08
Samples,474,CD,1.0679143286427622e-08
Samples,475,CD,6.696292311263203e-09
Samples,476,CD,3.956960472135815e-10
Samples,477,CD,2.6950608007616454e-09
Samples,478,CD,5.312910812234717e-09
Samples,479,CD,2.0958618102078534e-09
Samples,480,CD,1.8602769270295221e-09
Samples,481,CD,3.850753547904457e-09
Samples,482,CD,6.020019887093668e-10
Samples,483,CD,7.558163862335591e-09
Samples,484,CD,9.019275559984416e-10
Samples,485,CD,2.0410312491635933e-09
Samples,486,CD,5.2717955026531745e-09
Samples,487,CD,6.232490607503426e-10
Samples,488,CD,4.115825475250843e-09
Samples,489,CD,5.282464658597615e-09
Samples,490,CD,6.920008671396791e-09
Samples,491,CD,3.4453681270791953e-09
Samples,492,CD,6.429141317522071e-09
Samples,493,CD,4.596883208584494e-09
Samples,494,CD,5.211736295313912e-09
Samples,495,CD,4.561466963899754e-09
Samples,496,CD,5.772561682315772e-09
Samples,497,CD,6.670778617538259e-09
Samples,498,CD,5.40232919102499e-09
Samples,499,CD,4.0159154866301165e-09
Samples,500,CD,5.65725826194974e-09
Samples,501,CD,4.551212833434343e-09
Samples,502,CD,1.13534580254987e-08
Samples,503,CD,8.542690273347562e-09
Samples,504,CD,6.497855888421028e-09
Samples,505,CD,9.674348462741492e-09
Samples,506,CD,8.489353138717541e-09
Samples,507,CD,1.2401222784278084e-08
Samples,508,CD,2.1522061363741887e-08
Samples,509,CD,4.022683453709838e-09
Samples,510,CD,3.130174879868309e-08
Samples,511,CD,1.9930903387441288e-08
Samples,512,CD,1.9864368739633208e-10
Samples,513,CD,3.861244925480716e-10
Samples,514,CD,1.1767370710742578e-10
Samples,515,CD,1.7474889674763522e-08
Samples,516,CD,2.2145636018880346e-08
Samples,517,CD,1.5408849183903936e-08
Samples,518,CD,2.2406505815549386e-08
Samples,519,CD,1.692213118350424e-08
Samples,520,CD,1.3082830493977653e-08
Samples,521,CD,2.174421590527494e-08
Samples,522,CD,2.128022371171744e-08
Samples,523,CD,1.60844772289354e-08
Samples,524,CD,2.2188341733586495e-08
Samples,525,CD,1.2139508071712933e-08
Samples,526,CD,1.0266635398951365e-08
Samples,527,CD,9.88044845769079e-09
Samples,528,CD,1.1337128639845932e-08
Samples,529,CD,1.1164614732512905e-09
Samples,530,CD,2.197651390074184e-09
Samples,531,CD,2.6714389274639284e-09
Samples,532,CD,3.1463662717122795e-10
Samples,533,CD,1.5203925240226186e-09
Samples,534,CD,8.016493463993206e-09
Samples,535,CD,1.795163540671481e-08
Samples,536,CD,1.2217871003978715e-09
Samples,537,CD,1.3354758392315733e-09
Samples,538,CD,4.74727399157793e-09
Samples,539,CD,7.173476781733839e-09
Samples,540,CD,2.8103029136849135e-09
Samples,541,CD,5.343120877375376e-09
Samples,542,CD,7.506637204539892e-09
Samples,543,CD,6.0387228092103605e-09
Samples,544,CD,2.0699244678532455e-08
Samples,545,CD,2.0826056657495176e-08
Samples,546,CD,2.060474785426582e-08
Samples,547,CD,1.1852524450427439e-08
Samples,548,CD,2.0724521151022905e-08
Samples,549,CD,1.207499653183796e-08
Samples,550,CD,5.176871664084586e-08
Samples,551,CD,9.533556647607286e-11
Samples,552,CD,1.0802035249232388e-08
Samples,553,CD,2.0534965668995453e-08
Samples,554,CD,1.9984521442884695e-08
Samples,555,CD,1.1234876617907183e-08
Samples,556,CD,2.671902918846863e-10
Samples,557,CD,2.208307591649546e-08
Samples,558,CD,2.314700842370108e-08
Samples,559,CD,5.419671942874692e-11
Samples,560,CD,3.805037019330429e-11
Samples,561,CD,4.053493974932288e-11
Samples,562,CD,2.234906508581992e-08
Samples,563,CD,-4.590403002596031e-11
Samples,564,CD,-2.182018718072974e-11
Samples,565,CD,1.2101997994655824e-11
Samples,566,CD,6.576339225761588e-10
Samples,567,CD,6.596030314137604e-09
Samples,568,CD,5.745975372790162e-10
Samples,569,CD,2.6810631733959996e-10
Samples,570,CD,2.2329891176785835e-08
Samples,571,CD,4.998421512290352e-10
Samples,572,CD,1.3838426074042625e-09
Samples,573,CD,6.687476769194014e-10
Samples,574,CD,2.581899107780792e-08
Samples,575,CD,3.99173572805481e-08
Samples,576,CD,2.5721942705645726e-08
Samples,577,CD,1.2175636741867617e-08
Samples,578,CD,2.223702356478609e-08
Samples,579,CD,2.4721683799459953e-08
Samples,580,CD,2.692645888166625e-08
Samples,581,CD,1.1224883398197041e-08
Samples,582,CD,6.718249859449826e-10
Samples,583,CD,1.274272476335692e-08
Samples,584,CD,2.278942797623922e-08
Samples,585,CD,-4.636210802326633e-12
Samples,586,CD,2.1035762668265884e-08
Samples,587,CD,2.757717248893194e-08
Samples,588,CD,7.466222355478802e-12
Samples,589,CD,1.6173966442449687e-08
Samples,590,CD,2.1018047440932515e-08
Samples,591,CD,2.048719257264964e-08
Samples,592,CD,2.7359682101558406e-08
Samples,593,CD,1.2767536980201718e-08
Samples,594,CD,2.5445200787142902e-08
Samples,595,CD,2.6533151111335753e-08
Samples,596,CD,-5.435098129190703e-12
Samples,597,CD,6.74480918467027e-08
Samples,598,CD,2.1530988660390083e-08
Samples,599,CD,6.137883913432469e-08
Samples,600,CD,5.515678606032737e-08
Samples,601,CD,6.248032260758158e-09
Samples,602,CD,6.946740710856621e-09
Samples,603,CD,2.9453836891908363e-09
Samples,604,CD,4.377137054249643e-09
Samples,605,CD,1.0952543045320108e-08
Samples,606,CD,7.326874668611637e-09
Samples,607,CD,1.0799606701972941e-08
Samples,608,CD,7.2732255231521285e-09
Samples,609,CD,7.802276828321782e-09
Samples,610,CD,1.1315352552760436e-08
Samples,611,CD,1.0361203499479377e-08
Samples,612,CD,1.016613224484863e-08
Samples,613,CD,7.572929431053227e-09
Samples,614,CD,8.307972735503487e-09
Samples,615,CD,6.984357306941254e-09
Samples,616,CD,1.0948551018276521e-08
Samples,617,CD,6.892147891755768e-09
Samples,618,CD,6.2753089687889535e-09
Samples,619,CD,6.7087445774564815e-09
Samples,620,CD,-2.5556418571084154e-11
Samples,621,CD,4.637159778603541e-10
Samples,622,CD,1.1789597857077008e-09
Samples,623,CD,3.0640399416107897e-09
Samples,624,CD,9.343119556492052e-09
Samples,625,CD,9.884631669830186e-09
Samples,626,CD,7.112847041419736e-09
Samples,627,CD,8.320051676275981e-09
Samples,628,CD,1.1034941116376403e-08
Samples,629,CD,7.281212668279243e-09
Samples,630,CD,9.690252313864509e-09
Samples,631,CD,1.281778375950842e-08
Samples,632,CD,9.582682402932157e-09
Samples,633,CD,1.0501787941680318e-08
Samples,634,CD,9.933945182546397e-09
Samples,635,CD,5.8141841334000005e-09
Samples,636,CD,1.0178520898806245e-08
Samples,637,CD,1.0376111884175743e-08
Samples,638,CD,2.6348462118902064e-06
Samples,639,CD,2.4954737841279188e-06
Samples,640,CD,3.2629905651365814e-06
Samples,641,CD,6.418066522862121e-07
Samples,642,CD,5.998876107755621e-07
Samples,643,CD,4.362188182657075e-07
Samples,645,CD,3.290481486910527e-07
Samples,646,CD,1.0506251177930546e-06
Samples,647,CD,-1.7908885039195589e-09
Samples,648,CD,4.267741544258893e-09
Samples,649,CD,9.813083387391177e-08
Samples,650,CD,3.4194685931175874e-07
Samples,651,CD,6.97672309419425e-08
Samples,652,CD,4.682559601269191e-07
Samples,653,CD,2.614531435625424e-11
Samples,654,CD,8.980659568161986e-08
Samples,655,CD,6.979719387106994e-08
Samples,656,CD,8.051304409784595e-09
Samples,657,CD,7.649825954199668e-09
Samples,658,CD,1.856871261864257e-08
Samples,659,CD,2.3529180791332453e-09
Samples,660,CD,4.914571083887232e-09
Samples,661,CD,1.908512121374201e-08
Samples,662,CD,5.1191955551878755e-09
Samples,663,CD,7.150351783845439e-11
Samples,664,CD,5.933334813863516e-09
Samples,665,CD,1.1453389734746418e-08
Samples,666,CD,5.716729872084246e-09
Samples,667,CD,2.0836316273306412e-09
Samples,668,CD,3.0489215720268485e-09
Samples,669,CD,2.072111824073727e-10
Samples,670,CD,1.9342107282084404e-08
Samples,671,CD,2.237117413491522e-11
Samples,672,CD,-1.181027852927093e-09
Samples,673,CD,2.3701630132769814e-08
Samples,674,CD,2.449936238051959e-08
Samples,675,CD,2.1101923561107408e-08
Samples,676,CD,-9.328786636265425e-11
Samples,677,CD,5.341980238049114e-10
Samples,678,CD,-4.015121601841182e-11
Samples,679,CD,2.071316612962408e-08
Samples,680,CD,1.8630023236653547e-08
Samples,681,CD,2.0779420551488314e-08
Samples,682,CD,7.623835775774472e-09
Samples,683,CD,8.854770415031968e-09
Samples,684,CD,1.2650043386078447e-08
Samples,685,CD,1.049598966759143e-08
Samples,686,CD,1.891665120592416e-08
Samples,687,CD,1.8696986841180245e-08
Samples,688,CD,9.245146898448826e-09
Samples,689,CD,7.591964678950721e-09
Samples,690,CD,1.6230247164044073e-08
Samples,691,CD,7.337563845941442e-09
Samples,692,CD,1.7134991927452334e-08
Samples,693,CD,2.4425746656653235e-08
Samples,694,CD,8.023417229961432e-09
Samples,695,CD,2.777160164174568e-09
Samples,696,CD,3.1293842975881472e-09
Samples,697,CD,1.9385443552717718e-08
Samples,698,CD,2.5914892662959426e-08
Samples,699,CD,1.4843938155762037e-09
Samples,700,CD,2.5587880666372306e-08
Samples,701,CD,2.502796854990221e-08
Samples,702,CD,2.04511138801051e-08
Samples,703,CD,2.2305256765762675e-09
Samples,704,CD,1.9018270071794617e-08
Samples,705,CD,1.953569172560608e-09
Samples,706,CD,2.324010593662608e-08
Samples,707,CD,1.789646578498248e-09
Samples,708,CD,8.418156456994387e-09
Samples,709,CD,2.445485242317436e-08
Samples,710,CD,8.508920133729874e-09
Samples,711,CD,1.03161385389826e-08
Samples,712,CD,2.2896038398523327e-09
Samples,713,CD,1.1195253137730522e-08
Samples,714,CD,3.539600451857476e-08
Samples,715,CD,1.920496932999784e-08
Samples,716,CD,1.4687343915979222e-08
Samples,717,CD,3.288621097951036e-08
Samples,718,CD,3.877776385677512e-09
Samples,719,CD,-3.5489335608168146e-11
Samples,720,CD,1.9030525637543083e-09
Samples,721,CD,-2.071521200907133e-11
Samples,722,CD,1.9164730567285533e-08
Samples,723,CD,-9.415261340264127e-12
Samples,724,CD,-1.1134888023770883e-12
Samples,725,CD,2.990834920083006e-09
Samples,726,CD,-7.19521525181317e-13
Samples,727,CD,-4.931053389459994e-12
Samples,728,CD,5.467396707802851e-09
Samples,729,CD,2.3612277364375585e-09
Samples,730,CD,4.375329368632251e-09
Samples,731,CD,4.466726801864717e-09
Samples,732,CD,1.080980959455229e-08
Samples,733,CD,7.294815543873242e-09
Samples,734,CD,5.105413464919188e-09
Samples,735,CD,5.859043412980383e-09
Samples,736,CD,1.4379435563525427e-08
Samples,737,CD,6.835207753553212e-10
Samples,738,CD,5.484143170382073e-09
Samples,739,CD,5.416575059551004e-09
Samples,740,CD,1.0562488602605441e-08
Samples,741,CD,2.105619753475217e-09
Samples,742,CD,1.1007700349393079e-08
Samples,743,CD,3.786715687245166e-09
Samples,744,CD,2.4796570706563308e-08
Samples,745,CD,1.5643601899633527e-08
Samples,746,CD,6.859049117511552e-09
Samples,747,CD,4.723251703580049e-09
Samples,748,CD,1.2154538426558363e-08
Samples,749,CD,3.5677715467835384e-09
Samples,750,CD,8.414475996983325e-09
Samples,751,CD,3.135120098227731e-08
Samples,752,CD,9.175153332184208e-09
Samples,753,CD,2.0603572952325935e-08
Samples,754,CD,3.804068761228654e-09
Samples,755,CD,9.100363911019747e-10
Samples,756,CD,6.867672123046702e-10
Samples,757,CD,1.626356705160336e-09
Samples,758,CD,3.428274470849586e-09
Samples,759,CD,1.3046844779897915e-09
Samples,760,CD,5.5062714185643015e-09
Samples,761,CD,6.010718669634439e-09
Samples,762,CD,3.81084901081889e-09
Samples,763,CD,1.5203463620858748e-08
Samples,764,CD,3.884324238765665e-09
Samples,765,CD,1.978999116737485e-09
Samples,766,CD,2.2894066500773399e-10
Samples,767,CD,-1.9649456863216726e-10
Samples,768,CD,2.490752730254542e-10
Samples,769,CD,-2.848876959194665e-11
Samples,770,CD,4.352876809819714e-10
Samples,771,CD,-7.008318844704981e-11
Samples,772,CD,3.69100355395579e-10
Samples,773,CD,2.1342613300796967e-08
Samples,774,CD,1.1951562431280367e-09
Samples,775,CD,9.597055992140791e-09
Samples,776,CD,4.8226479028411245e-09
Samples,777,CD,4.457641466997882e-09
Samples,778,CD,1.9712570806025142e-10
Samples,779,CD,1.3013391696357622e-09
Samples,780,CD,1.6712022232291848e-09
Samples,781,CD,1.0192474821730311e-08
Samples,782,CD,1.9744041807300172e-09
Samples,783,CD,8.441353612219241e-10
Samples,784,CD,9.78092123143158e-10
Samples,785,CD,1.253806602482341e-08
Samples,786,CD,1.9344405232472803e-08
Samples,787,CD,5.814507950830361e-10
Samples,788,CD,3.396150644709025e-10
Samples,789,CD,4.574819426956122e-09
Samples,790,CD,1.458218097186e-09
Samples,791,CD,1.5704836795966829e-09
Samples,792,CD,5.16296860282277e-09
Samples,793,CD,3.979539892312375e-09
Samples,794,CD,6.790141000487332e-09
Samples,795,CD,1.2206235053219011e-08
Samples,796,CD,1.4084047860996044e-09
Samples,797,CD,2.0236667666821295e-08
Samples,798,CD,2.2947910091494787e-09
Samples,799,CD,1.980574876664464e-08
Samples,800,CD,9.965268599176787e-10
Samples,801,CD,2.663652540702416e-10
Samples,802,CD,1.0548113571845304e-09
Samples,803,CD,4.5222687749544414e-10
Samples,804,CD,5.714345512647263e-10
Samples,805,CD,3.3859772332873566e-08
Samples,806,CD,3.0961143537709273e-10
Samples,807,CD,1.5958965931463142e-09
Samples,808,CD,1.0159816129603498e-08
Samples,809,CD,5.971667050128565e-10
Samples,810,CD,7.014683264598666e-10
Samples,811,CD,5.62877035477904e-10
Samples,812,CD,1.536529577206185e-11
Samples,813,CD,1.7163165416491188e-08
Samples,814,CD,1.1022028780931805e-09
Samples,815,CD,4.15208621414963e-10
Samples,816,CD,2.158477908649258e-10
Samples,817,CD,3.2773101296836613e-10
Samples,818,CD,3.830507769945818e-10
Samples,819,CD,1.5363570556967397e-09
Samples,820,CD,3.6932186933516894e-11
Samples,821,CD,8.496381283043798e-09
Samples,822,CD,2.00422100782416e-08
Samples,823,CD,2.029630121704107e-08
Samples,824,CD,6.180522434066199e-09
Samples,825,CD,7.600749384318996e-09
Samples,826,CD,1.924390850771711e-09
Samples,827,CD,4.925860803562876e-09
Samples,828,CD,5.082538512346607e-09
Samples,829,CD,3.749547129515621e-09
Samples,830,CD,7.214029258975275e-09
Samples,831,CD,8.217401185750876e-09
Samples,832,CD,1.2329806472177912e-08
Samples,833,CD,7.774940413890671e-09
Samples,834,CD,2.071663678752062e-08
Samples,835,CD,1.320702225361324e-10
Samples,836,CD,2.2482402574081353e-08
Samples,837,CD,1.4108996030812004e-08
Samples,838,CD,2.0807594664518777e-08
Samples,839,CD,-3.218158859126168e-10
Samples,840,CD,-6.011691943683592e-10
Samples,841,CD,2.7178231305928647e-10
Samples,842,CD,-3.3304238016027687e-10
Samples,843,CD,1.684580714354264e-08
Samples,844,CD,-1.1494819624832383e-09
Samples,845,CD,1.4103468052708188e-08
Samples,846,CD,2.3064059509300982e-10
Samples,847,CD,1.2522500538614002e-08
Samples,848,CD,1.211017788772102e-08
Samples,849,CD,2.8520235787566326e-10
Samples,850,CD,2.0383318006281613e-08
Samples,851,CD,7.1351218209744695e-09
Samples,852,CD,7.776179837512986e-09
Samples,853,CD,5.601614012597177e-08
Samples,854,CD,7.979547887660129e-09
Samples,855,CD,3.881341593868446e-09
Samples,856,CD,7.013280822232154e-09
Samples,857,CD,9.460645619191115e-09
Samples,858,CD,6.488870682370242e-09
Samples,859,CD,5.1012537298331575e-09
Samples,860,CD,1.4740596542946656e-09
Samples,861,CD,3.76229350877971e-09
Samples,862,CD,6.524411225474619e-09
Samples,863,CD,7.364102848421075e-09
Samples,864,CD,1.6698809188857044e-09
Samples,865,CD,3.8929559045799515e-09
Samples,866,CD,2.713971825738158e-09
Samples,867,CD,1.3444364264956555e-09
Samples,868,CD,7.43525429025301e-10
Samples,869,CD,1.7940484483267773e-09
Samples,870,CD,8.119357419228799e-09
Samples,871,CD,1.7302890577480508e-09
Samples,872,CD,1.4617889874941955e-09
Samples,873,CD,7.540648189760273e-09
Samples,874,CD,2.7198981373235815e-09
Samples,875,CD,3.9106293297023933e-10
Samples,876,CD,2.383290728715803e-09
Samples,877,CD,1.0681705427697309e-08
Samples,878,CD,3.852377423933065e-09
Samples,879,CD,5.766216436988316e-09
Samples,880,CD,1.3206487503013936e-09
Samples,881,CD,2.2557344097183e-09
Samples,882,CD,5.589049325903065e-09
Samples,883,CD,6.3196462302807e-09
Samples,884,CD,6.718581520282475e-09
Samples,885,CD,4.146160386368929e-09
Samples,886,CD,3.580226846274779e-09
Samples,887,CD,1.3777342480477854e-08
Samples,888,CD,1.2026178026348977e-08
Samples,889,CD,6.429804210784535e-10
Samples,890,CD,4.929899662965502e-10
Samples,891,CD,-6.236482947817456e-11
Samples,892,CD,4.814939347211519e-10
Samples,893,CD,5.126655746570589e-10
Samples,894,CD,2.3399028542131016e-08
Samples,895,CD,2.4513820470897772e-08
Samples,896,CD,2.0433886791332897e-08
Samples,897,CD,6.978162158876883e-08
Samples,898,CD,2.0298267457014363e-08
Samples,899,CD,1.0050999550478333e-07
Samples,900,CD,1.1816304938128913e-07
Samples,901,CD,-7.066635397675469e-10
Samples,902,CD,2.0521591543143372e-08
Samples,903,CD,2.0188337269997496e-08
Samples,904,CD,-9.870150555266915e-11
Samples,905,CD,-1.28526901700254e-10
Samples,906,CD,1.0234982955697004e-07
Samples,907,CD,1.4965558422222762e-07
Samples,908,CD,1.2415442404684978e-07
Samples,909,CD,7.034543215010504e-08
Samples,910,CD,2.4844076012416122e-08
Samples,911,CD,1.11089577099577e-08
Samples,912,CD,8.87031359977527e-09
Samples,913,CD,1.5301122522079873e-09
Samples,914,CD,1.1648543048060703e-08
Samples,915,CD,-7.955486355831838e-10
Samples,916,CD,1.6292353579463314e-08
Samples,917,CD,2.4805127857634326e-08
Samples,918,CD,1.990863563140132e-08
Samples,919,CD,2.0030103581029004e-08
Samples,920,CD,1.954743645156664e-08
Samples,921,CD,2.146668954532978e-09
Samples,922,CD,5.824960559518419e-09
Samples,923,CD,3.180908678694192e-09
Samples,924,CD,2.5912048142660792e-08
Samples,925,CD,3.768156716695711e-09
Samples,926,CD,2.4253042935488213e-08
Samples,927,CD,1.0366889755110185e-07
Samples,928,CD,3.487806471493653e-07
Samples,929,CD,1.528444721651669e-08
Samples,930,CD,3.7884694409655004e-08
Samples,931,CD,1.5372785747828282e-08
Samples,932,CD,7.1165625106383405e-09
Samples,933,CD,2.886336338232032e-10
Samples,934,CD,4.823294936809061e-08
Samples,935,CD,3.5633307430441875e-08
Samples,936,CD,1.836609216225433e-08
Samples,937,CD,1.12154407012437e-08
Samples,938,CD,1.5067198474276123e-08
Samples,939,CD,1.8189020886288216e-07
Samples,940,CD,6.547451360520679e-08
Samples,941,CD,1.2553397749234073e-09
Samples,942,CD,7.512059184763797e-08
Samples,943,CD,3.715724211296557e-08
Samples,944,CD,1.3044378831586187e-08
Samples,945,CD,2.2005132247581493e-08
Samples,946,CD,2.1634429958744805e-08
Samples,947,CD,2.108620155369235e-08
Samples,948,CD,2.1151464116335973e-08
Samples,949,CD,2.148853811765567e-08
Samples,950,CD,2.147228070782787e-08
Samples,951,CD,-7.197747667573159e-10
Samples,952,CD,1.129576912110345e-08
Samples,953,CD,1.7926929360612607e-08
Samples,954,CD,2.692432134477857e-07
Samples,955,CD,1.3622451842675004e-07
Samples,956,CD,2.4890438636697026e-09
Samples,959,CD,6.362387380367751e-10
Samples,960,CD,1.5775219212901176e-08
Samples,961,CD,6.314450188669737e-09
Samples,962,CD,9.534361346595002e-09
Samples,963,CD,1.5634110364963546e-08
Samples,964,CD,4.9332220072195614e-08
Samples,965,CD,4.975933301721872e-08
Samples,966,CD,5.548470127530303e-09
Samples,967,CD,9.90937496395222e-09
Samples,969,CD,1.5444488420814765e-08
Samples,970,CD,3.7891814331164595e-09
Samples,971,CD,1.1449519520185411e-08
Samples,973,CD,4.574096629803409e-09
Samples,974,CD,1.8640890021151663e-08
Samples,975,CD,1.0207794630157719e-07
Samples,976,CD,1.3075206939841034e-08
Samples,977,CD,7.58100748967583e-09
Samples,978,CD,-1.7908885039195649e-09
Samples,979,CD,1.1439953049427559e-08
Samples,982,CD,3.363358913937152e-08
Samples,983,CD,2.8630987284981098e-08
Samples,985,CD,1.4834576901126108e-08
Samples,987,CD,4.7313414071951546e-07
Samples,988,CD,7.00433294502957e-08
Samples,989,CD,4.781272974488813e-07
Samples,990,CD,7.764983998398291e-08
Samples,991,CD,6.770725311521544e-07
Samples,992,CD,5.697247368793661e-07
Samples,993,CD,6.661713594372504e-07
Samples,994,CD,2.0603761320245607e-09
Samples,995,CD,1.1540439822097969e-08
Samples,996,CD,5.694451413758612e-07
Samples,997,CD,1.1241365042658735e-06
Samples,998,CD,2.9038739275174802e-08
Samples,999,CD,1.1133736136199685e-06
Samples,1000,CD,2.6624227033337956e-08
Samples,1001,CD,2.1662459525195427e-08
Samples,1002,CD,2.102900604371214e-07
Samples,1003,CD,2.3006429120523014e-07
Samples,1004,CD,2.2711318393177585e-07
Samples,1005,CD,2.490685976461012e-07
Samples,1006,CD,1.9402692861890018e-07
Samples,1007,CD,2.107897235352827e-07
Samples,1008,CD,2.385306072910692e-07
Samples,1009,CD,2.2918315569543152e-07
Samples,1010,CD,6.465980947021592e-10
Samples,1011,CD,-4.501180358621258e-10
Samples,1012,CD,1.6138429326014707e-10
Samples,1013,CD,1.7706328906491175e-07
Samples,1014,CD,6.841226649576934e-09
Samples,1015,CD,7.835271799907011e-10
Samples,1016,CD,2.9396096470145445e-11
Samples,1017,CD,-4.653916425326293e-11
Samples,1018,CD,-1.3345814219902456e-10
Samples,1019,CD,8.328366762750332e-11
Samples,1020,CD,4.552497143187196e-10
Samples,1021,CD,7.103113744266221e-10
Samples,1022,CD,1.026224048956178e-09
Samples,1023,CD,8.158795555366356e-10
Samples,1024,CD,8.976664051934808e-10
Samples,1025,CD,-2.9682766892666766e-10
Samples,4,CE,1.4276711001413684e-10
Samples,5,CE,1.0916475690415036e-09
Samples,6,CE,2.284188461569897e-10
Samples,7,CE,6.994418312656684e-11
Samples,8,CE,1.62862978397277e-11
Samples,9,CE,1.0641092963206399e-10
Samples,10,CE,4.8531614675192806e-11
Samples,11,CE,1.1156094632005076e-10
Samples,12,CE,8.667878677619578e-07
Samples,17,CE,-2.29566973342212e-11
Samples,19,CE,3.648828277683776e-09
Samples,20,CE,7.79064348791429e-09
Samples,21,CE,5.709719666965892e-09
Samples,26,CE,3.3225365313158357e-10
Samples,28,CE,2.894741181431217e-10
Samples,29,CE,1.1590030611379968e-09
Samples,30,CE,9.803121971432856e-10
Samples,32,CE,3.81300739595572e-09
Samples,34,CE,1.7313511732226124e-09
Samples,35,CE,0.00010162129475652884
Samples,37,CE,1.9612479637321897e-09
Samples,39,CE,1.8207977314026636e-09
Samples,41,CE,1.6050022468483538e-09
Samples,42,CE,1.3113875836021703e-09
Samples,44,CE,1.4586640167635383e-09
Samples,55,CE,8.778228147679613e-10
Samples,56,CE,1.4778981433650479e-09
Samples,58,CE,3.2872054432576904e-10
Samples,59,CE,5.527444138718184e-10
Samples,60,CE,4.342231044752953e-11
Samples,61,CE,2.7309007557193206e-11
Samples,62,CE,4.530254998933484e-11
Samples,63,CE,2.1754034354517592e-11
Samples,64,CE,2.1523668631510882e-11
Samples,65,CE,8.581725527640018e-11
Samples,66,CE,1.8930845905423846e-11
Samples,67,CE,3.799473798280129e-11
Samples,68,CE,2.279301244145717e-11
Samples,69,CE,1.5564876746481443e-11
Samples,70,CE,1.2746054502840338e-11
Samples,71,CE,4.126932845988855e-10
Samples,72,CE,1.8853777441209075e-10
Samples,73,CE,1.343946694359905e-09
Samples,74,CE,2.496562288269657e-09
Samples,75,CE,4.122256192620959e-09
Samples,76,CE,1.0955207014492926e-11
Samples,77,CE,1.1754468903531806e-08
Samples,78,CE,8.594445320972572e-11
Samples,79,CE,8.982014363084347e-11
Samples,80,CE,2.6748454606321564e-11
Samples,81,CE,4.135469422897092e-08
Samples,82,CE,1.9312057394224985e-09
Samples,83,CE,7.553364838115167e-10
Samples,84,CE,4.638200330838486e-09
Samples,85,CE,3.729687863102137e-09
Samples,86,CE,3.979723306875354e-08
Samples,87,CE,3.101905419169044e-08
Samples,88,CE,2.1802386083757522e-08
Samples,89,CE,1.8799101307122325e-08
Samples,91,CE,-7.0607425418382496e-09
Samples,93,CE,-7.748724742934145e-09
Samples,94,CE,-7.074269833632969e-09
Samples,95,CE,-9.418260297488265e-10
Samples,96,CE,-1.0821320331603217e-09
Samples,98,CE,-2.6762580670006033e-09
Samples,100,CE,-4.216316914912408e-09
Samples,101,CE,-6.738363855453224e-09
Samples,102,CE,7.124115571604818e-09
Samples,103,CE,1.3038993877596109e-08
Samples,106,CE,-6.5060862615877745e-09
Samples,107,CE,-6.928175082250009e-09
Samples,109,CE,1.6760841341688423e-09
Samples,113,CE,-1.99671316431791e-09
Samples,115,CE,-1.1681516152245987e-10
Samples,118,CE,6.031065433121055e-11
Samples,119,CE,4.53574282338082e-12
Samples,120,CE,3.0726075390001916e-11
Samples,121,CE,2.3506369439798324e-09
Samples,122,CE,1.702068073517246e-11
Samples,123,CE,8.778262305467062e-10
Samples,124,CE,5.518322621569411e-11
Samples,125,CE,1.3330779677417462e-10
Samples,126,CE,-9.935966389466888e-11
Samples,127,CE,2.3145209211857844e-09
Samples,128,CE,2.348687566256529e-09
Samples,129,CE,2.378470818486363e-09
Samples,130,CE,2.354422844584358e-09
Samples,131,CE,-4.145446990200561e-13
Samples,132,CE,-4.2444391087692986e-13
Samples,133,CE,-3.8453296724520047e-13
Samples,134,CE,-3.761822070881599e-13
Samples,136,CE,-1.1045230049720294e-11
Samples,137,CE,-1.1620447469821919e-11
Samples,138,CE,-1.0474979901391844e-11
Samples,139,CE,9.075933445443082e-10
Samples,140,CE,9.29741925616746e-10
Samples,141,CE,7.634218419671685e-10
Samples,142,CE,1.1655283995445245e-09
Samples,143,CE,9.261904982580232e-10
Samples,144,CE,9.049294392095972e-10
Samples,145,CE,5.271017960832408e-10
Samples,146,CE,1.5119566157654154e-09
Samples,147,CE,8.826942913927868e-10
Samples,148,CE,1.2723487288643728e-09
Samples,149,CE,8.491031354292525e-10
Samples,150,CE,5.34681750589709e-10
Samples,151,CE,5.494097864236996e-10
Samples,152,CE,1.4750098083144169e-09
Samples,153,CE,5.820565659689387e-10
Samples,154,CE,8.316693443213091e-10
Samples,155,CE,5.658188225764407e-10
Samples,156,CE,2.5099410241023553e-08
Samples,158,CE,-4.417803527347643e-11
Samples,159,CE,9.412530941662314e-12
Samples,160,CE,9.009677212274576e-10
Samples,161,CE,8.336136473462247e-10
Samples,164,CE,2.7575913609176496e-11
Samples,165,CE,2.2778355967424506e-09
Samples,166,CE,2.91917873027649e-09
Samples,167,CE,5.511815619799466e-09
Samples,169,CE,1.3657583521176282e-08
Samples,171,CE,-2.29566973342212e-11
Samples,172,CE,1.0924964376088315e-08
Samples,174,CE,7.9791942267782e-10
Samples,175,CE,-1.30321341057554e-11
Samples,176,CE,1.7501552522982127e-11
Samples,177,CE,1.0718360234718883e-11
Samples,178,CE,9.183664734788811e-10
Samples,179,CE,2.2726451578092798e-10
Samples,181,CE,3.4057081239166513e-10
Samples,182,CE,1.535360899215595e-10
Samples,183,CE,1.0829802116429314e-10
Samples,184,CE,1.1343770217883206e-09
Samples,185,CE,1.226490182038862e-09
Samples,186,CE,1.1171086102058407e-09
Samples,187,CE,1.4031742751901806e-09
Samples,188,CE,8.826557995778699e-10
Samples,189,CE,7.968880674523439e-10
Samples,190,CE,2.2093373676178688e-10
Samples,191,CE,-1.132657324760774e-11
Samples,192,CE,1.32883280607225e-09
Samples,193,CE,9.398657710408579e-10
Samples,194,CE,5.048560710178664e-10
Samples,195,CE,-1.3511412158319687e-11
Samples,196,CE,6.648605023684054e-10
Samples,197,CE,1.9838618129810678e-10
Samples,198,CE,3.415717110965827e-10
Samples,199,CE,5.33450954728154e-09
Samples,200,CE,2.5869567920361013e-09
Samples,201,CE,7.931581911800922e-10
Samples,202,CE,5.735724717297227e-10
Samples,203,CE,4.427091793732153e-10
Samples,204,CE,-4.970477894267395e-13
Samples,205,CE,6.006185933768644e-10
Samples,206,CE,3.322009023510441e-10
Samples,207,CE,3.906950260224088e-10
Samples,208,CE,4.414336115504616e-10
Samples,209,CE,6.185661811768453e-10
Samples,210,CE,3.5962745238489777e-10
Samples,211,CE,3.9510767523722007e-10
Samples,212,CE,1.3749896881260193e-10
Samples,213,CE,4.645743183765004e-10
Samples,214,CE,2.4608761505962163e-10
Samples,215,CE,5.540570197580932e-10
Samples,216,CE,3.589233829630515e-10
Samples,217,CE,2.33278565867402e-10
Samples,218,CE,-1.2516333206780109e-11
Samples,219,CE,5.839361654998412e-10
Samples,220,CE,6.794340960103149e-10
Samples,221,CE,6.453865476909407e-10
Samples,222,CE,3.689292474678389e-10
Samples,223,CE,1.3045014581840161e-10
Samples,224,CE,7.190223811548461e-10
Samples,225,CE,3.0800107622803344e-11
Samples,226,CE,5.5629913206595905e-12
Samples,227,CE,2.8976006024923567e-10
Samples,228,CE,5.264797051253646e-10
Samples,229,CE,1.400338186531067e-10
Samples,230,CE,4.5845441498712744e-10
Samples,231,CE,5.070210826838714e-10
Samples,232,CE,1.1719726483618116e-10
Samples,233,CE,6.512491407045603e-10
Samples,234,CE,3.872074485286207e-10
Samples,235,CE,7.610744578265624e-10
Samples,236,CE,6.255950263928721e-10
Samples,237,CE,9.822783707174241e-10
Samples,238,CE,2.9166279763428466e-10
Samples,239,CE,8.335527404031292e-10
Samples,240,CE,4.5112671438611356e-10
Samples,241,CE,6.526018918383166e-10
Samples,242,CE,1.0000003298151087e-09
Samples,243,CE,8.14523427547061e-10
Samples,244,CE,9.13633793191255e-10
Samples,245,CE,6.005155365342973e-10
Samples,246,CE,8.605305157245981e-10
Samples,247,CE,5.953294092558394e-10
Samples,248,CE,9.431007456607679e-10
Samples,249,CE,8.087371796354751e-10
Samples,250,CE,8.464236807151101e-10
Samples,251,CE,9.757890705281314e-10
Samples,252,CE,-1.3176477363255854e-11
Samples,253,CE,7.161064433913404e-10
Samples,254,CE,8.441657287595702e-10
Samples,255,CE,8.779506001827859e-10
Samples,256,CE,4.884847300995309e-09
Samples,257,CE,1.500082930733482e-08
Samples,258,CE,2.066807334642328e-09
Samples,259,CE,1.4232281601223434e-10
Samples,260,CE,2.542221355398717e-10
Samples,261,CE,6.659084293435064e-09
Samples,262,CE,3.1598315921041002e-09
Samples,263,CE,5.8391675336866656e-09
Samples,264,CE,4.433725301112746e-09
Samples,265,CE,5.782212254785372e-10
Samples,266,CE,1.0882934891812236e-09
Samples,267,CE,2.3120935129950673e-09
Samples,268,CE,3.040453344057836e-09
Samples,269,CE,2.739946221310889e-09
Samples,270,CE,9.489608244896187e-09
Samples,271,CE,3.596097889290761e-09
Samples,272,CE,6.016726219770257e-09
Samples,273,CE,3.6255116234843577e-09
Samples,274,CE,4.632317431806349e-09
Samples,275,CE,7.235982609006549e-11
Samples,276,CE,2.0594897223545657e-08
Samples,277,CE,2.0052044462562643e-09
Samples,278,CE,2.761958945380149e-10
Samples,279,CE,3.0404868855916817e-10
Samples,280,CE,4.415101305670481e-09
Samples,281,CE,2.2104585004873403e-09
Samples,282,CE,4.679310013804352e-09
Samples,283,CE,2.3550930785561596e-09
Samples,284,CE,1.819754342744144e-09
Samples,285,CE,4.825276303103447e-10
Samples,286,CE,1.2849750612021724e-09
Samples,287,CE,2.0786995686803514e-09
Samples,288,CE,1.496340569122578e-09
Samples,289,CE,3.0177219616965378e-09
Samples,290,CE,1.997247270601706e-09
Samples,291,CE,2.6789612752629707e-09
Samples,292,CE,6.404211009776153e-09
Samples,293,CE,2.265796559633277e-09
Samples,294,CE,1.6830884680448756e-10
Samples,295,CE,2.6352409513290397e-10
Samples,296,CE,5.50587371039156e-10
Samples,297,CE,8.626985621823282e-09
Samples,298,CE,8.195076353587306e-09
Samples,299,CE,1.4311347300284997e-10
Samples,300,CE,4.763573669141367e-10
Samples,301,CE,5.228907641147526e-10
Samples,302,CE,1.975304645187922e-08
Samples,303,CE,1.706933742040866e-08
Samples,304,CE,1.9643465425588887e-08
Samples,305,CE,4.1879821970797415e-09
Samples,306,CE,4.063247029667249e-09
Samples,307,CE,6.354365035221897e-09
Samples,308,CE,2.5721325645660776e-09
Samples,311,CE,2.307751302284504e-09
Samples,319,CE,1.7127155207311474e-09
Samples,320,CE,6.096404647022062e-09
Samples,323,CE,1.299025662341197e-08
Samples,324,CE,3.1796506489831164e-08
Samples,325,CE,7.303380595762155e-10
Samples,326,CE,7.689492611261611e-10
Samples,327,CE,8.446749956022378e-10
Samples,328,CE,1.988232940452352e-09
Samples,329,CE,5.041943831601117e-10
Samples,330,CE,7.352590304975511e-10
Samples,331,CE,4.6563927835373145e-10
Samples,332,CE,2.1605257919696627e-10
Samples,333,CE,2.632574354337495e-08
Samples,334,CE,2.3189456872641364e-08
Samples,335,CE,2.1539385210214055e-08
Samples,336,CE,3.489268690200908e-08
Samples,337,CE,3.454701177930717e-12
Samples,338,CE,5.30049548332761e-11
Samples,339,CE,-2.844036228342184e-12
Samples,340,CE,-9.756110195627971e-12
Samples,341,CE,-4.2712273277189006e-13
Samples,342,CE,-2.5788889869071267e-12
Samples,343,CE,1.0856926287778975e-11
Samples,344,CE,2.7696304504149454e-12
Samples,345,CE,9.337836289716595e-10
Samples,346,CE,3.104792562241452e-09
Samples,347,CE,1.984830238757503e-11
Samples,348,CE,2.986610464812076e-10
Samples,349,CE,1.520297989000633e-11
Samples,350,CE,3.5834315371072225e-11
Samples,351,CE,2.2645698346033653e-11
Samples,352,CE,3.1089186933445136e-10
Samples,353,CE,1.3286658495060927e-10
Samples,354,CE,9.52517298198162e-12
Samples,355,CE,-1.3774018400532717e-11
Samples,356,CE,-1.3760443744105804e-11
Samples,357,CE,6.830047658417191e-10
Samples,358,CE,4.0736274425058346e-11
Samples,359,CE,2.4505469590921374e-10
Samples,361,CE,1.6421100059474145e-11
Samples,362,CE,1.3932191359503529e-11
Samples,363,CE,2.2483896451783965e-11
Samples,364,CE,4.600733649631388e-12
Samples,365,CE,2.612879328681531e-09
Samples,367,CE,7.342771947965855e-11
Samples,368,CE,-1.186565043845364e-11
Samples,370,CE,1.7272334232330287e-10
Samples,374,CE,-1.771815679484617e-10
Samples,375,CE,8.409795002958593e-09
Samples,376,CE,6.562816117633485e-09
Samples,377,CE,2.8823627763217288e-09
Samples,378,CE,2.9646165761774777e-09
Samples,379,CE,3.0960416905204797e-09
Samples,380,CE,2.3650494217988715e-09
Samples,381,CE,7.430718632220576e-09
Samples,382,CE,6.251173688869474e-09
Samples,383,CE,-1.381017196281542e-11
Samples,384,CE,6.775656119752855e-09
Samples,385,CE,-4.980493386867152e-12
Samples,386,CE,3.216311548618111e-10
Samples,387,CE,3.869019898297922e-10
Samples,388,CE,2.2982801876065097e-10
Samples,389,CE,2.763763773213147e-10
Samples,390,CE,2.3246776118545906e-10
Samples,391,CE,1.4909716749830325e-10
Samples,392,CE,2.7894825659677424e-10
Samples,393,CE,2.0512417878981708e-10
Samples,394,CE,3.3609990905436916e-10
Samples,395,CE,2.939505908752832e-10
Samples,396,CE,5.510455716359897e-10
Samples,397,CE,3.1201760550197746e-10
Samples,398,CE,3.089268505484586e-10
Samples,399,CE,7.389561991072505e-11
Samples,400,CE,7.939965205366984e-09
Samples,401,CE,7.904172924707554e-09
Samples,402,CE,7.983785250759745e-09
Samples,403,CE,2.808595058209145e-10
Samples,404,CE,2.052489509292416e-10
Samples,405,CE,2.133172490671196e-10
Samples,406,CE,2.406259865310553e-10
Samples,407,CE,2.6062688746659886e-10
Samples,408,CE,3.528924214525347e-11
Samples,409,CE,7.5963463184764e-11
Samples,410,CE,7.948053842406001e-09
Samples,411,CE,3.114992089214988e-11
Samples,412,CE,3.6134249500007534e-10
Samples,413,CE,2.411954833485316e-09
Samples,414,CE,1.49116988840118e-10
Samples,415,CE,3.0542127791206304e-09
Samples,416,CE,1.1683024637948672e-08
Samples,417,CE,-2.727824051596185e-09
Samples,418,CE,6.61341493817778e-11
Samples,419,CE,6.925488411226252e-10
Samples,420,CE,8.814151821373414e-13
Samples,421,CE,5.62409811682648e-11
Samples,422,CE,1.4600473240091087e-11
Samples,423,CE,2.3648981865046644e-11
Samples,424,CE,1.1415024086537773e-12
Samples,425,CE,7.546716381971641e-12
Samples,426,CE,8.517184608373542e-10
Samples,427,CE,6.004260760058498e-11
Samples,428,CE,1.7383859723975756e-08
Samples,429,CE,2.5675865930438457e-09
Samples,430,CE,2.3272791896193395e-09
Samples,431,CE,1.6387431546326203e-09
Samples,432,CE,7.140295327874927e-10
Samples,433,CE,1.7608999758763397e-09
Samples,434,CE,1.2876349350811698e-09
Samples,435,CE,1.6771847084519545e-09
Samples,436,CE,2.5400336111613563e-09
Samples,437,CE,1.1094336009948074e-09
Samples,438,CE,6.243087366244304e-10
Samples,439,CE,1.3465933098267413e-09
Samples,440,CE,8.534266556463002e-10
Samples,441,CE,1.11711523881345e-09
Samples,442,CE,9.252753718914336e-10
Samples,443,CE,2.746791367124459e-09
Samples,444,CE,7.958066596691989e-10
Samples,445,CE,2.0445914930381373e-09
Samples,446,CE,6.155835742973388e-09
Samples,447,CE,2.9138311961490164e-09
Samples,448,CE,6.431092926601296e-10
Samples,449,CE,2.6516674397909454e-09
Samples,450,CE,1.343208177066259e-09
Samples,451,CE,1.1567632113644275e-09
Samples,452,CE,4.836287686406334e-10
Samples,453,CE,1.6680014638022764e-09
Samples,454,CE,3.3152137818382084e-09
Samples,455,CE,9.433313599146026e-11
Samples,456,CE,1.894815062844837e-09
Samples,457,CE,2.09225170964237e-09
Samples,458,CE,2.2804872186124946e-09
Samples,459,CE,2.981779319134213e-09
Samples,460,CE,3.874626336464609e-09
Samples,461,CE,2.634184611186407e-09
Samples,462,CE,4.430489440325338e-09
Samples,463,CE,3.183145079891452e-09
Samples,464,CE,5.3814314008362214e-09
Samples,465,CE,6.05311603068762e-09
Samples,466,CE,5.576966658972772e-09
Samples,467,CE,5.392941766675319e-09
Samples,468,CE,2.3972556828827425e-09
Samples,469,CE,4.426915008054237e-09
Samples,470,CE,4.892268267988379e-09
Samples,471,CE,4.109244919293504e-09
Samples,472,CE,3.932580627017853e-09
Samples,473,CE,3.973409795856886e-09
Samples,474,CE,4.142731402318867e-09
Samples,475,CE,2.5956927868606382e-09
Samples,476,CE,1.529798025302116e-10
Samples,477,CE,1.0436871451661675e-09
Samples,478,CE,2.0600797958602974e-09
Samples,479,CE,8.109519170325658e-10
Samples,480,CE,7.173977187280508e-10
Samples,481,CE,1.4900359612825915e-09
Samples,482,CE,2.334679719348795e-10
Samples,483,CE,2.922262448799527e-09
Samples,484,CE,3.477224241944585e-10
Samples,485,CE,7.895645462021992e-10
Samples,486,CE,2.0404348101914475e-09
Samples,487,CE,2.4012440752006056e-10
Samples,488,CE,1.5942798212879945e-09
Samples,489,CE,2.044562627270444e-09
Samples,490,CE,2.6823504602122483e-09
Samples,491,CE,1.339339837393491e-09
Samples,492,CE,2.4908076314178843e-09
Samples,493,CE,1.783530223463145e-09
Samples,494,CE,2.0189296631767395e-09
Samples,495,CE,1.771517366055444e-09
Samples,496,CE,2.2325509596180124e-09
Samples,497,CE,2.5839742558859135e-09
Samples,498,CE,2.0917801404189266e-09
Samples,499,CE,1.5578624059952363e-09
Samples,500,CE,2.1925900864708008e-09
Samples,501,CE,1.760380810780588e-09
Samples,502,CE,4.3945642493640965e-09
Samples,503,CE,3.314405986998866e-09
Samples,504,CE,2.5179544695220842e-09
Samples,505,CE,3.746961859655504e-09
Samples,506,CE,3.292051815217122e-09
Samples,507,CE,4.8102074985956935e-09
Samples,508,CE,8.342895875293648e-09
Samples,509,CE,1.5556188540449255e-09
Samples,510,CE,1.2133209766723997e-08
Samples,511,CE,7.728154819125878e-09
Samples,512,CE,7.683335371881627e-11
Samples,513,CE,1.4905435495102125e-10
Samples,514,CE,4.5500873290751754e-11
Samples,515,CE,6.786948153318851e-09
Samples,516,CE,8.597471690585863e-09
Samples,517,CE,5.9747179205821396e-09
Samples,518,CE,8.695799500474857e-09
Samples,519,CE,6.570854368244321e-09
Samples,520,CE,5.0822974695102535e-09
Samples,521,CE,8.412886653031147e-09
Samples,522,CE,8.23014956044244e-09
Samples,523,CE,6.2359397110706364e-09
Samples,524,CE,8.60381368551804e-09
Samples,525,CE,4.654356539043863e-09
Samples,526,CE,4.003277673857753e-09
Samples,527,CE,3.770564008445379e-09
Samples,528,CE,4.388969357757483e-09
Samples,529,CE,4.346896878931668e-10
Samples,530,CE,8.505300759618042e-10
Samples,531,CE,1.0397901733490468e-09
Samples,532,CE,1.2067868409807377e-10
Samples,533,CE,5.845203352474863e-10
Samples,534,CE,3.174530205686455e-09
Samples,535,CE,6.949623219811349e-09
Samples,536,CE,4.738075230564683e-10
Samples,537,CE,5.175866608292892e-10
Samples,538,CE,1.8368001302962842e-09
Samples,539,CE,2.7782639812232176e-09
Samples,540,CE,1.0861538073325123e-09
Samples,541,CE,2.0716766442555712e-09
Samples,542,CE,2.9103496559752958e-09
Samples,543,CE,2.3426474753602603e-09
Samples,544,CE,8.032147548997466e-09
Samples,545,CE,8.118680833615726e-09
Samples,546,CE,7.959826871019996e-09
Samples,547,CE,4.599114596542619e-09
Samples,548,CE,8.042441998737758e-09
Samples,549,CE,4.683500733339323e-09
Samples,550,CE,2.0109037721455737e-08
Samples,551,CE,3.820932586217639e-11
Samples,552,CE,4.180635701391952e-09
Samples,553,CE,7.964583932766955e-09
Samples,554,CE,7.734846698049303e-09
Samples,555,CE,4.3535243925668444e-09
Samples,556,CE,1.0337528286848656e-10
Samples,557,CE,8.556375634344663e-09
Samples,558,CE,8.96736047892838e-09
Samples,559,CE,2.1869384085955437e-11
Samples,560,CE,1.5073962313391746e-11
Samples,561,CE,1.5971090880801132e-11
Samples,562,CE,8.668175144742561e-09
Samples,563,CE,-1.568631982575347e-11
Samples,564,CE,-8.38809596044647e-12
Samples,565,CE,4.796362098433523e-12
Samples,566,CE,2.7947229361775696e-10
Samples,567,CE,2.5392921404764687e-09
Samples,568,CE,2.4584700277221544e-10
Samples,569,CE,1.0673360195386894e-10
Samples,570,CE,8.677155522105095e-09
Samples,571,CE,1.9793555172808395e-10
Samples,572,CE,5.481219688213066e-10
Samples,573,CE,2.761093268940033e-10
Samples,574,CE,1.000522357191476e-08
Samples,575,CE,1.5486391649924002e-08
Samples,576,CE,9.960765879066769e-09
Samples,577,CE,4.712207793228932e-09
Samples,578,CE,8.619217860194237e-09
Samples,579,CE,9.586305552361842e-09
Samples,580,CE,1.0431105969246315e-08
Samples,581,CE,4.352911206401971e-09
Samples,582,CE,2.597264526098626e-10
Samples,583,CE,4.9460634029302026e-09
Samples,584,CE,8.856152475706874e-09
Samples,585,CE,-1.1974677236294856e-12
Samples,586,CE,8.15100444160763e-09
Samples,587,CE,1.0713519744005378e-08
Samples,588,CE,2.4228058089195615e-12
Samples,589,CE,6.286470116333562e-09
Samples,590,CE,8.186765853697954e-09
Samples,591,CE,7.976325778442483e-09
Samples,592,CE,1.0656195034159428e-08
Samples,593,CE,4.965394941129821e-09
Samples,594,CE,9.823948591077263e-09
Samples,595,CE,1.0330542812239689e-08
Samples,596,CE,-8.976524251640036e-13
Samples,597,CE,2.621400521478553e-08
Samples,598,CE,8.329375338710819e-09
Samples,599,CE,2.3820026338447075e-08
Samples,600,CE,2.1405633347805647e-08
Samples,601,CE,2.4205922423071e-09
Samples,602,CE,2.6924959604095236e-09
Samples,603,CE,1.1426992491364482e-09
Samples,604,CE,1.6976764479635287e-09
Samples,605,CE,4.255718945977398e-09
Samples,606,CE,2.8452152943304288e-09
Samples,607,CE,4.190331952097675e-09
Samples,608,CE,2.820328674788644e-09
Samples,609,CE,3.027576978439702e-09
Samples,610,CE,4.391680195987091e-09
Samples,611,CE,4.0164854401020125e-09
Samples,612,CE,3.9475965697368955e-09
Samples,613,CE,2.9408480250450748e-09
Samples,614,CE,3.2232588147796326e-09
Samples,615,CE,2.7094702231394994e-09
Samples,616,CE,4.246251311813618e-09
Samples,617,CE,2.673059784639079e-09
Samples,618,CE,2.438876474864508e-09
Samples,619,CE,2.6069432143475005e-09
Samples,620,CE,-9.827931188329308e-12
Samples,621,CE,1.7991772704131842e-10
Samples,622,CE,4.585873884098704e-10
Samples,623,CE,1.1867350068625e-09
Samples,624,CE,3.6250164400965082e-09
Samples,625,CE,3.831729427099622e-09
Samples,626,CE,2.759318490767948e-09
Samples,627,CE,3.2310814107683795e-09
Samples,628,CE,4.2820582877231155e-09
Samples,629,CE,2.8207931511084174e-09
Samples,630,CE,3.757691977138221e-09
Samples,631,CE,4.978124913464631e-09
Samples,632,CE,3.715912362223942e-09
Samples,633,CE,4.074616965149099e-09
Samples,634,CE,3.859657126121429e-09
Samples,635,CE,2.2500684872107097e-09
Samples,636,CE,3.949922980425628e-09
Samples,637,CE,4.022085092637428e-09
Samples,638,CE,1.0221856763116087e-06
Samples,639,CE,9.716764713230629e-07
Samples,640,CE,1.2795863587600955e-06
Samples,641,CE,2.4974979513187553e-07
Samples,642,CE,2.3297581089574653e-07
Samples,643,CE,1.695341737039711e-07
Samples,645,CE,1.2664251055284554e-07
Samples,646,CE,4.119778722686337e-07
Samples,647,CE,-6.887009200266354e-10
Samples,648,CE,1.6540272273199075e-09
Samples,649,CE,3.812080062708561e-08
Samples,650,CE,1.328348523457883e-07
Samples,651,CE,2.7083922069424797e-08
Samples,652,CE,1.8089928509700964e-07
Samples,653,CE,5.182954934237394e-12
Samples,654,CE,3.4901122057488776e-08
Samples,655,CE,2.6987962613877554e-08
Samples,656,CE,3.098765202987041e-09
Samples,657,CE,2.9438144724861255e-09
Samples,658,CE,7.225569948205576e-09
Samples,659,CE,9.14459761406636e-10
Samples,660,CE,1.911134000232462e-09
Samples,661,CE,7.412954406245319e-09
Samples,662,CE,1.979767878535043e-09
Samples,663,CE,2.8030806329971018e-11
Samples,664,CE,2.301880949589747e-09
Samples,665,CE,4.436593581740262e-09
Samples,666,CE,2.214833750696632e-09
Samples,667,CE,8.091138391289909e-10
Samples,668,CE,1.1815760129793679e-09
Samples,669,CE,8.045030754721286e-11
Samples,670,CE,7.512581390235467e-09
Samples,671,CE,9.202657599740264e-12
Samples,672,CE,-4.237152655200522e-10
Samples,673,CE,9.164497356058541e-09
Samples,674,CE,9.493664659721665e-09
Samples,675,CE,8.20427263962015e-09
Samples,676,CE,-3.5428766601400675e-11
Samples,677,CE,2.1951619685855385e-10
Samples,678,CE,-1.8727106213598913e-11
Samples,679,CE,8.011197137184108e-09
Samples,680,CE,7.202244886320635e-09
Samples,681,CE,8.053318077297626e-09
Samples,682,CE,2.964759473369072e-09
Samples,683,CE,3.430812971950599e-09
Samples,684,CE,4.9034913754239954e-09
Samples,685,CE,4.063539186535693e-09
Samples,686,CE,7.346693275801155e-09
Samples,687,CE,7.239930042409897e-09
Samples,688,CE,3.5931327824432917e-09
Samples,689,CE,2.9454753886308324e-09
Samples,690,CE,6.2903821958829416e-09
Samples,691,CE,2.8490333117731837e-09
Samples,692,CE,6.635117840582041e-09
Samples,693,CE,9.435423487970444e-09
Samples,694,CE,3.1169594676834814e-09
Samples,695,CE,1.0745958996564675e-09
Samples,696,CE,1.2151394082461619e-09
Samples,697,CE,7.514014891172171e-09
Samples,698,CE,1.0042048847872025e-08
Samples,699,CE,5.752146736005395e-10
Samples,700,CE,9.908895043317539e-09
Samples,701,CE,9.710492199198633e-09
Samples,702,CE,7.927796449279025e-09
Samples,703,CE,8.728616463199835e-10
Samples,704,CE,7.38585922642229e-09
Samples,705,CE,7.562751833256016e-10
Samples,706,CE,9.020903685385483e-09
Samples,707,CE,6.950747961175566e-10
Samples,708,CE,3.2475838143736e-09
Samples,709,CE,9.546676075549157e-09
Samples,710,CE,3.2925036120739413e-09
Samples,711,CE,3.997123174762932e-09
Samples,712,CE,8.916664829025629e-10
Samples,713,CE,4.352689972604624e-09
Samples,714,CE,1.3728248446201507e-08
Samples,715,CE,7.461774393145015e-09
Samples,716,CE,5.7006531103640895e-09
Samples,717,CE,1.2788169069542534e-08
Samples,718,CE,1.509459747831929e-09
Samples,719,CE,-1.1655507552269649e-11
Samples,720,CE,7.387286127525033e-10
Samples,721,CE,-7.582414107022483e-12
Samples,722,CE,7.439976511658865e-09
Samples,723,CE,-2.5713177812517357e-12
Samples,724,CE,2.563637807812651e-13
Samples,725,CE,1.1649604162040755e-09
Samples,726,CE,1.2562027483910525e-12
Samples,727,CE,2.4042674559936785e-13
Samples,728,CE,2.1350739102228743e-09
Samples,729,CE,9.20484858354273e-10
Samples,730,CE,1.7029545289233892e-09
Samples,731,CE,1.7346256229875094e-09
Samples,732,CE,4.204521947875022e-09
Samples,733,CE,2.854494297276156e-09
Samples,734,CE,1.9803747113351973e-09
Samples,735,CE,2.288722487651396e-09
Samples,736,CE,5.5929570169668594e-09
Samples,737,CE,2.684687547621295e-10
Samples,738,CE,2.1428998927820523e-09
Samples,739,CE,2.0984344403117785e-09
Samples,740,CE,4.073574945425144e-09
Samples,741,CE,8.163193733193132e-10
Samples,742,CE,4.2604198293605074e-09
Samples,743,CE,1.4691382101605448e-09
Samples,744,CE,9.596756108549682e-09
Samples,745,CE,6.077229959348169e-09
Samples,746,CE,2.6535217852202283e-09
Samples,747,CE,1.8311659199573196e-09
Samples,748,CE,4.721342820929457e-09
Samples,749,CE,1.3859315214193482e-09
Samples,750,CE,3.2569612288858346e-09
Samples,751,CE,1.2176859420060301e-08
Samples,752,CE,3.574646281783728e-09
Samples,753,CE,8.002983111083754e-09
Samples,754,CE,1.4733038235479089e-09
Samples,755,CE,3.5337457668367563e-10
Samples,756,CE,2.6565302043021624e-10
Samples,757,CE,6.321426356756867e-10
Samples,758,CE,1.3307639302935143e-09
Samples,759,CE,5.065286343606739e-10
Samples,760,CE,2.1361432756812563e-09
Samples,761,CE,2.3353946067409508e-09
Samples,762,CE,1.4774635857376562e-09
Samples,763,CE,5.88548659149923e-09
Samples,764,CE,1.5073995285072965e-09
Samples,765,CE,7.661517716248658e-10
Samples,766,CE,1.5498340186817006e-10
Samples,767,CE,-7.326418027099659e-11
Samples,768,CE,9.176228887018146e-11
Samples,769,CE,-2.015862781137023e-11
Samples,770,CE,1.9969654826356362e-10
Samples,771,CE,-2.6867652410684972e-11
Samples,772,CE,1.6149230392984497e-10
Samples,773,CE,8.265595144207152e-09
Samples,774,CE,4.633155037868232e-10
Samples,775,CE,3.7209378024662898e-09
Samples,776,CE,1.87310898464854e-09
Samples,777,CE,1.7282164103976216e-09
Samples,778,CE,7.639343990159243e-11
Samples,779,CE,5.057776577855662e-10
Samples,780,CE,6.476576988640746e-10
Samples,781,CE,3.965502985639761e-09
Samples,782,CE,7.680779487345683e-10
Samples,783,CE,3.26949336995722e-10
Samples,784,CE,3.7971066196094974e-10
Samples,785,CE,4.887083706559597e-09
Samples,786,CE,7.473657654804332e-09
Samples,787,CE,2.2588687154324882e-10
Samples,788,CE,1.3201698034613506e-10
Samples,789,CE,1.7764031933938339e-09
Samples,790,CE,5.67354786067774e-10
Samples,791,CE,6.105253765792404e-10
Samples,792,CE,2.0083523984650704e-09
Samples,793,CE,1.5419416642034582e-09
Samples,794,CE,2.63503099043381e-09
Samples,795,CE,4.755685720730312e-09
Samples,796,CE,5.468057880047005e-10
Samples,797,CE,7.850795306806267e-09
Samples,798,CE,8.871527087874968e-10
Samples,799,CE,7.660211250986486e-09
Samples,800,CE,3.8635097681512664e-10
Samples,801,CE,1.032621134994927e-10
Samples,802,CE,4.092332307147641e-10
Samples,803,CE,1.756923300539004e-10
Samples,804,CE,2.223944219673928e-10
Samples,805,CE,1.3137228512241574e-08
Samples,806,CE,1.2008844122233203e-10
Samples,807,CE,6.180996641870061e-10
Samples,808,CE,3.949228829817235e-09
Samples,809,CE,2.3154138145413087e-10
Samples,810,CE,2.71977116188722e-10
Samples,811,CE,2.1851966411142823e-10
Samples,812,CE,6.739969483920761e-12
Samples,813,CE,6.6616801272531835e-09
Samples,814,CE,4.271039585848163e-10
Samples,815,CE,1.6075341528562764e-10
Samples,816,CE,8.380664152355426e-11
Samples,817,CE,1.2698357413638548e-10
Samples,818,CE,1.4892113812567868e-10
Samples,819,CE,5.938734512540985e-10
Samples,820,CE,1.4296501885509111e-11
Samples,821,CE,3.3014184339858262e-09
Samples,822,CE,7.757322035546488e-09
Samples,823,CE,7.866660575120638e-09
Samples,824,CE,2.3962000671116753e-09
Samples,825,CE,2.943194128765416e-09
Samples,826,CE,7.476714532128373e-10
Samples,827,CE,1.900702981936167e-09
Samples,828,CE,1.9655702791162968e-09
Samples,829,CE,1.453686935631834e-09
Samples,830,CE,2.794240171193465e-09
Samples,831,CE,3.1863383077065815e-09
Samples,832,CE,4.747544389703764e-09
Samples,833,CE,2.995185755469702e-09
Samples,834,CE,8.023327355850214e-09
Samples,835,CE,4.9582257560947126e-11
Samples,836,CE,8.784850992263909e-09
Samples,837,CE,5.549045354953116e-09
Samples,838,CE,8.113299413442152e-09
Samples,839,CE,-1.2456933211875268e-10
Samples,840,CE,-2.314221180475274e-10
Samples,841,CE,1.0163709099092408e-10
Samples,842,CE,-1.2611338933419775e-10
Samples,843,CE,6.583825236368803e-09
Samples,844,CE,-4.3126981829816334e-10
Samples,845,CE,5.660819005210616e-09
Samples,846,CE,8.746552129678434e-11
Samples,847,CE,4.957744095615101e-09
Samples,848,CE,4.7634492221749945e-09
Samples,849,CE,1.1075390122334912e-10
Samples,850,CE,7.944596721471615e-09
Samples,851,CE,2.759025133404915e-09
Samples,852,CE,3.018831425833902e-09
Samples,853,CE,2.175503912508387e-08
Samples,854,CE,3.086663479011663e-09
Samples,855,CE,1.5026884128364059e-09
Samples,856,CE,2.71831255420009e-09
Samples,857,CE,3.662297822954769e-09
Samples,858,CE,2.514315256334075e-09
Samples,859,CE,1.9764976074742125e-09
Samples,860,CE,5.72106788816349e-10
Samples,861,CE,1.4584977870864965e-09
Samples,862,CE,2.5280886476382133e-09
Samples,863,CE,2.8480104758999524e-09
Samples,864,CE,6.451849628601378e-10
Samples,865,CE,1.5076117248728698e-09
Samples,866,CE,1.048444984548872e-09
Samples,867,CE,5.229135932240093e-10
Samples,868,CE,2.882423129214767e-10
Samples,869,CE,6.933933594246515e-10
Samples,870,CE,3.1445294829085786e-09
Samples,871,CE,6.672702106782732e-10
Samples,872,CE,5.658915118331589e-10
Samples,873,CE,2.9181981471158015e-09
Samples,874,CE,1.0512476921247008e-09
Samples,875,CE,1.51785411560848e-10
Samples,876,CE,9.227602965019673e-10
Samples,877,CE,4.137355183751327e-09
Samples,878,CE,1.4871974328958126e-09
Samples,879,CE,2.231424533745953e-09
Samples,880,CE,5.080887820156976e-10
Samples,881,CE,8.694110185207831e-10
Samples,882,CE,2.166844453438192e-09
Samples,883,CE,2.442953933652463e-09
Samples,884,CE,2.6005582442052683e-09
Samples,885,CE,1.6026006661547474e-09
Samples,886,CE,1.389503835445804e-09
Samples,887,CE,5.3402390605718284e-09
Samples,888,CE,4.657709055980214e-09
Samples,889,CE,2.49188714781551e-10
Samples,890,CE,1.9962297293720676e-10
Samples,891,CE,-2.2643323432847563e-11
Samples,892,CE,1.9795894373389116e-10
Samples,893,CE,2.0893509183862475e-10
Samples,894,CE,9.05631776167003e-09
Samples,895,CE,9.529522378835315e-09
Samples,896,CE,7.89482609704044e-09
Samples,897,CE,2.6830535215698506e-08
Samples,898,CE,7.81156836977645e-09
Samples,899,CE,3.8912070463630466e-08
Samples,900,CE,4.5780403731598744e-08
Samples,901,CE,-2.7238224648867536e-10
Samples,902,CE,7.920673433199053e-09
Samples,903,CE,7.824855740472769e-09
Samples,904,CE,-3.625121900611315e-11
Samples,905,CE,-4.942607831554529e-11
Samples,906,CE,3.96173188016845e-08
Samples,907,CE,5.8063565260370166e-08
Samples,908,CE,4.81463977981537e-08
Samples,909,CE,2.724664668477652e-08
Samples,910,CE,9.598856481808485e-09
Samples,911,CE,4.304874543298022e-09
Samples,912,CE,3.451561661268803e-09
Samples,913,CE,5.940834404947487e-10
Samples,914,CE,4.508233900786292e-09
Samples,915,CE,-2.650724041415251e-10
Samples,916,CE,6.515120025599462e-09
Samples,917,CE,9.59618495870895e-09
Samples,918,CE,7.708893709002637e-09
Samples,919,CE,7.770235512005853e-09
Samples,920,CE,7.574560674582385e-09
Samples,921,CE,8.298966754314562e-10
Samples,922,CE,2.26080499495913e-09
Samples,923,CE,1.2339862519837857e-09
Samples,924,CE,1.0035106242273458e-08
Samples,925,CE,1.4644429875376314e-09
Samples,926,CE,9.345775961492323e-09
Samples,927,CE,4.010363744227783e-08
Samples,928,CE,1.339501068966319e-07
Samples,929,CE,5.891391493463721e-09
Samples,930,CE,1.4640899671249617e-08
Samples,931,CE,5.93631823724806e-09
Samples,932,CE,2.7762311637395188e-09
Samples,933,CE,9.655402353935425e-11
Samples,934,CE,1.86709014530704e-08
Samples,935,CE,1.381157061031428e-08
Samples,936,CE,7.099514662825144e-09
Samples,937,CE,4.361948975564241e-09
Samples,938,CE,5.833606733649414e-09
Samples,939,CE,7.034502748048858e-08
Samples,940,CE,2.5455768020302382e-08
Samples,941,CE,4.635975961129162e-10
Samples,942,CE,2.9131164833105533e-08
Samples,943,CE,1.4385160210741037e-08
Samples,944,CE,5.033961333492841e-09
Samples,945,CE,8.537149869414511e-09
Samples,946,CE,8.36724416053946e-09
Samples,947,CE,8.184426744240426e-09
Samples,948,CE,8.172247006329409e-09
Samples,949,CE,8.313002799502878e-09
Samples,950,CE,8.260909941976173e-09
Samples,951,CE,-2.6996349051788165e-10
Samples,952,CE,4.343357319960426e-09
Samples,953,CE,6.940589334262134e-09
Samples,954,CE,1.0432810076859453e-07
Samples,955,CE,5.286781554433149e-08
Samples,956,CE,9.66173754562254e-10
Samples,959,CE,2.5187723383559905e-10
Samples,960,CE,6.128645532332017e-09
Samples,961,CE,2.454344040253234e-09
Samples,962,CE,3.675395622426225e-09
Samples,963,CE,6.080701069417233e-09
Samples,964,CE,1.909995324230422e-08
Samples,965,CE,1.9315465995170957e-08
Samples,966,CE,2.164519791761061e-09
Samples,967,CE,3.817909053865345e-09
Samples,969,CE,5.974402953067447e-09
Samples,970,CE,1.4767190920465591e-09
Samples,971,CE,4.420699666257594e-09
Samples,973,CE,1.7848770629450216e-09
Samples,974,CE,7.24937776878697e-09
Samples,975,CE,3.931276756146764e-08
Samples,976,CE,5.05762828479719e-09
Samples,977,CE,2.949721490999872e-09
Samples,978,CE,-6.887009200266377e-10
Samples,979,CE,4.49322582822127e-09
Samples,982,CE,1.3050886297911861e-08
Samples,983,CE,1.111705394698706e-08
Samples,985,CE,5.760083073235549e-09
Samples,987,CE,1.831822160263985e-07
Samples,988,CE,2.7087875745955272e-08
Samples,989,CE,1.852731968180361e-07
Samples,990,CE,3.01618228806388e-08
Samples,991,CE,2.6197469265213705e-07
Samples,992,CE,2.2083774174798417e-07
Samples,993,CE,2.5657164355791504e-07
Samples,994,CE,8.043004393978608e-10
Samples,995,CE,4.458798870286784e-09
Samples,996,CE,2.2067471370322854e-07
Samples,997,CE,4.363977289250808e-07
Samples,998,CE,1.1286861022389024e-08
Samples,999,CE,4.319805917124562e-07
Samples,1000,CE,1.0439247736993801e-08
Samples,1001,CE,8.422234996841925e-09
Samples,1002,CE,8.156118112910243e-08
Samples,1003,CE,8.940474111060622e-08
Samples,1004,CE,8.805198264405037e-08
Samples,1005,CE,9.64938087643697e-08
Samples,1006,CE,7.51032976835921e-08
Samples,1007,CE,8.163480698010099e-08
Samples,1008,CE,9.233298495008129e-08
Samples,1009,CE,8.876416073597009e-08
Samples,1010,CE,2.483008630878794e-10
Samples,1011,CE,-1.9003533216988242e-10
Samples,1012,CE,6.352948635285758e-11
Samples,1013,CE,6.860784490342465e-08
Samples,1014,CE,2.6669591073504826e-09
Samples,1015,CE,2.9590505200501957e-10
Samples,1016,CE,6.18033449954029e-12
Samples,1017,CE,-1.5974770134213203e-11
Samples,1018,CE,-5.5070460069917904e-11
Samples,1019,CE,3.2908864089649676e-11
Samples,1020,CE,1.7646220952985817e-10
Samples,1021,CE,2.7574611035347257e-10
Samples,1022,CE,4.319484684109975e-10
Samples,1023,CE,3.1648186222351374e-10
Samples,1024,CE,3.4765557188288924e-10
Samples,1025,CE,-1.1414752410982012e-10
Samples,4,CF,1.1671501315192785e-10
Samples,5,CF,8.937805863587258e-10
Samples,6,CF,1.86390686657124e-10
Samples,7,CF,5.650586441806855e-11
Samples,8,CF,1.2979822457575667e-11
Samples,9,CF,8.673829370158429e-11
Samples,10,CF,3.9885487344120024e-11
Samples,11,CF,9.135135317135615e-11
Samples,12,CF,7.131101148884513e-07
Samples,17,CF,-2.1109466177372375e-11
Samples,19,CF,2.987756483385511e-09
Samples,20,CF,6.3701682049950335e-09
Samples,21,CF,4.547605380433633e-09
Samples,26,CF,2.6773414231610473e-10
Samples,28,CF,2.2382183293465638e-10
Samples,29,CF,9.473412200726716e-10
Samples,30,CF,7.971783610541301e-10
Samples,32,CF,3.1701764845141607e-09
Samples,34,CF,1.40108444898681e-09
Samples,35,CF,8.278138462424861e-05
Samples,37,CF,1.5666024640067108e-09
Samples,39,CF,1.4252932134972071e-09
Samples,41,CF,1.3063007458184392e-09
Samples,42,CF,1.0676456372619027e-09
Samples,44,CF,1.1957578493640896e-09
Samples,55,CF,7.050761622437562e-10
Samples,56,CF,1.2060038127170776e-09
Samples,58,CF,2.617751601611826e-10
Samples,59,CF,4.507821158573895e-10
Samples,60,CF,3.574004605913731e-11
Samples,61,CF,2.0797286933966724e-11
Samples,62,CF,3.7448833373787696e-11
Samples,63,CF,1.7621068393708738e-11
Samples,64,CF,1.706718655487235e-11
Samples,65,CF,6.89790462580851e-11
Samples,66,CF,1.465314289790498e-11
Samples,67,CF,3.094062267495021e-11
Samples,68,CF,1.8303303272553806e-11
Samples,69,CF,1.238911789516103e-11
Samples,70,CF,1.0352990975654087e-11
Samples,71,CF,3.368808603785597e-10
Samples,72,CF,1.5401745677221504e-10
Samples,73,CF,1.0854674768657059e-09
Samples,74,CF,2.0568541011617314e-09
Samples,75,CF,3.384139132233486e-09
Samples,76,CF,8.629800378678518e-12
Samples,77,CF,9.578113576318012e-09
Samples,78,CF,6.982433555944e-11
Samples,79,CF,7.301987656103127e-11
Samples,80,CF,2.139316615631308e-11
Samples,81,CF,3.37985690457403e-08
Samples,82,CF,1.5826203058224521e-09
Samples,83,CF,6.182759385197791e-10
Samples,84,CF,3.854711357595577e-09
Samples,85,CF,3.066220881387156e-09
Samples,86,CF,3.250402207245822e-08
Samples,87,CF,2.537540074543268e-08
Samples,88,CF,1.7771860994618287e-08
Samples,89,CF,1.4994712874574264e-08
Samples,91,CF,-6.784647061620703e-09
Samples,93,CF,-7.2506754955571565e-09
Samples,94,CF,-6.432287102391835e-09
Samples,95,CF,-9.56734105787302e-10
Samples,96,CF,-1.0810256162894254e-09
Samples,98,CF,-2.519435722970126e-09
Samples,100,CF,-4.818606863631514e-09
Samples,101,CF,-6.451027245646214e-09
Samples,102,CF,4.819177215817515e-09
Samples,103,CF,1.055963616979714e-08
Samples,106,CF,-5.994673071169485e-09
Samples,107,CF,-6.596430840239748e-09
Samples,109,CF,1.365133098130792e-09
Samples,113,CF,-1.857033220751013e-09
Samples,115,CF,-3.252569138821037e-10
Samples,118,CF,4.9409183774235425e-11
Samples,119,CF,3.1545196455277155e-12
Samples,120,CF,2.4540076623492284e-11
Samples,121,CF,1.9151077074242224e-09
Samples,122,CF,1.3389605221267124e-11
Samples,123,CF,7.257307505197773e-10
Samples,124,CF,4.413804961658515e-11
Samples,125,CF,1.0843528741803726e-10
Samples,126,CF,-9.29892998003429e-11
Samples,127,CF,1.9096538251909963e-09
Samples,128,CF,1.925406252275223e-09
Samples,129,CF,1.9603903854580827e-09
Samples,130,CF,1.928112181022087e-09
Samples,131,CF,-3.807210722156012e-13
Samples,132,CF,-4.013453388762356e-13
Samples,133,CF,-3.6945074775538925e-13
Samples,134,CF,-3.504123903560759e-13
Samples,136,CF,-1.0159672372358112e-11
Samples,137,CF,-1.0523811403525168e-11
Samples,138,CF,-9.64958346138464e-12
Samples,139,CF,7.631041022794504e-10
Samples,140,CF,7.764204556433984e-10
Samples,141,CF,6.409218066803691e-10
Samples,142,CF,9.651856053372573e-10
Samples,143,CF,7.740867120937476e-10
Samples,144,CF,7.572467002786975e-10
Samples,145,CF,4.51465018302915e-10
Samples,146,CF,1.2535692555520117e-09
Samples,147,CF,7.489234729971498e-10
Samples,148,CF,1.0608750877507443e-09
Samples,149,CF,7.159574809887282e-10
Samples,150,CF,4.5418294304121497e-10
Samples,151,CF,4.681865622673055e-10
Samples,152,CF,1.224473323760127e-09
Samples,153,CF,4.936959781819625e-10
Samples,154,CF,7.011471286382901e-10
Samples,155,CF,4.815971258831997e-10
Samples,156,CF,2.148463371759002e-08
Samples,158,CF,-4.336919063671611e-11
Samples,159,CF,-6.992373288588165e-11
Samples,160,CF,7.447508036738378e-10
Samples,161,CF,6.968237853326189e-10
Samples,164,CF,4.181467727041283e-11
Samples,165,CF,1.888274846248911e-09
Samples,166,CF,2.426905738347389e-09
Samples,167,CF,4.8159447534979455e-09
Samples,169,CF,1.1678130084271356e-08
Samples,171,CF,-2.1109466177372375e-11
Samples,172,CF,9.11725585500462e-09
Samples,174,CF,6.799468662984725e-10
Samples,175,CF,-1.198349179410643e-11
Samples,176,CF,1.4263862145511851e-11
Samples,177,CF,9.044661717688559e-12
Samples,178,CF,7.80854064390677e-10
Samples,179,CF,1.9758532812358407e-10
Samples,181,CF,2.9276919107164487e-10
Samples,182,CF,1.3427398934680717e-10
Samples,183,CF,9.706420074674587e-11
Samples,184,CF,9.582282144124308e-10
Samples,185,CF,1.0346175086265782e-09
Samples,186,CF,9.369591372767745e-10
Samples,187,CF,1.1820730338649204e-09
Samples,188,CF,7.525203021029521e-10
Samples,189,CF,6.800015798364681e-10
Samples,190,CF,1.9140625802741068e-10
Samples,191,CF,-1.0625510531592055e-11
Samples,192,CF,1.1239856076614873e-09
Samples,193,CF,8.033767009293007e-10
Samples,194,CF,4.3614775568776745e-10
Samples,195,CF,-1.2424204310060587e-11
Samples,196,CF,5.726792019566378e-10
Samples,197,CF,1.7544291050360392e-10
Samples,198,CF,2.977196520182523e-10
Samples,199,CF,4.5146876714986375e-09
Samples,200,CF,2.2046652755162667e-09
Samples,201,CF,6.845867419661352e-10
Samples,202,CF,4.992561743728843e-10
Samples,203,CF,3.866207782365928e-10
Samples,204,CF,-4.570523950673247e-13
Samples,205,CF,5.220619091426231e-10
Samples,206,CF,2.910519120459025e-10
Samples,207,CF,3.31367417620304e-10
Samples,208,CF,3.8169273202212884e-10
Samples,209,CF,5.234216373650529e-10
Samples,210,CF,3.050072942628551e-10
Samples,211,CF,3.446036264397117e-10
Samples,212,CF,1.15806617036312e-10
Samples,213,CF,3.944267357532972e-10
Samples,214,CF,2.1067791706417864e-10
Samples,215,CF,4.7098361428061e-10
Samples,216,CF,3.0589075592296644e-10
Samples,217,CF,1.9856221411235585e-10
Samples,218,CF,-1.1509195275201413e-11
Samples,219,CF,5.111283079164431e-10
Samples,220,CF,5.896553970964888e-10
Samples,221,CF,5.579507503505337e-10
Samples,222,CF,3.227060239066757e-10
Samples,223,CF,1.1486910632386313e-10
Samples,224,CF,6.214049485949635e-10
Samples,225,CF,2.983684460951281e-11
Samples,226,CF,5.414062883135473e-12
Samples,227,CF,2.5482908989807394e-10
Samples,228,CF,4.5469637476468984e-10
Samples,229,CF,1.23671487018128e-10
Samples,230,CF,3.97525770314293e-10
Samples,231,CF,4.431686665951791e-10
Samples,232,CF,9.947227569184757e-11
Samples,233,CF,5.659054975977657e-10
Samples,234,CF,3.3733538867049244e-10
Samples,235,CF,6.616759982383309e-10
Samples,236,CF,5.429503498955528e-10
Samples,237,CF,8.406059761899295e-10
Samples,238,CF,2.550112642919861e-10
Samples,239,CF,7.191849837324028e-10
Samples,240,CF,3.964985361514638e-10
Samples,241,CF,5.640154646121538e-10
Samples,242,CF,8.578971979311502e-10
Samples,243,CF,7.006172213119333e-10
Samples,244,CF,7.899014161137786e-10
Samples,245,CF,5.189856265991848e-10
Samples,246,CF,7.401247568135054e-10
Samples,247,CF,5.175447051660038e-10
Samples,248,CF,8.110270171467953e-10
Samples,249,CF,6.971910381756804e-10
Samples,250,CF,7.309565578582464e-10
Samples,251,CF,8.401653636867343e-10
Samples,252,CF,-1.2116220342458872e-11
Samples,253,CF,6.212567986138222e-10
Samples,254,CF,7.35035227774154e-10
Samples,255,CF,7.696980305502115e-10
Samples,256,CF,4.177942274856432e-09
Samples,257,CF,1.2840195798185825e-08
Samples,258,CF,1.8090001371785267e-09
Samples,259,CF,1.24721033909404e-10
Samples,260,CF,2.189042289869012e-10
Samples,261,CF,5.685462348640181e-09
Samples,262,CF,2.7243505003998795e-09
Samples,263,CF,4.987147837064242e-09
Samples,264,CF,3.780676130777511e-09
Samples,265,CF,4.969075504906388e-10
Samples,266,CF,9.44587931593508e-10
Samples,267,CF,1.9889620738780147e-09
Samples,268,CF,2.609188782182798e-09
Samples,269,CF,2.3452094111550598e-09
Samples,270,CF,8.207719985274504e-09
Samples,271,CF,3.1332881224459552e-09
Samples,272,CF,5.2035923317571335e-09
Samples,273,CF,3.155174968369576e-09
Samples,274,CF,4.006293471815767e-09
Samples,275,CF,6.856681636184844e-11
Samples,276,CF,1.785724367813054e-08
Samples,277,CF,1.7765499155554178e-09
Samples,278,CF,2.404434374259355e-10
Samples,279,CF,2.782872117127207e-10
Samples,280,CF,3.836894129125301e-09
Samples,281,CF,1.921511824342372e-09
Samples,282,CF,4.038326186889815e-09
Samples,283,CF,2.04805169638035e-09
Samples,284,CF,1.588696404111636e-09
Samples,285,CF,4.263987229747393e-10
Samples,286,CF,1.117361327532797e-09
Samples,287,CF,1.8120703965433978e-09
Samples,288,CF,1.3101433085548086e-09
Samples,289,CF,2.6126918412090286e-09
Samples,290,CF,1.7394518598149841e-09
Samples,291,CF,2.3182901088806784e-09
Samples,292,CF,5.552708352463488e-09
Samples,293,CF,1.97876223304203e-09
Samples,294,CF,1.4719219255470162e-10
Samples,295,CF,2.4107794349943347e-10
Samples,296,CF,4.886136254620901e-10
Samples,297,CF,7.490924538007862e-09
Samples,298,CF,7.132673920337854e-09
Samples,299,CF,1.2551137129853583e-10
Samples,300,CF,4.150489508438795e-10
Samples,301,CF,4.565491002410099e-10
Samples,302,CF,1.7240640855993666e-08
Samples,303,CF,1.4875581172788818e-08
Samples,304,CF,1.7131545883417487e-08
Samples,305,CF,3.765680135857347e-09
Samples,306,CF,3.557824783013868e-09
Samples,307,CF,5.5921364448182555e-09
Samples,308,CF,2.249941263723519e-09
Samples,311,CF,2.0205779229080832e-09
Samples,319,CF,1.4917937337923848e-09
Samples,320,CF,5.324825856594859e-09
Samples,323,CF,1.1334576358012455e-08
Samples,324,CF,2.7763114872595894e-08
Samples,325,CF,6.538892873437901e-10
Samples,326,CF,6.893540141980612e-10
Samples,327,CF,7.532874779368709e-10
Samples,328,CF,1.752435693064413e-09
Samples,329,CF,4.541790831204202e-10
Samples,330,CF,6.578173671984625e-10
Samples,331,CF,4.1890568778459767e-10
Samples,332,CF,3.6027903100676725e-10
Samples,333,CF,2.2902401994122797e-08
Samples,334,CF,2.020482970473248e-08
Samples,335,CF,1.8757863760577715e-08
Samples,336,CF,3.033871030402555e-08
Samples,337,CF,3.1382940351168146e-12
Samples,338,CF,4.669821304937128e-11
Samples,339,CF,-7.907112411157103e-12
Samples,340,CF,-4.551332128322111e-12
Samples,341,CF,-5.500835630232973e-13
Samples,342,CF,-7.898625894743866e-12
Samples,343,CF,1.0636284555543817e-11
Samples,344,CF,2.67875675344069e-12
Samples,345,CF,8.18732827630052e-10
Samples,346,CF,2.74202006498724e-09
Samples,347,CF,1.751630657926896e-11
Samples,348,CF,2.7355211179963274e-10
Samples,349,CF,1.3480245230596917e-11
Samples,350,CF,3.126696033638098e-11
Samples,351,CF,2.0416704502849443e-11
Samples,352,CF,-6.100870279532318e-12
Samples,353,CF,-5.1937827494835256e-12
Samples,354,CF,8.358252019420506e-12
Samples,355,CF,-1.2665679706423425e-11
Samples,356,CF,-1.2665679706423425e-11
Samples,357,CF,6.032384270490575e-10
Samples,358,CF,-7.892012217178223e-12
Samples,359,CF,2.2277932986436184e-10
Samples,361,CF,-1.5622587775860466e-12
Samples,362,CF,-1.4985194248979222e-12
Samples,363,CF,-2.167381271280412e-12
Samples,364,CF,-9.00550825763872e-12
Samples,365,CF,-6.171689775108017e-11
Samples,367,CF,-8.999725402227728e-12
Samples,368,CF,-6.332839853211715e-11
Samples,370,CF,-4.444764081610063e-12
Samples,374,CF,-1.6292449481774485e-10
Samples,375,CF,7.331570269905597e-09
Samples,376,CF,5.883130892395287e-09
Samples,377,CF,2.6003660503284955e-09
Samples,378,CF,2.668373321609972e-09
Samples,379,CF,2.769554201815814e-09
Samples,380,CF,2.1846656726337633e-09
Samples,381,CF,6.531163775054627e-09
Samples,382,CF,5.5283798120674495e-09
Samples,383,CF,-1.2698924140023229e-11
Samples,384,CF,6.029302563373125e-09
Samples,385,CF,-4.579733537714721e-12
Samples,386,CF,2.9163674545009783e-10
Samples,387,CF,3.521387167022614e-10
Samples,388,CF,2.049519687061682e-10
Samples,389,CF,2.492457100464185e-10
Samples,390,CF,2.0964848264740207e-10
Samples,391,CF,1.3315356719483908e-10
Samples,392,CF,2.527646582128479e-10
Samples,393,CF,1.846673827705447e-10
Samples,394,CF,2.9874517400646607e-10
Samples,395,CF,2.715788524501409e-10
Samples,396,CF,4.922363589369085e-10
Samples,397,CF,2.8571851765339985e-10
Samples,398,CF,2.738648855734551e-10
Samples,399,CF,6.885931918935175e-11
Samples,400,CF,7.016541651512549e-09
Samples,401,CF,7.043440452997466e-09
Samples,402,CF,7.065227393137991e-09
Samples,403,CF,2.574769954056537e-10
Samples,404,CF,1.8678593592157176e-10
Samples,405,CF,1.9315288281248267e-10
Samples,406,CF,2.193162973100975e-10
Samples,407,CF,2.365715843248491e-10
Samples,408,CF,3.109060196699884e-11
Samples,409,CF,6.660998721155847e-11
Samples,410,CF,7.063465343746079e-09
Samples,411,CF,2.7664579679913414e-11
Samples,412,CF,3.4698681898433285e-10
Samples,413,CF,2.134118743828486e-09
Samples,414,CF,1.3130243943624125e-10
Samples,415,CF,2.695437429181229e-09
Samples,416,CF,1.0360589948384655e-08
Samples,417,CF,-2.4524878937309626e-09
Samples,418,CF,5.875432693885626e-11
Samples,419,CF,6.102070593212343e-10
Samples,420,CF,8.940037921033138e-13
Samples,421,CF,5.037185094405518e-11
Samples,422,CF,1.3139347412375198e-11
Samples,423,CF,2.085988577884736e-11
Samples,424,CF,1.1339752973201518e-12
Samples,425,CF,6.775252289908018e-12
Samples,426,CF,7.524396340335122e-10
Samples,427,CF,5.312892164418223e-11
Samples,428,CF,1.5355471746668628e-08
Samples,429,CF,2.271977098256672e-09
Samples,430,CF,2.0530032410969637e-09
Samples,431,CF,1.4637026787314705e-09
Samples,432,CF,6.384752710147452e-10
Samples,433,CF,1.5719104229694564e-09
Samples,434,CF,1.1528370342851166e-09
Samples,435,CF,1.5017976896854608e-09
Samples,436,CF,2.2414092503083566e-09
Samples,437,CF,9.981819713512453e-10
Samples,438,CF,5.643857394363906e-10
Samples,439,CF,1.2070780514115708e-09
Samples,440,CF,7.625836768131962e-10
Samples,441,CF,1.0037433114906452e-09
Samples,442,CF,8.310453003164247e-10
Samples,443,CF,2.4298795900779344e-09
Samples,444,CF,7.174058249169848e-10
Samples,445,CF,1.818963609180946e-09
Samples,446,CF,5.403486536975827e-09
Samples,447,CF,2.5712167307272144e-09
Samples,448,CF,5.839748859044197e-10
Samples,449,CF,2.345493497319154e-09
Samples,450,CF,1.2033890250648917e-09
Samples,451,CF,1.0339839708972038e-09
Samples,452,CF,4.5055095055214963e-10
Samples,453,CF,1.9379661848826305e-09
Samples,454,CF,2.98423813383285e-09
Samples,455,CF,8.973774630368535e-11
Samples,456,CF,1.6949550365496532e-09
Samples,457,CF,1.871474864114795e-09
Samples,458,CF,2.0319070464107626e-09
Samples,459,CF,2.6293319568375972e-09
Samples,460,CF,3.4055773230527264e-09
Samples,461,CF,2.333482755582149e-09
Samples,462,CF,3.870566635201994e-09
Samples,463,CF,2.7939678417814537e-09
Samples,464,CF,4.715988788619717e-09
Samples,465,CF,5.296568803728459e-09
Samples,466,CF,4.886151773833412e-09
Samples,467,CF,4.721991860033895e-09
Samples,468,CF,2.118562239610566e-09
Samples,469,CF,3.875329239136276e-09
Samples,470,CF,4.290012221123694e-09
Samples,471,CF,3.6017111070229465e-09
Samples,472,CF,3.456367382540267e-09
Samples,473,CF,3.479499702965262e-09
Samples,474,CF,3.6354240619043804e-09
Samples,475,CF,2.2900877951260054e-09
Samples,476,CF,1.3514152614207988e-10
Samples,477,CF,9.380384742000456e-10
Samples,478,CF,1.8362593192608669e-09
Samples,479,CF,7.280630180323408e-10
Samples,480,CF,6.483087982215816e-10
Samples,481,CF,1.3288534314891952e-09
Samples,482,CF,2.068632806458534e-10
Samples,483,CF,2.581836241324246e-09
Samples,484,CF,3.1973605024490647e-10
Samples,485,CF,7.075235541655335e-10
Samples,486,CF,1.8116308439663872e-09
Samples,487,CF,2.212366792972675e-10
Samples,488,CF,1.426255867798892e-09
Samples,489,CF,1.8153880644118382e-09
Samples,490,CF,2.364051435851076e-09
Samples,491,CF,1.1901505425353526e-09
Samples,492,CF,2.2120542518341023e-09
Samples,493,CF,1.5924661205353321e-09
Samples,494,CF,1.8036773722070916e-09
Samples,495,CF,1.5744301838944256e-09
Samples,496,CF,1.9844227646774706e-09
Samples,497,CF,2.2859755625521178e-09
Samples,498,CF,1.8625766618468038e-09
Samples,499,CF,1.3868247837892598e-09
Samples,500,CF,1.9497004469522346e-09
Samples,501,CF,1.5662848799483348e-09
Samples,502,CF,3.861230748435846e-09
Samples,503,CF,2.9060133516006328e-09
Samples,504,CF,2.2338577691415174e-09
Samples,505,CF,3.2991636700360233e-09
Samples,506,CF,2.8925078916309304e-09
Samples,507,CF,4.2214236293331716e-09
Samples,508,CF,7.420876699505525e-09
Samples,509,CF,1.4421954105004586e-09
Samples,510,CF,1.0720609920075699e-08
Samples,511,CF,6.844875867486206e-09
Samples,512,CF,6.75473495275221e-11
Samples,513,CF,1.317053925194453e-10
Samples,514,CF,4.090606485611773e-11
Samples,515,CF,5.9935692377160575e-09
Samples,516,CF,7.573215816784622e-09
Samples,517,CF,5.287409430097589e-09
Samples,518,CF,7.67469479231906e-09
Samples,519,CF,5.804926197963061e-09
Samples,520,CF,4.4976952226585065e-09
Samples,521,CF,7.464379178535108e-09
Samples,522,CF,7.321018769820587e-09
Samples,523,CF,5.522492718009821e-09
Samples,524,CF,7.680247601705032e-09
Samples,525,CF,4.375856089882408e-09
Samples,526,CF,3.815421195264019e-09
Samples,527,CF,3.611699640244356e-09
Samples,528,CF,3.841736825470962e-09
Samples,529,CF,4.0087027361460955e-10
Samples,530,CF,7.969609609722032e-10
Samples,531,CF,9.682161687935179e-10
Samples,532,CF,1.1576492417581235e-10
Samples,533,CF,5.567296510061629e-10
Samples,534,CF,3.0188777087794617e-09
Samples,535,CF,6.106332418812252e-09
Samples,536,CF,4.34650545940113e-10
Samples,537,CF,4.770786167553174e-10
Samples,538,CF,1.6489163442242074e-09
Samples,539,CF,2.458241512584155e-09
Samples,540,CF,9.73598085907106e-10
Samples,541,CF,1.84173521508596e-09
Samples,542,CF,2.5792842139447997e-09
Samples,543,CF,2.078256826134289e-09
Samples,544,CF,7.1002795539371924e-09
Samples,545,CF,7.153966039646558e-09
Samples,546,CF,7.073973613529369e-09
Samples,547,CF,4.0869202955518295e-09
Samples,548,CF,7.127930261280753e-09
Samples,549,CF,4.165340050105032e-09
Samples,550,CF,1.7617660101932653e-08
Samples,551,CF,3.8191563441748675e-11
Samples,552,CF,3.7481581102400475e-09
Samples,553,CF,7.068839111069342e-09
Samples,554,CF,6.870562855295883e-09
Samples,555,CF,3.887364924412261e-09
Samples,556,CF,9.161776803306656e-11
Samples,557,CF,7.579872004170495e-09
Samples,558,CF,7.159033752578863e-09
Samples,559,CF,1.6138876073851056e-11
Samples,560,CF,1.0030766080853339e-11
Samples,561,CF,1.2459051184420289e-11
Samples,562,CF,7.000843768665209e-09
Samples,563,CF,-1.7754756369122168e-11
Samples,564,CF,-1.072131494681016e-11
Samples,565,CF,2.272388455471047e-12
Samples,566,CF,2.2463609118967607e-10
Samples,567,CF,2.0633004611805006e-09
Samples,568,CF,1.978897073626047e-10
Samples,569,CF,8.757738229804342e-11
Samples,570,CF,7.137114242508789e-09
Samples,571,CF,1.6447775746529158e-10
Samples,572,CF,4.381636401326704e-10
Samples,573,CF,2.2048408148335063e-10
Samples,574,CF,8.134417108979022e-09
Samples,575,CF,1.2918116648168705e-08
Samples,576,CF,8.230537516707514e-09
Samples,577,CF,3.896912723457825e-09
Samples,578,CF,7.119272598130697e-09
Samples,579,CF,7.86095572422428e-09
Samples,580,CF,8.614803153698008e-09
Samples,581,CF,3.6053366948524886e-09
Samples,582,CF,2.1100322651595069e-10
Samples,583,CF,4.172828288966502e-09
Samples,584,CF,7.3559481386124575e-09
Samples,585,CF,-4.99644211757706e-12
Samples,586,CF,6.791727209511129e-09
Samples,587,CF,8.65260782932769e-09
Samples,588,CF,1.3812728337210103e-12
Samples,589,CF,5.0926717031133615e-09
Samples,590,CF,6.6297644499999105e-09
Samples,591,CF,6.435117194984831e-09
Samples,592,CF,8.625141365232601e-09
Samples,593,CF,4.0390344652938185e-09
Samples,594,CF,8.045751932251471e-09
Samples,595,CF,8.41801671643653e-09
Samples,596,CF,-1.8611225553925616e-12
Samples,597,CF,2.129135244447316e-08
Samples,598,CF,6.9721083334153514e-09
Samples,599,CF,1.9646542632420706e-08
Samples,600,CF,1.770299571944759e-08
Samples,601,CF,2.034668955560894e-09
Samples,602,CF,2.2574387788605773e-09
Samples,603,CF,9.76277687060879e-10
Samples,604,CF,1.4342213287608207e-09
Samples,605,CF,3.5726661150307496e-09
Samples,606,CF,2.392520325798549e-09
Samples,607,CF,3.5181938287482426e-09
Samples,608,CF,2.3750630582646506e-09
Samples,609,CF,2.5468770236118194e-09
Samples,610,CF,3.6870504326988187e-09
Samples,611,CF,3.3650507946802145e-09
Samples,612,CF,3.309282532846612e-09
Samples,613,CF,2.483369750680222e-09
Samples,614,CF,2.712851782729846e-09
Samples,615,CF,2.3101525550503545e-09
Samples,616,CF,3.607095961105027e-09
Samples,617,CF,2.265763125892057e-09
Samples,618,CF,2.0791106405279458e-09
Samples,619,CF,2.2011938774654833e-09
Samples,620,CF,-9.03711792655469e-12
Samples,621,CF,1.6020663432768968e-10
Samples,622,CF,3.819825045106805e-10
Samples,623,CF,1.0409278664840244e-09
Samples,624,CF,3.062581280339934e-09
Samples,625,CF,3.2514545348351983e-09
Samples,626,CF,2.3609010863387622e-09
Samples,627,CF,2.731821661722084e-09
Samples,628,CF,3.6418925248412873e-09
Samples,629,CF,2.395259593380721e-09
Samples,630,CF,3.1834151920456243e-09
Samples,631,CF,4.227361603174231e-09
Samples,632,CF,3.138484616256411e-09
Samples,633,CF,3.468538467158921e-09
Samples,634,CF,3.271648983534742e-09
Samples,635,CF,1.9310088872773476e-09
Samples,636,CF,3.3548099862827315e-09
Samples,637,CF,3.4147928770630203e-09
Samples,638,CF,8.567659055262646e-07
Samples,639,CF,8.639520186632344e-07
Samples,640,CF,1.0718084874322077e-06
Samples,641,CF,2.0856043757738433e-07
Samples,642,CF,2.0307312333227719e-07
Samples,643,CF,1.4161909623493663e-07
Samples,645,CF,1.1608489063366874e-07
Samples,646,CF,3.4511981581849114e-07
Samples,647,CF,-6.332839853211707e-10
Samples,648,CF,1.4559791566004216e-09
Samples,649,CF,3.1903132392656986e-08
Samples,650,CF,1.1149436230216191e-07
Samples,651,CF,2.2767921516413224e-08
Samples,652,CF,1.5491313131930914e-07
Samples,653,CF,8.012625378846686e-12
Samples,654,CF,2.93309124587739e-08
Samples,655,CF,2.2893812813515254e-08
Samples,656,CF,2.5957881109692797e-09
Samples,657,CF,2.4858628422604035e-09
Samples,658,CF,6.036419696401649e-09
Samples,659,CF,7.674506063277142e-10
Samples,660,CF,1.6053181835767728e-09
Samples,661,CF,6.3222095921894076e-09
Samples,662,CF,1.7166728104974422e-09
Samples,663,CF,5.868037767790401e-11
Samples,664,CF,1.9747261759413277e-09
Samples,665,CF,3.8954660255203044e-09
Samples,666,CF,1.9080122651479685e-09
Samples,667,CF,7.078490481517282e-10
Samples,668,CF,1.03574052977152e-09
Samples,669,CF,5.986772258117622e-11
Samples,670,CF,5.93331437888344e-09
Samples,671,CF,2.979494429069135e-12
Samples,672,CF,-4.2500194658704626e-10
Samples,673,CF,7.319491049520449e-09
Samples,674,CF,7.569232318427577e-09
Samples,675,CF,6.731846834180987e-09
Samples,676,CF,-3.3805031732656375e-11
Samples,677,CF,1.7568633431556835e-10
Samples,678,CF,-2.5267403311628942e-11
Samples,679,CF,6.314715701934489e-09
Samples,680,CF,5.83005460196925e-09
Samples,681,CF,6.388303598508167e-09
Samples,682,CF,2.3666642611938298e-09
Samples,683,CF,2.7434796930074076e-09
Samples,684,CF,3.941818066134447e-09
Samples,685,CF,3.4519369052270906e-09
Samples,686,CF,6.1216210252349264e-09
Samples,687,CF,6.067585713604028e-09
Samples,688,CF,3.085139771372365e-09
Samples,689,CF,2.449724507358479e-09
Samples,690,CF,5.300070720512113e-09
Samples,691,CF,2.423135738963121e-09
Samples,692,CF,5.678711906169983e-09
Samples,693,CF,7.895971963871927e-09
Samples,694,CF,2.6007903808336484e-09
Samples,695,CF,9.219934708329819e-10
Samples,696,CF,1.0375652269256298e-09
Samples,697,CF,6.270017135019991e-09
Samples,698,CF,8.430822483130182e-09
Samples,699,CF,4.739916364167e-10
Samples,700,CF,8.340104268890479e-09
Samples,701,CF,8.184374649039412e-09
Samples,702,CF,6.686143961238081e-09
Samples,703,CF,7.575905280213121e-10
Samples,704,CF,6.183668081005593e-09
Samples,705,CF,6.203554238744088e-10
Samples,706,CF,8.008243168093837e-09
Samples,707,CF,5.998216649749097e-10
Samples,708,CF,2.794782272085614e-09
Samples,709,CF,8.326554239160294e-09
Samples,710,CF,2.8450377192683092e-09
Samples,711,CF,3.338577284938625e-09
Samples,712,CF,7.351726682432907e-10
Samples,713,CF,3.585372609566752e-09
Samples,714,CF,1.1349294595181447e-08
Samples,715,CF,6.1559857993754806e-09
Samples,716,CF,4.7282227401761666e-09
Samples,717,CF,1.0584022353233315e-08
Samples,718,CF,1.243334882487746e-09
Samples,719,CF,-1.4129181172436647e-11
Samples,720,CF,6.099320904210618e-10
Samples,721,CF,-8.514688735343762e-12
Samples,722,CF,6.180363137488166e-09
Samples,723,CF,-3.878183083165246e-12
Samples,724,CF,-1.2379158608890355e-12
Samples,725,CF,9.743772455963022e-10
Samples,726,CF,-9.711624523570242e-13
Samples,727,CF,-1.22825454741832e-12
Samples,728,CF,1.774165982892945e-09
Samples,729,CF,7.639883640031482e-10
Samples,730,CF,1.4211664428054058e-09
Samples,731,CF,1.4476506158270667e-09
Samples,732,CF,3.517912675797011e-09
Samples,733,CF,2.3944392602754043e-09
Samples,734,CF,1.6571179760439103e-09
Samples,735,CF,1.9003835255175213e-09
Samples,736,CF,4.709755257682911e-09
Samples,737,CF,2.2983910358873172e-10
Samples,738,CF,1.8004468964619822e-09
Samples,739,CF,1.850946721822892e-09
Samples,740,CF,3.537563208201783e-09
Samples,741,CF,6.822944252710139e-10
Samples,742,CF,3.6914834398020203e-09
Samples,743,CF,1.2293831392732264e-09
Samples,744,CF,8.288781570500275e-09
Samples,745,CF,5.2322825389040885e-09
Samples,746,CF,2.3695686313740785e-09
Samples,747,CF,1.551256841702351e-09
Samples,748,CF,4.079489378621615e-09
Samples,749,CF,1.1614714693059974e-09
Samples,750,CF,2.769077273201248e-09
Samples,751,CF,1.0222788030503362e-08
Samples,752,CF,3.0277317980662465e-09
Samples,753,CF,6.740296795029842e-09
Samples,754,CF,1.2435098130880734e-09
Samples,755,CF,2.9965655061445143e-10
Samples,756,CF,2.2608479487066095e-10
Samples,757,CF,5.331757493564566e-10
Samples,758,CF,1.1256040517568993e-09
Samples,759,CF,4.2821489506130866e-10
Samples,760,CF,1.8012884868135876e-09
Samples,761,CF,1.96650771386463e-09
Samples,762,CF,1.2511707728450553e-09
Samples,763,CF,5.160908871474862e-09
Samples,764,CF,1.2765760048001404e-09
Samples,765,CF,6.504084389905144e-10
Samples,766,CF,7.787551276111353e-11
Samples,767,CF,-6.755904312181258e-11
Samples,768,CF,9.302046818410108e-11
Samples,769,CF,3.633696296928502e-11
Samples,770,CF,1.5302239657023434e-10
Samples,771,CF,-2.5077119721995392e-11
Samples,772,CF,1.4668562109717846e-10
Samples,773,CF,7.186265039318994e-09
Samples,774,CF,3.940518241619291e-10
Samples,775,CF,3.2693325610296853e-09
Samples,776,CF,1.5833572070368808e-09
Samples,777,CF,1.4652082593915305e-09
Samples,778,CF,6.55801858918703e-11
Samples,779,CF,4.2862400317628794e-10
Samples,780,CF,5.508022799457244e-10
Samples,781,CF,3.356505443732246e-09
Samples,782,CF,6.525350600062817e-10
Samples,783,CF,2.80310266450596e-10
Samples,784,CF,3.2372608226547367e-10
Samples,785,CF,4.1325366456160445e-09
Samples,786,CF,6.560233380101305e-09
Samples,787,CF,1.9276348756934593e-10
Samples,788,CF,1.13011116421904e-10
Samples,789,CF,1.5115993258123327e-09
Samples,790,CF,4.843873445728467e-10
Samples,791,CF,5.213772415534125e-10
Samples,792,CF,1.7111053898298246e-09
Samples,793,CF,1.3387191686093077e-09
Samples,794,CF,2.2422896496614474e-09
Samples,795,CF,4.051642465880872e-09
Samples,796,CF,4.688370458310029e-10
Samples,797,CF,6.85421311464309e-09
Samples,798,CF,7.595238998046099e-10
Samples,799,CF,6.778878708969182e-09
Samples,800,CF,3.2944311333880613e-10
Samples,801,CF,9.016169936317103e-11
Samples,802,CF,3.5097541755488154e-10
Samples,803,CF,1.5045856775329407e-10
Samples,804,CF,1.8916374222165064e-10
Samples,805,CF,1.1367454349164627e-08
Samples,806,CF,1.034284853440834e-10
Samples,807,CF,5.30294009170059e-10
Samples,808,CF,3.3631944391152e-09
Samples,809,CF,1.9937259984186996e-10
Samples,810,CF,2.3323239152582524e-10
Samples,811,CF,1.8739255275253455e-10
Samples,812,CF,4.617685607987324e-12
Samples,813,CF,5.695734013370176e-09
Samples,814,CF,3.657122014838038e-10
Samples,815,CF,1.3836404596330197e-10
Samples,816,CF,7.189165913669168e-11
Samples,817,CF,1.0932943404478357e-10
Samples,818,CF,1.2804044268622977e-10
Samples,819,CF,5.103400460264732e-10
Samples,820,CF,1.264051498233838e-11
Samples,821,CF,2.817146214595113e-09
Samples,822,CF,6.81987276970356e-09
Samples,823,CF,6.883186949299341e-09
Samples,824,CF,2.1137668674290165e-09
Samples,825,CF,2.5866530803059125e-09
Samples,826,CF,6.390636548312416e-10
Samples,827,CF,1.6886351837325269e-09
Samples,828,CF,1.747667955902332e-09
Samples,829,CF,1.2625867298479286e-09
Samples,830,CF,2.4471489523126575e-09
Samples,831,CF,2.8023828530605328e-09
Samples,832,CF,4.314135085351605e-09
Samples,833,CF,2.7813338167722755e-09
Samples,834,CF,6.3926747197810485e-09
Samples,835,CF,3.516747927944838e-11
Samples,836,CF,7.002404910865034e-09
Samples,837,CF,4.391974152672144e-09
Samples,838,CF,6.469522521144247e-09
Samples,839,CF,-1.1048003516336052e-10
Samples,840,CF,-2.1351923187985902e-10
Samples,841,CF,8.026968329434104e-11
Samples,842,CF,-1.1783682525395127e-10
Samples,843,CF,5.2693139101978224e-09
Samples,844,CF,-4.0747318149442135e-10
Samples,845,CF,4.576310605988237e-09
Samples,846,CF,7.288710784005517e-11
Samples,847,CF,4.053948028811163e-09
Samples,848,CF,3.952552504393201e-09
Samples,849,CF,9.099242419062248e-11
Samples,850,CF,6.6852694499754425e-09
Samples,851,CF,2.338204503852174e-09
Samples,852,CF,2.5135815774645313e-09
Samples,853,CF,1.8113170560691867e-08
Samples,854,CF,2.6190216845873476e-09
Samples,855,CF,1.3027930012548716e-09
Samples,856,CF,2.3101469337570863e-09
Samples,857,CF,3.0997095780822976e-09
Samples,858,CF,2.1523384791846488e-09
Samples,859,CF,1.704798215313585e-09
Samples,860,CF,5.077264960740768e-10
Samples,861,CF,1.2904938921993216e-09
Samples,862,CF,2.1641438881756102e-09
Samples,863,CF,2.4361386767862045e-09
Samples,864,CF,5.684745627872657e-10
Samples,865,CF,1.3099814491436508e-09
Samples,866,CF,9.190378185777694e-10
Samples,867,CF,4.3187620261180623e-10
Samples,868,CF,2.3826939193957617e-10
Samples,869,CF,6.121587317804366e-10
Samples,870,CF,2.6632073865558678e-09
Samples,871,CF,5.866236418183915e-10
Samples,872,CF,5.014141719806531e-10
Samples,873,CF,2.5069315810713173e-09
Samples,874,CF,9.230845472104754e-10
Samples,875,CF,1.2652201816809932e-10
Samples,876,CF,8.079193506558483e-10
Samples,877,CF,3.531665398330557e-09
Samples,878,CF,1.2990039859073243e-09
Samples,879,CF,1.9367555706413447e-09
Samples,880,CF,4.5879574336375064e-10
Samples,881,CF,7.619588590923092e-10
Samples,882,CF,1.8784414414585855e-09
Samples,883,CF,2.1084716775868866e-09
Samples,884,CF,2.258667069466504e-09
Samples,885,CF,1.4083465829298908e-09
Samples,886,CF,1.2321377519504046e-09
Samples,887,CF,4.572867062098556e-09
Samples,888,CF,3.989450368427465e-09
Samples,889,CF,2.0782273096775598e-10
Samples,890,CF,1.684460941540103e-10
Samples,891,CF,-2.2593790737276992e-11
Samples,892,CF,1.6708430514572118e-10
Samples,893,CF,1.7327590576211237e-10
Samples,894,CF,7.617763414186832e-09
Samples,895,CF,7.976908469974571e-09
Samples,896,CF,6.863302053826599e-09
Samples,897,CF,2.253896575450743e-08
Samples,898,CF,6.788019629442182e-09
Samples,899,CF,3.276033393137985e-08
Samples,900,CF,3.8290497275546485e-08
Samples,901,CF,-2.504291793010639e-10
Samples,902,CF,6.891497148405248e-09
Samples,903,CF,6.796689275098656e-09
Samples,904,CF,-3.243520279599083e-11
Samples,905,CF,-4.544896477451238e-11
Samples,906,CF,3.326916301705881e-08
Samples,907,CF,4.860653933414675e-08
Samples,908,CF,4.037906974957514e-08
Samples,909,CF,2.2707974992280204e-08
Samples,910,CF,7.972665689002216e-09
Samples,911,CF,3.761345928270802e-09
Samples,912,CF,2.8873433818425897e-09
Samples,913,CF,5.004881080186362e-10
Samples,914,CF,3.934881532650962e-09
Samples,915,CF,-2.699163020651897e-10
Samples,916,CF,5.486297697810514e-09
Samples,917,CF,8.379062143683587e-09
Samples,918,CF,6.735617746710973e-09
Samples,919,CF,6.781441089779894e-09
Samples,920,CF,6.642451155944572e-09
Samples,921,CF,6.973595640689118e-10
Samples,922,CF,1.8939602864525063e-09
Samples,923,CF,1.033385374639091e-09
Samples,924,CF,8.459944117805856e-09
Samples,925,CF,1.3182977781933045e-09
Samples,926,CF,8.248776872881967e-09
Samples,927,CF,3.60069448864498e-08
Samples,928,CF,1.2071336059456968e-07
Samples,929,CF,5.266533819979322e-09
Samples,930,CF,1.244605880686546e-08
Samples,931,CF,4.999793904630029e-09
Samples,932,CF,2.561296285265074e-09
Samples,933,CF,4.232532201915636e-11
Samples,934,CF,1.5813565588994136e-08
Samples,935,CF,1.2050707832951229e-08
Samples,936,CF,5.9682650601629265e-09
Samples,937,CF,3.938488311221297e-09
Samples,938,CF,4.8441970960081175e-09
Samples,939,CF,6.285224117569928e-08
Samples,940,CF,2.2871733708303928e-08
Samples,941,CF,3.610632451984527e-10
Samples,942,CF,2.463819802527956e-08
Samples,943,CF,1.2424356872110867e-08
Samples,944,CF,4.479044484902881e-09
Samples,945,CF,6.9497030732518186e-09
Samples,946,CF,6.8361458396207595e-09
Samples,947,CF,6.678373454177825e-09
Samples,948,CF,6.741515257885839e-09
Samples,949,CF,6.828455546625771e-09
Samples,950,CF,6.803006703976048e-09
Samples,951,CF,-3.123730891687719e-10
Samples,952,CF,3.649068009693487e-09
Samples,953,CF,5.71318841995918e-09
Samples,954,CF,8.837186127239214e-08
Samples,955,CF,4.49534736539493e-08
Samples,956,CF,7.794009997203719e-10
Samples,959,CF,1.993941361116904e-10
Samples,960,CF,4.9862769427584644e-09
Samples,961,CF,1.9910967170255646e-09
Samples,962,CF,3.0645707346301857e-09
Samples,963,CF,4.926469737023127e-09
Samples,964,CF,1.5402271733333615e-08
Samples,965,CF,1.55430092172454e-08
Samples,966,CF,1.7535679951570434e-09
Samples,967,CF,3.217202897896299e-09
Samples,969,CF,4.949127277346507e-09
Samples,970,CF,1.2120563572015603e-09
Samples,971,CF,3.5770865636933425e-09
Samples,973,CF,1.4598285236210513e-09
Samples,974,CF,5.938100293305231e-09
Samples,975,CF,3.189193158348062e-08
Samples,976,CF,4.189107356001195e-09
Samples,977,CF,2.443490979476258e-09
Samples,978,CF,-6.332839853211729e-10
Samples,979,CF,3.7243173988828014e-09
Samples,982,CF,1.0909316965032743e-08
Samples,983,CF,9.318877195885181e-09
Samples,985,CF,4.8716405722259345e-09
Samples,987,CF,1.4993712441431725e-07
Samples,988,CF,2.2508756238546436e-08
Samples,989,CF,1.516045683452092e-07
Samples,990,CF,2.509163353070095e-08
Samples,991,CF,2.1419977871594736e-07
Samples,992,CF,1.8096346845841413e-07
Samples,993,CF,2.1140611852556341e-07
Samples,994,CF,6.764456127735722e-10
Samples,995,CF,3.782134608581419e-09
Samples,996,CF,1.8221418869944327e-07
Samples,997,CF,3.608388297097142e-07
Samples,998,CF,9.812119206553465e-09
Samples,999,CF,3.574777056252302e-07
Samples,1000,CF,8.651970399707726e-09
Samples,1001,CF,7.193158709647952e-09
Samples,1002,CF,6.758448842760635e-08
Samples,1003,CF,7.412200642187138e-08
Samples,1004,CF,7.388658400300802e-08
Samples,1005,CF,8.117695040918119e-08
Samples,1006,CF,6.337346859156217e-08
Samples,1007,CF,6.877411734133194e-08
Samples,1008,CF,7.781561594542478e-08
Samples,1009,CF,7.491311061779578e-08
Samples,1010,CF,2.138439636010496e-10
Samples,1011,CF,-1.643786688138234e-10
Samples,1012,CF,5.2300999514196915e-11
Samples,1013,CF,5.77773444114154e-08
Samples,1014,CF,2.509772373117444e-09
Samples,1015,CF,2.606987543646357e-10
Samples,1016,CF,-2.2031327339352903e-12
Samples,1017,CF,-3.4057434355250326e-11
Samples,1018,CF,-6.654240862669433e-11
Samples,1019,CF,2.6695169808784134e-11
Samples,1020,CF,1.4741606840638657e-10
Samples,1021,CF,2.2846109472356541e-10
Samples,1022,CF,3.7831146573118477e-10
Samples,1023,CF,2.63565266727806e-10
Samples,1024,CF,2.888720059992593e-10
Samples,1025,CF,-1.0496254162113737e-10
Samples,4,CI,4.3286000421755295
Samples,5,CI,5.733061919867864
Samples,6,CI,48.027776911457174
Samples,7,CI,24.58240244669436
Samples,8,CI,129.05917602836834
Samples,9,CI,53.22718896336209
Samples,10,CI,86.69751192983475
Samples,11,CI,3670.1296152585633
Samples,12,CI,0.5533443181837152
Samples,17,CI,25055.383253582255
Samples,19,CI,18470.97495862345
Samples,20,CI,141651.24412625618
Samples,21,CI,411979.9542033491
Samples,26,CI,59.4001303302888
Samples,28,CI,66.61798643287618
Samples,29,CI,402667.22680517787
Samples,30,CI,-6114872.898111118
Samples,32,CI,126130.09331564236
Samples,34,CI,687962.7171134802
Samples,35,CI,1747.2324269169872
Samples,37,CI,322228.7419286141
Samples,39,CI,594295.055968458
Samples,41,CI,594.9182477590218
Samples,42,CI,438.34568955257635
Samples,44,CI,33108.89057804372
Samples,55,CI,400918.93356237776
Samples,56,CI,802426.5174608335
Samples,58,CI,4.293757224928165
Samples,59,CI,101.67165787056648
Samples,60,CI,316.7847859689727
Samples,61,CI,1226.7926479846813
Samples,62,CI,248.06019639280532
Samples,63,CI,300.3045155704904
Samples,64,CI,1148.6073648514343
Samples,65,CI,431.0730672298184
Samples,66,CI,382.36370656838994
Samples,67,CI,451.8646102305135
Samples,68,CI,451.03176020960603
Samples,69,CI,428.1242040232497
Samples,70,CI,585.8634590377709
Samples,71,CI,24.852173444285334
Samples,72,CI,1244.585666017965
Samples,73,CI,4.090742786298653
Samples,74,CI,296.78626179878586
Samples,75,CI,1015.4069946375788
Samples,76,CI,2.4410062172276117
Samples,77,CI,1.978169878334941
Samples,78,CI,68.76470302190451
Samples,79,CI,460.0891411283071
Samples,80,CI,7.4187631719104985
Samples,81,CI,8.264729136502417
Samples,82,CI,0.8113583464709562
Samples,83,CI,23.077933395745983
Samples,84,CI,0.7676968277680176
Samples,85,CI,495.53223976637287
Samples,86,CI,1.6866372743908218
Samples,87,CI,1.7529853767702601
Samples,88,CI,1.47991301325516
Samples,89,CI,0.9493324556212404
Samples,91,CI,2149.6168600040187
Samples,93,CI,612.1771261184235
Samples,94,CI,173632.0855619111
Samples,95,CI,450617.88157886046
Samples,96,CI,509105.4808989027
Samples,98,CI,1818.4467008385864
Samples,100,CI,2627.608034573357
Samples,101,CI,40.72222325163239
Samples,102,CI,339.30502105043644
Samples,103,CI,0.4240563239357803
Samples,106,CI,191.59785889490408
Samples,107,CI,506468.53030119877
Samples,109,CI,3.751883188207083
Samples,113,CI,26476422.356340244
Samples,115,CI,11.831292571828774
Samples,118,CI,139.85726116590627
Samples,119,CI,1181.136784567431
Samples,120,CI,232.39369149777227
Samples,121,CI,0.622205018411159
Samples,122,CI,313.05972931210374
Samples,123,CI,0.6758386281016987
Samples,124,CI,63.50226156518409
Samples,125,CI,169.21694510196323
Samples,126,CI,-1053.0724531037633
Samples,127,CI,0.7370349876766012
Samples,128,CI,0.5909116526398072
Samples,129,CI,1.1253262341394878
Samples,130,CI,0.7310526085182606
Samples,131,CI,-471.2048360626193
Samples,132,CI,0.5318975374021596
Samples,133,CI,0.4978780538093907
Samples,134,CI,0.5195584065540074
Samples,136,CI,3.191822492997907
Samples,137,CI,6.150229665859447
Samples,138,CI,2.7396974024030065
Samples,139,CI,0.4683100094970832
Samples,140,CI,0.45324944903112163
Samples,141,CI,0.4614376013269442
Samples,142,CI,1805.1140637191077
Samples,143,CI,5447.81232439941
Samples,144,CI,0.48300472721117077
Samples,145,CI,18.55862026642492
Samples,146,CI,4.712263398849953
Samples,147,CI,2340.861306060201
Samples,148,CI,0.5262433117201839
Samples,149,CI,5660.989091986041
Samples,150,CI,1.0730246317371182
Samples,151,CI,1.9806682444284776
Samples,152,CI,1.0125178617246344
Samples,153,CI,0.6113515103472105
Samples,154,CI,0.4949723035730063
Samples,155,CI,0.7506375398843438
Samples,156,CI,0.5931853508499747
Samples,158,CI,-12.863625070713052
Samples,159,CI,2363.1009924084156
Samples,160,CI,113326.93597323731
Samples,161,CI,227.97463547485594
Samples,164,CI,-11.83698754170643
Samples,165,CI,207.66338246478637
Samples,166,CI,415.9599505339122
Samples,167,CI,95.26256266468565
Samples,169,CI,0.6066620935930199
Samples,171,CI,40025.34820667045
Samples,172,CI,38.62505583292925
Samples,174,CI,10.22997074171141
Samples,175,CI,1.7288896439081034
Samples,176,CI,0.5421356290913967
Samples,177,CI,4.213768107847445
Samples,178,CI,6.405120488775254
Samples,179,CI,0.8250526671051632
Samples,181,CI,1.9846450398374758
Samples,182,CI,0.9543299640272669
Samples,183,CI,5.269970839686143
Samples,184,CI,15.153139461930818
Samples,185,CI,0.8943456768990534
Samples,186,CI,0.9823387516521341
Samples,187,CI,0.6940950078167792
Samples,188,CI,0.5632177300395286
Samples,189,CI,29.680990246753932
Samples,190,CI,15.178819533375599
Samples,191,CI,0.029670856902505368
Samples,192,CI,2.0512926395720443
Samples,193,CI,27.949221198370818
Samples,194,CI,72.83714091336327
Samples,195,CI,5.485091044629227
Samples,196,CI,0.6065145025774913
Samples,197,CI,277.6046099251147
Samples,198,CI,658.9125095425816
Samples,199,CI,39.88465931232836
Samples,200,CI,24.33983222119276
Samples,201,CI,0.5572155709950083
Samples,202,CI,1137.8351305531812
Samples,203,CI,143.62378028876063
Samples,204,CI,0.5292840856284
Samples,205,CI,88.71955696377348
Samples,206,CI,1315.122154209195
Samples,207,CI,0.4869583011745771
Samples,208,CI,3698.4933536509548
Samples,209,CI,8.340305269420302
Samples,210,CI,0.4906766882248577
Samples,211,CI,3978.2074674905402
Samples,212,CI,846.5570908291902
Samples,213,CI,0.4943474192295022
Samples,214,CI,1731.122228221443
Samples,215,CI,1.5099951233223992
Samples,216,CI,0.46969037853421675
Samples,217,CI,481.72224534029925
Samples,218,CI,0.5356662675420524
Samples,219,CI,40.743589553463856
Samples,220,CI,0.6306820997053493
Samples,221,CI,4.858204030571887
Samples,222,CI,119.8009661584524
Samples,223,CI,60.99777183600768
Samples,224,CI,0.8633710535700976
Samples,225,CI,84.53500002400516
Samples,226,CI,2.9915847399556053
Samples,227,CI,187.48661485841058
Samples,228,CI,61.68900163532474
Samples,229,CI,2477.9913687630396
Samples,230,CI,429.15643193616603
Samples,231,CI,0.5503372062491916
Samples,232,CI,1.0771985343014536
Samples,233,CI,45.36500209821849
Samples,234,CI,5.263062804206152
Samples,235,CI,1.842549678466605
Samples,236,CI,147.89470652224844
Samples,237,CI,2.4058767452918572
Samples,238,CI,0.5761696372547727
Samples,239,CI,92.1465809932384
Samples,240,CI,245.1939931751698
Samples,241,CI,0.5442295877535327
Samples,242,CI,9.097665487566966
Samples,243,CI,144.81838464579806
Samples,244,CI,211.35885797983505
Samples,245,CI,271.63044392638614
Samples,246,CI,5.145375430559948
Samples,247,CI,12.059732352790757
Samples,248,CI,6.9007919186978315
Samples,249,CI,94.00114714438759
Samples,250,CI,29.597615304742714
Samples,251,CI,58.010244018164244
Samples,252,CI,0.5642403610666957
Samples,253,CI,16.99872903213132
Samples,254,CI,12.15221112265864
Samples,255,CI,9.987027150947204
Samples,256,CI,25.754710693995282
Samples,257,CI,15.496244922235661
Samples,258,CI,21.710085649867864
Samples,259,CI,6.240769261935774
Samples,260,CI,105.41647197145265
Samples,261,CI,37.10806473285979
Samples,262,CI,31.81827948426791
Samples,263,CI,9.581747250085357
Samples,264,CI,836.8577901672152
Samples,265,CI,19.274854864756232
Samples,266,CI,0.6477215964782623
Samples,267,CI,1.5757766543272769
Samples,268,CI,3.4390263830735694
Samples,269,CI,24.60451969867235
Samples,270,CI,1.0362943846288077
Samples,271,CI,3008.153913073372
Samples,272,CI,76.26524279346235
Samples,273,CI,2175.677493616125
Samples,274,CI,235.71981166952466
Samples,275,CI,28.030340904367883
Samples,276,CI,11.73560110508505
Samples,277,CI,5.02486694305011
Samples,278,CI,0.5288455449915332
Samples,279,CI,11.15364511051574
Samples,280,CI,0.8026308014101343
Samples,281,CI,0.41049107325013523
Samples,282,CI,0.4832352948918512
Samples,283,CI,0.413577761072074
Samples,284,CI,1.3923297493634237
Samples,285,CI,1.8209358765391368
Samples,286,CI,4.214636902938603
Samples,287,CI,0.8106892535170729
Samples,288,CI,2.0002167030859144
Samples,289,CI,0.34078745491417634
Samples,290,CI,0.43023711842672147
Samples,291,CI,16640.414619294927
Samples,292,CI,5.809523749542027
Samples,293,CI,0.40463465420999567
Samples,294,CI,1275856.8360066714
Samples,295,CI,1240471.3378428733
Samples,296,CI,1029776.1900258538
Samples,297,CI,9802.574380832728
Samples,298,CI,6128.78904460618
Samples,299,CI,22.90840221754247
Samples,300,CI,0.5497224060598039
Samples,301,CI,78.70915802420343
Samples,302,CI,21355167.799093768
Samples,303,CI,194.45324740052254
Samples,304,CI,941.275576377153
Samples,305,CI,4295.950752954387
Samples,306,CI,176.43244599907518
Samples,307,CI,36.78751987445266
Samples,308,CI,1.1387048957716102
Samples,311,CI,151838.69581675294
Samples,319,CI,191087.54726030477
Samples,320,CI,176608.49159370305
Samples,323,CI,202.75035120236458
Samples,324,CI,408.86667598596836
Samples,325,CI,23637.49828125703
Samples,326,CI,15082.773943435335
Samples,327,CI,15893.593457396079
Samples,328,CI,22051.71814291166
Samples,329,CI,24412.319678394484
Samples,330,CI,13877.617556244757
Samples,331,CI,30701.57186958647
Samples,332,CI,0.44606932283109957
Samples,333,CI,312.4692495148612
Samples,334,CI,457.99561835364875
Samples,335,CI,204.81087944109436
Samples,336,CI,304.0340896594648
Samples,337,CI,170.42986941684376
Samples,338,CI,205766.8082215034
Samples,339,CI,38712.53684601063
Samples,340,CI,10774.948703685724
Samples,341,CI,41843.48199316984
Samples,342,CI,21613.309789806888
Samples,343,CI,95620.61705317203
Samples,344,CI,150167.44631536218
Samples,345,CI,7799393.325089411
Samples,346,CI,239.73449375431716
Samples,347,CI,146568.40581047468
Samples,348,CI,26548.812881331432
Samples,349,CI,75702.3982482285
Samples,350,CI,11247.044743065486
Samples,351,CI,160590.37955229796
Samples,352,CI,12502.886908043958
Samples,353,CI,19465.474143350177
Samples,354,CI,310.37994598440224
Samples,355,CI,-2.2411477397206885
Samples,356,CI,70.22457604857294
Samples,357,CI,465.4191982530159
Samples,358,CI,48.25333518622036
Samples,359,CI,29592.139270181648
Samples,361,CI,376838.408911186
Samples,362,CI,77208.89184722332
Samples,363,CI,247635.40513345797
Samples,364,CI,129917.75002319747
Samples,365,CI,3506639.299195741
Samples,367,CI,2277.536040862772
Samples,368,CI,68155.97858451953
Samples,370,CI,17.396373110656665
Samples,374,CI,8.491699919216286
Samples,375,CI,3.461636645249387
Samples,376,CI,3.3278274066183497
Samples,377,CI,16.792476964661915
Samples,378,CI,14.521718067268708
Samples,379,CI,9.47096385316954
Samples,380,CI,27.1178511689572
Samples,381,CI,2.4746941365730724
Samples,382,CI,3.1794008059992036
Samples,383,CI,0.6313388663274765
Samples,384,CI,8.151371172583817
Samples,385,CI,28995.733080365582
Samples,386,CI,218541.01226997018
Samples,387,CI,104368.32680841963
Samples,388,CI,206956.8230278462
Samples,389,CI,271382.18382380146
Samples,390,CI,297268.17075039237
Samples,391,CI,191610.0931881576
Samples,392,CI,143226.02064136814
Samples,393,CI,110037.19930578646
Samples,394,CI,87777.98526003718
Samples,395,CI,54199.250150991866
Samples,396,CI,31173.422273931606
Samples,397,CI,134224.5339439251
Samples,398,CI,44084.20502047769
Samples,399,CI,8525.530498367209
Samples,400,CI,0.4808755154574561
Samples,401,CI,0.4883941411825602
Samples,402,CI,0.4886591724976222
Samples,403,CI,438945.8369399905
Samples,404,CI,1004824.4868338509
Samples,405,CI,1121043.9069394683
Samples,406,CI,1164880.712923593
Samples,407,CI,927367.8671682467
Samples,408,CI,570.3293056622243
Samples,409,CI,183.71213181576638
Samples,410,CI,0.5019529817953243
Samples,411,CI,1219.4413752729693
Samples,412,CI,382.27985794991065
Samples,413,CI,-16519.64089019364
Samples,414,CI,45.85480554165927
Samples,415,CI,0.5741820321893069
Samples,416,CI,-0.0030006511127597495
Samples,417,CI,2.408080305434375
Samples,418,CI,19.58385393392653
Samples,419,CI,140.89461924112265
Samples,420,CI,470.72179787472834
Samples,421,CI,228264.00323694677
Samples,422,CI,215094.53790275106
Samples,423,CI,390600.21705691464
Samples,424,CI,177.28569075243152
Samples,425,CI,75895.86276819649
Samples,426,CI,6212.069433159647
Samples,427,CI,165548.47834870103
Samples,428,CI,29429.085355739753
Samples,429,CI,0.3942812015803548
Samples,430,CI,0.41923601033381425
Samples,431,CI,0.43639969517865174
Samples,432,CI,1.813726158640203
Samples,433,CI,1.5202414941586964
Samples,434,CI,0.8658163885158705
Samples,435,CI,0.366417444656263
Samples,436,CI,0.4006059961826392
Samples,437,CI,2.5734921568503957
Samples,438,CI,0.8924547196550844
Samples,439,CI,0.5861545123218301
Samples,440,CI,0.4129515919307393
Samples,441,CI,2.4249527417697645
Samples,442,CI,0.3897119302670703
Samples,443,CI,0.3662910901918883
Samples,444,CI,50.775961901145706
Samples,445,CI,161.0258713863696
Samples,446,CI,878.7810895482534
Samples,447,CI,24.447841990286225
Samples,448,CI,2.0695484891805234
Samples,449,CI,0.4190545569011978
Samples,450,CI,12.585694447914483
Samples,451,CI,106.1827899085355
Samples,452,CI,130549.22954037385
Samples,453,CI,59563.85152793933
Samples,454,CI,83824.3101421874
Samples,455,CI,9.237093174455445
Samples,456,CI,28.272822974164686
Samples,457,CI,46.2600970133372
Samples,458,CI,60.069797894510636
Samples,459,CI,0.3940600067876224
Samples,460,CI,11.713991219265525
Samples,461,CI,0.4200567583941686
Samples,462,CI,0.3355866069847746
Samples,463,CI,0.3618899243696561
Samples,464,CI,2.7639813665405533
Samples,465,CI,0.32368726941297143
Samples,466,CI,0.43520921322645156
Samples,467,CI,0.3216134694969616
Samples,468,CI,0.366778257003626
Samples,469,CI,5022.071364203039
Samples,470,CI,0.3305097643734182
Samples,471,CI,36.95857140441815
Samples,472,CI,10.470079809917474
Samples,473,CI,6.31173526908113
Samples,474,CI,11.354576787587565
Samples,475,CI,0.3721231903279761
Samples,476,CI,0.45454763665374
Samples,477,CI,23.44680297546036
Samples,478,CI,49.160263962936824
Samples,479,CI,4.360963942411879
Samples,480,CI,1.0729323131949733
Samples,481,CI,0.408589995605946
Samples,482,CI,2.5642151618105062
Samples,483,CI,0.36249599169410107
Samples,484,CI,2.5157465852352106
Samples,485,CI,0.7341161110293274
Samples,486,CI,14.36514422102365
Samples,487,CI,0.6946961914712778
Samples,488,CI,0.4024577984650574
Samples,489,CI,103.43989929188434
Samples,490,CI,0.36673711548212
Samples,491,CI,13.032017798041746
Samples,492,CI,0.32875645245983776
Samples,493,CI,0.34193571098128084
Samples,494,CI,3639.235323455365
Samples,495,CI,3886.7332176483924
Samples,496,CI,0.3322828186480158
Samples,497,CI,0.3431194258342169
Samples,498,CI,242.39342519491368
Samples,499,CI,686.0002122796039
Samples,500,CI,0.3592456612951083
Samples,501,CI,0.3487318181620136
Samples,502,CI,0.34102381992973996
Samples,503,CI,0.4109780631813105
Samples,504,CI,0.35729286756321177
Samples,505,CI,0.39403743447927575
Samples,506,CI,0.35799466282547965
Samples,507,CI,0.39133735414586995
Samples,508,CI,3032.5707884282856
Samples,509,CI,0.10310303613269761
Samples,510,CI,1037.4935047631898
Samples,511,CI,39.021106091369596
Samples,512,CI,877.6141194390573
Samples,513,CI,10.746553304974723
Samples,514,CI,1735.9660268761506
Samples,515,CI,2219.1462398697063
Samples,516,CI,2183.617411763942
Samples,517,CI,-230765.01859203764
Samples,518,CI,2097.2693006182158
Samples,519,CI,1695.743185747458
Samples,520,CI,2190.349925381947
Samples,521,CI,1714.0497287398657
Samples,522,CI,0.4213314430079364
Samples,523,CI,2245.1874981232936
Samples,524,CI,0.3801670689891225
Samples,525,CI,166.3864840102027
Samples,526,CI,361.1166991043148
Samples,527,CI,544.6737853339006
Samples,528,CI,1.1437379198265172
Samples,529,CI,98.86451912066659
Samples,530,CI,10.280822289634868
Samples,531,CI,7.7569107834571716
Samples,532,CI,1.7374121034574155
Samples,533,CI,344.29092362086345
Samples,534,CI,0.2593294898055233
Samples,535,CI,0.5302694835843073
Samples,536,CI,51.38629482423505
Samples,537,CI,21.681634903693613
Samples,538,CI,1.212849214215239
Samples,539,CI,0.3759365931207024
Samples,540,CI,0.3802433076462493
Samples,541,CI,6315.536484464821
Samples,542,CI,0.34589594207845586
Samples,543,CI,0.3717724733625572
Samples,544,CI,0.45655152394262055
Samples,545,CI,0.27321630292831944
Samples,546,CI,0.5964479914308024
Samples,547,CI,0.5952972575942134
Samples,548,CI,0.5653136556130683
Samples,549,CI,0.6484489130081602
Samples,550,CI,33.0958112434797
Samples,551,CI,352.7635468795652
Samples,552,CI,1.388061998549801
Samples,553,CI,0.50853871244468
Samples,554,CI,0.6017328526777614
Samples,555,CI,0.8496036220339243
Samples,556,CI,67.38600027036136
Samples,557,CI,1.3955404801179663
Samples,558,CI,0.30267505900420333
Samples,559,CI,146834.35006697444
Samples,560,CI,125781.12034594126
Samples,561,CI,9601780.074103378
Samples,562,CI,0.3747982222030589
Samples,563,CI,46643.86170938996
Samples,564,CI,35275.04827269564
Samples,565,CI,114675.05427655617
Samples,566,CI,2551060.493195775
Samples,567,CI,137.07395070612012
Samples,568,CI,965456.6864283347
Samples,569,CI,119928.49355198328
Samples,570,CI,0.38798298730543995
Samples,571,CI,227613.8173921413
Samples,572,CI,163531.3021602319
Samples,573,CI,317316.92802638334
Samples,574,CI,17349851.611275956
Samples,575,CI,346.4544666800783
Samples,576,CI,0.4166908677324444
Samples,577,CI,0.3724185963535753
Samples,578,CI,0.3660353914297365
Samples,579,CI,0.4162318620970197
Samples,580,CI,0.4770598696745979
Samples,581,CI,43.363528064518796
Samples,582,CI,128.10136081115343
Samples,583,CI,13.034525561666038
Samples,584,CI,0.3162078894461117
Samples,585,CI,56512.34938117161
Samples,586,CI,0.570247657422305
Samples,587,CI,186999.3502333445
Samples,588,CI,168299.99263587428
Samples,589,CI,126538.10431621944
Samples,590,CI,63713.94156716997
Samples,591,CI,3314.179797881447
Samples,592,CI,21147.68034079379
Samples,593,CI,16254.731142664532
Samples,594,CI,2.3458705388134593
Samples,595,CI,22257.200131702662
Samples,596,CI,92379.11269488218
Samples,597,CI,1395.542330506421
Samples,598,CI,0.3162184426189674
Samples,599,CI,89.1009031064396
Samples,600,CI,14.546411033215016
Samples,601,CI,0.2777572220591872
Samples,602,CI,0.2814436355843925
Samples,603,CI,0.29060169391417534
Samples,604,CI,0.2991829337323327
Samples,605,CI,1.035908452780209
Samples,606,CI,0.2814840226610727
Samples,607,CI,6.948696283235804
Samples,608,CI,0.2731869562590982
Samples,609,CI,0.2728022787053811
Samples,610,CI,0.3067706140180609
Samples,611,CI,61.30498880363367
Samples,612,CI,0.8988753803128685
Samples,613,CI,0.2781166355462207
Samples,614,CI,28.781770361289965
Samples,615,CI,0.3284723032677854
Samples,616,CI,9.384141722922255
Samples,617,CI,0.48797691679441313
Samples,618,CI,0.35391825245659875
Samples,619,CI,0.4551462904505524
Samples,620,CI,0.5284733805925473
Samples,621,CI,0.0025299862116170808
Samples,622,CI,0.18359923824635305
Samples,623,CI,0.28963927768257236
Samples,624,CI,13.683264062944401
Samples,625,CI,0.3910903259799095
Samples,626,CI,0.38493312787884004
Samples,627,CI,0.4237847208834988
Samples,628,CI,8.309574373947791
Samples,629,CI,0.5994163855035537
Samples,630,CI,1.3851783748894848
Samples,631,CI,650.7176406006458
Samples,632,CI,4.55474478714459
Samples,633,CI,12.436766683584239
Samples,634,CI,32.858683177249986
Samples,635,CI,0.3429010076440064
Samples,636,CI,0.3495385983365944
Samples,637,CI,0.4498431814343266
Samples,638,CI,0.33218679263320894
Samples,639,CI,39.2649111768539
Samples,640,CI,55.857881476012906
Samples,641,CI,17.81700358644588
Samples,642,CI,0.3706156302219485
Samples,643,CI,12.88893971313056
Samples,645,CI,24.406573081261026
Samples,646,CI,41.651314516476255
Samples,647,CI,17.024460037132677
Samples,648,CI,0.24538814329911798
Samples,649,CI,36.95907760628551
Samples,650,CI,0.3462882261695772
Samples,651,CI,12.1105793902028
Samples,652,CI,0.36784606532805897
Samples,653,CI,0.5908921361301445
Samples,654,CI,0.3680215227879913
Samples,655,CI,10.69967443394908
Samples,656,CI,0.6402973709292376
Samples,657,CI,0.6710180387976641
Samples,658,CI,0.674902904324932
Samples,659,CI,151.77344182872602
Samples,660,CI,39.232859303431155
Samples,661,CI,29.666208645959042
Samples,662,CI,0.2966984580779474
Samples,663,CI,5440.129714559371
Samples,664,CI,0.3089650300206939
Samples,665,CI,117.17146535201253
Samples,666,CI,0.3000517237276195
Samples,667,CI,527.4834291033192
Samples,668,CI,1134.495416963525
Samples,669,CI,27454.050419440235
Samples,670,CI,0.4887466108004651
Samples,671,CI,26152.870887821533
Samples,672,CI,-83536.80813028433
Samples,673,CI,0.3120282120178465
Samples,674,CI,0.2819287417989952
Samples,675,CI,0.3917962125568714
Samples,676,CI,19838.6874340351
Samples,677,CI,212984.9190551376
Samples,678,CI,24108.070486785018
Samples,679,CI,0.5047775937046541
Samples,680,CI,0.4701228047705875
Samples,681,CI,0.42874618759729516
Samples,682,CI,0.36736125663022345
Samples,683,CI,0.3770281455056684
Samples,684,CI,788.0578743763448
Samples,685,CI,3795.8243655932943
Samples,686,CI,859.9676649115064
Samples,687,CI,11.370392539860172
Samples,688,CI,24467.94401632784
Samples,689,CI,0.39625456946509335
Samples,690,CI,6876.863305407741
Samples,691,CI,1141.332371775623
Samples,692,CI,0.32899583765463886
Samples,693,CI,5608.65505779178
Samples,694,CI,0.4498808929105523
Samples,695,CI,1.9409680223994792
Samples,696,CI,7.597249487117142
Samples,697,CI,0.6137655100078591
Samples,698,CI,0.594631251389979
Samples,699,CI,641.1903161138395
Samples,700,CI,0.568059596401426
Samples,701,CI,0.5542065443141431
Samples,702,CI,0.5254206694145034
Samples,703,CI,11.695079193021641
Samples,704,CI,4478.8102075530605
Samples,705,CI,0.16891564355578093
Samples,706,CI,4196.725978703625
Samples,707,CI,0.5466765965534266
Samples,708,CI,10544.281995213381
Samples,709,CI,13191.405376442228
Samples,710,CI,6639.35972652253
Samples,711,CI,235.76294045638275
Samples,712,CI,2178.7938885822296
Samples,713,CI,12598.022163874244
Samples,714,CI,14882.429154981413
Samples,715,CI,7228.19925344849
Samples,716,CI,13365.809343560566
Samples,717,CI,11727.599250501482
Samples,718,CI,16517.581539665276
Samples,719,CI,20467.469273497958
Samples,720,CI,5455.245262227598
Samples,721,CI,25818.237352022632
Samples,722,CI,12094.294204463355
Samples,723,CI,29985.027004209667
Samples,724,CI,30483.665122055216
Samples,725,CI,12307.992523795952
Samples,726,CI,25855.03263636031
Samples,727,CI,27515.010754911294
Samples,728,CI,19900.621642238333
Samples,729,CI,4188.314909332963
Samples,730,CI,5096.55446919088
Samples,731,CI,3841.1613904059327
Samples,732,CI,5437.94650999458
Samples,733,CI,22287.315781461948
Samples,734,CI,4892.804762473544
Samples,735,CI,0.31794976825508714
Samples,736,CI,32545.141656743643
Samples,737,CI,-0.05432654392048697
Samples,738,CI,27524.90911060057
Samples,739,CI,12276.843800183284
Samples,740,CI,0.4970079990665768
Samples,741,CI,0.5155163819688157
Samples,742,CI,285.5423485204099
Samples,743,CI,0.37389531438160645
Samples,744,CI,12.293417366598538
Samples,745,CI,1789.9525277270182
Samples,746,CI,0.4690118838127831
Samples,747,CI,1079.1541846782789
Samples,748,CI,1952.3720313425697
Samples,749,CI,3130.6990538987247
Samples,750,CI,992.3472038931327
Samples,751,CI,1404.5854466794553
Samples,752,CI,7267.256496542707
Samples,753,CI,1072.3612212748608
Samples,754,CI,1464.2951893101783
Samples,755,CI,2350.392368600067
Samples,756,CI,2649.399145339523
Samples,757,CI,2534.3027425316563
Samples,758,CI,1306.7103752146097
Samples,759,CI,1200.6999635912289
Samples,760,CI,483.1074057425741
Samples,761,CI,71.7141593561949
Samples,762,CI,1116.1867616275006
Samples,763,CI,6.390808814460709
Samples,764,CI,1412.58931967578
Samples,765,CI,9.066895209574756
Samples,766,CI,569850.4348831116
Samples,767,CI,13833.345189515445
Samples,768,CI,368946.9174218742
Samples,769,CI,525733.4811285574
Samples,770,CI,522505.3569041128
Samples,771,CI,19104.49153268149
Samples,772,CI,516048.119357917
Samples,773,CI,0.5458609226805174
Samples,774,CI,898.6901642549655
Samples,775,CI,0.5883185539606323
Samples,776,CI,65.70640408472246
Samples,777,CI,5.403088051806049
Samples,778,CI,222.91577935683145
Samples,779,CI,5.865610946522558
Samples,780,CI,1636.0971828209542
Samples,781,CI,27.927637855098407
Samples,782,CI,2000.1463789528157
Samples,783,CI,492.4479914134944
Samples,784,CI,843.980208633605
Samples,785,CI,35.265147066082314
Samples,786,CI,0.5301911855282697
Samples,787,CI,201.8699475445145
Samples,788,CI,160.56632269491513
Samples,789,CI,30.950770572634003
Samples,790,CI,264.49918001601105
Samples,791,CI,920.8831446104911
Samples,792,CI,10.369250363946225
Samples,793,CI,117.27666472791549
Samples,794,CI,29.50332335267145
Samples,795,CI,1019.9380709285695
Samples,796,CI,680.098056124072
Samples,797,CI,0.5222793429635123
Samples,798,CI,940.1603922382702
Samples,799,CI,0.4692511275022197
Samples,800,CI,2.078433802042084
Samples,801,CI,490.51343413288606
Samples,802,CI,143.97651361129485
Samples,803,CI,188.0696720125629
Samples,804,CI,228.54816825630056
Samples,805,CI,3308.6551356504187
Samples,806,CI,39.70647458006989
Samples,807,CI,24.56649983814465
Samples,808,CI,2636.388045451547
Samples,809,CI,46.92342637984918
Samples,810,CI,81.4066464074255
Samples,811,CI,27.816027612571443
Samples,812,CI,20421.28672995691
Samples,813,CI,2487.2914359648735
Samples,814,CI,49.20805740946097
Samples,815,CI,39.69535235064685
Samples,816,CI,34.09322604017706
Samples,817,CI,30.929057691130534
Samples,818,CI,80.1461384094943
Samples,819,CI,32.435586151714524
Samples,820,CI,1.4219782533272463
Samples,821,CI,2339.952597193497
Samples,822,CI,0.505686154296385
Samples,823,CI,0.5532440306230901
Samples,824,CI,0.45386361403914177
Samples,825,CI,0.44248319568923283
Samples,826,CI,62.506249783968805
Samples,827,CI,3.4602775891361053
Samples,828,CI,2.6546454996954933
Samples,829,CI,0.5917337019668305
Samples,830,CI,1.6415200928854294
Samples,831,CI,0.4211293685173857
Samples,832,CI,836.3097416583055
Samples,833,CI,4953.440332939962
Samples,834,CI,0.41636266540460504
Samples,835,CI,10618.069124200458
Samples,836,CI,9234.549180193833
Samples,837,CI,232015.46987372052
Samples,838,CI,8374.473471958041
Samples,839,CI,61515.28100198882
Samples,840,CI,52736.4571486837
Samples,841,CI,6069.888513323629
Samples,842,CI,9434.906432916128
Samples,843,CI,7518.710831018994
Samples,844,CI,37254.90552700064
Samples,845,CI,97948.99943482567
Samples,846,CI,22766.849996268997
Samples,847,CI,124696.27147304552
Samples,848,CI,-936538.7056166314
Samples,849,CI,44.64595578740619
Samples,850,CI,0.2923328805639001
Samples,851,CI,0.23984378266122508
Samples,852,CI,0.38116545595897305
Samples,853,CI,1.7984203268269643
Samples,854,CI,0.20828528625644782
Samples,855,CI,0.9559072277108874
Samples,856,CI,17.789414199748553
Samples,857,CI,11.16320368712143
Samples,858,CI,7.753459149326509
Samples,859,CI,10.184871619418818
Samples,860,CI,0.36150760770227547
Samples,861,CI,3.342945000251142
Samples,862,CI,7.28849988619802
Samples,863,CI,0.20617206652576786
Samples,864,CI,0.6523067551077483
Samples,865,CI,2.102938172699554
Samples,866,CI,0.457705180758042
Samples,867,CI,0.3232084097480836
Samples,868,CI,0.7705458973649777
Samples,869,CI,0.5327832662978641
Samples,870,CI,1.1745791430340196
Samples,871,CI,0.5552452654131546
Samples,872,CI,0.2883264951299492
Samples,873,CI,0.20712186826990928
Samples,874,CI,3.6100810057548034
Samples,875,CI,3.5240896946722966
Samples,876,CI,1.238049385267868
Samples,877,CI,1072.5729049680442
Samples,878,CI,0.24429974597967996
Samples,879,CI,12.616671588514427
Samples,880,CI,4.236728368778341
Samples,881,CI,0.24662568197104445
Samples,882,CI,0.23483417272677967
Samples,883,CI,0.2089720684800264
Samples,884,CI,0.21089670235509841
Samples,885,CI,0.23383431913042735
Samples,886,CI,773.032170832864
Samples,887,CI,0.18187245180030517
Samples,888,CI,0.18851231326329765
Samples,889,CI,18.306633407382087
Samples,890,CI,51464.76630252256
Samples,891,CI,9079.543022084788
Samples,892,CI,61505.22669967734
Samples,893,CI,44822.60208660818
Samples,894,CI,41.67104761711898
Samples,895,CI,38.06389389430917
Samples,896,CI,0.24457445285356974
Samples,897,CI,50.17568516751286
Samples,898,CI,0.2590755561210734
Samples,899,CI,20.07779139845687
Samples,900,CI,103.02969854516165
Samples,901,CI,472998.6032650843
Samples,902,CI,0.26060686976960534
Samples,903,CI,0.24606254547462886
Samples,904,CI,8707.990586603924
Samples,905,CI,2.1581931700304846
Samples,906,CI,9.749174349400892
Samples,907,CI,95.09229437782606
Samples,908,CI,99.22891469552212
Samples,909,CI,35.58887071141844
Samples,910,CI,2.279085174283927
Samples,911,CI,0.27184726543388865
Samples,912,CI,8.422527478201491
Samples,913,CI,764.1796868633754
Samples,914,CI,0.27467409987694646
Samples,915,CI,414230.54229361593
Samples,916,CI,56485.98605840981
Samples,917,CI,0.2998887463006454
Samples,918,CI,0.2601251134298597
Samples,919,CI,0.26405782217213963
Samples,920,CI,0.2583569472534751
Samples,921,CI,6.990565824486625
Samples,922,CI,8.27435707046614
Samples,923,CI,5.908501932182492
Samples,924,CI,0.5394389775657576
Samples,925,CI,0.4258318369020387
Samples,926,CI,0.44412622472520574
Samples,927,CI,0.25582075936159987
Samples,928,CI,0.233527221461973
Samples,929,CI,0.3974425139395319
Samples,930,CI,786.2840811914543
Samples,931,CI,17.068601722558153
Samples,932,CI,0.5251824681091449
Samples,933,CI,-1.7872199790254597
Samples,934,CI,12.302887503730798
Samples,935,CI,104.645622268258
Samples,936,CI,19.97780127901638
Samples,937,CI,204.14705993377396
Samples,938,CI,146.27212378327704
Samples,939,CI,0.23625946373349596
Samples,940,CI,0.24693371865129404
Samples,941,CI,-0.7005774091054784
Samples,942,CI,3336.810536930946
Samples,943,CI,22.96937781534632
Samples,944,CI,191.7036305299028
Samples,945,CI,0.2992231839182818
Samples,946,CI,0.2959908869161417
Samples,947,CI,0.2953349681279666
Samples,948,CI,0.29621981840837025
Samples,949,CI,0.29539982957655386
Samples,950,CI,0.5201390420765291
Samples,951,CI,1.1351553584379506
Samples,952,CI,0.6216855870839819
Samples,953,CI,0.5551416219304736
Samples,954,CI,0.27032222642821224
Samples,955,CI,0.26572730973608005
Samples,956,CI,1868.8236239330279
Samples,959,CI,0.1920012733716418
Samples,960,CI,12922.853786158752
Samples,961,CI,29.63745891872198
Samples,962,CI,20.677576144699724
Samples,963,CI,1785.288811947124
Samples,964,CI,18.65401237557139
Samples,965,CI,14.798770795305218
Samples,966,CI,20.851371395436093
Samples,967,CI,75.61941376753515
Samples,969,CI,481.2961724862166
Samples,970,CI,10141.816296872603
Samples,971,CI,17.141155921734256
Samples,973,CI,5023.091576690823
Samples,974,CI,1246.6758652264068
Samples,975,CI,12.040118175329383
Samples,976,CI,704.4069627671588
Samples,977,CI,2216.83631284656
Samples,978,CI,39.6845798104277
Samples,979,CI,16488.17155052422
Samples,982,CI,7.433646492193924
Samples,983,CI,290.84335577914135
Samples,985,CI,237.19496410300738
Samples,987,CI,1.15927908520679
Samples,988,CI,1081.8736124612817
Samples,989,CI,1.2549615951463704
Samples,990,CI,982.8260216056425
Samples,991,CI,0.29933397691080044
Samples,992,CI,0.4264069263693468
Samples,993,CI,0.3050497918011951
Samples,994,CI,3257.9189075080985
Samples,995,CI,613.3818929054037
Samples,996,CI,0.4596689934353721
Samples,997,CI,0.3157054710532398
Samples,998,CI,74.33227031220625
Samples,999,CI,0.32204603825958894
Samples,1000,CI,0.5226653292820975
Samples,1001,CI,0.9764282442643433
Samples,1002,CI,536.8789863105013
Samples,1003,CI,1563.8103227729734
Samples,1004,CI,1951.1634972810693
Samples,1005,CI,1095.6663689746135
Samples,1006,CI,842.6229485468681
Samples,1007,CI,1675.899193346723
Samples,1008,CI,759.9321692684326
Samples,1009,CI,2053.743560327687
Samples,1010,CI,-2.791446659521544
Samples,1011,CI,0.12787694953466475
Samples,1012,CI,1437.9130151210645
Samples,1013,CI,647.0946384204165
Samples,1014,CI,0.44450631686326286
Samples,1015,CI,61805.750306918686
Samples,1016,CI,71422.95135519486
Samples,1017,CI,59624.627521464536
Samples,1018,CI,73883.72650574034
Samples,1019,CI,6335.630645812416
Samples,1020,CI,1314.5237309582271
Samples,1021,CI,897.5705110808959
Samples,1022,CI,1472.3457374196205
Samples,1023,CI,1298.9169419445427
Samples,1024,CI,838.3142813616696
Samples,1025,CI,-2975165.5616854657
Samples,4,CJ,16.928173886644114
Samples,5,CJ,16.531820620745712
Samples,6,CJ,17.330027238669274
Samples,7,CJ,16.87258647509183
Samples,8,CJ,18.282178824927158
Samples,9,CJ,16.631508710521413
Samples,10,CJ,17.04643995275605
Samples,11,CJ,17.46456540322468
Samples,12,CJ,16.33581321723593
Samples,17,CJ,16.18341772206939
Samples,19,CJ,16.06747395489576
Samples,20,CJ,18.483625682486505
Samples,21,CJ,24.25091073594576
Samples,26,CJ,18.10388209725413
Samples,28,CJ,18.321707427864446
Samples,29,CJ,17.189265943057585
Samples,30,CJ,-0.1553265786130073
Samples,32,CJ,17.305633450062658
Samples,34,CJ,30.866081388878744
Samples,35,CJ,0.014062399961144044
Samples,37,CJ,20.943531319754815
Samples,39,CJ,43.881242365852124
Samples,41,CJ,16.737557616717293
Samples,42,CJ,17.471294860690037
Samples,44,CJ,20.785686841837954
Samples,55,CJ,22.754083073979928
Samples,56,CJ,57.40030479623391
Samples,58,CJ,16.58956214949446
Samples,59,CJ,16.380508478334978
Samples,60,CJ,17.814120425245452
Samples,61,CJ,45.41544313298706
Samples,62,CJ,17.95968161599633
Samples,63,CJ,17.775430461135986
Samples,64,CJ,37.10967176331835
Samples,65,CJ,18.94141836326067
Samples,66,CJ,20.462055462370635
Samples,67,CJ,20.28129268709242
Samples,68,CJ,16.827346898195326
Samples,69,CJ,19.664632499321318
Samples,70,CJ,19.581057074307193
Samples,71,CJ,16.00970646279535
Samples,72,CJ,17.27518098492306
Samples,73,CJ,16.134124622616273
Samples,74,CJ,16.356811300324715
Samples,75,CJ,15.359229681207788
Samples,76,CJ,24.754755650297145
Samples,77,CJ,15.566591928828293
Samples,78,CJ,17.385669371399054
Samples,79,CJ,15.677898080591525
Samples,80,CJ,18.414859530535445
Samples,81,CJ,15.532294524986222
Samples,82,CJ,15.1890820089032
Samples,83,CJ,15.542260110905753
Samples,84,CJ,15.826930961235078
Samples,85,CJ,16.52791184022454
Samples,86,CJ,32.67892297381411
Samples,87,CJ,18.967400313689662
Samples,88,CJ,19.678589752082665
Samples,89,CJ,15.298946494180402
Samples,91,CJ,18.801864143792933
Samples,93,CJ,30.19440738143337
Samples,94,CJ,21.116973161302607
Samples,95,CJ,17.777384126796402
Samples,96,CJ,18.013475810930558
Samples,98,CJ,16.73583070855092
Samples,100,CJ,24.545596015098024
Samples,101,CJ,19.29681729359385
Samples,102,CJ,16.15010224565424
Samples,103,CJ,15.365058040706582
Samples,106,CJ,16.922072306163656
Samples,107,CJ,-9.587932105353943
Samples,109,CJ,16.624643344091027
Samples,113,CJ,-2.7735173878790387
Samples,115,CJ,16.020394882452223
Samples,118,CJ,15.555081341263687
Samples,119,CJ,17.287325786493167
Samples,120,CJ,16.79921776774741
Samples,121,CJ,16.24974568349704
Samples,122,CJ,16.823670358689544
Samples,123,CJ,16.290286928926033
Samples,124,CJ,16.344776903030457
Samples,125,CJ,16.400427085779743
Samples,126,CJ,1.1819473942319414
Samples,127,CJ,16.294579088655567
Samples,128,CJ,16.178195397110866
Samples,129,CJ,16.088230216704982
Samples,130,CJ,16.21964468480086
Samples,131,CJ,-0.05643580815075044
Samples,132,CJ,15.868247981229018
Samples,133,CJ,15.880491889343068
Samples,134,CJ,15.807119960874488
Samples,136,CJ,22.30450588669717
Samples,137,CJ,18.846809129392984
Samples,138,CJ,17.17273520899448
Samples,139,CJ,17.16325874519509
Samples,140,CJ,17.06241731548309
Samples,141,CJ,16.998601532350328
Samples,142,CJ,17.118942974879587
Samples,143,CJ,20.1602926471801
Samples,144,CJ,17.046762509587065
Samples,145,CJ,18.603617902219295
Samples,146,CJ,16.716765371687984
Samples,147,CJ,25.27367537009351
Samples,148,CJ,16.82444055739659
Samples,149,CJ,28.487923510827926
Samples,150,CJ,17.27066616045423
Samples,151,CJ,18.81066196772022
Samples,152,CJ,16.273124736644373
Samples,153,CJ,17.357467346887724
Samples,154,CJ,17.125874114061762
Samples,155,CJ,17.20076333405054
Samples,156,CJ,16.750826256353385
Samples,158,CJ,-3.7563484018148845
Samples,159,CJ,16.727144450745378
Samples,160,CJ,15.191409975876446
Samples,161,CJ,16.497960090081545
Samples,164,CJ,20.437849101700827
Samples,165,CJ,16.263445019428357
Samples,166,CJ,16.51322245966256
Samples,167,CJ,17.296592791229017
Samples,169,CJ,15.906467928428565
Samples,171,CJ,15.991654144234786
Samples,172,CJ,17.523703025303167
Samples,174,CJ,18.55923491794962
Samples,175,CJ,17.01093892632276
Samples,176,CJ,17.273699302938827
Samples,177,CJ,105.98964228349655
Samples,178,CJ,19.495978262074868
Samples,179,CJ,16.806502492285798
Samples,181,CJ,18.991296694337343
Samples,182,CJ,16.464116145858505
Samples,183,CJ,26.038111118617348
Samples,184,CJ,17.86873925641215
Samples,185,CJ,17.24155755795329
Samples,186,CJ,17.419710962708276
Samples,187,CJ,16.62228613288757
Samples,188,CJ,17.170132976887828
Samples,189,CJ,9.094272687868413
Samples,190,CJ,22.937804926144896
Samples,191,CJ,3.3234751773110136
Samples,192,CJ,16.670885465212447
Samples,193,CJ,19.28715403883848
Samples,194,CJ,18.943338829536373
Samples,195,CJ,22.881853814208025
Samples,196,CJ,16.85146049460143
Samples,197,CJ,95.97700275753617
Samples,198,CJ,20.334362660658073
Samples,199,CJ,16.107807350376234
Samples,200,CJ,16.129122940203363
Samples,201,CJ,16.963211596652517
Samples,202,CJ,20.451275055660307
Samples,203,CJ,19.23696176858308
Samples,204,CJ,15.487420180852782
Samples,205,CJ,18.702648442424685
Samples,206,CJ,94.44496901532486
Samples,207,CJ,15.550158719156787
Samples,208,CJ,15.763486623159686
Samples,209,CJ,15.36527840852299
Samples,210,CJ,15.444684528902368
Samples,211,CJ,15.664748179385864
Samples,212,CJ,16.037040591040256
Samples,213,CJ,15.621004995223606
Samples,214,CJ,16.058440794171695
Samples,215,CJ,15.620405655690448
Samples,216,CJ,15.593914066168345
Samples,217,CJ,15.54187301565307
Samples,218,CJ,17.232276532907985
Samples,219,CJ,19.620139014861614
Samples,220,CJ,16.2447534875176
Samples,221,CJ,17.23671919359964
Samples,222,CJ,25.102528014366236
Samples,223,CJ,-373.9160619839078
Samples,224,CJ,9.751262708683294
Samples,225,CJ,-6.230705399594923
Samples,226,CJ,52.29222682513055
Samples,227,CJ,14.524703903809886
Samples,228,CJ,13.184457904728259
Samples,229,CJ,38.9457214071772
Samples,230,CJ,19.8789151193059
Samples,231,CJ,16.941902942211662
Samples,232,CJ,16.052330103515356
Samples,233,CJ,17.4491131245489
Samples,234,CJ,12.538378553005456
Samples,235,CJ,5.536539811640532
Samples,236,CJ,18.48040203223056
Samples,237,CJ,16.67353364515402
Samples,238,CJ,15.25792193231762
Samples,239,CJ,16.965520704643005
Samples,240,CJ,20.62465806324208
Samples,241,CJ,16.730775585043666
Samples,242,CJ,17.43913952987149
Samples,243,CJ,17.02815055855365
Samples,244,CJ,18.43587357402578
Samples,245,CJ,14.81138621149591
Samples,246,CJ,1.7806408865322643
Samples,247,CJ,17.51539596714128
Samples,248,CJ,6.082068100810603
Samples,249,CJ,7.350960806818752
Samples,250,CJ,17.458411955848966
Samples,251,CJ,18.764455401294754
Samples,252,CJ,17.201494177518054
Samples,253,CJ,20.462815439650353
Samples,254,CJ,14.819343461216384
Samples,255,CJ,24.078094786989467
Samples,256,CJ,15.669344653765018
Samples,257,CJ,15.607997697969072
Samples,258,CJ,11.422139899241461
Samples,259,CJ,15.9304362763363
Samples,260,CJ,16.37365441223312
Samples,261,CJ,16.090885470241837
Samples,262,CJ,16.492046567002937
Samples,263,CJ,15.621266774066502
Samples,264,CJ,17.156608326512313
Samples,265,CJ,14.991265850457822
Samples,266,CJ,15.291420705552563
Samples,267,CJ,15.642028645194959
Samples,268,CJ,15.817635760045597
Samples,269,CJ,15.447443598577262
Samples,270,CJ,9.977919755828266
Samples,271,CJ,11.040281692677516
Samples,272,CJ,10.019908760270082
Samples,273,CJ,10.66672733174594
Samples,274,CJ,10.162038723256405
Samples,275,CJ,10.245426738416532
Samples,276,CJ,9.83022693950382
Samples,277,CJ,9.868900690569424
Samples,278,CJ,10.965901172905212
Samples,279,CJ,10.330837766846743
Samples,280,CJ,9.990161122723594
Samples,281,CJ,10.082909000552505
Samples,282,CJ,10.03569297557862
Samples,283,CJ,10.144683369297551
Samples,284,CJ,10.548292318642757
Samples,285,CJ,9.613143413660916
Samples,286,CJ,10.329315844550132
Samples,287,CJ,3.751565438476895
Samples,288,CJ,10.186033035567718
Samples,289,CJ,9.982509692886705
Samples,290,CJ,10.055660451881366
Samples,291,CJ,15.421547581731742
Samples,292,CJ,9.923560891445028
Samples,293,CJ,10.195352265720816
Samples,294,CJ,-23.243465801678532
Samples,295,CJ,-497.25740080267684
Samples,296,CJ,10.499047447949549
Samples,297,CJ,12.133582863951172
Samples,298,CJ,9.633779572274424
Samples,299,CJ,9.952046459193749
Samples,300,CJ,9.612459664410759
Samples,301,CJ,10.076768162390076
Samples,302,CJ,0.00030610460125034326
Samples,303,CJ,9.960537583416858
Samples,304,CJ,5.09883771563511
Samples,305,CJ,9.653628570163345
Samples,306,CJ,10.023995076170662
Samples,307,CJ,9.713586460972566
Samples,308,CJ,9.649023371836403
Samples,311,CJ,9.83048448610057
Samples,319,CJ,9.756718385083667
Samples,320,CJ,10.011540195480956
Samples,323,CJ,9.863690756338697
Samples,324,CJ,10.307078695539875
Samples,325,CJ,10.353719899834301
Samples,326,CJ,10.559515729856207
Samples,327,CJ,10.001342906186968
Samples,328,CJ,18.83655724594537
Samples,329,CJ,11.04276599688754
Samples,330,CJ,10.220661645133534
Samples,331,CJ,10.074724497282862
Samples,332,CJ,9.900568638276983
Samples,333,CJ,10.081044177195167
Samples,334,CJ,6.675097485699491
Samples,335,CJ,10.104079926674746
Samples,336,CJ,9.995461925992343
Samples,337,CJ,10.288805654497875
Samples,338,CJ,10.959292528188064
Samples,339,CJ,26.21965391789197
Samples,340,CJ,11.932456099039841
Samples,341,CJ,17.92215998883122
Samples,342,CJ,10.965699257220752
Samples,343,CJ,11.349089882527279
Samples,344,CJ,11.318491227219106
Samples,345,CJ,0.00375049299534685
Samples,346,CJ,9.741668383672353
Samples,347,CJ,30.3397684394446
Samples,348,CJ,10.0061372559505
Samples,349,CJ,10.24246879173027
Samples,350,CJ,9.79217710926498
Samples,351,CJ,11.447883381526236
Samples,352,CJ,9.585568036178515
Samples,353,CJ,9.60219543141026
Samples,354,CJ,9.67435521127712
Samples,355,CJ,20.4147282666207
Samples,356,CJ,9.882023707463123
Samples,357,CJ,9.673456091578657
Samples,358,CJ,9.852398855770485
Samples,359,CJ,9.94267899250845
Samples,361,CJ,11.187341782871538
Samples,362,CJ,9.866078095604552
Samples,363,CJ,13.72301800017899
Samples,364,CJ,11.099268376952935
Samples,365,CJ,0.0047989196589196086
Samples,367,CJ,9.749420206080645
Samples,368,CJ,12.495274713545614
Samples,370,CJ,9.574330334908886
Samples,374,CJ,9.779170515373053
Samples,375,CJ,9.544477632701797
Samples,376,CJ,9.7428988599458
Samples,377,CJ,9.560011264510358
Samples,378,CJ,9.8750888528112
Samples,379,CJ,9.793927680077342
Samples,380,CJ,10.533587131320113
Samples,381,CJ,9.510152594236706
Samples,382,CJ,9.459850198025212
Samples,383,CJ,9.80828003804819
Samples,384,CJ,9.940859202304837
Samples,385,CJ,9.518053458025788
Samples,386,CJ,14.3461824865655
Samples,387,CJ,8.85359097594663
Samples,388,CJ,9.962495507120506
Samples,389,CJ,10.439908444504985
Samples,390,CJ,10.018820374542509
Samples,391,CJ,9.822578761390673
Samples,392,CJ,9.81185960888368
Samples,393,CJ,11.05260929393454
Samples,394,CJ,9.997959193383432
Samples,395,CJ,9.16697926517812
Samples,396,CJ,9.45863251036784
Samples,397,CJ,9.146441767786534
Samples,398,CJ,9.979707873889934
Samples,399,CJ,9.494205060406815
Samples,400,CJ,9.619351926763082
Samples,401,CJ,9.533046268043453
Samples,402,CJ,9.624808026074453
Samples,403,CJ,10.997295720257412
Samples,404,CJ,13.48121934733184
Samples,405,CJ,14.463748718914433
Samples,406,CJ,7.559554607108259
Samples,407,CJ,10.194364174760562
Samples,408,CJ,10.007183369625118
Samples,409,CJ,9.824380367631361
Samples,410,CJ,9.636613834722784
Samples,411,CJ,2.3992395375655184
Samples,412,CJ,-3.9942395826923214
Samples,413,CJ,-0.004733342383823933
Samples,414,CJ,9.8857539495705
Samples,415,CJ,9.493686865561935
Samples,416,CJ,9.1790113856966
Samples,417,CJ,9.904297545115236
Samples,418,CJ,9.740605342745207
Samples,419,CJ,9.96783203177894
Samples,420,CJ,12.408264964283314
Samples,421,CJ,11.420876959235128
Samples,422,CJ,11.43158713365297
Samples,423,CJ,11.883393408932918
Samples,424,CJ,11.592342611377804
Samples,425,CJ,13.012018143241198
Samples,426,CJ,10.07715010348107
Samples,427,CJ,10.293212911141653
Samples,428,CJ,9.61033812253115
Samples,429,CJ,9.86883112243371
Samples,430,CJ,9.755352980633486
Samples,431,CJ,10.094388666449952
Samples,432,CJ,10.026565312930218
Samples,433,CJ,8.3614696629353
Samples,434,CJ,9.470876977240167
Samples,435,CJ,10.150937954151702
Samples,436,CJ,9.606878649934828
Samples,437,CJ,9.766044595098997
Samples,438,CJ,10.070103635240494
Samples,439,CJ,9.899898837196478
Samples,440,CJ,9.531652146607708
Samples,441,CJ,10.031176650488092
Samples,442,CJ,9.870418736642668
Samples,443,CJ,9.755298045341366
Samples,444,CJ,10.485591649515122
Samples,445,CJ,8.270073545648172
Samples,446,CJ,1.5116341503611526
Samples,447,CJ,4.838879189735386
Samples,448,CJ,10.456441835083165
Samples,449,CJ,9.665677256425221
Samples,450,CJ,9.900238046177755
Samples,451,CJ,10.124978457992691
Samples,452,CJ,10.361625827228233
Samples,453,CJ,10.895777002458173
Samples,454,CJ,-16.283578809691566
Samples,455,CJ,9.363300300506191
Samples,456,CJ,9.887613582984166
Samples,457,CJ,10.068446834178214
Samples,458,CJ,9.983704061634732
Samples,459,CJ,9.65610403077386
Samples,460,CJ,15.733685663726323
Samples,461,CJ,9.63030122779135
Samples,462,CJ,9.523894572043302
Samples,463,CJ,9.462456035386383
Samples,464,CJ,9.463452633001976
Samples,465,CJ,9.832201477837506
Samples,466,CJ,9.456580300772348
Samples,467,CJ,9.51196788125881
Samples,468,CJ,9.433363233817808
Samples,469,CJ,10.028738729737732
Samples,470,CJ,9.147179978447387
Samples,471,CJ,9.48096731553039
Samples,472,CJ,9.434416753891165
Samples,473,CJ,9.874606218093957
Samples,474,CJ,9.37363832840654
Samples,475,CJ,9.1676084502717
Samples,476,CJ,9.354136698472157
Samples,477,CJ,9.808048209920406
Samples,478,CJ,9.517860687374917
Samples,479,CJ,9.613770604633206
Samples,480,CJ,9.532264207986687
Samples,481,CJ,9.377760851303854
Samples,482,CJ,9.193397118424548
Samples,483,CJ,9.385094129562672
Samples,484,CJ,15.368697462062373
Samples,485,CJ,9.850010444682223
Samples,486,CJ,9.377726451419953
Samples,487,CJ,9.476092441486498
Samples,488,CJ,9.849507149521685
Samples,489,CJ,9.359085237075647
Samples,490,CJ,9.361875975384617
Samples,491,CJ,9.714855049717968
Samples,492,CJ,9.363820681132742
Samples,493,CJ,9.453888374330171
Samples,494,CJ,12.084535489289491
Samples,495,CJ,10.354373149464724
Samples,496,CJ,9.575214968297152
Samples,497,CJ,9.442323786445089
Samples,498,CJ,9.498725351546796
Samples,499,CJ,9.929292843981596
Samples,500,CJ,9.442043261211914
Samples,501,CJ,9.70926310840413
Samples,502,CJ,9.43894098381999
Samples,503,CJ,9.301302927982931
Samples,504,CJ,9.450488806713476
Samples,505,CJ,9.292236919507927
Samples,506,CJ,9.316443732811612
Samples,507,CJ,9.127376343061188
Samples,508,CJ,9.304915870863594
Samples,509,CJ,14.74772461761623
Samples,510,CJ,9.649386771174294
Samples,511,CJ,9.307514041230345
Samples,512,CJ,9.684651810902821
Samples,513,CJ,9.587588223884598
Samples,514,CJ,9.789691321657026
Samples,515,CJ,9.039051109136436
Samples,516,CJ,9.02369921083397
Samples,517,CJ,-0.2897511920981632
Samples,518,CJ,8.879824671604942
Samples,519,CJ,9.087395921039219
Samples,520,CJ,9.055946251502851
Samples,521,CJ,9.59272534908362
Samples,522,CJ,9.111001751939796
Samples,523,CJ,9.476272592857436
Samples,524,CJ,9.132531887475723
Samples,525,CJ,16.3484790049582
Samples,526,CJ,-369.000548801964
Samples,527,CJ,-182.704003824831
Samples,528,CJ,9.143719415284902
Samples,529,CJ,15.193427444903422
Samples,530,CJ,34.41203828442668
Samples,531,CJ,38.40229604120655
Samples,532,CJ,12.14192422133146
Samples,533,CJ,97.32824504152184
Samples,534,CJ,14.273500023786697
Samples,535,CJ,8.684356266004578
Samples,536,CJ,11.812051781761753
Samples,537,CJ,10.135036704632828
Samples,538,CJ,9.60715361693857
Samples,539,CJ,9.404841206590088
Samples,540,CJ,9.561266436134165
Samples,541,CJ,11.427589720528893
Samples,542,CJ,9.37189837152006
Samples,543,CJ,9.358789229868323
Samples,544,CJ,9.083668508477423
Samples,545,CJ,9.057477532610632
Samples,546,CJ,9.526949393624164
Samples,547,CJ,9.489429236775576
Samples,548,CJ,9.48893607772438
Samples,549,CJ,9.452099859112373
Samples,550,CJ,9.671772202946272
Samples,551,CJ,-0.9171686124023637
Samples,552,CJ,9.603685358486754
Samples,553,CJ,9.524461046302461
Samples,554,CJ,9.467879810344739
Samples,555,CJ,9.556145869460332
Samples,556,CJ,9.682040051450187
Samples,557,CJ,9.52040891139027
Samples,558,CJ,10.375127072592878
Samples,559,CJ,10.475143550574833
Samples,560,CJ,10.592093923256277
Samples,561,CJ,0.14994114557433552
Samples,562,CJ,10.285936731570981
Samples,563,CJ,10.792973171872646
Samples,564,CJ,10.545877124190714
Samples,565,CJ,10.675669294617967
Samples,566,CJ,94.0075459180534
Samples,567,CJ,10.679310821640358
Samples,568,CJ,21.29727202848653
Samples,569,CJ,11.243923589263463
Samples,570,CJ,10.353054278268115
Samples,571,CJ,12.391333314650105
Samples,572,CJ,10.612728228499373
Samples,573,CJ,10.47916293797895
Samples,574,CJ,0.011955546607519345
Samples,575,CJ,10.903872402590979
Samples,576,CJ,10.471361998769043
Samples,577,CJ,10.50834649197955
Samples,578,CJ,10.494889043590568
Samples,579,CJ,10.423939789245205
Samples,580,CJ,10.54957231005047
Samples,581,CJ,0.1347873652477734
Samples,582,CJ,10.509617299145784
Samples,583,CJ,10.766035287053041
Samples,584,CJ,10.36494010463838
Samples,585,CJ,10.16185651114451
Samples,586,CJ,10.209677056743786
Samples,587,CJ,12.012218868038559
Samples,588,CJ,10.5650440958678
Samples,589,CJ,10.143391656569122
Samples,590,CJ,10.115522976047318
Samples,591,CJ,10.094950363440649
Samples,592,CJ,10.42296148000711
Samples,593,CJ,10.058807074007852
Samples,594,CJ,9.790352931032492
Samples,595,CJ,10.49131182385614
Samples,596,CJ,10.338797493812212
Samples,597,CJ,10.120361424164622
Samples,598,CJ,10.114089463399976
Samples,599,CJ,10.124729868390439
Samples,600,CJ,10.15738516546991
Samples,601,CJ,10.353309970104258
Samples,602,CJ,10.330201343024237
Samples,603,CJ,10.514053923661008
Samples,604,CJ,10.335231636469786
Samples,605,CJ,9.96150403178006
Samples,606,CJ,10.010261138762505
Samples,607,CJ,9.98086898275505
Samples,608,CJ,10.069765247594471
Samples,609,CJ,10.159577599277558
Samples,610,CJ,9.89273179080573
Samples,611,CJ,9.897378674371254
Samples,612,CJ,9.84636904214587
Samples,613,CJ,10.09584289348285
Samples,614,CJ,9.917760134640123
Samples,615,CJ,10.061736062497538
Samples,616,CJ,9.992440820285415
Samples,617,CJ,9.965034123965703
Samples,618,CJ,10.187395731745223
Samples,619,CJ,9.85580609246969
Samples,620,CJ,9.307884495744895
Samples,621,CJ,-138.6066861872258
Samples,622,CJ,9.900177862607658
Samples,623,CJ,10.715807880823311
Samples,624,CJ,9.968743175166106
Samples,625,CJ,9.845686487727411
Samples,626,CJ,10.114356637481642
Samples,627,CJ,9.969306688591436
Samples,628,CJ,10.001880372402647
Samples,629,CJ,9.832146741086655
Samples,630,CJ,9.840912261270631
Samples,631,CJ,10.062785001523716
Samples,632,CJ,9.74938821522249
Samples,633,CJ,10.033966130944243
Samples,634,CJ,9.764320956469026
Samples,635,CJ,9.979347022224383
Samples,636,CJ,9.84952641450728
Samples,637,CJ,9.799985926561105
Samples,638,CJ,9.516026385625128
Samples,639,CJ,10.101884893421477
Samples,640,CJ,9.622711794035151
Samples,641,CJ,9.55297820359081
Samples,642,CJ,9.770496704302067
Samples,643,CJ,9.578398917058445
Samples,645,CJ,9.591815661214733
Samples,646,CJ,9.663628806310667
Samples,647,CJ,9.684554439561152
Samples,648,CJ,10.2154601430304
Samples,649,CJ,9.749537522045026
Samples,650,CJ,9.956875978661829
Samples,651,CJ,9.759581524492958
Samples,652,CJ,9.678053681425542
Samples,653,CJ,0.9200229850448809
Samples,654,CJ,9.981045830215706
Samples,655,CJ,9.701849648367764
Samples,656,CJ,9.924815723708722
Samples,657,CJ,10.110435809309458
Samples,658,CJ,10.146790350963851
Samples,659,CJ,9.60815557399997
Samples,660,CJ,9.537503218030873
Samples,661,CJ,9.804606661209554
Samples,662,CJ,9.909969286380186
Samples,663,CJ,11.626012843879055
Samples,664,CJ,9.762237919013613
Samples,665,CJ,10.252077789285009
Samples,666,CJ,9.97113646641947
Samples,667,CJ,11.080458397990997
Samples,668,CJ,10.99499378742299
Samples,669,CJ,10.186856810298599
Samples,670,CJ,9.958107648431897
Samples,671,CJ,10.136095105411151
Samples,672,CJ,4.599313917255438
Samples,673,CJ,9.83408912543587
Samples,674,CJ,10.101132615732736
Samples,675,CJ,10.083993913218135
Samples,676,CJ,10.173946111339705
Samples,677,CJ,15.422774499719502
Samples,678,CJ,10.080635454363629
Samples,679,CJ,9.846188036455619
Samples,680,CJ,10.09685193588299
Samples,681,CJ,10.07067382315126
Samples,682,CJ,10.40749270734261
Samples,683,CJ,10.270541240143013
Samples,684,CJ,10.38302321869473
Samples,685,CJ,14.772359473842135
Samples,686,CJ,10.183294280428058
Samples,687,CJ,10.9519966194922
Samples,688,CJ,10.182352801067772
Samples,689,CJ,10.444147151151473
Samples,690,CJ,10.308535888557584
Samples,691,CJ,10.162859312329186
Samples,692,CJ,10.091038963658079
Samples,693,CJ,10.196748029128393
Samples,694,CJ,10.326916454493315
Samples,695,CJ,9.960654860086068
Samples,696,CJ,9.727131143481714
Samples,697,CJ,9.758827634673436
Samples,698,CJ,9.742962255038913
Samples,699,CJ,11.704569289713037
Samples,700,CJ,9.80987819947265
Samples,701,CJ,9.870993682462455
Samples,702,CJ,9.812823464586698
Samples,703,CJ,9.686738590115304
Samples,704,CJ,10.541433286831735
Samples,705,CJ,9.725986530759217
Samples,706,CJ,10.107737418035196
Samples,707,CJ,10.762610040672548
Samples,708,CJ,11.30385800969207
Samples,709,CJ,10.166056166270554
Samples,710,CJ,10.025175044959306
Samples,711,CJ,9.621861610037822
Samples,712,CJ,10.186893119104887
Samples,713,CJ,10.026042254916593
Samples,714,CJ,10.167048446652009
Samples,715,CJ,10.091707778654614
Samples,716,CJ,10.161748060162402
Samples,717,CJ,10.16329183455583
Samples,718,CJ,10.085629871153092
Samples,719,CJ,9.868014457733167
Samples,720,CJ,10.00313162160455
Samples,721,CJ,9.886684498373151
Samples,722,CJ,10.267945409984783
Samples,723,CJ,9.771695175435596
Samples,724,CJ,9.775101647862254
Samples,725,CJ,10.302432744693384
Samples,726,CJ,9.836406373008245
Samples,727,CJ,9.804766095624169
Samples,728,CJ,10.013758160377094
Samples,729,CJ,9.931793217650853
Samples,730,CJ,9.901405351018818
Samples,731,CJ,9.807319374543237
Samples,732,CJ,10.090896933062984
Samples,733,CJ,10.27403757854137
Samples,734,CJ,9.902607809366959
Samples,735,CJ,9.641373452526286
Samples,736,CJ,10.366780829547144
Samples,737,CJ,10.063358057332074
Samples,738,CJ,10.590364381925614
Samples,739,CJ,11.602577183650146
Samples,740,CJ,10.130415915239372
Samples,741,CJ,9.949542126322948
Samples,742,CJ,10.292798042641174
Samples,743,CJ,10.186414664680706
Samples,744,CJ,9.907715782024473
Samples,745,CJ,10.195015801536245
Samples,746,CJ,11.044105207853535
Samples,747,CJ,13.26777618113469
Samples,748,CJ,10.312575804615921
Samples,749,CJ,10.144055351927605
Samples,750,CJ,10.018372296306776
Samples,751,CJ,10.06631825517087
Samples,752,CJ,9.79505135188612
Samples,753,CJ,9.819205706269564
Samples,754,CJ,9.650621177576559
Samples,755,CJ,9.758136355855726
Samples,756,CJ,9.790966484644297
Samples,757,CJ,9.619904822764028
Samples,758,CJ,9.574585041770288
Samples,759,CJ,9.527065297327605
Samples,760,CJ,9.48263887828354
Samples,761,CJ,9.411399909239185
Samples,762,CJ,9.765331919121014
Samples,763,CJ,9.990404058958095
Samples,764,CJ,9.531930427369605
Samples,765,CJ,9.785565860906981
Samples,766,CJ,11.787741153953114
Samples,767,CJ,9.383785079587946
Samples,768,CJ,10.578954962894324
Samples,769,CJ,11.64738925374774
Samples,770,CJ,10.318456608903569
Samples,771,CJ,9.472018449052053
Samples,772,CJ,10.319315887096662
Samples,773,CJ,9.523532743736334
Samples,774,CJ,9.432952425170761
Samples,775,CJ,9.516559463417112
Samples,776,CJ,9.362909404355518
Samples,777,CJ,9.57598606483396
Samples,778,CJ,9.57302473484961
Samples,779,CJ,9.33678927758515
Samples,780,CJ,9.510046888634896
Samples,781,CJ,9.496862388615359
Samples,782,CJ,9.37854430779713
Samples,783,CJ,9.799248988333968
Samples,784,CJ,9.395929470663305
Samples,785,CJ,9.647006049774726
Samples,786,CJ,9.386561115334288
Samples,787,CJ,9.787445266905197
Samples,788,CJ,9.734400963461102
Samples,789,CJ,9.66687967640451
Samples,790,CJ,9.696258145415856
Samples,791,CJ,9.79176134539814
Samples,792,CJ,9.78295191949874
Samples,793,CJ,9.876998710516423
Samples,794,CJ,9.930884939487873
Samples,795,CJ,10.250195564722198
Samples,796,CJ,9.910363809536452
Samples,797,CJ,9.379963704605956
Samples,798,CJ,10.1188445271586
Samples,799,CJ,9.427056436963737
Samples,800,CJ,9.751222077847302
Samples,801,CJ,9.743322331529672
Samples,802,CJ,10.548584945297291
Samples,803,CJ,9.69552243964644
Samples,804,CJ,10.228901577602969
Samples,805,CJ,9.91099336080109
Samples,806,CJ,9.70335555585367
Samples,807,CJ,9.98993895705445
Samples,808,CJ,9.59408192435991
Samples,809,CJ,10.570397925203434
Samples,810,CJ,10.173329611388548
Samples,811,CJ,9.70261387107325
Samples,812,CJ,9.281974244247005
Samples,813,CJ,9.582062770267676
Samples,814,CJ,10.163439374067801
Samples,815,CJ,10.385486317315971
Samples,816,CJ,9.730218318703496
Samples,817,CJ,10.27305285444132
Samples,818,CJ,10.385662176131264
Samples,819,CJ,9.929804326718404
Samples,820,CJ,9.794413131255629
Samples,821,CJ,9.65955548791137
Samples,822,CJ,9.527514048307838
Samples,823,CJ,9.367551230519538
Samples,824,CJ,9.783081361871146
Samples,825,CJ,9.808709169741014
Samples,826,CJ,10.08106524745145
Samples,827,CJ,10.067998109025295
Samples,828,CJ,10.03075883986267
Samples,829,CJ,9.468900199066727
Samples,830,CJ,9.740297226051124
Samples,831,CJ,9.835988270352773
Samples,832,CJ,9.428562234603502
Samples,833,CJ,9.779209561869635
Samples,834,CJ,9.789030841917741
Samples,835,CJ,10.350874018729534
Samples,836,CJ,10.033311975430305
Samples,837,CJ,10.425959107843244
Samples,838,CJ,10.127443060797704
Samples,839,CJ,10.343399254898584
Samples,840,CJ,10.188495631314142
Samples,841,CJ,10.210697529058285
Samples,842,CJ,10.038201549631422
Samples,843,CJ,10.434245303936535
Samples,844,CJ,10.168300204910302
Samples,845,CJ,11.248174224000394
Samples,846,CJ,10.075452581128745
Samples,847,CJ,15.09438601788804
Samples,848,CJ,-7.208585364640891
Samples,849,CJ,10.558656463741343
Samples,850,CJ,9.90170804452494
Samples,851,CJ,10.202059658780392
Samples,852,CJ,9.957095045615949
Samples,853,CJ,9.787531983964206
Samples,854,CJ,10.194917515947633
Samples,855,CJ,9.929221331625223
Samples,856,CJ,10.218397150662117
Samples,857,CJ,10.240063512862555
Samples,858,CJ,10.316353654167361
Samples,859,CJ,10.489778162785255
Samples,860,CJ,10.486464643552184
Samples,861,CJ,11.299904942052386
Samples,862,CJ,10.257760872614625
Samples,863,CJ,10.182171545175084
Samples,864,CJ,10.268343048932257
Samples,865,CJ,10.31788844870421
Samples,866,CJ,10.425807928142802
Samples,867,CJ,10.06679742033754
Samples,868,CJ,10.149657797251894
Samples,869,CJ,10.276009267138587
Samples,870,CJ,10.05842022760278
Samples,871,CJ,10.277021379938859
Samples,872,CJ,10.16833948665159
Samples,873,CJ,10.113061664311871
Samples,874,CJ,10.250704036166683
Samples,875,CJ,9.893866643195375
Samples,876,CJ,10.384430445120413
Samples,877,CJ,10.116993511551248
Samples,878,CJ,10.251697931705088
Samples,879,CJ,10.089956677761732
Samples,880,CJ,10.2930520789981
Samples,881,CJ,10.087772798899646
Samples,882,CJ,10.107352334431495
Samples,883,CJ,10.085636982588191
Samples,884,CJ,10.009429695343721
Samples,885,CJ,10.033768613615106
Samples,886,CJ,11.007086385881207
Samples,887,CJ,9.986984976100404
Samples,888,CJ,9.952847224461486
Samples,889,CJ,10.266385926923903
Samples,890,CJ,12.337732285569217
Samples,891,CJ,9.64644791507747
Samples,892,CJ,10.349672056693867
Samples,893,CJ,12.208969267239638
Samples,894,CJ,9.62462354908708
Samples,895,CJ,9.838261116320224
Samples,896,CJ,9.818477087315662
Samples,897,CJ,10.255654615843124
Samples,898,CJ,9.811219402336887
Samples,899,CJ,10.077562421525109
Samples,900,CJ,9.881418332169732
Samples,901,CJ,10.781300356311103
Samples,902,CJ,9.702949349466737
Samples,903,CJ,9.766575814497578
Samples,904,CJ,9.548928702904176
Samples,905,CJ,10.060862386565626
Samples,906,CJ,9.945122026646036
Samples,907,CJ,10.06757460194565
Samples,908,CJ,9.829361298238853
Samples,909,CJ,9.914754564928272
Samples,910,CJ,10.020138350262608
Samples,911,CJ,9.695265625063508
Samples,912,CJ,9.881218405753577
Samples,913,CJ,9.873295764647764
Samples,914,CJ,9.692530211099479
Samples,915,CJ,10.103267820156553
Samples,916,CJ,10.053240474751359
Samples,917,CJ,9.701456691414853
Samples,918,CJ,9.66449621203549
Samples,919,CJ,9.644522855806516
Samples,920,CJ,9.670469031042906
Samples,921,CJ,9.935233827334338
Samples,922,CJ,9.860805259886554
Samples,923,CJ,9.670607423081156
Samples,924,CJ,9.366102984090851
Samples,925,CJ,9.783864629794435
Samples,926,CJ,9.91695096287006
Samples,927,CJ,9.74559610199967
Samples,928,CJ,9.704519510727877
Samples,929,CJ,9.858337977119344
Samples,930,CJ,10.773726721130386
Samples,931,CJ,9.883058182095136
Samples,932,CJ,10.295330121599486
Samples,933,CJ,11.304461677357118
Samples,934,CJ,10.114589527147077
Samples,935,CJ,10.628007725102071
Samples,936,CJ,9.869641791127947
Samples,937,CJ,10.453200306817955
Samples,938,CJ,10.413487759954247
Samples,939,CJ,9.688512665860088
Samples,940,CJ,9.618228843885658
Samples,941,CJ,10.360173646435534
Samples,942,CJ,-42.807784227674404
Samples,943,CJ,10.10860374547761
Samples,944,CJ,9.978088087848679
Samples,945,CJ,10.10484332927238
Samples,946,CJ,10.067644957953378
Samples,947,CJ,10.084163169108608
Samples,948,CJ,10.067435383847375
Samples,949,CJ,10.124837329718048
Samples,950,CJ,10.325145734268487
Samples,951,CJ,7.670183906761519
Samples,952,CJ,10.652065186091074
Samples,953,CJ,10.381995353646793
Samples,954,CJ,10.224250942575837
Samples,955,CJ,10.134422476396146
Samples,956,CJ,10.352427812366532
Samples,959,CJ,10.492223175326695
Samples,960,CJ,10.368334290614545
Samples,961,CJ,10.443521045769378
Samples,962,CJ,10.539223326698249
Samples,963,CJ,10.355355316897027
Samples,964,CJ,8.951422148750058
Samples,965,CJ,10.134930070632793
Samples,966,CJ,10.39346588296619
Samples,967,CJ,10.457949016764974
Samples,969,CJ,10.064288317299065
Samples,970,CJ,22.746998340224465
Samples,971,CJ,10.195404068969701
Samples,973,CJ,10.433120438748677
Samples,974,CJ,10.296792950688527
Samples,975,CJ,10.545257165102976
Samples,976,CJ,10.178075678125078
Samples,977,CJ,10.012215225006715
Samples,978,CJ,10.317375722971132
Samples,979,CJ,10.71399816648641
Samples,982,CJ,9.953086858949895
Samples,983,CJ,10.017578445889248
Samples,985,CJ,10.138543703241998
Samples,987,CJ,10.318254514005238
Samples,988,CJ,10.09817451732836
Samples,989,CJ,10.40243277961414
Samples,990,CJ,10.11294275248766
Samples,991,CJ,10.19748973394392
Samples,992,CJ,10.130152085400471
Samples,993,CJ,10.059623265477923
Samples,994,CJ,10.929436190034686
Samples,995,CJ,10.361556128009214
Samples,996,CJ,10.18083413932007
Samples,997,CJ,10.014916446349858
Samples,998,CJ,10.479414029139672
Samples,999,CJ,10.039228599797486
Samples,1000,CJ,9.793975049951953
Samples,1001,CJ,9.848194948098282
Samples,1002,CJ,17.978439142382676
Samples,1003,CJ,9.95491129408553
Samples,1004,CJ,9.990196447909693
Samples,1005,CJ,9.960033354403711
Samples,1006,CJ,10.01049844678073
Samples,1007,CJ,9.87498255111949
Samples,1008,CJ,9.839769476974622
Samples,1009,CJ,9.927253918284952
Samples,1010,CJ,3.515102359211137
Samples,1011,CJ,1.8544460822008275
Samples,1012,CJ,10.307369509715754
Samples,1013,CJ,10.275331108241298
Samples,1014,CJ,9.644241135461254
Samples,1015,CJ,9.861983764613296
Samples,1016,CJ,9.845407491961225
Samples,1017,CJ,9.951299355533465
Samples,1018,CJ,9.861272468633342
Samples,1019,CJ,10.550035218204021
Samples,1020,CJ,9.882001806513557
Samples,1021,CJ,10.132279402813703
Samples,1022,CJ,9.984307373634506
Samples,1023,CJ,9.871928306210847
Samples,1024,CJ,10.062737294784744
Samples,1025,CJ,3.321745395390981
Samples,4,CK,0.041657459031725894
Samples,5,CK,0.04084745117455865
Samples,6,CK,0.043484791065637095
Samples,7,CK,0.04078952532333548
Samples,8,CK,0.043482917744018384
Samples,9,CK,0.0419879301842794
Samples,10,CK,0.042314359747476465
Samples,11,CK,0.04353314851618245
Samples,12,CK,0.04194914629222355
Samples,17,CK,0.04130102351520393
Samples,19,CK,0.040701966910781075
Samples,20,CK,0.04327117594947984
Samples,21,CK,0.05756424210357636
Samples,26,CK,0.047724842946858144
Samples,28,CK,0.04408873449231335
Samples,29,CK,0.04640520097959363
Samples,30,CK,0.0855323513811469
Samples,32,CK,0.04420899170037978
Samples,34,CK,0.05523724755215232
Samples,35,CK,0.0631490410085983
Samples,37,CK,0.03989225836985975
Samples,39,CK,0.11147752631105491
Samples,41,CK,0.04114338519398824
Samples,42,CK,0.042144438399609976
Samples,44,CK,0.04109991838750377
Samples,55,CK,0.055779297672491845
Samples,56,CK,0.10483469961981373
Samples,58,CK,0.04312695489813057
Samples,59,CK,0.041996639198923394
Samples,60,CK,0.047996082657877734
Samples,61,CK,0.10699836293654481
Samples,62,CK,0.047046591137024606
Samples,63,CK,0.04583311575767589
Samples,64,CK,0.08758699047030521
Samples,65,CK,0.04623356677159476
Samples,66,CK,0.04907390080062056
Samples,67,CK,0.05003481960707858
Samples,68,CK,0.043434497006803956
Samples,69,CK,0.04992571091112244
Samples,70,CK,0.045902965642848646
Samples,71,CK,0.041429228006503234
Samples,72,CK,0.04651230062780062
Samples,73,CK,0.04138050757098941
Samples,74,CK,0.04296647869551912
Samples,75,CK,0.04082138949481157
Samples,76,CK,0.05421680320522083
Samples,77,CK,0.04069681255401476
Samples,78,CK,0.04360426636348544
Samples,79,CK,0.040755090605275685
Samples,80,CK,0.04794987419093552
Samples,81,CK,0.041729789025527875
Samples,82,CK,0.03954820913181453
Samples,83,CK,0.03955414997906948
Samples,84,CK,0.04162100707572801
Samples,85,CK,0.041528422224796184
Samples,86,CK,0.06947944915167122
Samples,87,CK,0.048785554982430056
Samples,88,CK,0.04756432128485714
Samples,89,CK,0.03967190271726177
Samples,91,CK,0.04883211864716915
Samples,93,CK,0.07456514836610427
Samples,94,CK,0.050456074196047654
Samples,95,CK,0.04899019541673283
Samples,96,CK,0.046096282516340036
Samples,98,CK,0.04520200310044875
Samples,100,CK,0.0616137464488664
Samples,101,CK,0.048141252698406134
Samples,102,CK,0.041891032081346195
Samples,103,CK,0.04084485834632614
Samples,106,CK,0.04301891295729728
Samples,107,CK,-0.009857094598526286
Samples,109,CK,0.04148661301274161
Samples,113,CK,-0.002817874902340716
Samples,115,CK,0.0411948413945902
Samples,118,CK,0.04077116666104636
Samples,119,CK,0.043098678235988334
Samples,120,CK,0.04100054791092568
Samples,121,CK,0.04021764291596269
Samples,122,CK,0.041338058942923486
Samples,123,CK,0.04051560923282498
Samples,124,CK,0.04059791076627473
Samples,125,CK,0.04059859187443838
Samples,126,CK,0.020212861701582218
Samples,127,CK,0.040578703669008696
Samples,128,CK,0.039539813498150216
Samples,129,CK,0.04084976327653108
Samples,130,CK,0.03982275721033145
Samples,131,CK,0.04293186939319152
Samples,132,CK,0.039733936274881504
Samples,133,CK,0.03975077772210538
Samples,134,CK,0.039565891089092156
Samples,136,CK,0.049631654875707615
Samples,137,CK,0.04278704657974732
Samples,138,CK,0.04283064125101506
Samples,139,CK,0.04267730055053624
Samples,140,CK,0.04030849020317548
Samples,141,CK,0.04200156627031077
Samples,142,CK,0.04411590761872332
Samples,143,CK,0.050187834866149396
Samples,144,CK,0.04163587162962071
Samples,145,CK,0.0443059958776121
Samples,146,CK,0.04176919531455101
Samples,147,CK,0.0594319570976947
Samples,148,CK,0.04122677505580497
Samples,149,CK,0.06962435664408127
Samples,150,CK,0.04038760898617922
Samples,151,CK,0.0462440079582167
Samples,152,CK,0.04134794043488755
Samples,153,CK,0.04394456830796486
Samples,154,CK,0.040522757218142996
Samples,155,CK,0.040203467539694115
Samples,156,CK,0.04037430530433282
Samples,158,CK,0.0036468369335449346
Samples,159,CK,0.040029885487035774
Samples,160,CK,0.037947109473833014
Samples,161,CK,0.041397856059732986
Samples,164,CK,0.04491826135151753
Samples,165,CK,0.03966482757833157
Samples,166,CK,0.040297251549303206
Samples,167,CK,0.042749723842564404
Samples,169,CK,0.040174422917015576
Samples,171,CK,0.0398014550115593
Samples,172,CK,0.043248361300236134
Samples,174,CK,0.04604784291601783
Samples,175,CK,0.04051596264722912
Samples,176,CK,0.04158197091707147
Samples,177,CK,0.16791214715233546
Samples,178,CK,0.045492336637292234
Samples,179,CK,0.041864508242058285
Samples,181,CK,0.046362854593444545
Samples,182,CK,0.043011207192302545
Samples,183,CK,0.056026543944846366
Samples,184,CK,0.04104492317612721
Samples,185,CK,0.0433471911174554
Samples,186,CK,0.04328743133034657
Samples,187,CK,0.04191054757032914
Samples,188,CK,0.04152733568098314
Samples,189,CK,0.04326811501975935
Samples,190,CK,0.05064531480709373
Samples,191,CK,0.015653844411416616
Samples,192,CK,0.040971465177254064
Samples,193,CK,0.04618191588955937
Samples,194,CK,0.03991351362085229
Samples,195,CK,0.05314314290827236
Samples,196,CK,0.04295360631994944
Samples,197,CK,0.15760297225242975
Samples,198,CK,0.045063365251662844
Samples,199,CK,0.041622242672635465
Samples,200,CK,0.041058342475722036
Samples,201,CK,0.04191665524619915
Samples,202,CK,0.046906156121788146
Samples,203,CK,0.04715868711203149
Samples,204,CK,0.03920428263309526
Samples,205,CK,0.04198047791809734
Samples,206,CK,0.2192007815724897
Samples,207,CK,0.03902200094883789
Samples,208,CK,0.040426628251824456
Samples,209,CK,0.03788995383921831
Samples,210,CK,0.03835018115128112
Samples,211,CK,0.039866743188168706
Samples,212,CK,0.03984914627577184
Samples,213,CK,0.038307357960072605
Samples,214,CK,0.0401746460438929
Samples,215,CK,0.03885749092123138
Samples,216,CK,0.03862164144134476
Samples,217,CK,0.03873229533335028
Samples,218,CK,0.04438448524727527
Samples,219,CK,0.04667078376520386
Samples,220,CK,0.038754468413534186
Samples,221,CK,0.042927467622685
Samples,222,CK,0.0685029254404231
Samples,223,CK,-0.8142918623748158
Samples,224,CK,0.040935211833379566
Samples,225,CK,0.00023688499436335858
Samples,226,CK,0.07641851886420917
Samples,227,CK,0.04285499726942879
Samples,228,CK,0.04346054045612656
Samples,229,CK,0.06476976529061108
Samples,230,CK,0.047454563906502774
Samples,231,CK,0.0414672877598075
Samples,232,CK,0.03945532718408818
Samples,233,CK,0.042611023726475926
Samples,234,CK,0.04419452035200552
Samples,235,CK,0.041147228947460084
Samples,236,CK,0.04629981633237445
Samples,237,CK,0.03948853372751822
Samples,238,CK,0.03847903508528862
Samples,239,CK,0.0423471408035584
Samples,240,CK,0.04731283960807711
Samples,241,CK,0.04105401569241295
Samples,242,CK,0.041968739585614215
Samples,243,CK,0.04307241734339861
Samples,244,CK,0.043875181633040994
Samples,245,CK,0.045434427215879356
Samples,246,CK,0.04091095974379606
Samples,247,CK,0.04419484584748037
Samples,248,CK,0.043640247960842544
Samples,249,CK,0.04161524434420968
Samples,250,CK,0.042717100144402956
Samples,251,CK,0.04513214714860152
Samples,252,CK,0.04389500822374101
Samples,253,CK,0.0527685065567457
Samples,254,CK,0.04547892258741696
Samples,255,CK,0.05466923796586814
Samples,256,CK,0.039676356355531496
Samples,257,CK,0.039141620583893984
Samples,258,CK,0.040324410403588876
Samples,259,CK,0.038716619691933046
Samples,260,CK,0.04017599926011336
Samples,261,CK,0.03972081039043315
Samples,262,CK,0.04120669960485657
Samples,263,CK,0.03934276037793163
Samples,264,CK,0.043238886541709445
Samples,265,CK,0.03817054315498863
Samples,266,CK,0.038956033668585216
Samples,267,CK,0.03893466405674994
Samples,268,CK,0.038612899609845076
Samples,269,CK,0.03942776316887126
Samples,270,CK,0.03079947157846693
Samples,271,CK,0.035715000176723244
Samples,272,CK,0.030769960316426058
Samples,273,CK,0.03288174304350279
Samples,274,CK,0.03066979380750981
Samples,275,CK,0.030964422415345312
Samples,276,CK,0.0310164875351604
Samples,277,CK,0.03135690389311395
Samples,278,CK,0.032190578561203165
Samples,279,CK,0.031267774816575916
Samples,280,CK,0.0314832462011872
Samples,281,CK,0.03081651004207839
Samples,282,CK,0.031230740944942686
Samples,283,CK,0.030912523395698065
Samples,284,CK,0.03203612853568681
Samples,285,CK,0.03079780536098924
Samples,286,CK,0.03208641618446982
Samples,287,CK,0.03160652643829647
Samples,288,CK,0.03189066840771842
Samples,289,CK,0.031095826740998627
Samples,290,CK,0.03130015309549269
Samples,291,CK,0.04608106771405842
Samples,292,CK,0.030145349294866237
Samples,293,CK,0.03171717514257081
Samples,294,CK,-0.1427840353826849
Samples,295,CK,-3.963801105186022
Samples,296,CK,0.07168920564197108
Samples,297,CK,0.039026411929980465
Samples,298,CK,0.0306768688056834
Samples,299,CK,0.030734110396220437
Samples,300,CK,0.030339851669508745
Samples,301,CK,0.030341568381841773
Samples,302,CK,0.03281558045573192
Samples,303,CK,0.030588710498774558
Samples,304,CK,0.0319857780644148
Samples,305,CK,0.03076143875034363
Samples,306,CK,0.03005157046675766
Samples,307,CK,0.030093612625701417
Samples,308,CK,0.030063270541365376
Samples,311,CK,0.03014257081937054
Samples,319,CK,0.03008839480638395
Samples,320,CK,0.03061936228931952
Samples,323,CK,0.030819570675780183
Samples,324,CK,0.029188775619947618
Samples,325,CK,0.043731199576652786
Samples,326,CK,0.03971415274328383
Samples,327,CK,0.037442126325851
Samples,328,CK,0.04953546618006619
Samples,329,CK,0.04435882259509092
Samples,330,CK,0.04087414417238248
Samples,331,CK,0.045288329799051945
Samples,332,CK,0.030578985941481073
Samples,333,CK,0.02962525406678483
Samples,334,CK,0.030654726400491775
Samples,335,CK,0.030344582987066493
Samples,336,CK,0.03245194680000215
Samples,337,CK,0.030491553049818397
Samples,338,CK,0.05246206397701595
Samples,339,CK,0.07202024350893076
Samples,340,CK,0.03330443540555317
Samples,341,CK,0.062034896019110025
Samples,342,CK,0.03588075039574963
Samples,343,CK,0.034314394134685476
Samples,344,CK,0.03958656350376453
Samples,345,CK,0.03043938954177935
Samples,346,CK,0.02960762499950037
Samples,347,CK,0.10059903033717112
Samples,348,CK,0.03217402170556011
Samples,349,CK,0.03357097459258899
Samples,350,CK,0.03147839208805713
Samples,351,CK,0.035623820462259585
Samples,352,CK,0.03043201218744761
Samples,353,CK,0.030599878318648372
Samples,354,CK,0.030204561158748557
Samples,355,CK,0.04652568099640422
Samples,356,CK,0.03037451941214255
Samples,357,CK,0.03055713419410885
Samples,358,CK,0.030774768977523747
Samples,359,CK,0.03195683810267801
Samples,361,CK,0.04551122585562613
Samples,362,CK,0.0326515130422161
Samples,363,CK,0.04880364366856527
Samples,364,CK,0.038808417908867354
Samples,365,CK,0.025708182456250582
Samples,367,CK,0.0311331270624479
Samples,368,CK,0.03837879302801322
Samples,370,CK,0.030800612296328772
Samples,374,CK,0.030109375552597153
Samples,375,CK,0.029698358565828385
Samples,376,CK,0.030676752422885162
Samples,377,CK,0.03258708794940023
Samples,378,CK,0.030328272854369683
Samples,379,CK,0.029494512882576245
Samples,380,CK,0.030830598552560377
Samples,381,CK,0.0305128539329771
Samples,382,CK,0.030437879727058584
Samples,383,CK,0.030102669773218016
Samples,384,CK,0.030130997973605085
Samples,385,CK,0.06070857875215234
Samples,386,CK,0.10300624390022474
Samples,387,CK,0.07110390812222354
Samples,388,CK,0.05773581106555447
Samples,389,CK,0.0653419392796897
Samples,390,CK,0.0639893781377287
Samples,391,CK,0.060537734335622206
Samples,392,CK,0.0509777155761169
Samples,393,CK,0.07438251030546879
Samples,394,CK,0.037933065876342584
Samples,395,CK,0.08468039360438663
Samples,396,CK,0.05304379457021336
Samples,397,CK,0.07314614951940769
Samples,398,CK,0.03442776561884604
Samples,399,CK,0.030148203461559372
Samples,400,CK,0.030110760034394494
Samples,401,CK,0.03010003524657455
Samples,402,CK,0.030090930587140057
Samples,403,CK,0.10880770522178626
Samples,404,CK,0.0996251982913153
Samples,405,CK,0.11237196848657434
Samples,406,CK,0.07789669628070865
Samples,407,CK,0.07400982280289999
Samples,408,CK,0.031818377870168155
Samples,409,CK,0.030981770089359064
Samples,410,CK,0.029727102699399252
Samples,411,CK,0.029988226117917398
Samples,412,CK,-0.002473395654375684
Samples,413,CK,0.03174873015472712
Samples,414,CK,0.030913201560081628
Samples,415,CK,0.030079459965967333
Samples,416,CK,0.02987960181474197
Samples,417,CK,0.032729174020232794
Samples,418,CK,0.030369688263685923
Samples,419,CK,0.030979294263350714
Samples,420,CK,0.03279044485240447
Samples,421,CK,0.06106554650404989
Samples,422,CK,0.06358702575283372
Samples,423,CK,0.06422283565316345
Samples,424,CK,0.0274928854064251
Samples,425,CK,0.055847550210567566
Samples,426,CK,0.032245699070491754
Samples,427,CK,0.05280623274543023
Samples,428,CK,0.03243649731584351
Samples,429,CK,0.031094782600941374
Samples,430,CK,0.03081418723273687
Samples,431,CK,0.030293467870672146
Samples,432,CK,0.032776779330698246
Samples,433,CK,0.03395571782095375
Samples,434,CK,0.030364645811927864
Samples,435,CK,0.032226640911111326
Samples,436,CK,0.03092590611992581
Samples,437,CK,0.031007193399307183
Samples,438,CK,0.031224140104668265
Samples,439,CK,0.030861127188387745
Samples,440,CK,0.031514802436995566
Samples,441,CK,0.031602677749198456
Samples,442,CK,0.03170221361789844
Samples,443,CK,0.03104898783400669
Samples,444,CK,0.03741842229898812
Samples,445,CK,0.03231368692304718
Samples,446,CK,0.03063073037689826
Samples,447,CK,0.03138889359237385
Samples,448,CK,0.0327249692033106
Samples,449,CK,0.031211920633434923
Samples,450,CK,0.030253431572105874
Samples,451,CK,0.0326098282714479
Samples,452,CK,0.03527000829953821
Samples,453,CK,0.10694998512166468
Samples,454,CK,-0.033657017986431455
Samples,455,CK,0.03022817578409951
Samples,456,CK,0.03167363187495959
Samples,457,CK,0.03194826259128055
Samples,458,CK,0.03254293245143043
Samples,459,CK,0.03149124709199045
Samples,460,CK,0.033189164174757806
Samples,461,CK,0.03131327103670864
Samples,462,CK,0.02886552652132412
Samples,463,CK,0.029881639178257202
Samples,464,CK,0.030511209397376893
Samples,465,CK,0.030861599805343132
Samples,466,CK,0.030810734212360774
Samples,467,CK,0.028811734116326985
Samples,468,CK,0.031739952672368586
Samples,469,CK,0.03157569760050134
Samples,470,CK,0.028611005256078695
Samples,471,CK,0.029716726979167236
Samples,472,CK,0.03041065370632807
Samples,473,CK,0.0304378377147609
Samples,474,CK,0.029630257337161587
Samples,475,CK,0.02917202120570226
Samples,476,CK,0.029358102916755398
Samples,477,CK,0.02991816275748694
Samples,478,CK,0.0284557215392377
Samples,479,CK,0.032479964629574504
Samples,480,CK,0.030255251507927794
Samples,481,CK,0.02932662296214548
Samples,482,CK,0.02947371429838509
Samples,483,CK,0.03033549175860789
Samples,484,CK,0.05244499197440868
Samples,485,CK,0.031492359282123815
Samples,486,CK,0.03092216725526235
Samples,487,CK,0.02969443705736683
Samples,488,CK,0.031703281670150914
Samples,489,CK,0.03003104221486789
Samples,490,CK,0.030009501465947084
Samples,491,CK,0.030692694020941064
Samples,492,CK,0.030514271506593384
Samples,493,CK,0.031144484905350645
Samples,494,CK,0.037922849477548516
Samples,495,CK,0.03079583877102171
Samples,496,CK,0.030354177909834624
Samples,497,CK,0.030113134817093917
Samples,498,CK,0.032217270543574074
Samples,499,CK,0.030404589009483913
Samples,500,CK,0.0309039230087539
Samples,501,CK,0.02635130279572212
Samples,502,CK,0.030169509506454115
Samples,503,CK,0.030246417876578977
Samples,504,CK,0.03004093163438337
Samples,505,CK,0.029648467162026692
Samples,506,CK,0.029920706377400984
Samples,507,CK,0.029886235352322564
Samples,508,CK,0.030556547410875302
Samples,509,CK,0.041688458974238486
Samples,510,CK,0.031460073598624926
Samples,511,CK,0.029771667991658788
Samples,512,CK,0.031117865171608628
Samples,513,CK,0.028642053107805435
Samples,514,CK,0.033439753292605894
Samples,515,CK,0.03307371667256584
Samples,516,CK,0.03210333795811797
Samples,517,CK,0.033439250726780695
Samples,518,CK,0.03242131584941464
Samples,519,CK,0.03249797666567134
Samples,520,CK,0.032362133704267285
Samples,521,CK,0.030664491011215097
Samples,522,CK,0.029557165556824406
Samples,523,CK,0.03337198685110481
Samples,524,CK,0.03085286050730145
Samples,525,CK,0.021711407642210936
Samples,526,CK,-0.4805469780064784
Samples,527,CK,-0.5718576773337992
Samples,528,CK,0.02908559233139835
Samples,529,CK,0.04252883799391335
Samples,530,CK,0.11825792358792452
Samples,531,CK,0.09036546818650516
Samples,532,CK,0.03406575539041332
Samples,533,CK,0.28317469006645585
Samples,534,CK,0.03611441397569047
Samples,535,CK,0.02906401430591081
Samples,536,CK,0.031125804879504945
Samples,537,CK,0.03142895926122906
Samples,538,CK,0.02936224808914859
Samples,539,CK,0.030506806232602622
Samples,540,CK,0.03223339433044184
Samples,541,CK,0.03642853815572381
Samples,542,CK,0.02961664315668883
Samples,543,CK,0.030032397925159732
Samples,544,CK,0.029402580773940905
Samples,545,CK,0.02972500753931322
Samples,546,CK,0.028878590960877474
Samples,547,CK,0.02942249891927724
Samples,548,CK,0.029954207839691053
Samples,549,CK,0.029813304392600527
Samples,550,CK,0.029925209434397734
Samples,551,CK,-0.007107484111307944
Samples,552,CK,0.0307483082007086
Samples,553,CK,0.029586551040138784
Samples,554,CK,0.02969530557025445
Samples,555,CK,0.029005791218490513
Samples,556,CK,0.02929789114389389
Samples,557,CK,0.028986502188032615
Samples,558,CK,0.030198640766030585
Samples,559,CK,0.028286533710161522
Samples,560,CK,0.029484013660711447
Samples,561,CK,0.027873296511531174
Samples,562,CK,0.029588699572885326
Samples,563,CK,0.02914268971649728
Samples,564,CK,0.029426247480554307
Samples,565,CK,0.03238405215391819
Samples,566,CK,1.0085821505519825
Samples,567,CK,0.03031582511915418
Samples,568,CK,0.17735312424979552
Samples,569,CK,0.06421206732884942
Samples,570,CK,0.02989966727154334
Samples,571,CK,0.07565021335627403
Samples,572,CK,0.0539535335064638
Samples,573,CK,0.08066097784457936
Samples,574,CK,0.028761129033339668
Samples,575,CK,0.032098990850714285
Samples,576,CK,0.030624686113009305
Samples,577,CK,0.030118535797640355
Samples,578,CK,0.030945640675435863
Samples,579,CK,0.02997876587159353
Samples,580,CK,0.03013345203974594
Samples,581,CK,0.02722400666453293
Samples,582,CK,0.029710984255858514
Samples,583,CK,0.03065879273961243
Samples,584,CK,0.030077764050527336
Samples,585,CK,0.030105962867033997
Samples,586,CK,0.02931047294902419
Samples,587,CK,0.040241556283486184
Samples,588,CK,0.029211484143658848
Samples,589,CK,0.03171554608140271
Samples,590,CK,0.0325261138131771
Samples,591,CK,0.031158615066899393
Samples,592,CK,0.03284456783227593
Samples,593,CK,0.03278008763391676
Samples,594,CK,0.029510858919865005
Samples,595,CK,0.03373574489987502
Samples,596,CK,0.03015493057347106
Samples,597,CK,0.029624513393477023
Samples,598,CK,0.02874366583201668
Samples,599,CK,0.029151299611952057
Samples,600,CK,0.029934160945553855
Samples,601,CK,0.030033735149408394
Samples,602,CK,0.03000377023836126
Samples,603,CK,0.02895226579766962
Samples,604,CK,0.030996659095119516
Samples,605,CK,0.02939835034810563
Samples,606,CK,0.0299452580577193
Samples,607,CK,0.028649422428240645
Samples,608,CK,0.03033348558225828
Samples,609,CK,0.031140742974152025
Samples,610,CK,0.029624271979935696
Samples,611,CK,0.03033277582270633
Samples,612,CK,0.029683435079740625
Samples,613,CK,0.02926836850627571
Samples,614,CK,0.029381041129493135
Samples,615,CK,0.03061995675871454
Samples,616,CK,0.03023608069439375
Samples,617,CK,0.029895663569524646
Samples,618,CK,0.028886299115284408
Samples,619,CK,0.029359332439941866
Samples,620,CK,0.02956701241067178
Samples,621,CK,-0.19499599546223764
Samples,622,CK,0.029717151213537494
Samples,623,CK,0.03081834931329031
Samples,624,CK,0.030206091661643703
Samples,625,CK,0.02990643879921403
Samples,626,CK,0.028780275996764186
Samples,627,CK,0.03096119677859998
Samples,628,CK,0.030431337786996426
Samples,629,CK,0.028954369766572913
Samples,630,CK,0.02989423479070341
Samples,631,CK,0.029175428770093242
Samples,632,CK,0.029269149106396945
Samples,633,CK,0.03071815682005028
Samples,634,CK,0.029589882096513753
Samples,635,CK,0.031027689870318592
Samples,636,CK,0.030082685218519815
Samples,637,CK,0.029725548729983196
Samples,638,CK,0.029623221077798717
Samples,639,CK,0.031021815511265257
Samples,640,CK,0.0293392685025944
Samples,641,CK,0.029753077009701076
Samples,642,CK,0.02891640875923855
Samples,643,CK,0.029274630348753907
Samples,645,CK,0.0294683092210337
Samples,646,CK,0.029296083393620796
Samples,647,CK,0.029794197100771084
Samples,648,CK,0.03018745521443112
Samples,649,CK,0.029867266662144173
Samples,650,CK,0.029823404879599235
Samples,651,CK,0.028739238270741634
Samples,652,CK,0.029984231357742214
Samples,653,CK,0.03239739071994328
Samples,654,CK,0.028586547572149366
Samples,655,CK,0.030180130506694866
Samples,656,CK,0.029928556518633125
Samples,657,CK,0.02997454996567313
Samples,658,CK,0.030017678357820744
Samples,659,CK,0.02904759519301506
Samples,660,CK,0.029598362933564222
Samples,661,CK,0.028755007800222197
Samples,662,CK,0.030966296651943063
Samples,663,CK,0.035526857818768985
Samples,664,CK,0.03163586650289833
Samples,665,CK,0.031081642881837585
Samples,666,CK,0.030245643217985306
Samples,667,CK,0.03477322695627886
Samples,668,CK,0.03408070614526736
Samples,669,CK,0.02977711239400286
Samples,670,CK,0.029071691160365856
Samples,671,CK,0.029642801269699322
Samples,672,CK,0.011174747694605589
Samples,673,CK,0.029566817634345703
Samples,674,CK,0.02918761169513114
Samples,675,CK,0.029144576986109966
Samples,676,CK,0.02919056383847943
Samples,677,CK,0.048068087956996464
Samples,678,CK,0.029597455345629003
Samples,679,CK,0.02841813505062417
Samples,680,CK,0.02839646357606499
Samples,681,CK,0.028733583123055465
Samples,682,CK,0.02804422958821521
Samples,683,CK,0.028241237037576167
Samples,684,CK,0.028944304756843925
Samples,685,CK,0.03499913015459262
Samples,686,CK,0.02950959370344817
Samples,687,CK,0.03250658199743023
Samples,688,CK,0.027461700279006625
Samples,689,CK,0.02939739504805779
Samples,690,CK,0.03043555235312796
Samples,691,CK,0.029661596672806254
Samples,692,CK,0.029225309723574715
Samples,693,CK,0.030312589632655266
Samples,694,CK,0.029128797182089015
Samples,695,CK,0.029058824092952063
Samples,696,CK,0.028522812858255257
Samples,697,CK,0.028237122980609687
Samples,698,CK,0.028065836156992093
Samples,699,CK,0.03159455152294042
Samples,700,CK,0.029327144475492128
Samples,701,CK,0.027870652073016616
Samples,702,CK,0.028629599852621812
Samples,703,CK,0.02886190912944507
Samples,704,CK,0.031871858922551795
Samples,705,CK,0.028617927432272167
Samples,706,CK,0.030555995485981303
Samples,707,CK,0.02886329750957136
Samples,708,CK,0.03111189563336464
Samples,709,CK,0.030966563958109036
Samples,710,CK,0.02979087029754019
Samples,711,CK,0.029047301609976883
Samples,712,CK,0.027973706889232557
Samples,713,CK,0.030534875577374866
Samples,714,CK,0.032042980311588184
Samples,715,CK,0.03082460398093683
Samples,716,CK,0.029944015146375253
Samples,717,CK,0.030036975831110237
Samples,718,CK,0.0322524173024339
Samples,719,CK,0.02833352704530826
Samples,720,CK,0.02944210582346549
Samples,721,CK,0.029009751045677285
Samples,722,CK,0.03210675562326238
Samples,723,CK,0.029124358369755427
Samples,724,CK,0.02901380537868953
Samples,725,CK,0.03224737299968801
Samples,726,CK,0.028725387404560203
Samples,727,CK,0.028651583867574635
Samples,728,CK,0.034415394322620564
Samples,729,CK,0.028858643883880698
Samples,730,CK,0.030691541800537476
Samples,731,CK,0.029429476512986243
Samples,732,CK,0.03090432051336809
Samples,733,CK,0.03521356380683005
Samples,734,CK,0.02862490763450338
Samples,735,CK,0.028597230716892786
Samples,736,CK,0.03451739773841327
Samples,737,CK,0.02941806907378908
Samples,738,CK,0.03485425335835917
Samples,739,CK,0.032129917289092695
Samples,740,CK,0.030212641972949247
Samples,741,CK,0.028612274434173177
Samples,742,CK,0.029175730161904473
Samples,743,CK,0.03056134016320713
Samples,744,CK,0.02952480233914682
Samples,745,CK,0.03043673687919185
Samples,746,CK,0.030219736989335572
Samples,747,CK,0.03101454345798667
Samples,748,CK,0.02825705103876395
Samples,749,CK,0.029791966073228808
Samples,750,CK,0.030207366664042938
Samples,751,CK,0.02983314971278185
Samples,752,CK,0.030546093666697315
Samples,753,CK,0.02924655632661387
Samples,754,CK,0.0284760748927724
Samples,755,CK,0.029907160240888755
Samples,756,CK,0.0291538813943437
Samples,757,CK,0.029377926280547233
Samples,758,CK,0.028553752328065046
Samples,759,CK,0.02874103985075767
Samples,760,CK,0.029091477126805466
Samples,761,CK,0.02873635542498597
Samples,762,CK,0.029117380208305156
Samples,763,CK,0.029436505411633184
Samples,764,CK,0.029143188775715118
Samples,765,CK,0.028694947075419325
Samples,766,CK,0.07583446635072229
Samples,767,CK,0.02771418483136597
Samples,768,CK,0.058988350301552736
Samples,769,CK,0.07978171220567215
Samples,770,CK,0.06763989669124117
Samples,771,CK,0.028478081198959174
Samples,772,CK,0.06361349903544994
Samples,773,CK,0.028776198317457414
Samples,774,CK,0.028782899838683144
Samples,775,CK,0.02863430524162396
Samples,776,CK,0.028696114596582962
Samples,777,CK,0.028577612611221253
Samples,778,CK,0.02889565200719075
Samples,779,CK,0.02890838154672406
Samples,780,CK,0.028564773454017887
Samples,781,CK,0.029129540300594146
Samples,782,CK,0.029950378230761066
Samples,783,CK,0.029240768423376445
Samples,784,CK,0.029018858079577613
Samples,785,CK,0.02895830540129558
Samples,786,CK,0.028872498703940767
Samples,787,CK,0.028852875356715046
Samples,788,CK,0.0290945588243672
Samples,789,CK,0.02933395867903456
Samples,790,CK,0.029337803320019337
Samples,791,CK,0.029712221407327617
Samples,792,CK,0.028454106430957842
Samples,793,CK,0.02954918679238209
Samples,794,CK,0.02898466958464857
Samples,795,CK,0.03030049215020864
Samples,796,CK,0.029152541538633506
Samples,797,CK,0.027709664643664176
Samples,798,CK,0.03139316233044699
Samples,799,CK,0.028844006929712635
Samples,800,CK,0.029032645724232642
Samples,801,CK,0.027840407378634035
Samples,802,CK,0.03031333785009389
Samples,803,CK,0.028728129667235744
Samples,804,CK,0.030598550931944753
Samples,805,CK,0.029767773625809117
Samples,806,CK,0.029206494852538865
Samples,807,CK,0.029289813082332854
Samples,808,CK,0.029338707430830425
Samples,809,CK,0.029583592802349245
Samples,810,CK,0.030391595208319515
Samples,811,CK,0.02889751243089116
Samples,812,CK,0.02880819355136007
Samples,813,CK,0.02982433486576053
Samples,814,CK,0.030775080770418517
Samples,815,CK,0.02818820606814272
Samples,816,CK,0.029122966907646018
Samples,817,CK,0.02888965945837998
Samples,818,CK,0.02934754915172875
Samples,819,CK,0.031283037280160846
Samples,820,CK,0.029398607419551956
Samples,821,CK,0.029653686508472218
Samples,822,CK,0.02919698952262189
Samples,823,CK,0.028582696270647644
Samples,824,CK,0.027669839815825954
Samples,825,CK,0.030408259921930792
Samples,826,CK,0.030845895966978832
Samples,827,CK,0.03061590100170742
Samples,828,CK,0.02916064248441446
Samples,829,CK,0.02803457763861865
Samples,830,CK,0.028670036303249935
Samples,831,CK,0.02878791210857166
Samples,832,CK,0.028847989916910486
Samples,833,CK,0.031205661223599804
Samples,834,CK,0.028414333073734956
Samples,835,CK,0.029635924870942975
Samples,836,CK,0.029704074414459984
Samples,837,CK,0.08702420210763358
Samples,838,CK,0.03162211351980092
Samples,839,CK,0.029226797921341828
Samples,840,CK,0.028334808017241062
Samples,841,CK,0.029414332467851485
Samples,842,CK,0.02889687856281226
Samples,843,CK,0.03214483277432617
Samples,844,CK,0.02889259290209162
Samples,845,CK,0.06344601565372586
Samples,846,CK,0.028858749384639587
Samples,847,CK,0.1034368618645224
Samples,848,CK,0.1600628018773568
Samples,849,CK,0.03092427146220443
Samples,850,CK,0.029269214832835396
Samples,851,CK,0.029580864439057962
Samples,852,CK,0.028901742235092606
Samples,853,CK,0.0285470292844885
Samples,854,CK,0.029107710003461462
Samples,855,CK,0.028873095174154196
Samples,856,CK,0.02883419506611389
Samples,857,CK,0.029937287308268494
Samples,858,CK,0.02939511895329422
Samples,859,CK,0.029481425074144647
Samples,860,CK,0.030508462829028245
Samples,861,CK,0.0321149823249852
Samples,862,CK,0.02900080791715816
Samples,863,CK,0.02921733046766923
Samples,864,CK,0.02944895712877458
Samples,865,CK,0.0314554923303148
Samples,866,CK,0.029416280255953157
Samples,867,CK,0.029915717591530996
Samples,868,CK,0.028709302582279
Samples,869,CK,0.031196057565315096
Samples,870,CK,0.02902681699700357
Samples,871,CK,0.029953558288583423
Samples,872,CK,0.030992256444333736
Samples,873,CK,0.02862582747933915
Samples,874,CK,0.028977569134441026
Samples,875,CK,0.029101009331451294
Samples,876,CK,0.029005432296419154
Samples,877,CK,0.027714104514271493
Samples,878,CK,0.029417077477846783
Samples,879,CK,0.028640504963647093
Samples,880,CK,0.030141176563407705
Samples,881,CK,0.02938150506989617
Samples,882,CK,0.0299662110001655
Samples,883,CK,0.031033833431398157
Samples,884,CK,0.030384044717656072
Samples,885,CK,0.029804748015717558
Samples,886,CK,0.03130473395655958
Samples,887,CK,0.02844301953621117
Samples,888,CK,0.029369757098927283
Samples,889,CK,0.02905754488654194
Samples,890,CK,0.06990125155180334
Samples,891,CK,0.028941400585217932
Samples,892,CK,0.05893428894748087
Samples,893,CK,0.05510838993151135
Samples,894,CK,0.028795409074625473
Samples,895,CK,0.028816628777002976
Samples,896,CK,0.029538370430968068
Samples,897,CK,0.029904714644942862
Samples,898,CK,0.028579606949354908
Samples,899,CK,0.0297618413267744
Samples,900,CK,0.02879555380917327
Samples,901,CK,0.06552538152442058
Samples,902,CK,0.028357759980562617
Samples,903,CK,0.029226120393602888
Samples,904,CK,0.028868535956311808
Samples,905,CK,0.029503338345848878
Samples,906,CK,0.02947714436914248
Samples,907,CK,0.02924245741879773
Samples,908,CK,0.029456260989219673
Samples,909,CK,0.02949231410875162
Samples,910,CK,0.02950713207696563
Samples,911,CK,0.028032705064303942
Samples,912,CK,0.029407978428809607
Samples,913,CK,0.030718844232583184
Samples,914,CK,0.02908249547546752
Samples,915,CK,0.027600051079472422
Samples,916,CK,0.05440547880370778
Samples,917,CK,0.02932865218700118
Samples,918,CK,0.02964304866440158
Samples,919,CK,0.028859859001237366
Samples,920,CK,0.028949876822217176
Samples,921,CK,0.029270845854827542
Samples,922,CK,0.030088483456658165
Samples,923,CK,0.029220316162814754
Samples,924,CK,0.028785560066142427
Samples,925,CK,0.02941880061332531
Samples,926,CK,0.0293331099360504
Samples,927,CK,0.029145960954714396
Samples,928,CK,0.028614174649038062
Samples,929,CK,0.028670859922224675
Samples,930,CK,0.03129232581605266
Samples,931,CK,0.029807187505043988
Samples,932,CK,0.02794546537164123
Samples,933,CK,0.03465707824597641
Samples,934,CK,0.030078407717558358
Samples,935,CK,0.02996819291632638
Samples,936,CK,0.029983671276850497
Samples,937,CK,0.030389241949174885
Samples,938,CK,0.029039795070099076
Samples,939,CK,0.028414766935897676
Samples,940,CK,0.029128373215722734
Samples,941,CK,0.030229068922591664
Samples,942,CK,-0.14846988186160212
Samples,943,CK,0.029293071717733495
Samples,944,CK,0.029682131949555414
Samples,945,CK,0.02906557330994544
Samples,946,CK,0.029009243597538047
Samples,947,CK,0.0289220658921496
Samples,948,CK,0.02918263023189177
Samples,949,CK,0.02954140623616949
Samples,950,CK,0.03001891572769889
Samples,951,CK,0.04503171251423503
Samples,952,CK,0.029393276142614912
Samples,953,CK,0.02959677013484124
Samples,954,CK,0.029931685646318807
Samples,955,CK,0.02873082354714567
Samples,956,CK,0.030015156429248274
Samples,959,CK,0.028972313377851645
Samples,960,CK,0.03599786773285636
Samples,961,CK,0.029986064975032346
Samples,962,CK,0.029908239317173582
Samples,963,CK,0.03056326693737449
Samples,964,CK,0.029245615657769425
Samples,965,CK,0.029244857318541744
Samples,966,CK,0.02974063631478127
Samples,967,CK,0.02954816147415594
Samples,969,CK,0.02981070442821008
Samples,970,CK,0.057308287602313206
Samples,971,CK,0.029515087769312862
Samples,973,CK,0.03202368694468987
Samples,974,CK,0.03015045879598236
Samples,975,CK,0.028301936770925205
Samples,976,CK,0.02944041786771137
Samples,977,CK,0.02935020371040718
Samples,978,CK,0.029462247041784642
Samples,979,CK,0.04185811949950328
Samples,982,CK,0.029850292262808192
Samples,983,CK,0.0301328679281454
Samples,985,CK,0.02802289628042972
Samples,987,CK,0.029214460773466216
Samples,988,CK,0.02944548684673303
Samples,989,CK,0.02961961595201534
Samples,990,CK,0.029867863641107675
Samples,991,CK,0.02825133676092757
Samples,992,CK,0.02882643516879543
Samples,993,CK,0.029411960863069176
Samples,994,CK,0.03430612129411913
Samples,995,CK,0.03004389577956118
Samples,996,CK,0.028695983071406462
Samples,997,CK,0.030515630259244076
Samples,998,CK,0.030539084911141434
Samples,999,CK,0.029220838748824574
Samples,1000,CK,0.02931278701119026
Samples,1001,CK,0.029381406179513268
Samples,1002,CK,0.05837174535890025
Samples,1003,CK,0.028893908920623275
Samples,1004,CK,0.028618780509646644
Samples,1005,CK,0.029230795616020957
Samples,1006,CK,0.029412914182060164
Samples,1007,CK,0.029781855180681334
Samples,1008,CK,0.02958743292423281
Samples,1009,CK,0.027885527965333733
Samples,1010,CK,0.032867961987886794
Samples,1011,CK,0.011882424352584676
Samples,1012,CK,0.030506177413899008
Samples,1013,CK,0.02993751897242639
Samples,1014,CK,0.028960783938612834
Samples,1015,CK,0.02905686453056055
Samples,1016,CK,0.029332776207161324
Samples,1017,CK,0.02910495199729631
Samples,1018,CK,0.028929520284834618
Samples,1019,CK,0.034337676869039005
Samples,1020,CK,0.029998761622920412
Samples,1021,CK,0.03055260635176997
Samples,1022,CK,0.029362525786010618
Samples,1023,CK,0.02974356616301621
Samples,1024,CK,0.03000032506931811
Samples,1025,CK,0.015464155339177752
Samples,4,CL,311.8979206571698
Samples,5,CL,321.4629557057175
Samples,6,CL,319.4873889920843
Samples,7,CL,315.66275566324083
Samples,8,CL,314.2972257282995
Samples,9,CL,318.7279411111245
Samples,10,CL,316.7451633923863
Samples,11,CL,372.963324828862
Samples,12,CL,318.03129135436774
Samples,17,CL,278.91134279975694
Samples,19,CL,315.60303991494186
Samples,20,CL,317.3395316625627
Samples,21,CL,316.62225103701047
Samples,26,CL,313.45746314369666
Samples,28,CL,311.2196375815238
Samples,29,CL,314.8423245038696
Samples,30,CL,306.6771471916796
Samples,32,CL,322.29494679719255
Samples,34,CL,321.0302644422701
Samples,35,CL,318.52621298936333
Samples,37,CL,320.41367336166
Samples,39,CL,318.64812591460475
Samples,41,CL,300.8991838396416
Samples,42,CL,303.04333974507784
Samples,44,CL,304.7242456414844
Samples,55,CL,316.9819304823188
Samples,56,CL,322.6219572101763
Samples,58,CL,326.3777725339776
Samples,59,CL,341.2414018517652
Samples,60,CL,362.3348935314048
Samples,61,CL,455.0154692084224
Samples,62,CL,379.00287908823793
Samples,63,CL,390.12107606439855
Samples,64,CL,463.48010678158585
Samples,65,CL,372.774883710281
Samples,66,CL,415.37691682296486
Samples,67,CL,402.6081746452767
Samples,68,CL,411.684560442203
Samples,69,CL,358.2219082785811
Samples,70,CL,366.1444163934745
Samples,71,CL,330.50658124936683
Samples,72,CL,352.4961076120717
Samples,73,CL,330.917646333691
Samples,74,CL,342.2522807957711
Samples,75,CL,367.93207540181817
Samples,76,CL,330.8940091980461
Samples,77,CL,330.39947447212967
Samples,78,CL,378.4875709034068
Samples,79,CL,357.56528533710014
Samples,80,CL,335.8612888277621
Samples,81,CL,336.6264778603911
Samples,82,CL,342.38720324670885
Samples,83,CL,337.5686713048046
Samples,84,CL,389.2546966041517
Samples,85,CL,353.4451872212444
Samples,86,CL,338.84343209379654
Samples,87,CL,346.18814712295324
Samples,88,CL,346.2605227689436
Samples,89,CL,333.1495214433033
Samples,91,CL,322.47872450525375
Samples,93,CL,326.09699209160874
Samples,94,CL,326.18883552349513
Samples,95,CL,321.5615731624165
Samples,96,CL,320.3346504552288
Samples,98,CL,320.41889409482206
Samples,100,CL,324.34205955919197
Samples,101,CL,321.9207634867451
Samples,102,CL,337.3353622531481
Samples,103,CL,337.4256871020979
Samples,106,CL,322.80193245779077
Samples,107,CL,353.3710837444313
Samples,109,CL,325.6940023629482
Samples,113,CL,351.1695369209788
Samples,115,CL,321.18861216652266
Samples,118,CL,342.00220762695767
Samples,119,CL,427.0209333659595
Samples,120,CL,321.6401694975207
Samples,121,CL,322.3178809528087
Samples,122,CL,316.2835977523542
Samples,123,CL,320.9788273801969
Samples,124,CL,322.9614679979481
Samples,125,CL,329.78700932683876
Samples,126,CL,334.1821792538465
Samples,127,CL,326.17871569416747
Samples,128,CL,324.21197747995393
Samples,129,CL,324.4811141744402
Samples,130,CL,324.02327039944174
Samples,131,CL,329.146024299922
Samples,132,CL,323.7367507429305
Samples,133,CL,335.8728121061321
Samples,134,CL,331.1734647401577
Samples,136,CL,317.0522217750962
Samples,137,CL,318.101807319573
Samples,138,CL,318.1167681826334
Samples,139,CL,325.3271654124451
Samples,140,CL,326.2161381830085
Samples,141,CL,324.9532970460571
Samples,142,CL,392.9398845670839
Samples,143,CL,408.45496931485087
Samples,144,CL,327.29960165132667
Samples,145,CL,327.3812428592829
Samples,146,CL,329.49484607597833
Samples,147,CL,359.1729535592374
Samples,148,CL,328.9483576877903
Samples,149,CL,358.769632721764
Samples,150,CL,326.2248163603926
Samples,151,CL,324.9561280670471
Samples,152,CL,329.5426075633301
Samples,153,CL,326.3705366279817
Samples,154,CL,327.0627425123657
Samples,155,CL,326.20887025567407
Samples,156,CL,326.679836826428
Samples,158,CL,269.17767219586
Samples,159,CL,310.12912728567045
Samples,160,CL,322.75191277374785
Samples,161,CL,320.0274491951173
Samples,164,CL,353.35458056412483
Samples,165,CL,313.91295577299394
Samples,166,CL,343.9890758921116
Samples,167,CL,318.88545066386416
Samples,169,CL,326.4157164792137
Samples,171,CL,328.2408176330247
Samples,172,CL,321.23775172460967
Samples,174,CL,329.7974282958891
Samples,175,CL,330.65856065936424
Samples,176,CL,131.7104679370978
Samples,177,CL,316.4749358288095
Samples,178,CL,330.7611081146171
Samples,179,CL,327.57005917977443
Samples,181,CL,326.4187998171138
Samples,182,CL,324.908414686209
Samples,183,CL,320.5000377658068
Samples,184,CL,331.33492997718184
Samples,185,CL,331.18728863786015
Samples,186,CL,331.0120188183371
Samples,187,CL,331.81112027360933
Samples,188,CL,330.28866766877877
Samples,189,CL,330.82942499048755
Samples,190,CL,326.7644777653936
Samples,191,CL,261.4411821607778
Samples,192,CL,329.3673107372311
Samples,193,CL,330.43046073049027
Samples,194,CL,337.7314521832226
Samples,195,CL,324.8527417957234
Samples,196,CL,328.41180122220277
Samples,197,CL,333.6833060362699
Samples,198,CL,334.40074744617755
Samples,199,CL,337.62332233931437
Samples,200,CL,334.94917213264995
Samples,201,CL,332.9520478693859
Samples,202,CL,375.3369978424083
Samples,203,CL,340.0049291754871
Samples,204,CL,366.99491049994094
Samples,205,CL,351.158514463675
Samples,206,CL,416.07753763259
Samples,207,CL,325.641697895038
Samples,208,CL,465.37752808657376
Samples,209,CL,329.6827925765521
Samples,210,CL,327.0973459103172
Samples,211,CL,466.2743853346552
Samples,212,CL,387.0086428863927
Samples,213,CL,328.1025707291613
Samples,214,CL,416.3425537658011
Samples,215,CL,329.349581547813
Samples,216,CL,327.41579379560426
Samples,217,CL,345.07252209865277
Samples,218,CL,332.8657745001383
Samples,219,CL,332.9464621066332
Samples,220,CL,332.65167945263556
Samples,221,CL,332.12861729505477
Samples,222,CL,331.81598957828277
Samples,223,CL,335.18089129837165
Samples,224,CL,331.7438666800757
Samples,225,CL,326.9720770928464
Samples,226,CL,325.43405648322255
Samples,227,CL,336.2005225409362
Samples,228,CL,335.26458643867215
Samples,229,CL,340.94413392166416
Samples,230,CL,336.76143810831246
Samples,231,CL,332.6037348730581
Samples,232,CL,328.589218099491
Samples,233,CL,335.2306510418038
Samples,234,CL,333.92645260335854
Samples,235,CL,333.82256682731537
Samples,236,CL,335.7032218793766
Samples,237,CL,336.4084450700201
Samples,238,CL,330.3659773386791
Samples,239,CL,338.5972336955827
Samples,240,CL,341.21961114650037
Samples,241,CL,333.68544345580364
Samples,242,CL,337.8959860628861
Samples,243,CL,338.95756425389766
Samples,244,CL,345.59683081735807
Samples,245,CL,339.557370984428
Samples,246,CL,338.8380560973877
Samples,247,CL,338.21857987761996
Samples,248,CL,338.99583492908454
Samples,249,CL,337.73052110511185
Samples,250,CL,336.764798425192
Samples,251,CL,337.10989406461715
Samples,252,CL,337.00298457080424
Samples,253,CL,336.33840840087134
Samples,254,CL,338.2972757544671
Samples,255,CL,335.5464430616076
Samples,256,CL,344.57302195849684
Samples,257,CL,347.66022578691627
Samples,258,CL,335.77082535726
Samples,259,CL,321.1611186976332
Samples,260,CL,340.03617629170196
Samples,261,CL,346.94135624859865
Samples,262,CL,342.9317067514085
Samples,263,CL,345.64471056088365
Samples,264,CL,365.43253013017693
Samples,265,CL,335.65943285443376
Samples,266,CL,339.8098198408726
Samples,267,CL,342.65711015534737
Samples,268,CL,343.5440110469617
Samples,269,CL,343.8197666447289
Samples,270,CL,282.3092909099168
Samples,271,CL,307.9151667466567
Samples,272,CL,282.748421689495
Samples,273,CL,307.98710448136404
Samples,274,CL,290.8985200882878
Samples,275,CL,270.939421353012
Samples,276,CL,288.97071955913583
Samples,277,CL,271.3449232969196
Samples,278,CL,262.8618996209977
Samples,279,CL,258.7196815109789
Samples,280,CL,280.58380491174853
Samples,281,CL,277.43907023030033
Samples,282,CL,281.0471439616491
Samples,283,CL,277.3955408991631
Samples,284,CL,275.27069239905444
Samples,285,CL,273.7704136487751
Samples,286,CL,272.9319633171733
Samples,287,CL,277.8992612980939
Samples,288,CL,274.91742682833234
Samples,289,CL,280.00109749911405
Samples,290,CL,277.61847025708477
Samples,291,CL,299.2918441882785
Samples,292,CL,285.8788924571738
Samples,293,CL,278.4946274830217
Samples,294,CL,4225.677896614571
Samples,295,CL,3280.3678492538943
Samples,296,CL,8196.787112027312
Samples,297,CL,290.77593135382017
Samples,298,CL,286.47740361773384
Samples,299,CL,274.1981769179243
Samples,300,CL,287.4043681261819
Samples,301,CL,274.18948930170285
Samples,302,CL,283.69283104513545
Samples,303,CL,286.76738333358446
Samples,304,CL,295.74037631318515
Samples,305,CL,322.739952609424
Samples,306,CL,283.249790463341
Samples,307,CL,283.82027930719994
Samples,308,CL,287.9651245923623
Samples,311,CL,280.9253922770558
Samples,319,CL,282.83758443151925
Samples,320,CL,275.2892939386222
Samples,323,CL,286.29274549917426
Samples,324,CL,290.7172667351895
Samples,325,CL,3214.3997917560528
Samples,326,CL,2577.9521304481127
Samples,327,CL,2646.069297297756
Samples,328,CL,714.10295599693
Samples,329,CL,4269.419347593378
Samples,330,CL,2600.141165427294
Samples,331,CL,4472.288909115737
Samples,332,CL,280.5090010105635
Samples,333,CL,294.0545743900787
Samples,334,CL,294.0071479737873
Samples,335,CL,290.5637647505961
Samples,336,CL,295.2923515256375
Samples,337,CL,297.85706493398834
Samples,338,CL,2556.5558137589096
Samples,339,CL,3258.084908204158
Samples,340,CL,1063.2965462026377
Samples,341,CL,8158.479004762977
Samples,342,CL,461.78558657048393
Samples,343,CL,702.6145812570256
Samples,344,CL,1096.8571024589346
Samples,345,CL,283.5815102895627
Samples,346,CL,289.7310382774138
Samples,347,CL,2151.706493400111
Samples,348,CL,1488.145568624601
Samples,349,CL,2329.5847130894767
Samples,350,CL,294.45715503173597
Samples,351,CL,1776.58990093053
Samples,352,CL,307.12732573572214
Samples,353,CL,504.6655285196272
Samples,354,CL,285.8228646624429
Samples,355,CL,257.78838491380196
Samples,356,CL,281.2032728223423
Samples,357,CL,284.7835569911944
Samples,358,CL,287.4035995896135
Samples,359,CL,1533.0986783975175
Samples,361,CL,3269.578945744694
Samples,362,CL,398.56362486393635
Samples,363,CL,6905.470907437809
Samples,364,CL,1143.4395210539456
Samples,365,CL,284.5388242425543
Samples,367,CL,313.09216643296077
Samples,368,CL,1142.4758804433616
Samples,370,CL,283.28738405587114
Samples,374,CL,278.91134279975694
Samples,375,CL,306.3556808870945
Samples,376,CL,281.2308694613952
Samples,377,CL,283.5406058761655
Samples,378,CL,281.92547501120737
Samples,379,CL,282.8461193132495
Samples,380,CL,279.5735806535021
Samples,381,CL,291.97153151336977
Samples,382,CL,287.8175919006787
Samples,383,CL,278.911342799757
Samples,384,CL,281.2857195673557
Samples,385,CL,3548.522674346581
Samples,386,CL,6071.653516601434
Samples,387,CL,7651.844450332074
Samples,388,CL,3183.3851494237533
Samples,389,CL,6196.188160782806
Samples,390,CL,7122.343460869395
Samples,391,CL,4006.67757645191
Samples,392,CL,6525.666521545578
Samples,393,CL,4247.434894191462
Samples,394,CL,1808.974007049126
Samples,395,CL,12107.85617797222
Samples,396,CL,2337.7605500289555
Samples,397,CL,6889.372363449799
Samples,398,CL,1741.8197648395608
Samples,399,CL,277.8319120800335
Samples,400,CL,286.6199747368915
Samples,401,CL,286.5651606946327
Samples,402,CL,286.0106210462513
Samples,403,CL,9246.655197777174
Samples,404,CL,8147.528700316601
Samples,405,CL,10471.109880026006
Samples,406,CL,8487.613649994246
Samples,407,CL,8645.451540831793
Samples,408,CL,305.6870746363768
Samples,409,CL,292.39586151460344
Samples,410,CL,286.3952857106971
Samples,411,CL,286.4818448456699
Samples,412,CL,269.64102930720776
Samples,413,CL,280.6652762493846
Samples,414,CL,280.67425460671893
Samples,415,CL,276.74963827073884
Samples,416,CL,292.28693925278327
Samples,417,CL,279.97605110334655
Samples,418,CL,279.5508258203935
Samples,419,CL,287.5073380859888
Samples,420,CL,341.5840462482834
Samples,421,CL,8620.969457670055
Samples,422,CL,8570.15930591332
Samples,423,CL,8424.487868261278
Samples,424,CL,300.4124578200958
Samples,425,CL,3749.8025225661836
Samples,426,CL,331.45158597506764
Samples,427,CL,2320.1763700614006
Samples,428,CL,549.7020661448415
Samples,429,CL,285.70032643054583
Samples,430,CL,285.2270652067557
Samples,431,CL,283.19334416348374
Samples,432,CL,281.6547153060045
Samples,433,CL,284.0432123325551
Samples,434,CL,282.8485850386412
Samples,435,CL,283.43802334900585
Samples,436,CL,285.76934286756637
Samples,437,CL,282.78892740688013
Samples,438,CL,280.9982639857831
Samples,439,CL,283.0140429987515
Samples,440,CL,282.1459082165635
Samples,441,CL,282.68804932028706
Samples,442,CL,282.63177961500156
Samples,443,CL,286.223384521951
Samples,444,CL,279.80203446478464
Samples,445,CL,286.0882416670435
Samples,446,CL,292.266913763163
Samples,447,CL,287.34627081036683
Samples,448,CL,281.3121794015679
Samples,449,CL,287.12709088840666
Samples,450,CL,285.2904288456241
Samples,451,CL,281.6851720453947
Samples,452,CL,407.83980210837376
Samples,453,CL,26600.60711194126
Samples,454,CL,339.15548735651754
Samples,455,CL,272.05688771380164
Samples,456,CL,285.7844443992896
Samples,457,CL,286.25048435555124
Samples,458,CL,286.25646898078463
Samples,459,CL,287.19944425507913
Samples,460,CL,289.2500138740887
Samples,461,CL,287.2774535323706
Samples,462,CL,290.11905500923285
Samples,463,CL,288.09087552848183
Samples,464,CL,289.908774351746
Samples,465,CL,290.8275944554366
Samples,466,CL,290.7591458524792
Samples,467,CL,290.2272529274514
Samples,468,CL,287.0025343042588
Samples,469,CL,377.49800307174644
Samples,470,CL,289.96641259553127
Samples,471,CL,290.22281296035106
Samples,472,CL,289.6279660748503
Samples,473,CL,289.19416170959136
Samples,474,CL,289.9331258563305
Samples,475,CL,287.72041232462124
Samples,476,CL,280.71512201354057
Samples,477,CL,284.25528825275796
Samples,478,CL,286.86059725404573
Samples,479,CL,283.2612321531504
Samples,480,CL,282.418930438492
Samples,481,CL,286.16797042774664
Samples,482,CL,288.79834912529543
Samples,483,CL,288.18097976251516
Samples,484,CL,280.0806554328459
Samples,485,CL,283.4809703760899
Samples,486,CL,287.34069222325087
Samples,487,CL,278.71357663623013
Samples,488,CL,285.71454561785043
Samples,489,CL,289.9001979893759
Samples,490,CL,288.80996237048265
Samples,491,CL,287.62791856049404
Samples,492,CL,288.3626684978748
Samples,493,CL,286.61139805165647
Samples,494,CL,324.84146564638536
Samples,495,CL,311.3874199013127
Samples,496,CL,288.00097541691366
Samples,497,CL,288.22995948568433
Samples,498,CL,292.7327741145196
Samples,499,CL,301.0454464041775
Samples,500,CL,287.73886788730584
Samples,501,CL,286.08091476706846
Samples,502,CL,291.7328265003823
Samples,503,CL,290.7362289728909
Samples,504,CL,288.38067325839603
Samples,505,CL,289.72622441143375
Samples,506,CL,289.2434280119696
Samples,507,CL,296.90951926095823
Samples,508,CL,347.56368439937035
Samples,509,CL,284.5628926317814
Samples,510,CL,297.6196697696701
Samples,511,CL,293.8469472513906
Samples,512,CL,328.9653934497004
Samples,513,CL,277.63599743327467
Samples,514,CL,417.37141108087
Samples,515,CL,786.0771409267253
Samples,516,CL,819.0163337144613
Samples,517,CL,779.7522495983568
Samples,518,CL,795.2953982421794
Samples,519,CL,744.8634626579259
Samples,520,CL,803.8315862245513
Samples,521,CL,374.873716291357
Samples,522,CL,291.5061755074251
Samples,523,CL,792.4910125398478
Samples,524,CL,289.69709668603934
Samples,525,CL,281.88686618130436
Samples,526,CL,279.50118641923325
Samples,527,CL,281.1246695583794
Samples,528,CL,305.3359093197272
Samples,529,CL,281.397334965792
Samples,530,CL,279.2941406908512
Samples,531,CL,280.1740713052277
Samples,532,CL,279.149366739758
Samples,533,CL,281.12057017693417
Samples,534,CL,272.7571912469585
Samples,535,CL,308.48233456529334
Samples,536,CL,282.42316270997316
Samples,537,CL,283.14170290951665
Samples,538,CL,287.65492984887555
Samples,539,CL,290.2626862147286
Samples,540,CL,286.46862082867807
Samples,541,CL,319.41951115242796
Samples,542,CL,290.1647737184066
Samples,543,CL,288.7141032650295
Samples,544,CL,292.2627236253499
Samples,545,CL,292.80762415692305
Samples,546,CL,293.29607338755335
Samples,547,CL,293.32419908609654
Samples,548,CL,293.88295483357314
Samples,549,CL,293.2235774805587
Samples,550,CL,296.9682519036357
Samples,551,CL,265.50661281125065
Samples,552,CL,289.2358280874793
Samples,553,CL,293.4804489149735
Samples,554,CL,293.7252620528355
Samples,555,CL,290.26372539629466
Samples,556,CL,286.79528548694583
Samples,557,CL,294.1446436188767
Samples,558,CL,278.552583821364
Samples,559,CL,270.6733078345192
Samples,560,CL,266.08861783320646
Samples,561,CL,271.8986044529636
Samples,562,CL,278.508912378193
Samples,563,CL,259.7157733805642
Samples,564,CL,262.4612137321574
Samples,565,CL,267.00880617855273
Samples,566,CL,38800.503109428784
Samples,567,CL,311.01875796038263
Samples,568,CL,33215.31955838734
Samples,569,CL,4030.5947771160963
Samples,570,CL,280.19134114903625
Samples,571,CL,4473.573966445673
Samples,572,CL,2306.87624493485
Samples,573,CL,6269.850419445971
Samples,574,CL,322.96687223571496
Samples,575,CL,282.5610225458333
Samples,576,CL,278.94888621666627
Samples,577,CL,278.27333201896073
Samples,578,CL,278.5907246644127
Samples,579,CL,281.1473554064722
Samples,580,CL,279.2687638640012
Samples,581,CL,278.7023411262124
Samples,582,CL,298.1904122856204
Samples,583,CL,277.0107345024389
Samples,584,CL,282.37729810674966
Samples,585,CL,276.1872366045997
Samples,586,CL,287.1240530616884
Samples,587,CL,755.1770707662099
Samples,588,CL,273.85856381494995
Samples,589,CL,696.139067788686
Samples,590,CL,691.8084276567394
Samples,591,CL,589.2507046959684
Samples,592,CL,670.3341000135274
Samples,593,CL,771.7284578509717
Samples,594,CL,301.3132012459341
Samples,595,CL,778.2101392898059
Samples,596,CL,274.25990535051096
Samples,597,CL,300.2264348179984
Samples,598,CL,288.95319827315626
Samples,599,CL,294.4597998653853
Samples,600,CL,291.3917112639353
Samples,601,CL,285.61990570703114
Samples,602,CL,286.5244680587797
Samples,603,CL,283.36380929971097
Samples,604,CL,284.1089746766142
Samples,605,CL,294.25048426661215
Samples,606,CL,292.4731571293071
Samples,607,CL,294.3709919850599
Samples,608,CL,292.68892799870144
Samples,609,CL,292.9908479294886
Samples,610,CL,297.466129793072
Samples,611,CL,297.2094287816703
Samples,612,CL,296.3113591880664
Samples,613,CL,293.11711209717674
Samples,614,CL,297.9943040150243
Samples,615,CL,294.2760865332812
Samples,616,CL,296.4482848924598
Samples,617,CL,295.0042028968396
Samples,618,CL,294.1744784979389
Samples,619,CL,299.02871831331424
Samples,620,CL,278.91134279975694
Samples,621,CL,275.7153062147825
Samples,622,CL,286.5841904570918
Samples,623,CL,291.88657496124705
Samples,624,CL,298.15509989458843
Samples,625,CL,298.4061185835676
Samples,626,CL,295.3379940755047
Samples,627,CL,297.431975983293
Samples,628,CL,297.50852561292555
Samples,629,CL,297.0843415874628
Samples,630,CL,298.8571587491586
Samples,631,CL,302.44903134131334
Samples,632,CL,301.156389055249
Samples,633,CL,297.2565961455568
Samples,634,CL,304.05019323957356
Samples,635,CL,295.11451756474804
Samples,636,CL,299.9059292427692
Samples,637,CL,300.6198384325206
Samples,638,CL,287.41088372211476
Samples,639,CL,289.65883230035
Samples,640,CL,291.4063133170421
Samples,641,CL,297.2677414908489
Samples,642,CL,294.6443076046789
Samples,643,CL,292.42838752564296
Samples,645,CL,298.9402353085475
Samples,646,CL,290.2380270940213
Samples,647,CL,289.4912957149853
Samples,648,CL,278.06642051630405
Samples,649,CL,300.6301112601853
Samples,650,CL,294.66259544005317
Samples,651,CL,302.02664448862384
Samples,652,CL,302.60500775179094
Samples,653,CL,348.05073651236324
Samples,654,CL,294.6702103979197
Samples,655,CL,304.96597836645066
Samples,656,CL,287.26658286610274
Samples,657,CL,270.7327775396797
Samples,658,CL,285.4247932685133
Samples,659,CL,304.6913152075409
Samples,660,CL,297.7096105413888
Samples,661,CL,305.34761576892896
Samples,662,CL,298.0131304708818
Samples,663,CL,315.3017776726019
Samples,664,CL,299.48606969947315
Samples,665,CL,297.559014051737
Samples,666,CL,299.2741397655697
Samples,667,CL,366.6991669480213
Samples,668,CL,415.0898606091485
Samples,669,CL,277.32790001056685
Samples,670,CL,284.94592221987153
Samples,671,CL,274.77393913140963
Samples,672,CL,4987.683307484882
Samples,673,CL,326.15591271851395
Samples,674,CL,273.98924576559807
Samples,675,CL,287.5924190556361
Samples,676,CL,273.29285683949627
Samples,677,CL,4214.796161071005
Samples,678,CL,276.65938783660306
Samples,679,CL,286.5828496170673
Samples,680,CL,281.8224050124953
Samples,681,CL,289.15400752157524
Samples,682,CL,283.4875071154724
Samples,683,CL,284.8605074593575
Samples,684,CL,303.8617610469247
Samples,685,CL,298.7136608118314
Samples,686,CL,284.5267137042183
Samples,687,CL,281.123291480543
Samples,688,CL,334.79379548993495
Samples,689,CL,285.20142712035124
Samples,690,CL,310.7351126875909
Samples,691,CL,292.2264586804688
Samples,692,CL,282.4059782547472
Samples,693,CL,328.7587710514289
Samples,694,CL,286.2560035568985
Samples,695,CL,282.3450842692038
Samples,696,CL,282.8130545006544
Samples,697,CL,292.7234095065109
Samples,698,CL,288.56201236915257
Samples,699,CL,300.11495239439927
Samples,700,CL,289.20195832383763
Samples,701,CL,289.1657122502229
Samples,702,CL,289.78910785542166
Samples,703,CL,283.26312325642516
Samples,704,CL,503.24412472116387
Samples,705,CL,304.2393871530764
Samples,706,CL,487.0092384637871
Samples,707,CL,284.918805094694
Samples,708,CL,498.7133958124898
Samples,709,CL,425.29412580381796
Samples,710,CL,381.40055591611684
Samples,711,CL,294.2834742581847
Samples,712,CL,405.12284701010753
Samples,713,CL,496.638532186324
Samples,714,CL,422.15706684547024
Samples,715,CL,380.0154935095853
Samples,716,CL,499.9505178140035
Samples,717,CL,430.5278157428926
Samples,718,CL,533.0631656079302
Samples,719,CL,278.6769503298096
Samples,720,CL,420.6330527579096
Samples,721,CL,281.0298241333723
Samples,722,CL,440.65512437533476
Samples,723,CL,282.874538541605
Samples,724,CL,285.4646286378496
Samples,725,CL,530.7143009266198
Samples,726,CL,282.23696943765117
Samples,727,CL,281.99218034855016
Samples,728,CL,734.721619033709
Samples,729,CL,410.5445412848286
Samples,730,CL,422.7783848638271
Samples,731,CL,404.15162850018635
Samples,732,CL,387.27855315755045
Samples,733,CL,720.5556876211934
Samples,734,CL,416.570688282166
Samples,735,CL,307.0991482068318
Samples,736,CL,722.4828173884321
Samples,737,CL,288.14058616698287
Samples,738,CL,727.0122424242688
Samples,739,CL,412.53577842644773
Samples,740,CL,291.4648991360784
Samples,741,CL,295.54484250116195
Samples,742,CL,298.74991348259266
Samples,743,CL,293.6546634302636
Samples,744,CL,303.71420453030214
Samples,745,CL,319.81065312534156
Samples,746,CL,288.67452145232426
Samples,747,CL,405.27751480141814
Samples,748,CL,339.66667926572575
Samples,749,CL,350.914719902371
Samples,750,CL,407.2521416892302
Samples,751,CL,317.2184976218964
Samples,752,CL,415.1131763522087
Samples,753,CL,339.2399383883738
Samples,754,CL,361.53321555250164
Samples,755,CL,418.7438064056717
Samples,756,CL,391.28794967690413
Samples,757,CL,430.09265395496203
Samples,758,CL,415.426415209243
Samples,759,CL,361.95199764615415
Samples,760,CL,325.9023276671596
Samples,761,CL,302.07732659648366
Samples,762,CL,395.2453854089336
Samples,763,CL,297.3175084788921
Samples,764,CL,403.2247269170187
Samples,765,CL,294.12495052465573
Samples,766,CL,17014.23504762854
Samples,767,CL,279.8802411880444
Samples,768,CL,14731.893188528622
Samples,769,CL,20072.25788656012
Samples,770,CL,17770.97369814566
Samples,771,CL,284.65884856237557
Samples,772,CL,22253.73160702834
Samples,773,CL,300.57098040300224
Samples,774,CL,348.62582664099784
Samples,775,CL,298.7421596962743
Samples,776,CL,319.3701453334951
Samples,777,CL,308.3478344615106
Samples,778,CL,300.0690807355539
Samples,779,CL,280.6454062537055
Samples,780,CL,367.7356970169288
Samples,781,CL,311.7296574701132
Samples,782,CL,395.0965350789475
Samples,783,CL,298.06312216096643
Samples,784,CL,358.7836941741132
Samples,785,CL,304.15826646762804
Samples,786,CL,303.4214202614771
Samples,787,CL,296.37195113138154
Samples,788,CL,297.3522748300768
Samples,789,CL,293.768898338886
Samples,790,CL,301.1741824027195
Samples,791,CL,419.1380185553702
Samples,792,CL,291.67810578819103
Samples,793,CL,306.5980726699012
Samples,794,CL,305.4726936367581
Samples,795,CL,374.19066429474
Samples,796,CL,406.6329898816374
Samples,797,CL,303.9917475191136
Samples,798,CL,343.99456251029875
Samples,799,CL,303.196924626158
Samples,800,CL,296.8663152180562
Samples,801,CL,311.45263594902883
Samples,802,CL,303.4640459912909
Samples,803,CL,304.2133788322145
Samples,804,CL,307.3817699323956
Samples,805,CL,339.6152767513805
Samples,806,CL,302.65560165451194
Samples,807,CL,299.9603619476958
Samples,808,CL,343.12570996000096
Samples,809,CL,301.9124788301395
Samples,810,CL,302.9350386202083
Samples,811,CL,305.13752251868726
Samples,812,CL,292.1895463312509
Samples,813,CL,344.333648300074
Samples,814,CL,300.5313292140764
Samples,815,CL,298.7872686130772
Samples,816,CL,301.75814007705713
Samples,817,CL,296.664028636713
Samples,818,CL,297.9766176438046
Samples,819,CL,301.4935990050065
Samples,820,CL,293.88825580310703
Samples,821,CL,344.1858240974242
Samples,822,CL,305.0364184987953
Samples,823,CL,305.5313838087042
Samples,824,CL,300.9593892672461
Samples,825,CL,302.5444627032765
Samples,826,CL,326.56505529738445
Samples,827,CL,301.1976078124889
Samples,828,CL,302.01259679646256
Samples,829,CL,307.45496451506796
Samples,830,CL,303.3197765194568
Samples,831,CL,303.23980065948666
Samples,832,CL,310.41980477423186
Samples,833,CL,317.0860094405158
Samples,834,CL,286.12600734961705
Samples,835,CL,272.4007297502645
Samples,836,CL,482.141110737253
Samples,837,CL,1537.6775193744638
Samples,838,CL,458.70948301029426
Samples,839,CL,248.11507209706477
Samples,840,CL,248.00077132721944
Samples,841,CL,274.80552122733354
Samples,842,CL,267.2776480064062
Samples,843,CL,454.6202566246374
Samples,844,CL,245.55183775102537
Samples,845,CL,1367.889235101044
Samples,846,CL,264.42617114769433
Samples,847,CL,1547.019156895029
Samples,848,CL,1544.449613290243
Samples,849,CL,281.8533145672458
Samples,850,CL,289.7316822511204
Samples,851,CL,286.35475544570335
Samples,852,CL,279.82681959404636
Samples,853,CL,306.44205954810326
Samples,854,CL,287.1198449832073
Samples,855,CL,284.25961085764357
Samples,856,CL,286.9132802066291
Samples,857,CL,289.2476341209233
Samples,858,CL,286.8247334904852
Samples,859,CL,286.2309657092782
Samples,860,CL,280.8111570440997
Samples,861,CL,282.6518675550211
Samples,862,CL,287.6990972158875
Samples,863,CL,287.8223622864147
Samples,864,CL,282.55701416915093
Samples,865,CL,286.30960170193606
Samples,866,CL,283.5354254223699
Samples,867,CL,277.27660362201766
Samples,868,CL,285.5254709728199
Samples,869,CL,283.192661434223
Samples,870,CL,290.6497022691518
Samples,871,CL,283.1889597644749
Samples,872,CL,283.0210288329786
Samples,873,CL,289.0194584836474
Samples,874,CL,285.9863453947774
Samples,875,CL,288.5192270273895
Samples,876,CL,283.56105172577304
Samples,877,CL,317.48408742318463
Samples,878,CL,286.85242512417864
Samples,879,CL,288.4349579960863
Samples,880,CL,285.0222329673381
Samples,881,CL,285.6768724645028
Samples,882,CL,288.8352598685105
Samples,883,CL,288.75590460607486
Samples,884,CL,291.1141160063631
Samples,885,CL,288.9495181569082
Samples,886,CL,311.490043989907
Samples,887,CL,292.95020248295833
Samples,888,CL,292.457767438432
Samples,889,CL,282.01424475380384
Samples,890,CL,8762.073805516835
Samples,891,CL,277.84821687995196
Samples,892,CL,9774.906216151501
Samples,893,CL,8036.668794770206
Samples,894,CL,313.795718037817
Samples,895,CL,293.03079542221764
Samples,896,CL,294.31228521550963
Samples,897,CL,284.20142206921656
Samples,898,CL,293.5869099408237
Samples,899,CL,279.5843332561303
Samples,900,CL,295.0568602495614
Samples,901,CL,263.110051397709
Samples,902,CL,294.2289077103248
Samples,903,CL,293.79979361494657
Samples,904,CL,277.5466929862224
Samples,905,CL,278.91134279975705
Samples,906,CL,283.89057559627906
Samples,907,CL,283.11188022373125
Samples,908,CL,296.4278446373617
Samples,909,CL,290.5580496215633
Samples,910,CL,290.6824053296746
Samples,911,CL,293.47029587730344
Samples,912,CL,298.4556084511568
Samples,913,CL,377.66074308020944
Samples,914,CL,294.652446303958
Samples,915,CL,272.855055022561
Samples,916,CL,1456.789508562316
Samples,917,CL,294.255787739966
Samples,918,CL,294.7777252851816
Samples,919,CL,295.365384887465
Samples,920,CL,295.21020486433196
Samples,921,CL,289.28641922102344
Samples,922,CL,297.2871961991543
Samples,923,CL,300.23995285622
Samples,924,CL,295.94122686561343
Samples,925,CL,289.6253077563402
Samples,926,CL,285.85481331866725
Samples,927,CL,288.91380187696876
Samples,928,CL,289.02369532438735
Samples,929,CL,286.4469906175581
Samples,930,CL,1322.2890773876409
Samples,931,CL,284.3866150803376
Samples,932,CL,273.6338017795433
Samples,933,CL,265.8148646812315
Samples,934,CL,288.9367230638128
Samples,935,CL,343.1098117334208
Samples,936,CL,284.8805423736345
Samples,937,CL,507.4281342123601
Samples,938,CL,474.7362524432874
Samples,939,CL,289.4112811017615
Samples,940,CL,289.4387237989582
Samples,941,CL,263.1561764350667
Samples,942,CL,2654.5467069272254
Samples,943,CL,307.4050955446652
Samples,944,CL,304.1456678786942
Samples,945,CL,292.5374613445644
Samples,946,CL,291.8521158901383
Samples,947,CL,292.2546620246566
Samples,948,CL,291.86606030231644
Samples,949,CL,292.4029233505834
Samples,950,CL,282.5293895197299
Samples,951,CL,262.1593030326957
Samples,952,CL,273.30518982581896
Samples,953,CL,283.3387373808099
Samples,954,CL,287.216746988936
Samples,955,CL,286.9924511164723
Samples,956,CL,299.50769250219037
Samples,959,CL,271.22320813839144
Samples,960,CL,5297.298483038152
Samples,961,CL,329.46099665064315
Samples,962,CL,290.4211212503576
Samples,963,CL,1180.2584102346518
Samples,964,CL,297.2297250042272
Samples,965,CL,297.4538625082094
Samples,966,CL,315.70661209149307
Samples,967,CL,364.54368910446294
Samples,969,CL,294.96258962699847
Samples,970,CL,3401.148523071106
Samples,971,CL,283.8409527123194
Samples,973,CL,2299.364253213309
Samples,974,CL,1225.3634533260936
Samples,975,CL,281.9692722058671
Samples,976,CL,375.20945346361685
Samples,977,CL,1053.6976930363294
Samples,978,CL,278.911342799757
Samples,979,CL,5271.820208932407
Samples,982,CL,298.25547066386673
Samples,983,CL,312.9253510225376
Samples,985,CL,305.5873892223163
Samples,987,CL,282.6764427458818
Samples,988,CL,317.3586962923361
Samples,989,CL,282.84204043246365
Samples,990,CL,316.1788988252419
Samples,991,CL,283.15585541155207
Samples,992,CL,284.0484981873919
Samples,993,CL,283.46859469272243
Samples,994,CL,467.11631007224406
Samples,995,CL,314.502345503938
Samples,996,CL,284.6859680150216
Samples,997,CL,288.76372228851255
Samples,998,CL,329.9553086453992
Samples,999,CL,288.9065641018633
Samples,1000,CL,316.77174535838856
Samples,1001,CL,317.9472441866002
Samples,1002,CL,286.60682624847504
Samples,1003,CL,287.7672365358956
Samples,1004,CL,287.71726133756795
Samples,1005,CL,286.9671125996879
Samples,1006,CL,286.06621920159216
Samples,1007,CL,286.79216912321664
Samples,1008,CL,285.8813381750684
Samples,1009,CL,286.3637820598705
Samples,1010,CL,276.4296857021015
Samples,1011,CL,215.76318588604832
Samples,1012,CL,713.9408356122799
Samples,1013,CL,296.14645793285683
Samples,1014,CL,307.4351328095793
Samples,1015,CL,259.19241877583744
Samples,1016,CL,259.12250673256915
Samples,1017,CL,259.0917772998932
Samples,1018,CL,259.76481636433357
Samples,1019,CL,1746.8352619261416
Samples,1020,CL,467.93103818783135
Samples,1021,CL,472.9289724304717
Samples,1022,CL,592.021028929329
Samples,1023,CL,489.37854577502253
Samples,1024,CL,439.13936402942966
Samples,1025,CL,278.911342799757
