10/09/26 18:53:18 ******************************************************
10/09/26 18:53:18 ** condor_scheduniv_exec.4355734.0 (CONDOR_DAGMAN) STARTING UP
10/09/26 18:53:18 ** /usr/bin/condor_dagman
10/09/26 18:53:18 ** SubsystemInfo: name=DAGMAN type=DAGMAN(9) class=CLIENT(2)
10/09/26 18:53:18 ** Configuration: subsystem:DAGMAN local:<NONE> class:CLIENT
10/09/26 18:53:18 ** $CondorVersion: 25.14.1 2026-09-23 BuildID: 958323 PackageID: 25.14.1-1 GitSHA: 6ee23ffa $
10/09/26 18:53:18 ** $CondorPlatform: x86_64_AlmaLinux8 $
10/09/26 18:53:18 ** PID = 3660764 RealUID = 2064
10/09/26 18:53:18 ** Log last touched time unavailable (No such file or directory)
10/09/26 18:53:18 ******************************************************
10/09/26 18:53:18 Using config source: /etc/condor/condor_config
10/09/26 18:53:18 Using local config sources: 
10/09/26 18:53:18    /usr/share/condor/config.d/50-gratia-gwms.conf
10/09/26 18:53:18    /etc/condor/config.d/00-security
10/09/26 18:53:18    /etc/condor/config.d/10-main.conf
10/09/26 18:53:18    /etc/condor/config.d/10-stash-plugin.conf
10/09/26 18:53:18    /etc/condor/config.d/80-osg-flocking.conf
10/09/26 18:53:18    /etc/condor/config.d/81-osg-flock-version.conf
10/09/26 18:53:18    /etc/condor/config.d/99-rynge.conf
10/09/26 18:53:18    /etc/condor/config.d/99-vahi.conf
10/09/26 18:53:18    /etc/condor/condor_config.local
10/09/26 18:53:18 config Macros = 136, Sorted = 136, StringBytes = 6613, TablesBytes = 5000
10/09/26 18:53:18 CLASSAD_CACHING is ENABLED
10/09/26 18:53:18 Daemon Log is logging: D_ALWAYS D_ERROR D_STATUS
10/09/26 18:53:18 Daemoncore: Listening at <0.0.0.0:25999> on TCP (ReliSock) and UDP (SafeSock).
10/09/26 18:53:18 DaemonCore: command socket at <149.165.153.107:25999?addrs=149.165.153.107-25999&alias=pegasus.access-ci.org&noUDP>
10/09/26 18:53:18 DaemonCore: private command socket at <149.165.153.107:25999?addrs=10.1.214.25-25999&alias=pegasus.access-ci.org>
10/09/26 18:53:18 Administrator set throttle limits enabled
10/09/26 18:53:18 DAGMAN_USE_OLD_FILE_PARSER setting: False
10/09/26 18:53:18 DAGMAN_USE_STRICT setting: 1
10/09/26 18:53:18 DAGMAN_VERBOSITY setting: 3
10/09/26 18:53:18 DAGMAN_DEBUG_CACHE_SIZE setting: 5242880
10/09/26 18:53:18 DAGMAN_DEBUG_CACHE_ENABLE setting: False
10/09/26 18:53:18 DAGMAN_SUBMIT_DELAY setting: 0
10/09/26 18:53:18 DAGMAN_MAX_SUBMIT_ATTEMPTS setting: 6
10/09/26 18:53:18 DAGMAN_STARTUP_CYCLE_DETECT setting: False
10/09/26 18:53:18 DAGMAN_USE_JOIN_NODES setting: True
10/09/26 18:53:18 DAGMAN_REPORT_GRAPH_METRICS setting: False
10/09/26 18:53:18 DAGMAN_MAX_SUBMITS_PER_INTERVAL setting: 100
10/09/26 18:53:18 DAGMAN_AGGRESSIVE_SUBMIT setting: False
10/09/26 18:53:18 DAGMAN_USER_LOG_SCAN_INTERVAL setting: 5
10/09/26 18:53:18 DAGMAN_QUEUE_UPDATE_INTERVAL setting: 300.000000
10/09/26 18:53:18 DAGMAN_DEFAULT_PRIORITY setting: 0
10/09/26 18:53:18 DAGMAN_SUPPRESS_NOTIFICATION setting: False
10/09/26 18:53:18 allow_events (DAGMAN_ALLOW_EVENTS) setting: 114
10/09/26 18:53:18 DAGMAN_RETRY_SUBMIT_FIRST setting: True
10/09/26 18:53:18 DAGMAN_RETRY_NODE_FIRST setting: False
10/09/26 18:53:18 DAGMAN_MAX_JOBS_IDLE setting: 1000
10/09/26 18:53:18 DAGMAN_MAX_JOBS_SUBMITTED setting: 0
10/09/26 18:53:18 DAGMAN_MAX_PRE_SCRIPTS setting: 20
10/09/26 18:53:18 DAGMAN_MAX_POST_SCRIPTS setting: 20
10/09/26 18:53:18 DAGMAN_MAX_HOLD_SCRIPTS setting: 20
10/09/26 18:53:18 DAGMAN_MUNGE_NODE_NAMES setting: True
10/09/26 18:53:18 DAGMAN_ALLOW_ANY_NODE_NAME_CHARACTERS setting: False
10/09/26 18:53:18 DAGMAN_PROHIBIT_MULTI_JOBS setting: False
10/09/26 18:53:18 DAGMAN_SUBMIT_DEPTH_FIRST setting: False
10/09/26 18:53:18 DAGMAN_ALWAYS_RUN_POST setting: False
10/09/26 18:53:18 DAGMAN_CONDOR_SUBMIT_EXE setting: /usr/bin/condor_submit
10/09/26 18:53:18 DAGMAN_CONDOR_RM_EXE setting: /usr/bin/condor_rm
10/09/26 18:53:18 DAGMAN_USE_DIRECT_SUBMIT setting: True
10/09/26 18:53:18 DAGMAN_PRODUCE_JOB_CREDENTIALS setting: True
10/09/26 18:53:18 DAGMAN_DEFAULT_APPEND_VARS setting: False
10/09/26 18:53:18 DAGMAN_INHERIT_ATTRS_PREFIX setting: 
10/09/26 18:53:18 DAGMAN_INHERIT_ATTRS setting: 
10/09/26 18:53:18 DAGMAN_ABORT_DUPLICATES setting: True
10/09/26 18:53:18 DAGMAN_ABORT_ON_SCARY_SUBMIT setting: True
10/09/26 18:53:18 DAGMAN_REMOVE_JOB_LIST_ON_FAILURE setting: True
10/09/26 18:53:18 DAGMAN_PENDING_REPORT_INTERVAL setting: 600
10/09/26 18:53:18 DAGMAN_CHECK_QUEUE_INTERVAL setting: 28800
10/09/26 18:53:18 DAGMAN_PRINT_JOB_TABLE_INTERVAL setting: 900
10/09/26 18:53:18 DAGMAN_AUTO_RESCUE setting: True
10/09/26 18:53:18 DAGMAN_MAX_RESCUE_NUM setting: 100
10/09/26 18:53:18 DAGMAN_RESET_RETRIES_UPON_RESCUE setting: True
10/09/26 18:53:18 DAGMAN_METRICS_FILE_VERSION setting: 2
10/09/26 18:53:18 DAGMAN_DEFAULT_NODE_LOG setting: @(DAG_DIR)/@(DAG_FILE).nodes.log
10/09/26 18:53:18 DAGMAN_LOG_ON_NFS_IS_ERROR setting: False
10/09/26 18:53:18 DAGMAN_GENERATE_SUBDAG_SUBMITS setting: True
10/09/26 18:53:18 DAGMAN_MAX_JOB_HOLDS setting: 100
10/09/26 18:53:18 DAGMAN_NODE_JOB_FAILURE_TOLERANCE setting: 0
10/09/26 18:53:18 DAGMAN_HOLD_CLAIM_TIME setting: 20
10/09/26 18:53:18 DAGMAN_SUPPRESS_JOB_LOGS setting: False
10/09/26 18:53:18 DAGMAN_REMOVE_NODE_JOBS setting: True
10/09/26 18:53:18 DAGMAN_PUT_FAILED_JOBS_ON_HOLD setting: False
10/09/26 18:53:18 DAGMAN_REMOVE_JOBS_AFTER_LIMIT_CHANGE setting: False
10/09/26 18:53:18 DAGMAN will adjust edges after parsing
10/09/26 18:53:18 Can't open directory "/etc/condor/passwords.d" as PRIV_ROOT, errno: 13 (Permission denied)
10/09/26 18:53:18 Can't open directory "/etc/condor/passwords.d" as PRIV_ROOT, errno: 13 (Permission denied)
10/09/26 18:53:18 argv[0] == "condor_scheduniv_exec.4355734.0"
10/09/26 18:53:18 argv[1] == "-Lockfile"
10/09/26 18:53:18 argv[2] == "noble-gas-reduction-0.dag.lock"
10/09/26 18:53:18 argv[3] == "-Dag"
10/09/26 18:53:18 argv[4] == "noble-gas-reduction-0.dag"
10/09/26 18:53:18 argv[5] == "-MaxPost"
10/09/26 18:53:18 argv[6] == "20"
10/09/26 18:53:18 argv[7] == "-CsdVersion"
10/09/26 18:53:18 argv[8] == "$CondorVersion: 25.14.1 2026-09-23 BuildID: 958323 PackageID: 25.14.1-1 GitSHA: 6ee23ffa $"
10/09/26 18:53:18 argv[9] == "-dagman"
10/09/26 18:53:18 argv[10] == "/usr/bin/condor_dagman"
10/09/26 18:53:18 argv[11] == "-AutoRescue"
10/09/26 18:53:18 argv[12] == "1"
10/09/26 18:53:18 Workflow batch-id: <4355734.0>
10/09/26 18:53:18 Workflow batch-name: <noble-gas-reduction-0.dag+4355734>
10/09/26 18:53:18 Workflow accounting_group: <>
10/09/26 18:53:18 Workflow accounting_group_user: <>
10/09/26 18:53:18 Warning: failed to get attribute DAGNodeName
10/09/26 18:53:18 Default node log file is: </home/vsaiadian/Hotsprings/workflow/work/vsaiadian/pegasus/noble-gas-reduction/run0001/./noble-gas-reduction-0.dag.nodes.log>
10/09/26 18:53:18 Setting DAGMan throttles:
10/09/26 18:53:18 	Maximum Idle Jobs-------------: 1000
10/09/26 18:53:18 	Maximum Pre Scripts-----------: 20
10/09/26 18:53:18 	Maximum Hold Scripts----------: 20
10/09/26 18:53:18 	Maximum Post Scripts----------: 20
10/09/26 18:53:18 	Maximum Submitted Nodes-------: 0
10/09/26 18:53:18 	Maximum Submits Per Interval--: 100
10/09/26 18:53:18 DAG Lockfile will be written to noble-gas-reduction-0.dag.lock
10/09/26 18:53:18 DAG Input file is noble-gas-reduction-0.dag
10/09/26 18:53:18 Parsing 1 dagfiles
10/09/26 18:53:18 Parsing noble-gas-reduction-0.dag ...
10/09/26 18:53:18 Adjusting edges
10/09/26 18:53:18 Dag contains 25 total nodes
10/09/26 18:53:18 Bootstrapping...
10/09/26 18:53:18 Number of pre-completed nodes: 0
10/09/26 18:53:18 MultiLogFiles: truncating log file /home/vsaiadian/Hotsprings/workflow/work/vsaiadian/pegasus/noble-gas-reduction/run0001/./noble-gas-reduction-0.dag.nodes.log
10/09/26 18:53:18 DAG status: 0 (DAG_STATUS_OK)
10/09/26 18:53:18 Of 25 nodes total:
10/09/26 18:53:18  Done     Pre   Queued    Post   Ready   Un-Ready   Failed   Futile
10/09/26 18:53:18   ===     ===      ===     ===     ===        ===      ===      ===
10/09/26 18:53:18     0       0        0       0       1         24        0        0
10/09/26 18:53:18 0 job proc(s) currently held
10/09/26 18:53:18 DAGMan Runtime Statistics: [EventCycleTimeSum=0.000; SleepCycleTimeSum=0.000; SubmitCycleTimeSum=0.000; EventCycleTimeCount=0.000; SleepCycleTimeCount=0.000; SubmitCycleTimeCount=0.000; LogProcessCycleTimeSum=0.000; LogProcessCycleTimeCount=0.000; ]
10/09/26 18:53:18 Registering condor_event_timer...
10/09/26 18:53:19 Submitting HTCondor Node create_dir_noble-gas-reduction_0_local job(s)...
10/09/26 18:53:19 Submitting node create_dir_noble-gas-reduction_0_local from file 00/00/create_dir_noble-gas-reduction_0_local.sub using direct job submission
10/09/26 18:53:20 Submit warning: Submit:0:the line 'wf_submit_dir = /home/vsaiadian/Hotsprings/workflow/work/vsaiadian/pegasus/noble-gas-reduction/run0001' was unused by DAGMAN. Is it a typo?
|Submit:0:the line 'pegasus_job_runtime = 0' was unused by DAGMAN. Is it a typo?
|Submit:0:the line 'pegasus_gpus = 0' was unused by DAGMAN. Is it a typo?
|Submit:0:the line 'pegasus_cores = 1' was unused by DAGMAN. Is it a typo?
10/09/26 18:53:20 	assigned HTCondor ID (4355735.0.0)
10/09/26 18:53:20 Just submitted 1 job this cycle...
10/09/26 18:53:20 DAG status: 0 (DAG_STATUS_OK)
10/09/26 18:53:20 Of 25 nodes total:
10/09/26 18:53:20  Done     Pre   Queued    Post   Ready   Un-Ready   Failed   Futile
10/09/26 18:53:20   ===     ===      ===     ===     ===        ===      ===      ===
10/09/26 18:53:20     0       0        1       0       0         24        0        0
10/09/26 18:53:20 0 job proc(s) currently held
10/09/26 18:53:20 DAGMan Runtime Statistics: [EventCycleTimeSum=0.000; SleepCycleTimeSum=0.000; SubmitCycleTimeAvg=0.766; SubmitCycleTimeMax=0.766; SubmitCycleTimeMin=0.766; SubmitCycleTimeStd=0.766; SubmitCycleTimeSum=0.766; EventCycleTimeCount=0.000; SleepCycleTimeCount=0.000; SubmitCycleTimeCount=1.000; LogProcessCycleTimeSum=0.000; LogProcessCycleTimeCount=0.000; ]
10/09/26 18:53:25 Currently monitoring 1 HTCondor log file(s)
10/09/26 18:53:25 Reassigning the id of job create_dir_noble-gas-reduction_0_local from (4355735.0.0) to (4355735.0.0)
10/09/26 18:53:25 Event: ULOG_SUBMIT for HTCondor Node create_dir_noble-gas-reduction_0_local (4355735.0.0) {10/09/26 18:53:19}
10/09/26 18:53:25 Number of idle job procs: 1
10/09/26 18:53:25 Event: ULOG_EXECUTE for HTCondor Node create_dir_noble-gas-reduction_0_local (4355735.0.0) {10/09/26 18:53:23}
10/09/26 18:53:25 Number of idle job procs: 0
10/09/26 18:53:30 Currently monitoring 1 HTCondor log file(s)
10/09/26 18:53:30 Event: ULOG_JOB_TERMINATED for HTCondor Node create_dir_noble-gas-reduction_0_local (4355735.0.0) {10/09/26 18:53:25}
10/09/26 18:53:30 Number of idle job procs: 0
10/09/26 18:53:30 Node create_dir_noble-gas-reduction_0_local job proc (4355735.0.0) completed successfully.
10/09/26 18:53:30 Node create_dir_noble-gas-reduction_0_local job(s) have exited the queue
10/09/26 18:53:30 Running POST script of Node create_dir_noble-gas-reduction_0_local...
10/09/26 18:53:30 DAG status: 0 (DAG_STATUS_OK)
10/09/26 18:53:30 Of 25 nodes total:
10/09/26 18:53:30  Done     Pre   Queued    Post   Ready   Un-Ready   Failed   Futile
10/09/26 18:53:30   ===     ===      ===     ===     ===        ===      ===      ===
10/09/26 18:53:30     0       0        0       1       0         24        0        0
10/09/26 18:53:30 0 job proc(s) currently held
10/09/26 18:53:30 DAGMan Runtime Statistics: [EventCycleTimeAvg=0.390; EventCycleTimeMax=0.766; EventCycleTimeMin=0.014; EventCycleTimeStd=0.532; EventCycleTimeSum=0.780; SleepCycleTimeAvg=5.005; SleepCycleTimeMax=5.005; SleepCycleTimeMin=5.005; SleepCycleTimeStd=0.000; SleepCycleTimeSum=10.010; SubmitCycleTimeAvg=0.255; SubmitCycleTimeMax=0.766; SubmitCycleTimeMin=0.000; SubmitCycleTimeStd=0.442; SubmitCycleTimeSum=0.766; EventCycleTimeCount=2.000; SleepCycleTimeCount=2.000; SubmitCycleTimeCount=3.000; LogProcessCycleTimeAvg=0.001; LogProcessCycleTimeMax=0.002; LogProcessCycleTimeMin=0.000; LogProcessCycleTimeStd=0.001; LogProcessCycleTimeSum=0.002; LogProcessCycleTimeCount=2.000; ]
10/09/26 18:53:30 Initializing user log writer for /home/vsaiadian/Hotsprings/workflow/work/vsaiadian/pegasus/noble-gas-reduction/run0001/./noble-gas-reduction-0.dag.nodes.log, (4355735.0.0)
10/09/26 18:53:35 Currently monitoring 1 HTCondor log file(s)
10/09/26 18:53:35 Event: ULOG_POST_SCRIPT_TERMINATED for HTCondor Node create_dir_noble-gas-reduction_0_local (4355735.0.0) {10/09/26 18:53:30}
10/09/26 18:53:35 POST Script of node create_dir_noble-gas-reduction_0_local completed successfully.
10/09/26 18:53:35 DAG status: 0 (DAG_STATUS_OK)
10/09/26 18:53:35 Of 25 nodes total:
10/09/26 18:53:35  Done     Pre   Queued    Post   Ready   Un-Ready   Failed   Futile
10/09/26 18:53:35   ===     ===      ===     ===     ===        ===      ===      ===
10/09/26 18:53:35     1       0        0       0       4         20        0        0
10/09/26 18:53:35 0 job proc(s) currently held
10/09/26 18:53:35 DAGMan Runtime Statistics: [EventCycleTimeAvg=0.261; EventCycleTimeMax=0.766; EventCycleTimeMin=0.002; EventCycleTimeStd=0.438; EventCycleTimeSum=0.782; SleepCycleTimeAvg=5.046; SleepCycleTimeMax=5.128; SleepCycleTimeMin=5.005; SleepCycleTimeStd=0.071; SleepCycleTimeSum=15.138; SubmitCycleTimeAvg=0.192; SubmitCycleTimeMax=0.766; SubmitCycleTimeMin=0.000; SubmitCycleTimeStd=0.383; SubmitCycleTimeSum=0.766; EventCycleTimeCount=3.000; SleepCycleTimeCount=3.000; SubmitCycleTimeCount=4.000; LogProcessCycleTimeAvg=0.001; LogProcessCycleTimeMax=0.002; LogProcessCycleTimeMin=0.000; LogProcessCycleTimeStd=0.001; LogProcessCycleTimeSum=0.002; LogProcessCycleTimeCount=3.000; ]
10/09/26 18:53:40 Submitting HTCondor Node stage_in_remote_local_2_0 job(s)...
10/09/26 18:53:40 Submitting node stage_in_remote_local_2_0 from file 00/00/stage_in_remote_local_2_0.sub using direct job submission
10/09/26 18:53:40 Submit warning: Submit:0:the line 'pegasus_job_runtime = 0' was unused by DAGMAN. Is it a typo?
|Submit:0:the line 'pegasus_gpus = 0' was unused by DAGMAN. Is it a typo?
|Submit:0:the line 'pegasus_cores = 1' was unused by DAGMAN. Is it a typo?
10/09/26 18:53:40 	assigned HTCondor ID (4355736.0.0)
10/09/26 18:53:40 Submitting HTCondor Node stage_in_remote_local_1_0 job(s)...
10/09/26 18:53:40 Submitting node stage_in_remote_local_1_0 from file 00/00/stage_in_remote_local_1_0.sub using direct job submission
10/09/26 18:53:40 Submit warning: Submit:0:the line 'pegasus_job_runtime = 0' was unused by DAGMAN. Is it a typo?
|Submit:0:the line 'pegasus_gpus = 0' was unused by DAGMAN. Is it a typo?
|Submit:0:the line 'pegasus_cores = 1' was unused by DAGMAN. Is it a typo?
10/09/26 18:53:40 	assigned HTCondor ID (4355737.0.0)
10/09/26 18:53:40 Submitting HTCondor Node stage_in_remote_local_0_0 job(s)...
10/09/26 18:53:40 Submitting node stage_in_remote_local_0_0 from file 00/00/stage_in_remote_local_0_0.sub using direct job submission
10/09/26 18:53:40 Submit warning: Submit:0:the line 'pegasus_job_runtime = 0' was unused by DAGMAN. Is it a typo?
|Submit:0:the line 'pegasus_gpus = 0' was unused by DAGMAN. Is it a typo?
|Submit:0:the line 'pegasus_cores = 1' was unused by DAGMAN. Is it a typo?
10/09/26 18:53:40 	assigned HTCondor ID (4355738.0.0)
10/09/26 18:53:40 Submitting HTCondor Node stage_in_remote_local_3_0 job(s)...
10/09/26 18:53:40 Submitting node stage_in_remote_local_3_0 from file 00/00/stage_in_remote_local_3_0.sub using direct job submission
10/09/26 18:53:40 Submit warning: Submit:0:the line 'pegasus_job_runtime = 0' was unused by DAGMAN. Is it a typo?
|Submit:0:the line 'pegasus_gpus = 0' was unused by DAGMAN. Is it a typo?
|Submit:0:the line 'pegasus_cores = 1' was unused by DAGMAN. Is it a typo?
10/09/26 18:53:40 	assigned HTCondor ID (4355739.0.0)
10/09/26 18:53:40 Just submitted 4 jobs this cycle...
10/09/26 18:53:40 DAG status: 0 (DAG_STATUS_OK)
10/09/26 18:53:40 Of 25 nodes total:
10/09/26 18:53:40  Done     Pre   Queued    Post   Ready   Un-Ready   Failed   Futile
10/09/26 18:53:40   ===     ===      ===     ===     ===        ===      ===      ===
10/09/26 18:53:40     1       0        4       0       0         20        0        0
10/09/26 18:53:40 0 job proc(s) currently held
10/09/26 18:53:40 DAGMan Runtime Statistics: [EventCycleTimeAvg=0.196; EventCycleTimeMax=0.766; EventCycleTimeMin=0.000; EventCycleTimeStd=0.381; EventCycleTimeSum=0.782; SleepCycleTimeAvg=5.035; SleepCycleTimeMax=5.128; SleepCycleTimeMin=5.000; SleepCycleTimeStd=0.062; SleepCycleTimeSum=20.138; SubmitCycleTimeAvg=0.175; SubmitCycleTimeMax=0.766; SubmitCycleTimeMin=0.000; SubmitCycleTimeStd=0.334; SubmitCycleTimeSum=0.873; EventCycleTimeCount=4.000; SleepCycleTimeCount=4.000; SubmitCycleTimeCount=5.000; LogProcessCycleTimeAvg=0.001; LogProcessCycleTimeMax=0.002; LogProcessCycleTimeMin=0.000; LogProcessCycleTimeStd=0.001; LogProcessCycleTimeSum=0.002; LogProcessCycleTimeCount=3.000; ]
10/09/26 18:53:45 Currently monitoring 1 HTCondor log file(s)
10/09/26 18:53:45 Reassigning the id of job stage_in_remote_local_2_0 from (4355736.0.0) to (4355736.0.0)
10/09/26 18:53:45 Event: ULOG_SUBMIT for HTCondor Node stage_in_remote_local_2_0 (4355736.0.0) {10/09/26 18:53:40}
10/09/26 18:53:45 Number of idle job procs: 1
10/09/26 18:53:45 Reassigning the id of job stage_in_remote_local_1_0 from (4355737.0.0) to (4355737.0.0)
10/09/26 18:53:45 Event: ULOG_SUBMIT for HTCondor Node stage_in_remote_local_1_0 (4355737.0.0) {10/09/26 18:53:40}
10/09/26 18:53:45 Number of idle job procs: 2
10/09/26 18:53:45 Event: ULOG_EXECUTE for HTCondor Node stage_in_remote_local_2_0 (4355736.0.0) {10/09/26 18:53:40}
10/09/26 18:53:45 Number of idle job procs: 1
10/09/26 18:53:45 Reassigning the id of job stage_in_remote_local_0_0 from (4355738.0.0) to (4355738.0.0)
10/09/26 18:53:45 Event: ULOG_SUBMIT for HTCondor Node stage_in_remote_local_0_0 (4355738.0.0) {10/09/26 18:53:40}
10/09/26 18:53:45 Number of idle job procs: 2
10/09/26 18:53:45 Reassigning the id of job stage_in_remote_local_3_0 from (4355739.0.0) to (4355739.0.0)
10/09/26 18:53:45 Event: ULOG_SUBMIT for HTCondor Node stage_in_remote_local_3_0 (4355739.0.0) {10/09/26 18:53:40}
10/09/26 18:53:45 Number of idle job procs: 3
10/09/26 18:53:45 Event: ULOG_JOB_TERMINATED for HTCondor Node stage_in_remote_local_2_0 (4355736.0.0) {10/09/26 18:53:44}
10/09/26 18:53:45 Number of idle job procs: 3
10/09/26 18:53:45 Node stage_in_remote_local_2_0 job proc (4355736.0.0) completed successfully.
10/09/26 18:53:45 Node stage_in_remote_local_2_0 job(s) have exited the queue
10/09/26 18:53:45 Running POST script of Node stage_in_remote_local_2_0...
10/09/26 18:53:45 DAG status: 0 (DAG_STATUS_OK)
10/09/26 18:53:45 Of 25 nodes total:
10/09/26 18:53:45  Done     Pre   Queued    Post   Ready   Un-Ready   Failed   Futile
10/09/26 18:53:45   ===     ===      ===     ===     ===        ===      ===      ===
10/09/26 18:53:45     1       0        3       1       0         20        0        0
10/09/26 18:53:45 0 job proc(s) currently held
10/09/26 18:53:45 DAGMan Runtime Statistics: [EventCycleTimeAvg=0.178; EventCycleTimeMax=0.766; EventCycleTimeMin=0.000; EventCycleTimeStd=0.332; EventCycleTimeSum=0.889; SleepCycleTimeAvg=5.028; SleepCycleTimeMax=5.128; SleepCycleTimeMin=5.000; SleepCycleTimeStd=0.056; SleepCycleTimeSum=25.139; SubmitCycleTimeAvg=0.146; SubmitCycleTimeMax=0.766; SubmitCycleTimeMin=0.000; SubmitCycleTimeStd=0.307; SubmitCycleTimeSum=0.873; EventCycleTimeCount=5.000; SleepCycleTimeCount=5.000; SubmitCycleTimeCount=6.000; LogProcessCycleTimeAvg=0.001; LogProcessCycleTimeMax=0.002; LogProcessCycleTimeMin=0.000; LogProcessCycleTimeStd=0.001; LogProcessCycleTimeSum=0.005; LogProcessCycleTimeCount=4.000; ]
10/09/26 18:53:45 Initializing user log writer for /home/vsaiadian/Hotsprings/workflow/work/vsaiadian/pegasus/noble-gas-reduction/run0001/./noble-gas-reduction-0.dag.nodes.log, (4355736.0.0)
10/09/26 18:53:50 Currently monitoring 1 HTCondor log file(s)
10/09/26 18:53:50 Event: ULOG_POST_SCRIPT_TERMINATED for HTCondor Node stage_in_remote_local_2_0 (4355736.0.0) {10/09/26 18:53:45}
10/09/26 18:53:50 POST Script of node stage_in_remote_local_2_0 completed successfully.
10/09/26 18:53:50 Event: ULOG_EXECUTE for HTCondor Node stage_in_remote_local_1_0 (4355737.0.0) {10/09/26 18:53:45}
10/09/26 18:53:50 Number of idle job procs: 2
10/09/26 18:53:50 Event: ULOG_EXECUTE for HTCondor Node stage_in_remote_local_0_0 (4355738.0.0) {10/09/26 18:53:45}
10/09/26 18:53:50 Number of idle job procs: 1
10/09/26 18:53:50 Event: ULOG_EXECUTE for HTCondor Node stage_in_remote_local_3_0 (4355739.0.0) {10/09/26 18:53:45}
10/09/26 18:53:50 Number of idle job procs: 0
10/09/26 18:53:50 Event: ULOG_JOB_TERMINATED for HTCondor Node stage_in_remote_local_1_0 (4355737.0.0) {10/09/26 18:53:47}
10/09/26 18:53:50 Number of idle job procs: 0
10/09/26 18:53:50 Node stage_in_remote_local_1_0 job proc (4355737.0.0) completed successfully.
10/09/26 18:53:50 Node stage_in_remote_local_1_0 job(s) have exited the queue
10/09/26 18:53:50 Running POST script of Node stage_in_remote_local_1_0...
10/09/26 18:53:50 Event: ULOG_JOB_TERMINATED for HTCondor Node stage_in_remote_local_3_0 (4355739.0.0) {10/09/26 18:53:47}
10/09/26 18:53:50 Number of idle job procs: 0
10/09/26 18:53:50 Node stage_in_remote_local_3_0 job proc (4355739.0.0) completed successfully.
10/09/26 18:53:50 Node stage_in_remote_local_3_0 job(s) have exited the queue
10/09/26 18:53:50 Running POST script of Node stage_in_remote_local_3_0...
10/09/26 18:53:50 Event: ULOG_JOB_TERMINATED for HTCondor Node stage_in_remote_local_0_0 (4355738.0.0) {10/09/26 18:53:49}
10/09/26 18:53:50 Number of idle job procs: 0
10/09/26 18:53:50 Node stage_in_remote_local_0_0 job proc (4355738.0.0) completed successfully.
10/09/26 18:53:50 Node stage_in_remote_local_0_0 job(s) have exited the queue
10/09/26 18:53:50 Running POST script of Node stage_in_remote_local_0_0...
10/09/26 18:53:50 DAG status: 0 (DAG_STATUS_OK)
10/09/26 18:53:50 Of 25 nodes total:
10/09/26 18:53:50  Done     Pre   Queued    Post   Ready   Un-Ready   Failed   Futile
10/09/26 18:53:50   ===     ===      ===     ===     ===        ===      ===      ===
10/09/26 18:53:50     2       0        0       3       0         20        0        0
10/09/26 18:53:50 0 job proc(s) currently held
10/09/26 18:53:50 DAGMan Runtime Statistics: [EventCycleTimeAvg=0.149; EventCycleTimeMax=0.766; EventCycleTimeMin=0.000; EventCycleTimeStd=0.305; EventCycleTimeSum=0.892; SleepCycleTimeAvg=5.044; SleepCycleTimeMax=5.128; SleepCycleTimeMin=5.000; SleepCycleTimeStd=0.064; SleepCycleTimeSum=30.264; SubmitCycleTimeAvg=0.125; SubmitCycleTimeMax=0.766; SubmitCycleTimeMin=0.000; SubmitCycleTimeStd=0.286; SubmitCycleTimeSum=0.873; EventCycleTimeCount=6.000; SleepCycleTimeCount=6.000; SubmitCycleTimeCount=7.000; LogProcessCycleTimeAvg=0.002; LogProcessCycleTimeMax=0.005; LogProcessCycleTimeMin=0.000; LogProcessCycleTimeStd=0.002; LogProcessCycleTimeSum=0.010; LogProcessCycleTimeCount=5.000; ]
10/09/26 18:53:50 Initializing user log writer for /home/vsaiadian/Hotsprings/workflow/work/vsaiadian/pegasus/noble-gas-reduction/run0001/./noble-gas-reduction-0.dag.nodes.log, (4355737.0.0)
10/09/26 18:53:50 Initializing user log writer for /home/vsaiadian/Hotsprings/workflow/work/vsaiadian/pegasus/noble-gas-reduction/run0001/./noble-gas-reduction-0.dag.nodes.log, (4355739.0.0)
10/09/26 18:53:50 Initializing user log writer for /home/vsaiadian/Hotsprings/workflow/work/vsaiadian/pegasus/noble-gas-reduction/run0001/./noble-gas-reduction-0.dag.nodes.log, (4355738.0.0)
10/09/26 18:53:55 Currently monitoring 1 HTCondor log file(s)
10/09/26 18:53:55 Event: ULOG_POST_SCRIPT_TERMINATED for HTCondor Node stage_in_remote_local_1_0 (4355737.0.0) {10/09/26 18:53:50}
10/09/26 18:53:55 POST Script of node stage_in_remote_local_1_0 completed successfully.
10/09/26 18:53:55 Event: ULOG_POST_SCRIPT_TERMINATED for HTCondor Node stage_in_remote_local_3_0 (4355739.0.0) {10/09/26 18:53:50}
10/09/26 18:53:55 POST Script of node stage_in_remote_local_3_0 completed successfully.
10/09/26 18:53:55 Event: ULOG_POST_SCRIPT_TERMINATED for HTCondor Node stage_in_remote_local_0_0 (4355738.0.0) {10/09/26 18:53:50}
10/09/26 18:53:55 POST Script of node stage_in_remote_local_0_0 completed successfully.
10/09/26 18:53:55 DAG status: 0 (DAG_STATUS_OK)
10/09/26 18:53:55 Of 25 nodes total:
10/09/26 18:53:55  Done     Pre   Queued    Post   Ready   Un-Ready   Failed   Futile
10/09/26 18:53:55   ===     ===      ===     ===     ===        ===      ===      ===
10/09/26 18:53:55     5       0        0       0       1         19        0        0
10/09/26 18:53:55 0 job proc(s) currently held
10/09/26 18:53:55 DAGMan Runtime Statistics: [EventCycleTimeAvg=0.128; EventCycleTimeMax=0.766; EventCycleTimeMin=0.000; EventCycleTimeStd=0.284; EventCycleTimeSum=0.898; SleepCycleTimeAvg=5.055; SleepCycleTimeMax=5.128; SleepCycleTimeMin=5.000; SleepCycleTimeStd=0.065; SleepCycleTimeSum=35.383; SubmitCycleTimeAvg=0.109; SubmitCycleTimeMax=0.766; SubmitCycleTimeMin=0.000; SubmitCycleTimeStd=0.268; SubmitCycleTimeSum=0.873; EventCycleTimeCount=7.000; SleepCycleTimeCount=7.000; SubmitCycleTimeCount=8.000; LogProcessCycleTimeAvg=0.002; LogProcessCycleTimeMax=0.005; LogProcessCycleTimeMin=0.000; LogProcessCycleTimeStd=0.002; LogProcessCycleTimeSum=0.010; LogProcessCycleTimeCount=6.000; ]
10/09/26 18:54:00 Submitting HTCondor Node build_semiraw_ID0000001 job(s)...
10/09/26 18:54:00 Submitting node build_semiraw_ID0000001 from file 00/00/build_semiraw_ID0000001.sub using direct job submission
10/09/26 18:54:00 Submit warning: Submit:0:the line 'pegasus_job_runtime = 0' was unused by DAGMAN. Is it a typo?
|Submit:0:the line 'pegasus_gpus = 0' was unused by DAGMAN. Is it a typo?
10/09/26 18:54:00 	assigned HTCondor ID (4355740.0.0)
10/09/26 18:54:00 Just submitted 1 job this cycle...
10/09/26 18:54:00 DAG status: 0 (DAG_STATUS_OK)
10/09/26 18:54:00 Of 25 nodes total:
10/09/26 18:54:00  Done     Pre   Queued    Post   Ready   Un-Ready   Failed   Futile
10/09/26 18:54:00   ===     ===      ===     ===     ===        ===      ===      ===
10/09/26 18:54:00     5       0        1       0       0         19        0        0
10/09/26 18:54:00 0 job proc(s) currently held
10/09/26 18:54:00 DAGMan Runtime Statistics: [EventCycleTimeAvg=0.112; EventCycleTimeMax=0.766; EventCycleTimeMin=0.000; EventCycleTimeStd=0.267; EventCycleTimeSum=0.898; SleepCycleTimeAvg=5.048; SleepCycleTimeMax=5.128; SleepCycleTimeMin=5.000; SleepCycleTimeStd=0.063; SleepCycleTimeSum=40.388; SubmitCycleTimeAvg=0.100; SubmitCycleTimeMax=0.766; SubmitCycleTimeMin=0.000; SubmitCycleTimeStd=0.252; SubmitCycleTimeSum=0.896; EventCycleTimeCount=8.000; SleepCycleTimeCount=8.000; SubmitCycleTimeCount=9.000; LogProcessCycleTimeAvg=0.002; LogProcessCycleTimeMax=0.005; LogProcessCycleTimeMin=0.000; LogProcessCycleTimeStd=0.002; LogProcessCycleTimeSum=0.010; LogProcessCycleTimeCount=6.000; ]
10/09/26 18:54:05 Currently monitoring 1 HTCondor log file(s)
10/09/26 18:54:05 Reassigning the id of job build_semiraw_ID0000001 from (4355740.0.0) to (4355740.0.0)
10/09/26 18:54:05 Event: ULOG_SUBMIT for HTCondor Node build_semiraw_ID0000001 (4355740.0.0) {10/09/26 18:54:00}
10/09/26 18:54:05 Number of idle job procs: 1
10/09/26 18:54:05 Event: ULOG_EXECUTE for HTCondor Node build_semiraw_ID0000001 (4355740.0.0) {10/09/26 18:54:00}
10/09/26 18:54:05 Number of idle job procs: 0
10/09/26 18:54:05 Event: ULOG_JOB_TERMINATED for HTCondor Node build_semiraw_ID0000001 (4355740.0.0) {10/09/26 18:54:02}
10/09/26 18:54:05 Number of idle job procs: 0
10/09/26 18:54:05 Node build_semiraw_ID0000001 job proc (4355740.0.0) failed with status 1.
10/09/26 18:54:05 Node build_semiraw_ID0000001 job(s) have exited the queue
10/09/26 18:54:05 Running POST script of Node build_semiraw_ID0000001...
10/09/26 18:54:05 DAG status: 0 (DAG_STATUS_OK)
10/09/26 18:54:05 Of 25 nodes total:
10/09/26 18:54:05  Done     Pre   Queued    Post   Ready   Un-Ready   Failed   Futile
10/09/26 18:54:05   ===     ===      ===     ===     ===        ===      ===      ===
10/09/26 18:54:05     5       0        0       1       0         19        0        0
10/09/26 18:54:05 0 job proc(s) currently held
10/09/26 18:54:05 DAGMan Runtime Statistics: [EventCycleTimeAvg=0.102; EventCycleTimeMax=0.766; EventCycleTimeMin=0.000; EventCycleTimeStd=0.251; EventCycleTimeSum=0.922; SleepCycleTimeAvg=5.044; SleepCycleTimeMax=5.128; SleepCycleTimeMin=5.000; SleepCycleTimeStd=0.060; SleepCycleTimeSum=45.392; SubmitCycleTimeAvg=0.090; SubmitCycleTimeMax=0.766; SubmitCycleTimeMin=0.000; SubmitCycleTimeStd=0.240; SubmitCycleTimeSum=0.896; EventCycleTimeCount=9.000; SleepCycleTimeCount=9.000; SubmitCycleTimeCount=10.000; LogProcessCycleTimeAvg=0.002; LogProcessCycleTimeMax=0.005; LogProcessCycleTimeMin=0.000; LogProcessCycleTimeStd=0.002; LogProcessCycleTimeSum=0.012; LogProcessCycleTimeCount=7.000; ]
10/09/26 18:54:05 Initializing user log writer for /home/vsaiadian/Hotsprings/workflow/work/vsaiadian/pegasus/noble-gas-reduction/run0001/./noble-gas-reduction-0.dag.nodes.log, (4355740.0.0)
10/09/26 18:54:10 Currently monitoring 1 HTCondor log file(s)
10/09/26 18:54:10 Event: ULOG_POST_SCRIPT_TERMINATED for HTCondor Node build_semiraw_ID0000001 (4355740.0.0) {10/09/26 18:54:05}
10/09/26 18:54:10 POST Script of node build_semiraw_ID0000001 failed with status 1
10/09/26 18:54:10 POST for Node build_semiraw_ID0000001 returned 1
10/09/26 18:54:10 DAG status: 2 (DAG_STATUS_NODE_FAILED)
10/09/26 18:54:10 Of 25 nodes total:
10/09/26 18:54:10  Done     Pre   Queued    Post   Ready   Un-Ready   Failed   Futile
10/09/26 18:54:10   ===     ===      ===     ===     ===        ===      ===      ===
10/09/26 18:54:10     5       0        0       0       0          0        1       19
10/09/26 18:54:10 0 job proc(s) currently held
10/09/26 18:54:10 DAGMan Runtime Statistics: [EventCycleTimeAvg=0.092; EventCycleTimeMax=0.766; EventCycleTimeMin=0.000; EventCycleTimeStd=0.239; EventCycleTimeSum=0.924; SleepCycleTimeAvg=5.051; SleepCycleTimeMax=5.128; SleepCycleTimeMin=5.000; SleepCycleTimeStd=0.062; SleepCycleTimeSum=50.510; SubmitCycleTimeAvg=0.081; SubmitCycleTimeMax=0.766; SubmitCycleTimeMin=0.000; SubmitCycleTimeStd=0.229; SubmitCycleTimeSum=0.896; EventCycleTimeCount=10.000; SleepCycleTimeCount=10.000; SubmitCycleTimeCount=11.000; LogProcessCycleTimeAvg=0.002; LogProcessCycleTimeMax=0.005; LogProcessCycleTimeMin=0.000; LogProcessCycleTimeStd=0.002; LogProcessCycleTimeSum=0.013; LogProcessCycleTimeCount=8.000; ]
10/09/26 18:54:10 ERROR: the following job(s) failed:
10/09/26 18:54:10 ---------------------- Node ----------------------
10/09/26 18:54:10       Node Name: build_semiraw_ID0000001
10/09/26 18:54:10            Noop: false
10/09/26 18:54:10          NodeID: 5
10/09/26 18:54:10     Node Status: STATUS_ERROR    
10/09/26 18:54:10 Node return val: 1
10/09/26 18:54:10           Error: Job exited with status 1 and POST Script failed with status 1
10/09/26 18:54:10 Job Submit File: 00/00/build_semiraw_ID0000001.sub
10/09/26 18:54:10     POST Script: /usr/bin/pegasus-exitcode  -r $RETURN -R $RETRY -s PegasusLite:+exitcode+0 -l noble-gas-reduction-0.exitcode.log -M noble-gas-reduction-0.cache.meta -N    .//00/00/build_semiraw_ID0000001.out
10/09/26 18:54:10  HTCondor Job ID: (4355740.0.0)
10/09/26 18:54:10 PARENTS: stage_in_remote_local_0_0 WAITING: 0 CHILDREN: samples_tab_ID0000005 blanks_tab_ID0000003 compute_references_ID0000002 clean_up_local_level_3_0 assemble_workbook_ID0000006 stage_out_local_local_0_0 air_stds_tab_ID0000004
10/09/26 18:54:10 ---------------------------------------	<END>
10/09/26 18:54:10 Aborting DAG...
10/09/26 18:54:10 Writing Rescue DAG to noble-gas-reduction-0.dag.rescue001...
10/09/26 18:54:10 Removing submitted jobs...
10/09/26 18:54:10 Removing any/all submitted HTCondor jobs...
10/09/26 18:54:10 Running: /usr/bin/condor_rm -const DAGManJobId==4355734 -reason DAG' 'Abort:' 'DAG' 'is' 'exiting' 'and' 'writing' 'rescue' 'file.
10/09/26 18:54:10 Note: 0 total node deferrals because of -MaxJobs limit (0)
10/09/26 18:54:10 Note: 0 total node deferrals because of -MaxIdle limit (1000)
10/09/26 18:54:10 Note: 0 total node deferrals because of node category throttles
10/09/26 18:54:10 Note: 0 total PRE script deferrals because of -MaxPre limit (20) or DEFER
10/09/26 18:54:10 Note: 0 total POST script deferrals because of -MaxPost limit (20) or DEFER
10/09/26 18:54:10 Note: 0 total HOLD script deferrals because of -MaxHold limit (20) or DEFER
10/09/26 18:54:10 DAG status: 2 (DAG_STATUS_NODE_FAILED)
10/09/26 18:54:10 Of 25 nodes total:
10/09/26 18:54:10  Done     Pre   Queued    Post   Ready   Un-Ready   Failed   Futile
10/09/26 18:54:10   ===     ===      ===     ===     ===        ===      ===      ===
10/09/26 18:54:10     5       0        0       0       0          0        1       19
10/09/26 18:54:10 0 job proc(s) currently held
10/09/26 18:54:10 DAGMan Runtime Statistics: [EventCycleTimeAvg=0.092; EventCycleTimeMax=0.766; EventCycleTimeMin=0.000; EventCycleTimeStd=0.239; EventCycleTimeSum=0.924; SleepCycleTimeAvg=5.051; SleepCycleTimeMax=5.128; SleepCycleTimeMin=5.000; SleepCycleTimeStd=0.062; SleepCycleTimeSum=50.510; SubmitCycleTimeAvg=0.081; SubmitCycleTimeMax=0.766; SubmitCycleTimeMin=0.000; SubmitCycleTimeStd=0.229; SubmitCycleTimeSum=0.896; EventCycleTimeCount=10.000; SleepCycleTimeCount=10.000; SubmitCycleTimeCount=11.000; LogProcessCycleTimeAvg=0.002; LogProcessCycleTimeMax=0.005; LogProcessCycleTimeMin=0.000; LogProcessCycleTimeStd=0.002; LogProcessCycleTimeSum=0.013; LogProcessCycleTimeCount=8.000; ]
10/09/26 18:54:11 Wrote metrics file noble-gas-reduction-0.dag.metrics.
10/09/26 18:54:11 DAGMan Runtime Statistics: [EventCycleTimeAvg=0.092; EventCycleTimeMax=0.766; EventCycleTimeMin=0.000; EventCycleTimeStd=0.239; EventCycleTimeSum=0.924; SleepCycleTimeAvg=5.051; SleepCycleTimeMax=5.128; SleepCycleTimeMin=5.000; SleepCycleTimeStd=0.062; SleepCycleTimeSum=50.510; SubmitCycleTimeAvg=0.081; SubmitCycleTimeMax=0.766; SubmitCycleTimeMin=0.000; SubmitCycleTimeStd=0.229; SubmitCycleTimeSum=0.896; EventCycleTimeCount=10.000; SleepCycleTimeCount=10.000; SubmitCycleTimeCount=11.000; LogProcessCycleTimeAvg=0.002; LogProcessCycleTimeMax=0.005; LogProcessCycleTimeMin=0.000; LogProcessCycleTimeStd=0.002; LogProcessCycleTimeSum=0.013; LogProcessCycleTimeCount=8.000; ]
10/09/26 18:54:11 **** condor_scheduniv_exec.4355734.0 (condor_DAGMAN) pid 3660764 EXITING WITH STATUS 1
10/09/26 18:58:33 ******************************************************
10/09/26 18:58:33 ** condor_scheduniv_exec.4355741.0 (CONDOR_DAGMAN) STARTING UP
10/09/26 18:58:33 ** /usr/bin/condor_dagman
10/09/26 18:58:33 ** SubsystemInfo: name=DAGMAN type=DAGMAN(9) class=CLIENT(2)
10/09/26 18:58:33 ** Configuration: subsystem:DAGMAN local:<NONE> class:CLIENT
10/09/26 18:58:33 ** $CondorVersion: 25.14.1 2026-09-23 BuildID: 958323 PackageID: 25.14.1-1 GitSHA: 6ee23ffa $
10/09/26 18:58:33 ** $CondorPlatform: x86_64_AlmaLinux8 $
10/09/26 18:58:33 ** PID = 3662759 RealUID = 2064
10/09/26 18:58:33 ** Log last touched 10/9 18:54:11
10/09/26 18:58:33 ******************************************************
10/09/26 18:58:33 Using config source: /etc/condor/condor_config
10/09/26 18:58:33 Using local config sources: 
10/09/26 18:58:33    /usr/share/condor/config.d/50-gratia-gwms.conf
10/09/26 18:58:33    /etc/condor/config.d/00-security
10/09/26 18:58:33    /etc/condor/config.d/10-main.conf
10/09/26 18:58:33    /etc/condor/config.d/10-stash-plugin.conf
10/09/26 18:58:33    /etc/condor/config.d/80-osg-flocking.conf
10/09/26 18:58:33    /etc/condor/config.d/81-osg-flock-version.conf
10/09/26 18:58:33    /etc/condor/config.d/99-rynge.conf
10/09/26 18:58:33    /etc/condor/config.d/99-vahi.conf
10/09/26 18:58:33    /etc/condor/condor_config.local
10/09/26 18:58:33 config Macros = 136, Sorted = 136, StringBytes = 6613, TablesBytes = 5000
10/09/26 18:58:33 CLASSAD_CACHING is ENABLED
10/09/26 18:58:33 Daemon Log is logging: D_ALWAYS D_ERROR D_STATUS
10/09/26 18:58:33 Daemoncore: Listening at <0.0.0.0:13801> on TCP (ReliSock) and UDP (SafeSock).
10/09/26 18:58:33 DaemonCore: command socket at <149.165.153.107:13801?addrs=149.165.153.107-13801&alias=pegasus.access-ci.org&noUDP>
10/09/26 18:58:33 DaemonCore: private command socket at <149.165.153.107:13801?addrs=10.1.214.25-13801&alias=pegasus.access-ci.org>
10/09/26 18:58:33 Administrator set throttle limits enabled
10/09/26 18:58:33 DAGMAN_USE_OLD_FILE_PARSER setting: False
10/09/26 18:58:33 DAGMAN_USE_STRICT setting: 1
10/09/26 18:58:33 DAGMAN_VERBOSITY setting: 3
10/09/26 18:58:33 DAGMAN_DEBUG_CACHE_SIZE setting: 5242880
10/09/26 18:58:33 DAGMAN_DEBUG_CACHE_ENABLE setting: False
10/09/26 18:58:33 DAGMAN_SUBMIT_DELAY setting: 0
10/09/26 18:58:33 DAGMAN_MAX_SUBMIT_ATTEMPTS setting: 6
10/09/26 18:58:33 DAGMAN_STARTUP_CYCLE_DETECT setting: False
10/09/26 18:58:33 DAGMAN_USE_JOIN_NODES setting: True
10/09/26 18:58:33 DAGMAN_REPORT_GRAPH_METRICS setting: False
10/09/26 18:58:33 DAGMAN_MAX_SUBMITS_PER_INTERVAL setting: 100
10/09/26 18:58:33 DAGMAN_AGGRESSIVE_SUBMIT setting: False
10/09/26 18:58:33 DAGMAN_USER_LOG_SCAN_INTERVAL setting: 5
10/09/26 18:58:33 DAGMAN_QUEUE_UPDATE_INTERVAL setting: 300.000000
10/09/26 18:58:33 DAGMAN_DEFAULT_PRIORITY setting: 0
10/09/26 18:58:33 DAGMAN_SUPPRESS_NOTIFICATION setting: False
10/09/26 18:58:33 allow_events (DAGMAN_ALLOW_EVENTS) setting: 114
10/09/26 18:58:33 DAGMAN_RETRY_SUBMIT_FIRST setting: True
10/09/26 18:58:33 DAGMAN_RETRY_NODE_FIRST setting: False
10/09/26 18:58:33 DAGMAN_MAX_JOBS_IDLE setting: 1000
10/09/26 18:58:33 DAGMAN_MAX_JOBS_SUBMITTED setting: 0
10/09/26 18:58:33 DAGMAN_MAX_PRE_SCRIPTS setting: 20
10/09/26 18:58:33 DAGMAN_MAX_POST_SCRIPTS setting: 20
10/09/26 18:58:33 DAGMAN_MAX_HOLD_SCRIPTS setting: 20
10/09/26 18:58:33 DAGMAN_MUNGE_NODE_NAMES setting: True
10/09/26 18:58:33 DAGMAN_ALLOW_ANY_NODE_NAME_CHARACTERS setting: False
10/09/26 18:58:33 DAGMAN_PROHIBIT_MULTI_JOBS setting: False
10/09/26 18:58:33 DAGMAN_SUBMIT_DEPTH_FIRST setting: False
10/09/26 18:58:33 DAGMAN_ALWAYS_RUN_POST setting: False
10/09/26 18:58:33 DAGMAN_CONDOR_SUBMIT_EXE setting: /usr/bin/condor_submit
10/09/26 18:58:33 DAGMAN_CONDOR_RM_EXE setting: /usr/bin/condor_rm
10/09/26 18:58:33 DAGMAN_USE_DIRECT_SUBMIT setting: True
10/09/26 18:58:33 DAGMAN_PRODUCE_JOB_CREDENTIALS setting: True
10/09/26 18:58:33 DAGMAN_DEFAULT_APPEND_VARS setting: False
10/09/26 18:58:33 DAGMAN_INHERIT_ATTRS_PREFIX setting: 
10/09/26 18:58:33 DAGMAN_INHERIT_ATTRS setting: 
10/09/26 18:58:33 DAGMAN_ABORT_DUPLICATES setting: True
10/09/26 18:58:33 DAGMAN_ABORT_ON_SCARY_SUBMIT setting: True
10/09/26 18:58:33 DAGMAN_REMOVE_JOB_LIST_ON_FAILURE setting: True
10/09/26 18:58:33 DAGMAN_PENDING_REPORT_INTERVAL setting: 600
10/09/26 18:58:33 DAGMAN_CHECK_QUEUE_INTERVAL setting: 28800
10/09/26 18:58:33 DAGMAN_PRINT_JOB_TABLE_INTERVAL setting: 900
10/09/26 18:58:33 DAGMAN_AUTO_RESCUE setting: True
10/09/26 18:58:33 DAGMAN_MAX_RESCUE_NUM setting: 100
10/09/26 18:58:33 DAGMAN_RESET_RETRIES_UPON_RESCUE setting: True
10/09/26 18:58:33 DAGMAN_METRICS_FILE_VERSION setting: 2
10/09/26 18:58:33 DAGMAN_DEFAULT_NODE_LOG setting: @(DAG_DIR)/@(DAG_FILE).nodes.log
10/09/26 18:58:33 DAGMAN_LOG_ON_NFS_IS_ERROR setting: False
10/09/26 18:58:33 DAGMAN_GENERATE_SUBDAG_SUBMITS setting: True
10/09/26 18:58:33 DAGMAN_MAX_JOB_HOLDS setting: 100
10/09/26 18:58:33 DAGMAN_NODE_JOB_FAILURE_TOLERANCE setting: 0
10/09/26 18:58:33 DAGMAN_HOLD_CLAIM_TIME setting: 20
10/09/26 18:58:33 DAGMAN_SUPPRESS_JOB_LOGS setting: False
10/09/26 18:58:33 DAGMAN_REMOVE_NODE_JOBS setting: True
10/09/26 18:58:33 DAGMAN_PUT_FAILED_JOBS_ON_HOLD setting: False
10/09/26 18:58:33 DAGMAN_REMOVE_JOBS_AFTER_LIMIT_CHANGE setting: False
10/09/26 18:58:33 DAGMAN will adjust edges after parsing
10/09/26 18:58:33 Can't open directory "/etc/condor/passwords.d" as PRIV_ROOT, errno: 13 (Permission denied)
10/09/26 18:58:33 Can't open directory "/etc/condor/passwords.d" as PRIV_ROOT, errno: 13 (Permission denied)
10/09/26 18:58:33 argv[0] == "condor_scheduniv_exec.4355741.0"
10/09/26 18:58:33 argv[1] == "-Lockfile"
10/09/26 18:58:33 argv[2] == "noble-gas-reduction-0.dag.lock"
10/09/26 18:58:33 argv[3] == "-Dag"
10/09/26 18:58:33 argv[4] == "noble-gas-reduction-0.dag"
10/09/26 18:58:33 argv[5] == "-MaxPost"
10/09/26 18:58:33 argv[6] == "20"
10/09/26 18:58:33 argv[7] == "-CsdVersion"
10/09/26 18:58:33 argv[8] == "$CondorVersion: 25.14.1 2026-09-23 BuildID: 958323 PackageID: 25.14.1-1 GitSHA: 6ee23ffa $"
10/09/26 18:58:33 argv[9] == "-dagman"
10/09/26 18:58:33 argv[10] == "/usr/bin/condor_dagman"
10/09/26 18:58:33 argv[11] == "-AutoRescue"
10/09/26 18:58:33 argv[12] == "1"
10/09/26 18:58:33 Workflow batch-id: <4355741.0>
10/09/26 18:58:33 Workflow batch-name: <noble-gas-reduction-0.dag+4355741>
10/09/26 18:58:33 Workflow accounting_group: <>
10/09/26 18:58:33 Workflow accounting_group_user: <>
10/09/26 18:58:33 Warning: failed to get attribute DAGNodeName
10/09/26 18:58:33 Default node log file is: </home/vsaiadian/Hotsprings/workflow/work/vsaiadian/pegasus/noble-gas-reduction/run0001/./noble-gas-reduction-0.dag.nodes.log>
10/09/26 18:58:33 Setting DAGMan throttles:
10/09/26 18:58:33 	Maximum Idle Jobs-------------: 1000
10/09/26 18:58:33 	Maximum Pre Scripts-----------: 20
10/09/26 18:58:33 	Maximum Hold Scripts----------: 20
10/09/26 18:58:33 	Maximum Post Scripts----------: 20
10/09/26 18:58:33 	Maximum Submitted Nodes-------: 0
10/09/26 18:58:33 	Maximum Submits Per Interval--: 100
10/09/26 18:58:33 DAG Lockfile will be written to noble-gas-reduction-0.dag.lock
10/09/26 18:58:33 DAG Input file is noble-gas-reduction-0.dag
10/09/26 18:58:33 Parsing 1 dagfiles
10/09/26 18:58:33 Parsing noble-gas-reduction-0.dag ...
10/09/26 18:58:33 Adjusting edges
10/09/26 18:58:33 Found rescue DAG number 1; running noble-gas-reduction-0.dag.rescue001 in combination with normal DAG file
10/09/26 18:58:33 ~~~~~~~~~~~~~~~~~~~~~~~~~~~~~~~~~~~~~~~~~~~~~~~~~~~~~~
10/09/26 18:58:33 USING RESCUE DAG noble-gas-reduction-0.dag.rescue001
10/09/26 18:58:33 Dag contains 25 total nodes
10/09/26 18:58:33 Bootstrapping...
10/09/26 18:58:33 Number of pre-completed nodes: 5
10/09/26 18:58:33 MultiLogFiles: truncating log file /home/vsaiadian/Hotsprings/workflow/work/vsaiadian/pegasus/noble-gas-reduction/run0001/./noble-gas-reduction-0.dag.nodes.log
10/09/26 18:58:33 DAG status: 0 (DAG_STATUS_OK)
10/09/26 18:58:33 Of 25 nodes total:
10/09/26 18:58:33  Done     Pre   Queued    Post   Ready   Un-Ready   Failed   Futile
10/09/26 18:58:33   ===     ===      ===     ===     ===        ===      ===      ===
10/09/26 18:58:33     5       0        0       0       1         19        0        0
10/09/26 18:58:33 0 job proc(s) currently held
10/09/26 18:58:33 DAGMan Runtime Statistics: [EventCycleTimeSum=0.000; SleepCycleTimeSum=0.000; SubmitCycleTimeSum=0.000; EventCycleTimeCount=0.000; SleepCycleTimeCount=0.000; SubmitCycleTimeCount=0.000; LogProcessCycleTimeSum=0.000; LogProcessCycleTimeCount=0.000; ]
10/09/26 18:58:33 Registering condor_event_timer...
10/09/26 18:58:34 Submitting HTCondor Node build_semiraw_ID0000001 job(s)...
10/09/26 18:58:34 Submitting node build_semiraw_ID0000001 from file 00/00/build_semiraw_ID0000001.sub using direct job submission
10/09/26 18:58:34 Submit warning: Submit:0:the line 'pegasus_job_runtime = 0' was unused by DAGMAN. Is it a typo?
|Submit:0:the line 'pegasus_gpus = 0' was unused by DAGMAN. Is it a typo?
10/09/26 18:58:34 	assigned HTCondor ID (4355742.0.0)
10/09/26 18:58:34 Just submitted 1 job this cycle...
10/09/26 18:58:34 DAG status: 0 (DAG_STATUS_OK)
10/09/26 18:58:34 Of 25 nodes total:
10/09/26 18:58:34  Done     Pre   Queued    Post   Ready   Un-Ready   Failed   Futile
10/09/26 18:58:34   ===     ===      ===     ===     ===        ===      ===      ===
10/09/26 18:58:34     5       0        1       0       0         19        0        0
10/09/26 18:58:34 0 job proc(s) currently held
10/09/26 18:58:34 DAGMan Runtime Statistics: [EventCycleTimeSum=0.000; SleepCycleTimeSum=0.000; SubmitCycleTimeAvg=0.018; SubmitCycleTimeMax=0.018; SubmitCycleTimeMin=0.018; SubmitCycleTimeStd=0.018; SubmitCycleTimeSum=0.018; EventCycleTimeCount=0.000; SleepCycleTimeCount=0.000; SubmitCycleTimeCount=1.000; LogProcessCycleTimeSum=0.000; LogProcessCycleTimeCount=0.000; ]
10/09/26 18:58:39 Currently monitoring 1 HTCondor log file(s)
10/09/26 18:58:39 Reassigning the id of job build_semiraw_ID0000001 from (4355742.0.0) to (4355742.0.0)
10/09/26 18:58:39 Event: ULOG_SUBMIT for HTCondor Node build_semiraw_ID0000001 (4355742.0.0) {10/09/26 18:58:34}
10/09/26 18:58:39 Number of idle job procs: 1
10/09/26 18:58:39 Event: ULOG_EXECUTE for HTCondor Node build_semiraw_ID0000001 (4355742.0.0) {10/09/26 18:58:38}
10/09/26 18:58:39 Number of idle job procs: 0
10/09/26 18:59:09 Currently monitoring 1 HTCondor log file(s)
10/09/26 18:59:09 Event: ULOG_JOB_TERMINATED for HTCondor Node build_semiraw_ID0000001 (4355742.0.0) {10/09/26 18:59:06}
10/09/26 18:59:09 Number of idle job procs: 0
10/09/26 18:59:09 Node build_semiraw_ID0000001 job proc (4355742.0.0) completed successfully.
10/09/26 18:59:09 Node build_semiraw_ID0000001 job(s) have exited the queue
10/09/26 18:59:09 Running POST script of Node build_semiraw_ID0000001...
10/09/26 18:59:09 DAG status: 0 (DAG_STATUS_OK)
10/09/26 18:59:09 Of 25 nodes total:
10/09/26 18:59:09  Done     Pre   Queued    Post   Ready   Un-Ready   Failed   Futile
10/09/26 18:59:09   ===     ===      ===     ===     ===        ===      ===      ===
10/09/26 18:59:09     5       0        0       1       0         19        0        0
10/09/26 18:59:09 0 job proc(s) currently held
10/09/26 18:59:09 DAGMan Runtime Statistics: [EventCycleTimeAvg=0.007; EventCycleTimeMax=0.034; EventCycleTimeMin=0.000; EventCycleTimeStd=0.013; EventCycleTimeSum=0.052; SleepCycleTimeAvg=5.005; SleepCycleTimeMax=5.006; SleepCycleTimeMin=5.005; SleepCycleTimeStd=0.000; SleepCycleTimeSum=35.037; SubmitCycleTimeAvg=0.002; SubmitCycleTimeMax=0.018; SubmitCycleTimeMin=0.000; SubmitCycleTimeStd=0.006; SubmitCycleTimeSum=0.018; EventCycleTimeCount=7.000; SleepCycleTimeCount=7.000; SubmitCycleTimeCount=8.000; LogProcessCycleTimeAvg=0.001; LogProcessCycleTimeMax=0.002; LogProcessCycleTimeMin=0.000; LogProcessCycleTimeStd=0.001; LogProcessCycleTimeSum=0.002; LogProcessCycleTimeCount=2.000; ]
10/09/26 18:59:09 Initializing user log writer for /home/vsaiadian/Hotsprings/workflow/work/vsaiadian/pegasus/noble-gas-reduction/run0001/./noble-gas-reduction-0.dag.nodes.log, (4355742.0.0)
10/09/26 18:59:14 Currently monitoring 1 HTCondor log file(s)
10/09/26 18:59:14 Event: ULOG_POST_SCRIPT_TERMINATED for HTCondor Node build_semiraw_ID0000001 (4355742.0.0) {10/09/26 18:59:09}
10/09/26 18:59:14 POST Script of node build_semiraw_ID0000001 completed successfully.
10/09/26 18:59:14 DAG status: 0 (DAG_STATUS_OK)
10/09/26 18:59:14 Of 25 nodes total:
10/09/26 18:59:14  Done     Pre   Queued    Post   Ready   Un-Ready   Failed   Futile
10/09/26 18:59:14   ===     ===      ===     ===     ===        ===      ===      ===
10/09/26 18:59:14     6       0        0       0       3         16        0        0
10/09/26 18:59:14 0 job proc(s) currently held
10/09/26 18:59:14 DAGMan Runtime Statistics: [EventCycleTimeAvg=0.007; EventCycleTimeMax=0.034; EventCycleTimeMin=0.000; EventCycleTimeStd=0.013; EventCycleTimeSum=0.054; SleepCycleTimeAvg=5.019; SleepCycleTimeMax=5.119; SleepCycleTimeMin=5.005; SleepCycleTimeStd=0.040; SleepCycleTimeSum=40.155; SubmitCycleTimeAvg=0.002; SubmitCycleTimeMax=0.018; SubmitCycleTimeMin=0.000; SubmitCycleTimeStd=0.006; SubmitCycleTimeSum=0.018; EventCycleTimeCount=8.000; SleepCycleTimeCount=8.000; SubmitCycleTimeCount=9.000; LogProcessCycleTimeAvg=0.001; LogProcessCycleTimeMax=0.002; LogProcessCycleTimeMin=0.000; LogProcessCycleTimeStd=0.001; LogProcessCycleTimeSum=0.002; LogProcessCycleTimeCount=3.000; ]
10/09/26 18:59:19 Submitting HTCondor Node clean_up_local_level_3_0 job(s)...
10/09/26 18:59:19 Submitting node clean_up_local_level_3_0 from file 00/00/clean_up_local_level_3_0.sub using direct job submission
10/09/26 18:59:19 Submit warning: Submit:0:the line 'pegasus_job_runtime = 0' was unused by DAGMAN. Is it a typo?
|Submit:0:the line 'pegasus_gpus = 0' was unused by DAGMAN. Is it a typo?
|Submit:0:the line 'pegasus_cores = 1' was unused by DAGMAN. Is it a typo?
10/09/26 18:59:19 	assigned HTCondor ID (4355743.0.0)
10/09/26 18:59:19 Submitting HTCondor Node stage_out_local_local_0_0 job(s)...
10/09/26 18:59:19 Submitting node stage_out_local_local_0_0 from file 00/00/stage_out_local_local_0_0.sub using direct job submission
10/09/26 18:59:19 Submit warning: Submit:0:the line 'wf_submit_dir = /home/vsaiadian/Hotsprings/workflow/work/vsaiadian/pegasus/noble-gas-reduction/run0001' was unused by DAGMAN. Is it a typo?
|Submit:0:the line 'pegasus_job_runtime = 0' was unused by DAGMAN. Is it a typo?
|Submit:0:the line 'pegasus_gpus = 0' was unused by DAGMAN. Is it a typo?
|Submit:0:the line 'pegasus_cores = 1' was unused by DAGMAN. Is it a typo?
10/09/26 18:59:19 	assigned HTCondor ID (4355744.0.0)
10/09/26 18:59:19 Submitting HTCondor Node compute_references_ID0000002 job(s)...
10/09/26 18:59:19 Submitting node compute_references_ID0000002 from file 00/00/compute_references_ID0000002.sub using direct job submission
10/09/26 18:59:19 Submit warning: Submit:0:the line 'pegasus_job_runtime = 0' was unused by DAGMAN. Is it a typo?
|Submit:0:the line 'pegasus_gpus = 0' was unused by DAGMAN. Is it a typo?
10/09/26 18:59:19 	assigned HTCondor ID (4355745.0.0)
10/09/26 18:59:19 Just submitted 3 jobs this cycle...
10/09/26 18:59:19 DAG status: 0 (DAG_STATUS_OK)
10/09/26 18:59:19 Of 25 nodes total:
10/09/26 18:59:19  Done     Pre   Queued    Post   Ready   Un-Ready   Failed   Futile
10/09/26 18:59:19   ===     ===      ===     ===     ===        ===      ===      ===
10/09/26 18:59:19     6       0        3       0       0         16        0        0
10/09/26 18:59:19 0 job proc(s) currently held
10/09/26 18:59:19 DAGMan Runtime Statistics: [EventCycleTimeAvg=0.006; EventCycleTimeMax=0.034; EventCycleTimeMin=0.000; EventCycleTimeStd=0.012; EventCycleTimeSum=0.054; SleepCycleTimeAvg=5.018; SleepCycleTimeMax=5.119; SleepCycleTimeMin=5.005; SleepCycleTimeStd=0.038; SleepCycleTimeSum=45.160; SubmitCycleTimeAvg=0.011; SubmitCycleTimeMax=0.091; SubmitCycleTimeMin=0.000; SubmitCycleTimeStd=0.029; SubmitCycleTimeSum=0.109; EventCycleTimeCount=9.000; SleepCycleTimeCount=9.000; SubmitCycleTimeCount=10.000; LogProcessCycleTimeAvg=0.001; LogProcessCycleTimeMax=0.002; LogProcessCycleTimeMin=0.000; LogProcessCycleTimeStd=0.001; LogProcessCycleTimeSum=0.002; LogProcessCycleTimeCount=3.000; ]
10/09/26 18:59:24 Currently monitoring 1 HTCondor log file(s)
10/09/26 18:59:24 Reassigning the id of job clean_up_local_level_3_0 from (4355743.0.0) to (4355743.0.0)
10/09/26 18:59:24 Event: ULOG_SUBMIT for HTCondor Node clean_up_local_level_3_0 (4355743.0.0) {10/09/26 18:59:19}
10/09/26 18:59:24 Number of idle job procs: 1
10/09/26 18:59:24 Reassigning the id of job stage_out_local_local_0_0 from (4355744.0.0) to (4355744.0.0)
10/09/26 18:59:24 Event: ULOG_SUBMIT for HTCondor Node stage_out_local_local_0_0 (4355744.0.0) {10/09/26 18:59:19}
10/09/26 18:59:24 Number of idle job procs: 2
10/09/26 18:59:24 Event: ULOG_EXECUTE for HTCondor Node clean_up_local_level_3_0 (4355743.0.0) {10/09/26 18:59:19}
10/09/26 18:59:24 Number of idle job procs: 1
10/09/26 18:59:24 Reassigning the id of job compute_references_ID0000002 from (4355745.0.0) to (4355745.0.0)
10/09/26 18:59:24 Event: ULOG_SUBMIT for HTCondor Node compute_references_ID0000002 (4355745.0.0) {10/09/26 18:59:19}
10/09/26 18:59:24 Number of idle job procs: 2
10/09/26 18:59:24 Event: ULOG_JOB_TERMINATED for HTCondor Node clean_up_local_level_3_0 (4355743.0.0) {10/09/26 18:59:22}
10/09/26 18:59:24 Number of idle job procs: 2
10/09/26 18:59:24 Node clean_up_local_level_3_0 job proc (4355743.0.0) completed successfully.
10/09/26 18:59:24 Node clean_up_local_level_3_0 job(s) have exited the queue
10/09/26 18:59:24 Running POST script of Node clean_up_local_level_3_0...
10/09/26 18:59:24 DAG status: 0 (DAG_STATUS_OK)
10/09/26 18:59:24 Of 25 nodes total:
10/09/26 18:59:24  Done     Pre   Queued    Post   Ready   Un-Ready   Failed   Futile
10/09/26 18:59:24   ===     ===      ===     ===     ===        ===      ===      ===
10/09/26 18:59:24     6       0        2       1       0         16        0        0
10/09/26 18:59:24 0 job proc(s) currently held
10/09/26 18:59:24 DAGMan Runtime Statistics: [EventCycleTimeAvg=0.015; EventCycleTimeMax=0.091; EventCycleTimeMin=0.000; EventCycleTimeStd=0.029; EventCycleTimeSum=0.146; SleepCycleTimeAvg=5.016; SleepCycleTimeMax=5.119; SleepCycleTimeMin=5.003; SleepCycleTimeStd=0.036; SleepCycleTimeSum=50.163; SubmitCycleTimeAvg=0.010; SubmitCycleTimeMax=0.091; SubmitCycleTimeMin=0.000; SubmitCycleTimeStd=0.027; SubmitCycleTimeSum=0.109; EventCycleTimeCount=10.000; SleepCycleTimeCount=10.000; SubmitCycleTimeCount=11.000; LogProcessCycleTimeAvg=0.001; LogProcessCycleTimeMax=0.002; LogProcessCycleTimeMin=0.000; LogProcessCycleTimeStd=0.001; LogProcessCycleTimeSum=0.005; LogProcessCycleTimeCount=4.000; ]
10/09/26 18:59:25 Initializing user log writer for /home/vsaiadian/Hotsprings/workflow/work/vsaiadian/pegasus/noble-gas-reduction/run0001/./noble-gas-reduction-0.dag.nodes.log, (4355743.0.0)
10/09/26 18:59:29 Currently monitoring 1 HTCondor log file(s)
10/09/26 18:59:29 Event: ULOG_POST_SCRIPT_TERMINATED for HTCondor Node clean_up_local_level_3_0 (4355743.0.0) {10/09/26 18:59:25}
10/09/26 18:59:29 POST Script of node clean_up_local_level_3_0 completed successfully.
10/09/26 18:59:29 Event: ULOG_EXECUTE for HTCondor Node stage_out_local_local_0_0 (4355744.0.0) {10/09/26 18:59:25}
10/09/26 18:59:29 Number of idle job procs: 1
10/09/26 18:59:29 Event: ULOG_EXECUTE for HTCondor Node compute_references_ID0000002 (4355745.0.0) {10/09/26 18:59:25}
10/09/26 18:59:29 Number of idle job procs: 0
10/09/26 18:59:29 DAG status: 0 (DAG_STATUS_OK)
10/09/26 18:59:29 Of 25 nodes total:
10/09/26 18:59:29  Done     Pre   Queued    Post   Ready   Un-Ready   Failed   Futile
10/09/26 18:59:29   ===     ===      ===     ===     ===        ===      ===      ===
10/09/26 18:59:29     7       0        2       0       0         16        0        0
10/09/26 18:59:29 0 job proc(s) currently held
10/09/26 18:59:29 DAGMan Runtime Statistics: [EventCycleTimeAvg=0.013; EventCycleTimeMax=0.091; EventCycleTimeMin=0.000; EventCycleTimeStd=0.028; EventCycleTimeSum=0.148; SleepCycleTimeAvg=4.935; SleepCycleTimeMax=5.119; SleepCycleTimeMin=4.119; SleepCycleTimeStd=0.273; SleepCycleTimeSum=54.283; SubmitCycleTimeAvg=0.009; SubmitCycleTimeMax=0.091; SubmitCycleTimeMin=0.000; SubmitCycleTimeStd=0.026; SubmitCycleTimeSum=0.109; EventCycleTimeCount=11.000; SleepCycleTimeCount=11.000; SubmitCycleTimeCount=12.000; LogProcessCycleTimeAvg=0.001; LogProcessCycleTimeMax=0.002; LogProcessCycleTimeMin=0.000; LogProcessCycleTimeStd=0.001; LogProcessCycleTimeSum=0.005; LogProcessCycleTimeCount=5.000; ]
10/09/26 18:59:34 Currently monitoring 1 HTCondor log file(s)
10/09/26 18:59:34 Event: ULOG_JOB_TERMINATED for HTCondor Node stage_out_local_local_0_0 (4355744.0.0) {10/09/26 18:59:30}
10/09/26 18:59:34 Number of idle job procs: 0
10/09/26 18:59:34 Node stage_out_local_local_0_0 job proc (4355744.0.0) completed successfully.
10/09/26 18:59:34 Node stage_out_local_local_0_0 job(s) have exited the queue
10/09/26 18:59:34 Running POST script of Node stage_out_local_local_0_0...
10/09/26 18:59:34 DAG status: 0 (DAG_STATUS_OK)
10/09/26 18:59:34 Of 25 nodes total:
10/09/26 18:59:34  Done     Pre   Queued    Post   Ready   Un-Ready   Failed   Futile
10/09/26 18:59:34   ===     ===      ===     ===     ===        ===      ===      ===
10/09/26 18:59:34     7       0        1       1       0         16        0        0
10/09/26 18:59:34 0 job proc(s) currently held
10/09/26 18:59:34 DAGMan Runtime Statistics: [EventCycleTimeAvg=0.012; EventCycleTimeMax=0.091; EventCycleTimeMin=0.000; EventCycleTimeStd=0.027; EventCycleTimeSum=0.149; SleepCycleTimeAvg=4.941; SleepCycleTimeMax=5.119; SleepCycleTimeMin=4.119; SleepCycleTimeStd=0.261; SleepCycleTimeSum=59.288; SubmitCycleTimeAvg=0.008; SubmitCycleTimeMax=0.091; SubmitCycleTimeMin=0.000; SubmitCycleTimeStd=0.025; SubmitCycleTimeSum=0.109; EventCycleTimeCount=12.000; SleepCycleTimeCount=12.000; SubmitCycleTimeCount=13.000; LogProcessCycleTimeAvg=0.002; LogProcessCycleTimeMax=0.005; LogProcessCycleTimeMin=0.000; LogProcessCycleTimeStd=0.002; LogProcessCycleTimeSum=0.010; LogProcessCycleTimeCount=6.000; ]
10/09/26 18:59:34 Initializing user log writer for /home/vsaiadian/Hotsprings/workflow/work/vsaiadian/pegasus/noble-gas-reduction/run0001/./noble-gas-reduction-0.dag.nodes.log, (4355744.0.0)
10/09/26 18:59:39 Currently monitoring 1 HTCondor log file(s)
10/09/26 18:59:39 Event: ULOG_POST_SCRIPT_TERMINATED for HTCondor Node stage_out_local_local_0_0 (4355744.0.0) {10/09/26 18:59:34}
10/09/26 18:59:39 POST Script of node stage_out_local_local_0_0 completed successfully.
10/09/26 18:59:39 DAG status: 0 (DAG_STATUS_OK)
10/09/26 18:59:39 Of 25 nodes total:
10/09/26 18:59:39  Done     Pre   Queued    Post   Ready   Un-Ready   Failed   Futile
10/09/26 18:59:39   ===     ===      ===     ===     ===        ===      ===      ===
10/09/26 18:59:39     8       0        1       0       1         15        0        0
10/09/26 18:59:39 0 job proc(s) currently held
10/09/26 18:59:39 DAGMan Runtime Statistics: [EventCycleTimeAvg=0.012; EventCycleTimeMax=0.091; EventCycleTimeMin=0.000; EventCycleTimeStd=0.026; EventCycleTimeSum=0.154; SleepCycleTimeAvg=4.954; SleepCycleTimeMax=5.119; SleepCycleTimeMin=4.119; SleepCycleTimeStd=0.254; SleepCycleTimeSum=64.405; SubmitCycleTimeAvg=0.008; SubmitCycleTimeMax=0.091; SubmitCycleTimeMin=0.000; SubmitCycleTimeStd=0.024; SubmitCycleTimeSum=0.109; EventCycleTimeCount=13.000; SleepCycleTimeCount=13.000; SubmitCycleTimeCount=14.000; LogProcessCycleTimeAvg=0.001; LogProcessCycleTimeMax=0.005; LogProcessCycleTimeMin=0.000; LogProcessCycleTimeStd=0.002; LogProcessCycleTimeSum=0.010; LogProcessCycleTimeCount=7.000; ]
10/09/26 18:59:44 Submitting HTCondor Node register_local_0_0 job(s)...
10/09/26 18:59:44 Submitting node register_local_0_0 from file 00/00/register_local_0_0.sub using direct job submission
10/09/26 18:59:44 Submit warning: Submit:0:the line 'wf_submit_dir = /home/vsaiadian/Hotsprings/workflow/work/vsaiadian/pegasus/noble-gas-reduction/run0001' was unused by DAGMAN. Is it a typo?
|Submit:0:the line 'pegasus_job_runtime = 0' was unused by DAGMAN. Is it a typo?
|Submit:0:the line 'pegasus_gpus = 0' was unused by DAGMAN. Is it a typo?
|Submit:0:the line 'pegasus_cores = 1' was unused by DAGMAN. Is it a typo?
10/09/26 18:59:44 	assigned HTCondor ID (4355746.0.0)
10/09/26 18:59:44 Just submitted 1 job this cycle...
10/09/26 18:59:44 DAG status: 0 (DAG_STATUS_OK)
10/09/26 18:59:44 Of 25 nodes total:
10/09/26 18:59:44  Done     Pre   Queued    Post   Ready   Un-Ready   Failed   Futile
10/09/26 18:59:44   ===     ===      ===     ===     ===        ===      ===      ===
10/09/26 18:59:44     8       0        2       0       0         15        0        0
10/09/26 18:59:44 0 job proc(s) currently held
10/09/26 18:59:44 DAGMan Runtime Statistics: [EventCycleTimeAvg=0.011; EventCycleTimeMax=0.091; EventCycleTimeMin=0.000; EventCycleTimeStd=0.025; EventCycleTimeSum=0.155; SleepCycleTimeAvg=4.958; SleepCycleTimeMax=5.119; SleepCycleTimeMin=4.119; SleepCycleTimeStd=0.245; SleepCycleTimeSum=69.411; SubmitCycleTimeAvg=0.010; SubmitCycleTimeMax=0.091; SubmitCycleTimeMin=0.000; SubmitCycleTimeStd=0.025; SubmitCycleTimeSum=0.149; EventCycleTimeCount=14.000; SleepCycleTimeCount=14.000; SubmitCycleTimeCount=15.000; LogProcessCycleTimeAvg=0.001; LogProcessCycleTimeMax=0.005; LogProcessCycleTimeMin=0.000; LogProcessCycleTimeStd=0.002; LogProcessCycleTimeSum=0.010; LogProcessCycleTimeCount=7.000; ]
10/09/26 18:59:49 Currently monitoring 1 HTCondor log file(s)
10/09/26 18:59:49 Reassigning the id of job register_local_0_0 from (4355746.0.0) to (4355746.0.0)
10/09/26 18:59:49 Event: ULOG_SUBMIT for HTCondor Node register_local_0_0 (4355746.0.0) {10/09/26 18:59:44}
10/09/26 18:59:49 Number of idle job procs: 1
10/09/26 18:59:49 Event: ULOG_EXECUTE for HTCondor Node register_local_0_0 (4355746.0.0) {10/09/26 18:59:44}
10/09/26 18:59:49 Number of idle job procs: 0
10/09/26 18:59:49 Event: ULOG_JOB_TERMINATED for HTCondor Node register_local_0_0 (4355746.0.0) {10/09/26 18:59:45}
10/09/26 18:59:49 Number of idle job procs: 0
10/09/26 18:59:49 Node register_local_0_0 job proc (4355746.0.0) completed successfully.
10/09/26 18:59:49 Node register_local_0_0 job(s) have exited the queue
10/09/26 18:59:49 Running POST script of Node register_local_0_0...
10/09/26 18:59:49 DAG status: 0 (DAG_STATUS_OK)
10/09/26 18:59:49 Of 25 nodes total:
10/09/26 18:59:49  Done     Pre   Queued    Post   Ready   Un-Ready   Failed   Futile
10/09/26 18:59:49   ===     ===      ===     ===     ===        ===      ===      ===
10/09/26 18:59:49     8       0        1       1       0         15        0        0
10/09/26 18:59:49 0 job proc(s) currently held
10/09/26 18:59:49 DAGMan Runtime Statistics: [EventCycleTimeAvg=0.013; EventCycleTimeMax=0.091; EventCycleTimeMin=0.000; EventCycleTimeStd=0.025; EventCycleTimeSum=0.195; SleepCycleTimeAvg=4.961; SleepCycleTimeMax=5.119; SleepCycleTimeMin=4.119; SleepCycleTimeStd=0.236; SleepCycleTimeSum=74.416; SubmitCycleTimeAvg=0.009; SubmitCycleTimeMax=0.091; SubmitCycleTimeMin=0.000; SubmitCycleTimeStd=0.024; SubmitCycleTimeSum=0.149; EventCycleTimeCount=15.000; SleepCycleTimeCount=15.000; SubmitCycleTimeCount=16.000; LogProcessCycleTimeAvg=0.002; LogProcessCycleTimeMax=0.005; LogProcessCycleTimeMin=0.000; LogProcessCycleTimeStd=0.002; LogProcessCycleTimeSum=0.013; LogProcessCycleTimeCount=8.000; ]
10/09/26 18:59:49 Initializing user log writer for /home/vsaiadian/Hotsprings/workflow/work/vsaiadian/pegasus/noble-gas-reduction/run0001/./noble-gas-reduction-0.dag.nodes.log, (4355746.0.0)
10/09/26 18:59:54 Currently monitoring 1 HTCondor log file(s)
10/09/26 18:59:54 Event: ULOG_POST_SCRIPT_TERMINATED for HTCondor Node register_local_0_0 (4355746.0.0) {10/09/26 18:59:49}
10/09/26 18:59:54 POST Script of node register_local_0_0 completed successfully.
10/09/26 18:59:54 Event: ULOG_JOB_TERMINATED for HTCondor Node compute_references_ID0000002 (4355745.0.0) {10/09/26 18:59:53}
10/09/26 18:59:54 Number of idle job procs: 0
10/09/26 18:59:54 Node compute_references_ID0000002 job proc (4355745.0.0) completed successfully.
10/09/26 18:59:54 Node compute_references_ID0000002 job(s) have exited the queue
10/09/26 18:59:54 Running POST script of Node compute_references_ID0000002...
10/09/26 18:59:54 DAG status: 0 (DAG_STATUS_OK)
10/09/26 18:59:54 Of 25 nodes total:
10/09/26 18:59:54  Done     Pre   Queued    Post   Ready   Un-Ready   Failed   Futile
10/09/26 18:59:54   ===     ===      ===     ===     ===        ===      ===      ===
10/09/26 18:59:54     9       0        0       1       0         15        0        0
10/09/26 18:59:54 0 job proc(s) currently held
10/09/26 18:59:54 DAGMan Runtime Statistics: [EventCycleTimeAvg=0.012; EventCycleTimeMax=0.091; EventCycleTimeMin=0.000; EventCycleTimeStd=0.025; EventCycleTimeSum=0.198; SleepCycleTimeAvg=4.971; SleepCycleTimeMax=5.119; SleepCycleTimeMin=4.119; SleepCycleTimeStd=0.231; SleepCycleTimeSum=79.531; SubmitCycleTimeAvg=0.009; SubmitCycleTimeMax=0.091; SubmitCycleTimeMin=0.000; SubmitCycleTimeStd=0.024; SubmitCycleTimeSum=0.149; EventCycleTimeCount=16.000; SleepCycleTimeCount=16.000; SubmitCycleTimeCount=17.000; LogProcessCycleTimeAvg=0.002; LogProcessCycleTimeMax=0.005; LogProcessCycleTimeMin=0.000; LogProcessCycleTimeStd=0.002; LogProcessCycleTimeSum=0.015; LogProcessCycleTimeCount=9.000; ]
10/09/26 18:59:54 Initializing user log writer for /home/vsaiadian/Hotsprings/workflow/work/vsaiadian/pegasus/noble-gas-reduction/run0001/./noble-gas-reduction-0.dag.nodes.log, (4355745.0.0)
10/09/26 18:59:59 Currently monitoring 1 HTCondor log file(s)
10/09/26 18:59:59 Event: ULOG_POST_SCRIPT_TERMINATED for HTCondor Node compute_references_ID0000002 (4355745.0.0) {10/09/26 18:59:54}
10/09/26 18:59:59 POST Script of node compute_references_ID0000002 completed successfully.
10/09/26 18:59:59 DAG status: 0 (DAG_STATUS_OK)
10/09/26 18:59:59 Of 25 nodes total:
10/09/26 18:59:59  Done     Pre   Queued    Post   Ready   Un-Ready   Failed   Futile
10/09/26 18:59:59   ===     ===      ===     ===     ===        ===      ===      ===
10/09/26 18:59:59    10       0        0       0       5         10        0        0
10/09/26 18:59:59 0 job proc(s) currently held
10/09/26 18:59:59 DAGMan Runtime Statistics: [EventCycleTimeAvg=0.012; EventCycleTimeMax=0.091; EventCycleTimeMin=0.000; EventCycleTimeStd=0.024; EventCycleTimeSum=0.200; SleepCycleTimeAvg=4.979; SleepCycleTimeMax=5.120; SleepCycleTimeMin=4.119; SleepCycleTimeStd=0.227; SleepCycleTimeSum=84.651; SubmitCycleTimeAvg=0.008; SubmitCycleTimeMax=0.091; SubmitCycleTimeMin=0.000; SubmitCycleTimeStd=0.023; SubmitCycleTimeSum=0.149; EventCycleTimeCount=17.000; SleepCycleTimeCount=17.000; SubmitCycleTimeCount=18.000; LogProcessCycleTimeAvg=0.002; LogProcessCycleTimeMax=0.005; LogProcessCycleTimeMin=0.000; LogProcessCycleTimeStd=0.002; LogProcessCycleTimeSum=0.015; LogProcessCycleTimeCount=10.000; ]
10/09/26 19:00:04 Submitting HTCondor Node clean_up_local_level_4_0 job(s)...
10/09/26 19:00:04 Submitting node clean_up_local_level_4_0 from file 00/00/clean_up_local_level_4_0.sub using direct job submission
10/09/26 19:00:04 Submit warning: Submit:0:the line 'pegasus_job_runtime = 0' was unused by DAGMAN. Is it a typo?
|Submit:0:the line 'pegasus_gpus = 0' was unused by DAGMAN. Is it a typo?
|Submit:0:the line 'pegasus_cores = 1' was unused by DAGMAN. Is it a typo?
10/09/26 19:00:04 	assigned HTCondor ID (4355747.0.0)
10/09/26 19:00:04 Submitting HTCondor Node stage_out_local_local_1_0 job(s)...
10/09/26 19:00:04 Submitting node stage_out_local_local_1_0 from file 00/00/stage_out_local_local_1_0.sub using direct job submission
10/09/26 19:00:04 Submit warning: Submit:0:the line 'wf_submit_dir = /home/vsaiadian/Hotsprings/workflow/work/vsaiadian/pegasus/noble-gas-reduction/run0001' was unused by DAGMAN. Is it a typo?
|Submit:0:the line 'pegasus_job_runtime = 0' was unused by DAGMAN. Is it a typo?
|Submit:0:the line 'pegasus_gpus = 0' was unused by DAGMAN. Is it a typo?
|Submit:0:the line 'pegasus_cores = 1' was unused by DAGMAN. Is it a typo?
10/09/26 19:00:04 	assigned HTCondor ID (4355748.0.0)
10/09/26 19:00:04 Submitting HTCondor Node samples_tab_ID0000005 job(s)...
10/09/26 19:00:04 Submitting node samples_tab_ID0000005 from file 00/00/samples_tab_ID0000005.sub using direct job submission
10/09/26 19:00:04 Submit warning: Submit:0:the line 'pegasus_job_runtime = 0' was unused by DAGMAN. Is it a typo?
|Submit:0:the line 'pegasus_gpus = 0' was unused by DAGMAN. Is it a typo?
10/09/26 19:00:04 	assigned HTCondor ID (4355749.0.0)
10/09/26 19:00:04 Submitting HTCondor Node blanks_tab_ID0000003 job(s)...
10/09/26 19:00:04 Submitting node blanks_tab_ID0000003 from file 00/00/blanks_tab_ID0000003.sub using direct job submission
10/09/26 19:00:04 Submit warning: Submit:0:the line 'pegasus_job_runtime = 0' was unused by DAGMAN. Is it a typo?
|Submit:0:the line 'pegasus_gpus = 0' was unused by DAGMAN. Is it a typo?
10/09/26 19:00:04 	assigned HTCondor ID (4355750.0.0)
10/09/26 19:00:04 Submitting HTCondor Node air_stds_tab_ID0000004 job(s)...
10/09/26 19:00:04 Submitting node air_stds_tab_ID0000004 from file 00/00/air_stds_tab_ID0000004.sub using direct job submission
10/09/26 19:00:04 Submit warning: Submit:0:the line 'pegasus_job_runtime = 0' was unused by DAGMAN. Is it a typo?
|Submit:0:the line 'pegasus_gpus = 0' was unused by DAGMAN. Is it a typo?
10/09/26 19:00:04 	assigned HTCondor ID (4355751.0.0)
10/09/26 19:00:04 Just submitted 5 jobs this cycle...
10/09/26 19:00:04 DAG status: 0 (DAG_STATUS_OK)
10/09/26 19:00:04 Of 25 nodes total:
10/09/26 19:00:04  Done     Pre   Queued    Post   Ready   Un-Ready   Failed   Futile
10/09/26 19:00:04   ===     ===      ===     ===     ===        ===      ===      ===
10/09/26 19:00:04    10       0        5       0       0         10        0        0
10/09/26 19:00:04 0 job proc(s) currently held
10/09/26 19:00:04 DAGMan Runtime Statistics: [EventCycleTimeAvg=0.011; EventCycleTimeMax=0.091; EventCycleTimeMin=0.000; EventCycleTimeStd=0.023; EventCycleTimeSum=0.201; SleepCycleTimeAvg=4.981; SleepCycleTimeMax=5.120; SleepCycleTimeMin=4.119; SleepCycleTimeStd=0.220; SleepCycleTimeSum=89.656; SubmitCycleTimeAvg=0.015; SubmitCycleTimeMax=0.135; SubmitCycleTimeMin=0.000; SubmitCycleTimeStd=0.037; SubmitCycleTimeSum=0.284; EventCycleTimeCount=18.000; SleepCycleTimeCount=18.000; SubmitCycleTimeCount=19.000; LogProcessCycleTimeAvg=0.002; LogProcessCycleTimeMax=0.005; LogProcessCycleTimeMin=0.000; LogProcessCycleTimeStd=0.002; LogProcessCycleTimeSum=0.015; LogProcessCycleTimeCount=10.000; ]
10/09/26 19:00:09 Currently monitoring 1 HTCondor log file(s)
10/09/26 19:00:09 Reassigning the id of job clean_up_local_level_4_0 from (4355747.0.0) to (4355747.0.0)
10/09/26 19:00:09 Event: ULOG_SUBMIT for HTCondor Node clean_up_local_level_4_0 (4355747.0.0) {10/09/26 19:00:04}
10/09/26 19:00:09 Number of idle job procs: 1
10/09/26 19:00:09 Reassigning the id of job stage_out_local_local_1_0 from (4355748.0.0) to (4355748.0.0)
10/09/26 19:00:09 Event: ULOG_SUBMIT for HTCondor Node stage_out_local_local_1_0 (4355748.0.0) {10/09/26 19:00:04}
10/09/26 19:00:09 Number of idle job procs: 2
10/09/26 19:00:09 Event: ULOG_EXECUTE for HTCondor Node clean_up_local_level_4_0 (4355747.0.0) {10/09/26 19:00:04}
10/09/26 19:00:09 Number of idle job procs: 1
10/09/26 19:00:09 Reassigning the id of job samples_tab_ID0000005 from (4355749.0.0) to (4355749.0.0)
10/09/26 19:00:09 Event: ULOG_SUBMIT for HTCondor Node samples_tab_ID0000005 (4355749.0.0) {10/09/26 19:00:04}
10/09/26 19:00:09 Number of idle job procs: 2
10/09/26 19:00:09 Reassigning the id of job blanks_tab_ID0000003 from (4355750.0.0) to (4355750.0.0)
10/09/26 19:00:09 Event: ULOG_SUBMIT for HTCondor Node blanks_tab_ID0000003 (4355750.0.0) {10/09/26 19:00:04}
10/09/26 19:00:09 Number of idle job procs: 3
10/09/26 19:00:09 Reassigning the id of job air_stds_tab_ID0000004 from (4355751.0.0) to (4355751.0.0)
10/09/26 19:00:09 Event: ULOG_SUBMIT for HTCondor Node air_stds_tab_ID0000004 (4355751.0.0) {10/09/26 19:00:04}
10/09/26 19:00:09 Number of idle job procs: 4
10/09/26 19:00:09 Event: ULOG_JOB_TERMINATED for HTCondor Node clean_up_local_level_4_0 (4355747.0.0) {10/09/26 19:00:06}
10/09/26 19:00:09 Number of idle job procs: 4
10/09/26 19:00:09 Node clean_up_local_level_4_0 job proc (4355747.0.0) completed successfully.
10/09/26 19:00:09 Node clean_up_local_level_4_0 job(s) have exited the queue
10/09/26 19:00:09 Running POST script of Node clean_up_local_level_4_0...
10/09/26 19:00:09 Event: ULOG_EXECUTE for HTCondor Node stage_out_local_local_1_0 (4355748.0.0) {10/09/26 19:00:09}
10/09/26 19:00:09 Number of idle job procs: 3
10/09/26 19:00:09 Event: ULOG_EXECUTE for HTCondor Node samples_tab_ID0000005 (4355749.0.0) {10/09/26 19:00:09}
10/09/26 19:00:09 Number of idle job procs: 2
10/09/26 19:00:09 Event: ULOG_EXECUTE for HTCondor Node blanks_tab_ID0000003 (4355750.0.0) {10/09/26 19:00:09}
10/09/26 19:00:09 Number of idle job procs: 1
10/09/26 19:00:09 Event: ULOG_EXECUTE for HTCondor Node air_stds_tab_ID0000004 (4355751.0.0) {10/09/26 19:00:09}
10/09/26 19:00:09 Number of idle job procs: 0
10/09/26 19:00:09 DAG status: 0 (DAG_STATUS_OK)
10/09/26 19:00:09 Of 25 nodes total:
10/09/26 19:00:09  Done     Pre   Queued    Post   Ready   Un-Ready   Failed   Futile
10/09/26 19:00:09   ===     ===      ===     ===     ===        ===      ===      ===
10/09/26 19:00:09    10       0        4       1       0         10        0        0
10/09/26 19:00:09 0 job proc(s) currently held
10/09/26 19:00:09 DAGMan Runtime Statistics: [EventCycleTimeAvg=0.018; EventCycleTimeMax=0.136; EventCycleTimeMin=0.000; EventCycleTimeStd=0.036; EventCycleTimeSum=0.336; SleepCycleTimeAvg=4.982; SleepCycleTimeMax=5.120; SleepCycleTimeMin=4.119; SleepCycleTimeStd=0.214; SleepCycleTimeSum=94.660; SubmitCycleTimeAvg=0.014; SubmitCycleTimeMax=0.135; SubmitCycleTimeMin=0.000; SubmitCycleTimeStd=0.036; SubmitCycleTimeSum=0.284; EventCycleTimeCount=19.000; SleepCycleTimeCount=19.000; SubmitCycleTimeCount=20.000; LogProcessCycleTimeAvg=0.002; LogProcessCycleTimeMax=0.005; LogProcessCycleTimeMin=0.000; LogProcessCycleTimeStd=0.002; LogProcessCycleTimeSum=0.017; LogProcessCycleTimeCount=11.000; ]
10/09/26 19:00:09 Initializing user log writer for /home/vsaiadian/Hotsprings/workflow/work/vsaiadian/pegasus/noble-gas-reduction/run0001/./noble-gas-reduction-0.dag.nodes.log, (4355747.0.0)
10/09/26 19:00:14 Currently monitoring 1 HTCondor log file(s)
10/09/26 19:00:14 Event: ULOG_POST_SCRIPT_TERMINATED for HTCondor Node clean_up_local_level_4_0 (4355747.0.0) {10/09/26 19:00:09}
10/09/26 19:00:14 POST Script of node clean_up_local_level_4_0 completed successfully.
10/09/26 19:00:14 Event: ULOG_JOB_TERMINATED for HTCondor Node stage_out_local_local_1_0 (4355748.0.0) {10/09/26 19:00:13}
10/09/26 19:00:14 Number of idle job procs: 0
10/09/26 19:00:14 Node stage_out_local_local_1_0 job proc (4355748.0.0) completed successfully.
10/09/26 19:00:14 Node stage_out_local_local_1_0 job(s) have exited the queue
10/09/26 19:00:14 Running POST script of Node stage_out_local_local_1_0...
10/09/26 19:00:14 DAG status: 0 (DAG_STATUS_OK)
10/09/26 19:00:14 Of 25 nodes total:
10/09/26 19:00:14  Done     Pre   Queued    Post   Ready   Un-Ready   Failed   Futile
10/09/26 19:00:14   ===     ===      ===     ===     ===        ===      ===      ===
10/09/26 19:00:14    11       0        3       1       0         10        0        0
10/09/26 19:00:14 0 job proc(s) currently held
10/09/26 19:00:14 DAGMan Runtime Statistics: [EventCycleTimeAvg=0.017; EventCycleTimeMax=0.136; EventCycleTimeMin=0.000; EventCycleTimeStd=0.036; EventCycleTimeSum=0.338; SleepCycleTimeAvg=4.989; SleepCycleTimeMax=5.120; SleepCycleTimeMin=4.119; SleepCycleTimeStd=0.211; SleepCycleTimeSum=99.778; SubmitCycleTimeAvg=0.014; SubmitCycleTimeMax=0.135; SubmitCycleTimeMin=0.000; SubmitCycleTimeStd=0.035; SubmitCycleTimeSum=0.284; EventCycleTimeCount=20.000; SleepCycleTimeCount=20.000; SubmitCycleTimeCount=21.000; LogProcessCycleTimeAvg=0.002; LogProcessCycleTimeMax=0.005; LogProcessCycleTimeMin=0.000; LogProcessCycleTimeStd=0.001; LogProcessCycleTimeSum=0.020; LogProcessCycleTimeCount=12.000; ]
10/09/26 19:00:14 Initializing user log writer for /home/vsaiadian/Hotsprings/workflow/work/vsaiadian/pegasus/noble-gas-reduction/run0001/./noble-gas-reduction-0.dag.nodes.log, (4355748.0.0)
10/09/26 19:00:19 Currently monitoring 1 HTCondor log file(s)
10/09/26 19:00:19 Event: ULOG_POST_SCRIPT_TERMINATED for HTCondor Node stage_out_local_local_1_0 (4355748.0.0) {10/09/26 19:00:14}
10/09/26 19:00:19 POST Script of node stage_out_local_local_1_0 completed successfully.
10/09/26 19:00:19 DAG status: 0 (DAG_STATUS_OK)
10/09/26 19:00:19 Of 25 nodes total:
10/09/26 19:00:19  Done     Pre   Queued    Post   Ready   Un-Ready   Failed   Futile
10/09/26 19:00:19   ===     ===      ===     ===     ===        ===      ===      ===
10/09/26 19:00:19    12       0        3       0       1          9        0        0
10/09/26 19:00:19 0 job proc(s) currently held
10/09/26 19:00:19 DAGMan Runtime Statistics: [EventCycleTimeAvg=0.016; EventCycleTimeMax=0.136; EventCycleTimeMin=0.000; EventCycleTimeStd=0.035; EventCycleTimeSum=0.341; SleepCycleTimeAvg=4.995; SleepCycleTimeMax=5.124; SleepCycleTimeMin=4.119; SleepCycleTimeStd=0.207; SleepCycleTimeSum=104.902; SubmitCycleTimeAvg=0.013; SubmitCycleTimeMax=0.135; SubmitCycleTimeMin=0.000; SubmitCycleTimeStd=0.034; SubmitCycleTimeSum=0.284; EventCycleTimeCount=21.000; SleepCycleTimeCount=21.000; SubmitCycleTimeCount=22.000; LogProcessCycleTimeAvg=0.002; LogProcessCycleTimeMax=0.005; LogProcessCycleTimeMin=0.000; LogProcessCycleTimeStd=0.001; LogProcessCycleTimeSum=0.020; LogProcessCycleTimeCount=13.000; ]
10/09/26 19:00:24 Submitting HTCondor Node register_local_1_0 job(s)...
10/09/26 19:00:24 Submitting node register_local_1_0 from file 00/00/register_local_1_0.sub using direct job submission
10/09/26 19:00:24 Submit warning: Submit:0:the line 'wf_submit_dir = /home/vsaiadian/Hotsprings/workflow/work/vsaiadian/pegasus/noble-gas-reduction/run0001' was unused by DAGMAN. Is it a typo?
|Submit:0:the line 'pegasus_job_runtime = 0' was unused by DAGMAN. Is it a typo?
|Submit:0:the line 'pegasus_gpus = 0' was unused by DAGMAN. Is it a typo?
|Submit:0:the line 'pegasus_cores = 1' was unused by DAGMAN. Is it a typo?
10/09/26 19:00:24 	assigned HTCondor ID (4355752.0.0)
10/09/26 19:00:24 Just submitted 1 job this cycle...
10/09/26 19:00:24 DAG status: 0 (DAG_STATUS_OK)
10/09/26 19:00:24 Of 25 nodes total:
10/09/26 19:00:24  Done     Pre   Queued    Post   Ready   Un-Ready   Failed   Futile
10/09/26 19:00:24   ===     ===      ===     ===     ===        ===      ===      ===
10/09/26 19:00:24    12       0        4       0       0          9        0        0
10/09/26 19:00:24 0 job proc(s) currently held
10/09/26 19:00:24 DAGMan Runtime Statistics: [EventCycleTimeAvg=0.016; EventCycleTimeMax=0.136; EventCycleTimeMin=0.000; EventCycleTimeStd=0.034; EventCycleTimeSum=0.341; SleepCycleTimeAvg=4.996; SleepCycleTimeMax=5.124; SleepCycleTimeMin=4.119; SleepCycleTimeStd=0.202; SleepCycleTimeSum=109.906; SubmitCycleTimeAvg=0.013; SubmitCycleTimeMax=0.135; SubmitCycleTimeMin=0.000; SubmitCycleTimeStd=0.034; SubmitCycleTimeSum=0.303; EventCycleTimeCount=22.000; SleepCycleTimeCount=22.000; SubmitCycleTimeCount=23.000; LogProcessCycleTimeAvg=0.002; LogProcessCycleTimeMax=0.005; LogProcessCycleTimeMin=0.000; LogProcessCycleTimeStd=0.001; LogProcessCycleTimeSum=0.020; LogProcessCycleTimeCount=13.000; ]
10/09/26 19:00:29 Currently monitoring 1 HTCondor log file(s)
10/09/26 19:00:29 Reassigning the id of job register_local_1_0 from (4355752.0.0) to (4355752.0.0)
10/09/26 19:00:29 Event: ULOG_SUBMIT for HTCondor Node register_local_1_0 (4355752.0.0) {10/09/26 19:00:24}
10/09/26 19:00:29 Number of idle job procs: 1
10/09/26 19:00:29 Event: ULOG_EXECUTE for HTCondor Node register_local_1_0 (4355752.0.0) {10/09/26 19:00:24}
10/09/26 19:00:29 Number of idle job procs: 0
10/09/26 19:00:29 Event: ULOG_JOB_TERMINATED for HTCondor Node register_local_1_0 (4355752.0.0) {10/09/26 19:00:26}
10/09/26 19:00:29 Number of idle job procs: 0
10/09/26 19:00:29 Node register_local_1_0 job proc (4355752.0.0) completed successfully.
10/09/26 19:00:29 Node register_local_1_0 job(s) have exited the queue
10/09/26 19:00:29 Running POST script of Node register_local_1_0...
10/09/26 19:00:29 DAG status: 0 (DAG_STATUS_OK)
10/09/26 19:00:29 Of 25 nodes total:
10/09/26 19:00:29  Done     Pre   Queued    Post   Ready   Un-Ready   Failed   Futile
10/09/26 19:00:29   ===     ===      ===     ===     ===        ===      ===      ===
10/09/26 19:00:29    12       0        3       1       0          9        0        0
10/09/26 19:00:29 0 job proc(s) currently held
10/09/26 19:00:29 DAGMan Runtime Statistics: [EventCycleTimeAvg=0.016; EventCycleTimeMax=0.136; EventCycleTimeMin=0.000; EventCycleTimeStd=0.033; EventCycleTimeSum=0.360; SleepCycleTimeAvg=4.996; SleepCycleTimeMax=5.124; SleepCycleTimeMin=4.119; SleepCycleTimeStd=0.198; SleepCycleTimeSum=114.906; SubmitCycleTimeAvg=0.013; SubmitCycleTimeMax=0.135; SubmitCycleTimeMin=0.000; SubmitCycleTimeStd=0.033; SubmitCycleTimeSum=0.303; EventCycleTimeCount=23.000; SleepCycleTimeCount=23.000; SubmitCycleTimeCount=24.000; LogProcessCycleTimeAvg=0.002; LogProcessCycleTimeMax=0.005; LogProcessCycleTimeMin=0.000; LogProcessCycleTimeStd=0.001; LogProcessCycleTimeSum=0.022; LogProcessCycleTimeCount=14.000; ]
10/09/26 19:00:29 Initializing user log writer for /home/vsaiadian/Hotsprings/workflow/work/vsaiadian/pegasus/noble-gas-reduction/run0001/./noble-gas-reduction-0.dag.nodes.log, (4355752.0.0)
10/09/26 19:00:34 Currently monitoring 1 HTCondor log file(s)
10/09/26 19:00:34 Event: ULOG_POST_SCRIPT_TERMINATED for HTCondor Node register_local_1_0 (4355752.0.0) {10/09/26 19:00:29}
10/09/26 19:00:34 POST Script of node register_local_1_0 completed successfully.
10/09/26 19:00:34 DAG status: 0 (DAG_STATUS_OK)
10/09/26 19:00:34 Of 25 nodes total:
10/09/26 19:00:34  Done     Pre   Queued    Post   Ready   Un-Ready   Failed   Futile
10/09/26 19:00:34   ===     ===      ===     ===     ===        ===      ===      ===
10/09/26 19:00:34    13       0        3       0       0          9        0        0
10/09/26 19:00:34 0 job proc(s) currently held
10/09/26 19:00:34 DAGMan Runtime Statistics: [EventCycleTimeAvg=0.015; EventCycleTimeMax=0.136; EventCycleTimeMin=0.000; EventCycleTimeStd=0.033; EventCycleTimeSum=0.362; SleepCycleTimeAvg=5.002; SleepCycleTimeMax=5.135; SleepCycleTimeMin=4.119; SleepCycleTimeStd=0.196; SleepCycleTimeSum=120.041; SubmitCycleTimeAvg=0.012; SubmitCycleTimeMax=0.135; SubmitCycleTimeMin=0.000; SubmitCycleTimeStd=0.032; SubmitCycleTimeSum=0.303; EventCycleTimeCount=24.000; SleepCycleTimeCount=24.000; SubmitCycleTimeCount=25.000; LogProcessCycleTimeAvg=0.001; LogProcessCycleTimeMax=0.005; LogProcessCycleTimeMin=0.000; LogProcessCycleTimeStd=0.001; LogProcessCycleTimeSum=0.022; LogProcessCycleTimeCount=15.000; ]
10/09/26 19:00:39 Currently monitoring 1 HTCondor log file(s)
10/09/26 19:00:39 Event: ULOG_JOB_TERMINATED for HTCondor Node samples_tab_ID0000005 (4355749.0.0) {10/09/26 19:00:39}
10/09/26 19:00:39 Number of idle job procs: 0
10/09/26 19:00:39 Node samples_tab_ID0000005 job proc (4355749.0.0) completed successfully.
10/09/26 19:00:39 Node samples_tab_ID0000005 job(s) have exited the queue
10/09/26 19:00:39 Running POST script of Node samples_tab_ID0000005...
10/09/26 19:00:39 DAG status: 0 (DAG_STATUS_OK)
10/09/26 19:00:39 Of 25 nodes total:
10/09/26 19:00:39  Done     Pre   Queued    Post   Ready   Un-Ready   Failed   Futile
10/09/26 19:00:39   ===     ===      ===     ===     ===        ===      ===      ===
10/09/26 19:00:39    13       0        2       1       0          9        0        0
10/09/26 19:00:39 0 job proc(s) currently held
10/09/26 19:00:39 DAGMan Runtime Statistics: [EventCycleTimeAvg=0.014; EventCycleTimeMax=0.136; EventCycleTimeMin=0.000; EventCycleTimeStd=0.032; EventCycleTimeSum=0.362; SleepCycleTimeAvg=5.002; SleepCycleTimeMax=5.135; SleepCycleTimeMin=4.119; SleepCycleTimeStd=0.191; SleepCycleTimeSum=125.046; SubmitCycleTimeAvg=0.012; SubmitCycleTimeMax=0.135; SubmitCycleTimeMin=0.000; SubmitCycleTimeStd=0.032; SubmitCycleTimeSum=0.303; EventCycleTimeCount=25.000; SleepCycleTimeCount=25.000; SubmitCycleTimeCount=26.000; LogProcessCycleTimeAvg=0.002; LogProcessCycleTimeMax=0.005; LogProcessCycleTimeMin=0.000; LogProcessCycleTimeStd=0.001; LogProcessCycleTimeSum=0.024; LogProcessCycleTimeCount=16.000; ]
10/09/26 19:00:40 Initializing user log writer for /home/vsaiadian/Hotsprings/workflow/work/vsaiadian/pegasus/noble-gas-reduction/run0001/./noble-gas-reduction-0.dag.nodes.log, (4355749.0.0)
10/09/26 19:00:44 Currently monitoring 1 HTCondor log file(s)
10/09/26 19:00:44 Event: ULOG_POST_SCRIPT_TERMINATED for HTCondor Node samples_tab_ID0000005 (4355749.0.0) {10/09/26 19:00:40}
10/09/26 19:00:44 POST Script of node samples_tab_ID0000005 completed successfully.
10/09/26 19:00:44 Event: ULOG_JOB_TERMINATED for HTCondor Node air_stds_tab_ID0000004 (4355751.0.0) {10/09/26 19:00:40}
10/09/26 19:00:44 Number of idle job procs: 0
10/09/26 19:00:44 Node air_stds_tab_ID0000004 job proc (4355751.0.0) completed successfully.
10/09/26 19:00:44 Node air_stds_tab_ID0000004 job(s) have exited the queue
10/09/26 19:00:44 Running POST script of Node air_stds_tab_ID0000004...
10/09/26 19:00:44 Event: ULOG_JOB_TERMINATED for HTCondor Node blanks_tab_ID0000003 (4355750.0.0) {10/09/26 19:00:41}
10/09/26 19:00:44 Number of idle job procs: 0
10/09/26 19:00:44 Node blanks_tab_ID0000003 job proc (4355750.0.0) completed successfully.
10/09/26 19:00:44 Node blanks_tab_ID0000003 job(s) have exited the queue
10/09/26 19:00:44 Running POST script of Node blanks_tab_ID0000003...
10/09/26 19:00:44 DAG status: 0 (DAG_STATUS_OK)
10/09/26 19:00:44 Of 25 nodes total:
10/09/26 19:00:44  Done     Pre   Queued    Post   Ready   Un-Ready   Failed   Futile
10/09/26 19:00:44   ===     ===      ===     ===     ===        ===      ===      ===
10/09/26 19:00:44    14       0        0       2       0          9        0        0
10/09/26 19:00:44 0 job proc(s) currently held
10/09/26 19:00:44 DAGMan Runtime Statistics: [EventCycleTimeAvg=0.014; EventCycleTimeMax=0.136; EventCycleTimeMin=0.000; EventCycleTimeStd=0.032; EventCycleTimeSum=0.365; SleepCycleTimeAvg=4.968; SleepCycleTimeMax=5.135; SleepCycleTimeMin=4.119; SleepCycleTimeStd=0.255; SleepCycleTimeSum=129.166; SubmitCycleTimeAvg=0.011; SubmitCycleTimeMax=0.135; SubmitCycleTimeMin=0.000; SubmitCycleTimeStd=0.031; SubmitCycleTimeSum=0.303; EventCycleTimeCount=26.000; SleepCycleTimeCount=26.000; SubmitCycleTimeCount=27.000; LogProcessCycleTimeAvg=0.002; LogProcessCycleTimeMax=0.007; LogProcessCycleTimeMin=0.000; LogProcessCycleTimeStd=0.002; LogProcessCycleTimeSum=0.031; LogProcessCycleTimeCount=17.000; ]
10/09/26 19:00:44 Initializing user log writer for /home/vsaiadian/Hotsprings/workflow/work/vsaiadian/pegasus/noble-gas-reduction/run0001/./noble-gas-reduction-0.dag.nodes.log, (4355751.0.0)
10/09/26 19:00:44 Initializing user log writer for /home/vsaiadian/Hotsprings/workflow/work/vsaiadian/pegasus/noble-gas-reduction/run0001/./noble-gas-reduction-0.dag.nodes.log, (4355750.0.0)
10/09/26 19:00:49 Currently monitoring 1 HTCondor log file(s)
10/09/26 19:00:49 Event: ULOG_POST_SCRIPT_TERMINATED for HTCondor Node air_stds_tab_ID0000004 (4355751.0.0) {10/09/26 19:00:44}
10/09/26 19:00:49 POST Script of node air_stds_tab_ID0000004 completed successfully.
10/09/26 19:00:49 Event: ULOG_POST_SCRIPT_TERMINATED for HTCondor Node blanks_tab_ID0000003 (4355750.0.0) {10/09/26 19:00:44}
10/09/26 19:00:49 POST Script of node blanks_tab_ID0000003 completed successfully.
10/09/26 19:00:49 DAG status: 0 (DAG_STATUS_OK)
10/09/26 19:00:49 Of 25 nodes total:
10/09/26 19:00:49  Done     Pre   Queued    Post   Ready   Un-Ready   Failed   Futile
10/09/26 19:00:49   ===     ===      ===     ===     ===        ===      ===      ===
10/09/26 19:00:49    16       0        0       0       3          6        0        0
10/09/26 19:00:49 0 job proc(s) currently held
10/09/26 19:00:49 DAGMan Runtime Statistics: [EventCycleTimeAvg=0.014; EventCycleTimeMax=0.136; EventCycleTimeMin=0.000; EventCycleTimeStd=0.031; EventCycleTimeSum=0.372; SleepCycleTimeAvg=4.973; SleepCycleTimeMax=5.135; SleepCycleTimeMin=4.119; SleepCycleTimeStd=0.252; SleepCycleTimeSum=134.283; SubmitCycleTimeAvg=0.011; SubmitCycleTimeMax=0.135; SubmitCycleTimeMin=0.000; SubmitCycleTimeStd=0.031; SubmitCycleTimeSum=0.303; EventCycleTimeCount=27.000; SleepCycleTimeCount=27.000; SubmitCycleTimeCount=28.000; LogProcessCycleTimeAvg=0.002; LogProcessCycleTimeMax=0.007; LogProcessCycleTimeMin=0.000; LogProcessCycleTimeStd=0.002; LogProcessCycleTimeSum=0.031; LogProcessCycleTimeCount=18.000; ]
10/09/26 19:00:54 Submitting HTCondor Node clean_up_local_level_5_0 job(s)...
10/09/26 19:00:54 Submitting node clean_up_local_level_5_0 from file 00/00/clean_up_local_level_5_0.sub using direct job submission
10/09/26 19:00:54 Submit warning: Submit:0:the line 'pegasus_job_runtime = 0' was unused by DAGMAN. Is it a typo?
|Submit:0:the line 'pegasus_gpus = 0' was unused by DAGMAN. Is it a typo?
|Submit:0:the line 'pegasus_cores = 1' was unused by DAGMAN. Is it a typo?
10/09/26 19:00:54 	assigned HTCondor ID (4355753.0.0)
10/09/26 19:00:54 Submitting HTCondor Node stage_out_local_local_2_0 job(s)...
10/09/26 19:00:54 Submitting node stage_out_local_local_2_0 from file 00/00/stage_out_local_local_2_0.sub using direct job submission
10/09/26 19:00:54 Submit warning: Submit:0:the line 'wf_submit_dir = /home/vsaiadian/Hotsprings/workflow/work/vsaiadian/pegasus/noble-gas-reduction/run0001' was unused by DAGMAN. Is it a typo?
|Submit:0:the line 'pegasus_job_runtime = 0' was unused by DAGMAN. Is it a typo?
|Submit:0:the line 'pegasus_gpus = 0' was unused by DAGMAN. Is it a typo?
|Submit:0:the line 'pegasus_cores = 1' was unused by DAGMAN. Is it a typo?
10/09/26 19:00:54 	assigned HTCondor ID (4355754.0.0)
10/09/26 19:00:54 Submitting HTCondor Node assemble_workbook_ID0000006 job(s)...
10/09/26 19:00:54 Submitting node assemble_workbook_ID0000006 from file 00/00/assemble_workbook_ID0000006.sub using direct job submission
10/09/26 19:00:54 Submit warning: Submit:0:the line 'pegasus_job_runtime = 0' was unused by DAGMAN. Is it a typo?
|Submit:0:the line 'pegasus_gpus = 0' was unused by DAGMAN. Is it a typo?
10/09/26 19:00:54 	assigned HTCondor ID (4355755.0.0)
10/09/26 19:00:54 Just submitted 3 jobs this cycle...
10/09/26 19:00:54 DAG status: 0 (DAG_STATUS_OK)
10/09/26 19:00:54 Of 25 nodes total:
10/09/26 19:00:54  Done     Pre   Queued    Post   Ready   Un-Ready   Failed   Futile
10/09/26 19:00:54   ===     ===      ===     ===     ===        ===      ===      ===
10/09/26 19:00:54    16       0        3       0       0          6        0        0
10/09/26 19:00:54 0 job proc(s) currently held
10/09/26 19:00:54 DAGMan Runtime Statistics: [EventCycleTimeAvg=0.013; EventCycleTimeMax=0.136; EventCycleTimeMin=0.000; EventCycleTimeStd=0.031; EventCycleTimeSum=0.372; SleepCycleTimeAvg=4.975; SleepCycleTimeMax=5.135; SleepCycleTimeMin=4.119; SleepCycleTimeStd=0.247; SleepCycleTimeSum=139.288; SubmitCycleTimeAvg=0.014; SubmitCycleTimeMax=0.135; SubmitCycleTimeMin=0.000; SubmitCycleTimeStd=0.034; SubmitCycleTimeSum=0.392; EventCycleTimeCount=28.000; SleepCycleTimeCount=28.000; SubmitCycleTimeCount=29.000; LogProcessCycleTimeAvg=0.002; LogProcessCycleTimeMax=0.007; LogProcessCycleTimeMin=0.000; LogProcessCycleTimeStd=0.002; LogProcessCycleTimeSum=0.031; LogProcessCycleTimeCount=18.000; ]
10/09/26 19:00:59 Currently monitoring 1 HTCondor log file(s)
10/09/26 19:00:59 Reassigning the id of job clean_up_local_level_5_0 from (4355753.0.0) to (4355753.0.0)
10/09/26 19:00:59 Event: ULOG_SUBMIT for HTCondor Node clean_up_local_level_5_0 (4355753.0.0) {10/09/26 19:00:54}
10/09/26 19:00:59 Number of idle job procs: 1
10/09/26 19:00:59 Reassigning the id of job stage_out_local_local_2_0 from (4355754.0.0) to (4355754.0.0)
10/09/26 19:00:59 Event: ULOG_SUBMIT for HTCondor Node stage_out_local_local_2_0 (4355754.0.0) {10/09/26 19:00:54}
10/09/26 19:00:59 Number of idle job procs: 2
10/09/26 19:00:59 Event: ULOG_EXECUTE for HTCondor Node clean_up_local_level_5_0 (4355753.0.0) {10/09/26 19:00:54}
10/09/26 19:00:59 Number of idle job procs: 1
10/09/26 19:00:59 Reassigning the id of job assemble_workbook_ID0000006 from (4355755.0.0) to (4355755.0.0)
10/09/26 19:00:59 Event: ULOG_SUBMIT for HTCondor Node assemble_workbook_ID0000006 (4355755.0.0) {10/09/26 19:00:54}
10/09/26 19:00:59 Number of idle job procs: 2
10/09/26 19:01:04 Currently monitoring 1 HTCondor log file(s)
10/09/26 19:01:04 Event: ULOG_EXECUTE for HTCondor Node stage_out_local_local_2_0 (4355754.0.0) {10/09/26 19:00:59}
10/09/26 19:01:04 Number of idle job procs: 1
10/09/26 19:01:04 Event: ULOG_EXECUTE for HTCondor Node assemble_workbook_ID0000006 (4355755.0.0) {10/09/26 19:00:59}
10/09/26 19:01:04 Number of idle job procs: 0
10/09/26 19:01:04 Event: ULOG_JOB_TERMINATED for HTCondor Node stage_out_local_local_2_0 (4355754.0.0) {10/09/26 19:01:03}
10/09/26 19:01:04 Number of idle job procs: 0
10/09/26 19:01:04 Node stage_out_local_local_2_0 job proc (4355754.0.0) completed successfully.
10/09/26 19:01:04 Node stage_out_local_local_2_0 job(s) have exited the queue
10/09/26 19:01:04 Running POST script of Node stage_out_local_local_2_0...
10/09/26 19:01:04 DAG status: 0 (DAG_STATUS_OK)
10/09/26 19:01:04 Of 25 nodes total:
10/09/26 19:01:04  Done     Pre   Queued    Post   Ready   Un-Ready   Failed   Futile
10/09/26 19:01:04   ===     ===      ===     ===     ===        ===      ===      ===
10/09/26 19:01:04    16       0        2       1       0          6        0        0
10/09/26 19:01:04 0 job proc(s) currently held
10/09/26 19:01:04 DAGMan Runtime Statistics: [EventCycleTimeAvg=0.015; EventCycleTimeMax=0.136; EventCycleTimeMin=0.000; EventCycleTimeStd=0.033; EventCycleTimeSum=0.462; SleepCycleTimeAvg=4.977; SleepCycleTimeMax=5.135; SleepCycleTimeMin=4.119; SleepCycleTimeStd=0.239; SleepCycleTimeSum=149.298; SubmitCycleTimeAvg=0.013; SubmitCycleTimeMax=0.135; SubmitCycleTimeMin=0.000; SubmitCycleTimeStd=0.033; SubmitCycleTimeSum=0.392; EventCycleTimeCount=30.000; SleepCycleTimeCount=30.000; SubmitCycleTimeCount=31.000; LogProcessCycleTimeAvg=0.002; LogProcessCycleTimeMax=0.007; LogProcessCycleTimeMin=0.000; LogProcessCycleTimeStd=0.002; LogProcessCycleTimeSum=0.036; LogProcessCycleTimeCount=20.000; ]
10/09/26 19:01:04 Initializing user log writer for /home/vsaiadian/Hotsprings/workflow/work/vsaiadian/pegasus/noble-gas-reduction/run0001/./noble-gas-reduction-0.dag.nodes.log, (4355754.0.0)
10/09/26 19:01:09 Currently monitoring 1 HTCondor log file(s)
10/09/26 19:01:09 Event: ULOG_POST_SCRIPT_TERMINATED for HTCondor Node stage_out_local_local_2_0 (4355754.0.0) {10/09/26 19:01:04}
10/09/26 19:01:09 POST Script of node stage_out_local_local_2_0 completed successfully.
10/09/26 19:01:09 DAG status: 0 (DAG_STATUS_OK)
10/09/26 19:01:09 Of 25 nodes total:
10/09/26 19:01:09  Done     Pre   Queued    Post   Ready   Un-Ready   Failed   Futile
10/09/26 19:01:09   ===     ===      ===     ===     ===        ===      ===      ===
10/09/26 19:01:09    17       0        2       0       1          5        0        0
10/09/26 19:01:09 0 job proc(s) currently held
10/09/26 19:01:09 DAGMan Runtime Statistics: [EventCycleTimeAvg=0.015; EventCycleTimeMax=0.136; EventCycleTimeMin=0.000; EventCycleTimeStd=0.032; EventCycleTimeSum=0.466; SleepCycleTimeAvg=4.981; SleepCycleTimeMax=5.135; SleepCycleTimeMin=4.119; SleepCycleTimeStd=0.236; SleepCycleTimeSum=154.413; SubmitCycleTimeAvg=0.012; SubmitCycleTimeMax=0.135; SubmitCycleTimeMin=0.000; SubmitCycleTimeStd=0.032; SubmitCycleTimeSum=0.392; EventCycleTimeCount=31.000; SleepCycleTimeCount=31.000; SubmitCycleTimeCount=32.000; LogProcessCycleTimeAvg=0.002; LogProcessCycleTimeMax=0.007; LogProcessCycleTimeMin=0.000; LogProcessCycleTimeStd=0.002; LogProcessCycleTimeSum=0.036; LogProcessCycleTimeCount=21.000; ]
10/09/26 19:01:14 Submitting HTCondor Node register_local_2_0 job(s)...
10/09/26 19:01:14 Submitting node register_local_2_0 from file 00/00/register_local_2_0.sub using direct job submission
10/09/26 19:01:14 Submit warning: Submit:0:the line 'wf_submit_dir = /home/vsaiadian/Hotsprings/workflow/work/vsaiadian/pegasus/noble-gas-reduction/run0001' was unused by DAGMAN. Is it a typo?
|Submit:0:the line 'pegasus_job_runtime = 0' was unused by DAGMAN. Is it a typo?
|Submit:0:the line 'pegasus_gpus = 0' was unused by DAGMAN. Is it a typo?
|Submit:0:the line 'pegasus_cores = 1' was unused by DAGMAN. Is it a typo?
10/09/26 19:01:14 	assigned HTCondor ID (4355756.0.0)
10/09/26 19:01:14 Just submitted 1 job this cycle...
10/09/26 19:01:14 Currently monitoring 1 HTCondor log file(s)
10/09/26 19:01:14 Event: ULOG_JOB_TERMINATED for HTCondor Node clean_up_local_level_5_0 (4355753.0.0) {10/09/26 19:01:10}
10/09/26 19:01:14 Number of idle job procs: 0
10/09/26 19:01:14 Node clean_up_local_level_5_0 job proc (4355753.0.0) completed successfully.
10/09/26 19:01:14 Node clean_up_local_level_5_0 job(s) have exited the queue
10/09/26 19:01:14 Running POST script of Node clean_up_local_level_5_0...
10/09/26 19:01:14 Reassigning the id of job register_local_2_0 from (4355756.0.0) to (4355756.0.0)
10/09/26 19:01:14 Event: ULOG_SUBMIT for HTCondor Node register_local_2_0 (4355756.0.0) {10/09/26 19:01:14}
10/09/26 19:01:14 Number of idle job procs: 1
10/09/26 19:01:14 DAG status: 0 (DAG_STATUS_OK)
10/09/26 19:01:14 Of 25 nodes total:
10/09/26 19:01:14  Done     Pre   Queued    Post   Ready   Un-Ready   Failed   Futile
10/09/26 19:01:14   ===     ===      ===     ===     ===        ===      ===      ===
10/09/26 19:01:14    17       0        2       1       0          5        0        0
10/09/26 19:01:14 0 job proc(s) currently held
10/09/26 19:01:14 DAGMan Runtime Statistics: [EventCycleTimeAvg=0.015; EventCycleTimeMax=0.136; EventCycleTimeMin=0.000; EventCycleTimeStd=0.032; EventCycleTimeSum=0.467; SleepCycleTimeAvg=4.982; SleepCycleTimeMax=5.135; SleepCycleTimeMin=4.119; SleepCycleTimeStd=0.232; SleepCycleTimeSum=159.418; SubmitCycleTimeAvg=0.012; SubmitCycleTimeMax=0.135; SubmitCycleTimeMin=0.000; SubmitCycleTimeStd=0.032; SubmitCycleTimeSum=0.409; EventCycleTimeCount=32.000; SleepCycleTimeCount=32.000; SubmitCycleTimeCount=33.000; LogProcessCycleTimeAvg=0.002; LogProcessCycleTimeMax=0.007; LogProcessCycleTimeMin=0.000; LogProcessCycleTimeStd=0.002; LogProcessCycleTimeSum=0.038; LogProcessCycleTimeCount=22.000; ]
10/09/26 19:01:14 Initializing user log writer for /home/vsaiadian/Hotsprings/workflow/work/vsaiadian/pegasus/noble-gas-reduction/run0001/./noble-gas-reduction-0.dag.nodes.log, (4355753.0.0)
10/09/26 19:01:19 Currently monitoring 1 HTCondor log file(s)
10/09/26 19:01:19 Event: ULOG_EXECUTE for HTCondor Node register_local_2_0 (4355756.0.0) {10/09/26 19:01:14}
10/09/26 19:01:19 Number of idle job procs: 0
10/09/26 19:01:19 Event: ULOG_POST_SCRIPT_TERMINATED for HTCondor Node clean_up_local_level_5_0 (4355753.0.0) {10/09/26 19:01:14}
10/09/26 19:01:19 POST Script of node clean_up_local_level_5_0 completed successfully.
10/09/26 19:01:19 Event: ULOG_JOB_TERMINATED for HTCondor Node register_local_2_0 (4355756.0.0) {10/09/26 19:01:16}
10/09/26 19:01:19 Number of idle job procs: 0
10/09/26 19:01:19 Node register_local_2_0 job proc (4355756.0.0) completed successfully.
10/09/26 19:01:19 Node register_local_2_0 job(s) have exited the queue
10/09/26 19:01:19 Running POST script of Node register_local_2_0...
10/09/26 19:01:19 DAG status: 0 (DAG_STATUS_OK)
10/09/26 19:01:19 Of 25 nodes total:
10/09/26 19:01:19  Done     Pre   Queued    Post   Ready   Un-Ready   Failed   Futile
10/09/26 19:01:19   ===     ===      ===     ===     ===        ===      ===      ===
10/09/26 19:01:19    18       0        1       1       0          5        0        0
10/09/26 19:01:19 0 job proc(s) currently held
10/09/26 19:01:19 DAGMan Runtime Statistics: [EventCycleTimeAvg=0.015; EventCycleTimeMax=0.136; EventCycleTimeMin=0.000; EventCycleTimeStd=0.031; EventCycleTimeSum=0.486; SleepCycleTimeAvg=4.986; SleepCycleTimeMax=5.135; SleepCycleTimeMin=4.119; SleepCycleTimeStd=0.230; SleepCycleTimeSum=164.536; SubmitCycleTimeAvg=0.012; SubmitCycleTimeMax=0.135; SubmitCycleTimeMin=0.000; SubmitCycleTimeStd=0.031; SubmitCycleTimeSum=0.409; EventCycleTimeCount=33.000; SleepCycleTimeCount=33.000; SubmitCycleTimeCount=34.000; LogProcessCycleTimeAvg=0.002; LogProcessCycleTimeMax=0.007; LogProcessCycleTimeMin=0.000; LogProcessCycleTimeStd=0.002; LogProcessCycleTimeSum=0.043; LogProcessCycleTimeCount=23.000; ]
10/09/26 19:01:19 Initializing user log writer for /home/vsaiadian/Hotsprings/workflow/work/vsaiadian/pegasus/noble-gas-reduction/run0001/./noble-gas-reduction-0.dag.nodes.log, (4355756.0.0)
10/09/26 19:01:24 Currently monitoring 1 HTCondor log file(s)
10/09/26 19:01:24 Event: ULOG_POST_SCRIPT_TERMINATED for HTCondor Node register_local_2_0 (4355756.0.0) {10/09/26 19:01:19}
10/09/26 19:01:24 POST Script of node register_local_2_0 completed successfully.
10/09/26 19:01:24 DAG status: 0 (DAG_STATUS_OK)
10/09/26 19:01:24 Of 25 nodes total:
10/09/26 19:01:24  Done     Pre   Queued    Post   Ready   Un-Ready   Failed   Futile
10/09/26 19:01:24   ===     ===      ===     ===     ===        ===      ===      ===
10/09/26 19:01:24    19       0        1       0       0          5        0        0
10/09/26 19:01:24 0 job proc(s) currently held
10/09/26 19:01:24 DAGMan Runtime Statistics: [EventCycleTimeAvg=0.014; EventCycleTimeMax=0.136; EventCycleTimeMin=0.000; EventCycleTimeStd=0.031; EventCycleTimeSum=0.491; SleepCycleTimeAvg=4.990; SleepCycleTimeMax=5.135; SleepCycleTimeMin=4.119; SleepCycleTimeStd=0.227; SleepCycleTimeSum=169.652; SubmitCycleTimeAvg=0.012; SubmitCycleTimeMax=0.135; SubmitCycleTimeMin=0.000; SubmitCycleTimeStd=0.031; SubmitCycleTimeSum=0.409; EventCycleTimeCount=34.000; SleepCycleTimeCount=34.000; SubmitCycleTimeCount=35.000; LogProcessCycleTimeAvg=0.002; LogProcessCycleTimeMax=0.007; LogProcessCycleTimeMin=0.000; LogProcessCycleTimeStd=0.002; LogProcessCycleTimeSum=0.043; LogProcessCycleTimeCount=24.000; ]
10/09/26 19:02:04 Currently monitoring 1 HTCondor log file(s)
10/09/26 19:02:04 Event: ULOG_JOB_TERMINATED for HTCondor Node assemble_workbook_ID0000006 (4355755.0.0) {10/09/26 19:02:03}
10/09/26 19:02:04 Number of idle job procs: 0
10/09/26 19:02:04 Node assemble_workbook_ID0000006 job proc (4355755.0.0) completed successfully.
10/09/26 19:02:04 Node assemble_workbook_ID0000006 job(s) have exited the queue
10/09/26 19:02:04 Running POST script of Node assemble_workbook_ID0000006...
10/09/26 19:02:04 DAG status: 0 (DAG_STATUS_OK)
10/09/26 19:02:04 Of 25 nodes total:
10/09/26 19:02:04  Done     Pre   Queued    Post   Ready   Un-Ready   Failed   Futile
10/09/26 19:02:04   ===     ===      ===     ===     ===        ===      ===      ===
10/09/26 19:02:04    19       0        0       1       0          5        0        0
10/09/26 19:02:04 0 job proc(s) currently held
10/09/26 19:02:04 DAGMan Runtime Statistics: [EventCycleTimeAvg=0.012; EventCycleTimeMax=0.136; EventCycleTimeMin=0.000; EventCycleTimeStd=0.028; EventCycleTimeSum=0.492; SleepCycleTimeAvg=4.993; SleepCycleTimeMax=5.135; SleepCycleTimeMin=4.119; SleepCycleTimeStd=0.204; SleepCycleTimeSum=209.688; SubmitCycleTimeAvg=0.010; SubmitCycleTimeMax=0.135; SubmitCycleTimeMin=0.000; SubmitCycleTimeStd=0.028; SubmitCycleTimeSum=0.409; EventCycleTimeCount=42.000; SleepCycleTimeCount=42.000; SubmitCycleTimeCount=43.000; LogProcessCycleTimeAvg=0.002; LogProcessCycleTimeMax=0.007; LogProcessCycleTimeMin=0.000; LogProcessCycleTimeStd=0.002; LogProcessCycleTimeSum=0.046; LogProcessCycleTimeCount=25.000; ]
10/09/26 19:02:04 Initializing user log writer for /home/vsaiadian/Hotsprings/workflow/work/vsaiadian/pegasus/noble-gas-reduction/run0001/./noble-gas-reduction-0.dag.nodes.log, (4355755.0.0)
10/09/26 19:02:09 Currently monitoring 1 HTCondor log file(s)
10/09/26 19:02:09 Event: ULOG_POST_SCRIPT_TERMINATED for HTCondor Node assemble_workbook_ID0000006 (4355755.0.0) {10/09/26 19:02:04}
10/09/26 19:02:09 POST Script of node assemble_workbook_ID0000006 completed successfully.
10/09/26 19:02:09 DAG status: 0 (DAG_STATUS_OK)
10/09/26 19:02:09 Of 25 nodes total:
10/09/26 19:02:09  Done     Pre   Queued    Post   Ready   Un-Ready   Failed   Futile
10/09/26 19:02:09   ===     ===      ===     ===     ===        ===      ===      ===
10/09/26 19:02:09    20       0        0       0       2          3        0        0
10/09/26 19:02:09 0 job proc(s) currently held
10/09/26 19:02:09 DAGMan Runtime Statistics: [EventCycleTimeAvg=0.012; EventCycleTimeMax=0.136; EventCycleTimeMin=0.000; EventCycleTimeStd=0.028; EventCycleTimeSum=0.495; SleepCycleTimeAvg=4.996; SleepCycleTimeMax=5.135; SleepCycleTimeMin=4.119; SleepCycleTimeStd=0.202; SleepCycleTimeSum=214.808; SubmitCycleTimeAvg=0.009; SubmitCycleTimeMax=0.135; SubmitCycleTimeMin=0.000; SubmitCycleTimeStd=0.028; SubmitCycleTimeSum=0.409; EventCycleTimeCount=43.000; SleepCycleTimeCount=43.000; SubmitCycleTimeCount=44.000; LogProcessCycleTimeAvg=0.002; LogProcessCycleTimeMax=0.007; LogProcessCycleTimeMin=0.000; LogProcessCycleTimeStd=0.002; LogProcessCycleTimeSum=0.046; LogProcessCycleTimeCount=26.000; ]
10/09/26 19:02:14 Submitting HTCondor Node clean_up_local_level_6_0 job(s)...
10/09/26 19:02:14 Submitting node clean_up_local_level_6_0 from file 00/00/clean_up_local_level_6_0.sub using direct job submission
10/09/26 19:02:14 Submit warning: Submit:0:the line 'pegasus_job_runtime = 0' was unused by DAGMAN. Is it a typo?
|Submit:0:the line 'pegasus_gpus = 0' was unused by DAGMAN. Is it a typo?
|Submit:0:the line 'pegasus_cores = 1' was unused by DAGMAN. Is it a typo?
10/09/26 19:02:14 	assigned HTCondor ID (4355757.0.0)
10/09/26 19:02:14 Submitting HTCondor Node stage_out_local_local_3_0 job(s)...
10/09/26 19:02:14 Submitting node stage_out_local_local_3_0 from file 00/00/stage_out_local_local_3_0.sub using direct job submission
10/09/26 19:02:14 Submit warning: Submit:0:the line 'wf_submit_dir = /home/vsaiadian/Hotsprings/workflow/work/vsaiadian/pegasus/noble-gas-reduction/run0001' was unused by DAGMAN. Is it a typo?
|Submit:0:the line 'pegasus_job_runtime = 0' was unused by DAGMAN. Is it a typo?
|Submit:0:the line 'pegasus_gpus = 0' was unused by DAGMAN. Is it a typo?
|Submit:0:the line 'pegasus_cores = 1' was unused by DAGMAN. Is it a typo?
10/09/26 19:02:14 	assigned HTCondor ID (4355758.0.0)
10/09/26 19:02:14 Just submitted 2 jobs this cycle...
10/09/26 19:02:14 DAG status: 0 (DAG_STATUS_OK)
10/09/26 19:02:14 Of 25 nodes total:
10/09/26 19:02:14  Done     Pre   Queued    Post   Ready   Un-Ready   Failed   Futile
10/09/26 19:02:14   ===     ===      ===     ===     ===        ===      ===      ===
10/09/26 19:02:14    20       0        2       0       0          3        0        0
10/09/26 19:02:14 0 job proc(s) currently held
10/09/26 19:02:14 DAGMan Runtime Statistics: [EventCycleTimeAvg=0.011; EventCycleTimeMax=0.136; EventCycleTimeMin=0.000; EventCycleTimeStd=0.028; EventCycleTimeSum=0.495; SleepCycleTimeAvg=4.996; SleepCycleTimeMax=5.135; SleepCycleTimeMin=4.119; SleepCycleTimeStd=0.200; SleepCycleTimeSum=219.813; SubmitCycleTimeAvg=0.011; SubmitCycleTimeMax=0.135; SubmitCycleTimeMin=0.000; SubmitCycleTimeStd=0.030; SubmitCycleTimeSum=0.497; EventCycleTimeCount=44.000; SleepCycleTimeCount=44.000; SubmitCycleTimeCount=45.000; LogProcessCycleTimeAvg=0.002; LogProcessCycleTimeMax=0.007; LogProcessCycleTimeMin=0.000; LogProcessCycleTimeStd=0.002; LogProcessCycleTimeSum=0.046; LogProcessCycleTimeCount=26.000; ]
10/09/26 19:02:19 Currently monitoring 1 HTCondor log file(s)
10/09/26 19:02:19 Reassigning the id of job clean_up_local_level_6_0 from (4355757.0.0) to (4355757.0.0)
10/09/26 19:02:19 Event: ULOG_SUBMIT for HTCondor Node clean_up_local_level_6_0 (4355757.0.0) {10/09/26 19:02:14}
10/09/26 19:02:19 Number of idle job procs: 1
10/09/26 19:02:19 Reassigning the id of job stage_out_local_local_3_0 from (4355758.0.0) to (4355758.0.0)
10/09/26 19:02:19 Event: ULOG_SUBMIT for HTCondor Node stage_out_local_local_3_0 (4355758.0.0) {10/09/26 19:02:14}
10/09/26 19:02:19 Number of idle job procs: 2
10/09/26 19:02:19 Event: ULOG_EXECUTE for HTCondor Node clean_up_local_level_6_0 (4355757.0.0) {10/09/26 19:02:14}
10/09/26 19:02:19 Number of idle job procs: 1
10/09/26 19:02:24 Currently monitoring 1 HTCondor log file(s)
10/09/26 19:02:24 Event: ULOG_EXECUTE for HTCondor Node stage_out_local_local_3_0 (4355758.0.0) {10/09/26 19:02:20}
10/09/26 19:02:24 Number of idle job procs: 0
10/09/26 19:02:24 Event: ULOG_JOB_TERMINATED for HTCondor Node stage_out_local_local_3_0 (4355758.0.0) {10/09/26 19:02:22}
10/09/26 19:02:24 Number of idle job procs: 0
10/09/26 19:02:24 Node stage_out_local_local_3_0 job proc (4355758.0.0) completed successfully.
10/09/26 19:02:24 Node stage_out_local_local_3_0 job(s) have exited the queue
10/09/26 19:02:24 Running POST script of Node stage_out_local_local_3_0...
10/09/26 19:02:24 DAG status: 0 (DAG_STATUS_OK)
10/09/26 19:02:24 Of 25 nodes total:
10/09/26 19:02:24  Done     Pre   Queued    Post   Ready   Un-Ready   Failed   Futile
10/09/26 19:02:24   ===     ===      ===     ===     ===        ===      ===      ===
10/09/26 19:02:24    20       0        1       1       0          3        0        0
10/09/26 19:02:24 0 job proc(s) currently held
10/09/26 19:02:24 DAGMan Runtime Statistics: [EventCycleTimeAvg=0.013; EventCycleTimeMax=0.136; EventCycleTimeMin=0.000; EventCycleTimeStd=0.029; EventCycleTimeSum=0.584; SleepCycleTimeAvg=4.996; SleepCycleTimeMax=5.135; SleepCycleTimeMin=4.119; SleepCycleTimeStd=0.196; SleepCycleTimeSum=229.823; SubmitCycleTimeAvg=0.011; SubmitCycleTimeMax=0.135; SubmitCycleTimeMin=0.000; SubmitCycleTimeStd=0.029; SubmitCycleTimeSum=0.497; EventCycleTimeCount=46.000; SleepCycleTimeCount=46.000; SubmitCycleTimeCount=47.000; LogProcessCycleTimeAvg=0.002; LogProcessCycleTimeMax=0.007; LogProcessCycleTimeMin=0.000; LogProcessCycleTimeStd=0.002; LogProcessCycleTimeSum=0.049; LogProcessCycleTimeCount=28.000; ]
10/09/26 19:02:25 Initializing user log writer for /home/vsaiadian/Hotsprings/workflow/work/vsaiadian/pegasus/noble-gas-reduction/run0001/./noble-gas-reduction-0.dag.nodes.log, (4355758.0.0)
10/09/26 19:02:29 Currently monitoring 1 HTCondor log file(s)
10/09/26 19:02:29 Event: ULOG_POST_SCRIPT_TERMINATED for HTCondor Node stage_out_local_local_3_0 (4355758.0.0) {10/09/26 19:02:25}
10/09/26 19:02:29 POST Script of node stage_out_local_local_3_0 completed successfully.
10/09/26 19:02:29 DAG status: 0 (DAG_STATUS_OK)
10/09/26 19:02:29 Of 25 nodes total:
10/09/26 19:02:29  Done     Pre   Queued    Post   Ready   Un-Ready   Failed   Futile
10/09/26 19:02:29   ===     ===      ===     ===     ===        ===      ===      ===
10/09/26 19:02:29    21       0        1       0       2          1        0        0
10/09/26 19:02:29 0 job proc(s) currently held
10/09/26 19:02:29 DAGMan Runtime Statistics: [EventCycleTimeAvg=0.012; EventCycleTimeMax=0.136; EventCycleTimeMin=0.000; EventCycleTimeStd=0.029; EventCycleTimeSum=0.586; SleepCycleTimeAvg=4.978; SleepCycleTimeMax=5.135; SleepCycleTimeMin=4.119; SleepCycleTimeStd=0.232; SleepCycleTimeSum=233.943; SubmitCycleTimeAvg=0.010; SubmitCycleTimeMax=0.135; SubmitCycleTimeMin=0.000; SubmitCycleTimeStd=0.029; SubmitCycleTimeSum=0.497; EventCycleTimeCount=47.000; SleepCycleTimeCount=47.000; SubmitCycleTimeCount=48.000; LogProcessCycleTimeAvg=0.002; LogProcessCycleTimeMax=0.007; LogProcessCycleTimeMin=0.000; LogProcessCycleTimeStd=0.002; LogProcessCycleTimeSum=0.049; LogProcessCycleTimeCount=29.000; ]
10/09/26 19:02:34 Submitting HTCondor Node clean_up_local_level_7_0 job(s)...
10/09/26 19:02:34 Submitting node clean_up_local_level_7_0 from file 00/00/clean_up_local_level_7_0.sub using direct job submission
10/09/26 19:02:34 Submit warning: Submit:0:the line 'pegasus_job_runtime = 0' was unused by DAGMAN. Is it a typo?
|Submit:0:the line 'pegasus_gpus = 0' was unused by DAGMAN. Is it a typo?
|Submit:0:the line 'pegasus_cores = 1' was unused by DAGMAN. Is it a typo?
10/09/26 19:02:34 	assigned HTCondor ID (4355759.0.0)
10/09/26 19:02:34 Submitting HTCondor Node register_local_3_0 job(s)...
10/09/26 19:02:34 Submitting node register_local_3_0 from file 00/00/register_local_3_0.sub using direct job submission
10/09/26 19:02:34 Submit warning: Submit:0:the line 'wf_submit_dir = /home/vsaiadian/Hotsprings/workflow/work/vsaiadian/pegasus/noble-gas-reduction/run0001' was unused by DAGMAN. Is it a typo?
|Submit:0:the line 'pegasus_job_runtime = 0' was unused by DAGMAN. Is it a typo?
|Submit:0:the line 'pegasus_gpus = 0' was unused by DAGMAN. Is it a typo?
|Submit:0:the line 'pegasus_cores = 1' was unused by DAGMAN. Is it a typo?
10/09/26 19:02:34 	assigned HTCondor ID (4355760.0.0)
10/09/26 19:02:34 Just submitted 2 jobs this cycle...
10/09/26 19:02:34 Currently monitoring 1 HTCondor log file(s)
10/09/26 19:02:34 Event: ULOG_JOB_TERMINATED for HTCondor Node clean_up_local_level_6_0 (4355757.0.0) {10/09/26 19:02:29}
10/09/26 19:02:34 Number of idle job procs: 0
10/09/26 19:02:34 Node clean_up_local_level_6_0 job proc (4355757.0.0) completed successfully.
10/09/26 19:02:34 Node clean_up_local_level_6_0 job(s) have exited the queue
10/09/26 19:02:34 Running POST script of Node clean_up_local_level_6_0...
10/09/26 19:02:34 Reassigning the id of job clean_up_local_level_7_0 from (4355759.0.0) to (4355759.0.0)
10/09/26 19:02:34 Event: ULOG_SUBMIT for HTCondor Node clean_up_local_level_7_0 (4355759.0.0) {10/09/26 19:02:34}
10/09/26 19:02:34 Number of idle job procs: 1
10/09/26 19:02:34 Reassigning the id of job register_local_3_0 from (4355760.0.0) to (4355760.0.0)
10/09/26 19:02:34 Event: ULOG_SUBMIT for HTCondor Node register_local_3_0 (4355760.0.0) {10/09/26 19:02:34}
10/09/26 19:02:34 Number of idle job procs: 2
10/09/26 19:02:34 Event: ULOG_EXECUTE for HTCondor Node clean_up_local_level_7_0 (4355759.0.0) {10/09/26 19:02:34}
10/09/26 19:02:34 Number of idle job procs: 1
10/09/26 19:02:34 DAG status: 0 (DAG_STATUS_OK)
10/09/26 19:02:34 Of 25 nodes total:
10/09/26 19:02:34  Done     Pre   Queued    Post   Ready   Un-Ready   Failed   Futile
10/09/26 19:02:34   ===     ===      ===     ===     ===        ===      ===      ===
10/09/26 19:02:34    21       0        2       1       0          1        0        0
10/09/26 19:02:34 0 job proc(s) currently held
10/09/26 19:02:34 DAGMan Runtime Statistics: [EventCycleTimeAvg=0.012; EventCycleTimeMax=0.136; EventCycleTimeMin=0.000; EventCycleTimeStd=0.029; EventCycleTimeSum=0.587; SleepCycleTimeAvg=4.978; SleepCycleTimeMax=5.135; SleepCycleTimeMin=4.119; SleepCycleTimeStd=0.229; SleepCycleTimeSum=238.948; SubmitCycleTimeAvg=0.011; SubmitCycleTimeMax=0.135; SubmitCycleTimeMin=0.000; SubmitCycleTimeStd=0.030; SubmitCycleTimeSum=0.561; EventCycleTimeCount=48.000; SleepCycleTimeCount=48.000; SubmitCycleTimeCount=49.000; LogProcessCycleTimeAvg=0.002; LogProcessCycleTimeMax=0.008; LogProcessCycleTimeMin=0.000; LogProcessCycleTimeStd=0.002; LogProcessCycleTimeSum=0.057; LogProcessCycleTimeCount=30.000; ]
10/09/26 19:02:34 Initializing user log writer for /home/vsaiadian/Hotsprings/workflow/work/vsaiadian/pegasus/noble-gas-reduction/run0001/./noble-gas-reduction-0.dag.nodes.log, (4355757.0.0)
10/09/26 19:02:39 Currently monitoring 1 HTCondor log file(s)
10/09/26 19:02:39 Event: ULOG_POST_SCRIPT_TERMINATED for HTCondor Node clean_up_local_level_6_0 (4355757.0.0) {10/09/26 19:02:34}
10/09/26 19:02:39 POST Script of node clean_up_local_level_6_0 completed successfully.
10/09/26 19:02:39 Event: ULOG_JOB_TERMINATED for HTCondor Node clean_up_local_level_7_0 (4355759.0.0) {10/09/26 19:02:36}
10/09/26 19:02:39 Number of idle job procs: 1
10/09/26 19:02:39 Node clean_up_local_level_7_0 job proc (4355759.0.0) completed successfully.
10/09/26 19:02:39 Node clean_up_local_level_7_0 job(s) have exited the queue
10/09/26 19:02:39 Running POST script of Node clean_up_local_level_7_0...
10/09/26 19:02:39 DAG status: 0 (DAG_STATUS_OK)
10/09/26 19:02:39 Of 25 nodes total:
10/09/26 19:02:39  Done     Pre   Queued    Post   Ready   Un-Ready   Failed   Futile
10/09/26 19:02:39   ===     ===      ===     ===     ===        ===      ===      ===
10/09/26 19:02:39    22       0        1       1       0          1        0        0
10/09/26 19:02:39 0 job proc(s) currently held
10/09/26 19:02:39 DAGMan Runtime Statistics: [EventCycleTimeAvg=0.013; EventCycleTimeMax=0.136; EventCycleTimeMin=0.000; EventCycleTimeStd=0.030; EventCycleTimeSum=0.659; SleepCycleTimeAvg=4.981; SleepCycleTimeMax=5.135; SleepCycleTimeMin=4.119; SleepCycleTimeStd=0.228; SleepCycleTimeSum=244.069; SubmitCycleTimeAvg=0.011; SubmitCycleTimeMax=0.135; SubmitCycleTimeMin=0.000; SubmitCycleTimeStd=0.030; SubmitCycleTimeSum=0.561; EventCycleTimeCount=49.000; SleepCycleTimeCount=49.000; SubmitCycleTimeCount=50.000; LogProcessCycleTimeAvg=0.002; LogProcessCycleTimeMax=0.008; LogProcessCycleTimeMin=0.000; LogProcessCycleTimeStd=0.002; LogProcessCycleTimeSum=0.059; LogProcessCycleTimeCount=31.000; ]
10/09/26 19:02:39 Initializing user log writer for /home/vsaiadian/Hotsprings/workflow/work/vsaiadian/pegasus/noble-gas-reduction/run0001/./noble-gas-reduction-0.dag.nodes.log, (4355759.0.0)
10/09/26 19:02:44 Currently monitoring 1 HTCondor log file(s)
10/09/26 19:02:44 Event: ULOG_POST_SCRIPT_TERMINATED for HTCondor Node clean_up_local_level_7_0 (4355759.0.0) {10/09/26 19:02:39}
10/09/26 19:02:44 POST Script of node clean_up_local_level_7_0 completed successfully.
10/09/26 19:02:44 Event: ULOG_EXECUTE for HTCondor Node register_local_3_0 (4355760.0.0) {10/09/26 19:02:40}
10/09/26 19:02:44 Number of idle job procs: 0
10/09/26 19:02:44 Event: ULOG_JOB_TERMINATED for HTCondor Node register_local_3_0 (4355760.0.0) {10/09/26 19:02:41}
10/09/26 19:02:44 Number of idle job procs: 0
10/09/26 19:02:44 Node register_local_3_0 job proc (4355760.0.0) completed successfully.
10/09/26 19:02:44 Node register_local_3_0 job(s) have exited the queue
10/09/26 19:02:44 Running POST script of Node register_local_3_0...
10/09/26 19:02:44 DAG status: 0 (DAG_STATUS_OK)
10/09/26 19:02:44 Of 25 nodes total:
10/09/26 19:02:44  Done     Pre   Queued    Post   Ready   Un-Ready   Failed   Futile
10/09/26 19:02:44   ===     ===      ===     ===     ===        ===      ===      ===
10/09/26 19:02:44    23       0        0       1       1          0        0        0
10/09/26 19:02:44 0 job proc(s) currently held
10/09/26 19:02:44 DAGMan Runtime Statistics: [EventCycleTimeAvg=0.013; EventCycleTimeMax=0.136; EventCycleTimeMin=0.000; EventCycleTimeStd=0.030; EventCycleTimeSum=0.661; SleepCycleTimeAvg=4.984; SleepCycleTimeMax=5.135; SleepCycleTimeMin=4.119; SleepCycleTimeStd=0.226; SleepCycleTimeSum=249.189; SubmitCycleTimeAvg=0.011; SubmitCycleTimeMax=0.135; SubmitCycleTimeMin=0.000; SubmitCycleTimeStd=0.029; SubmitCycleTimeSum=0.561; EventCycleTimeCount=50.000; SleepCycleTimeCount=50.000; SubmitCycleTimeCount=51.000; LogProcessCycleTimeAvg=0.002; LogProcessCycleTimeMax=0.008; LogProcessCycleTimeMin=0.000; LogProcessCycleTimeStd=0.002; LogProcessCycleTimeSum=0.064; LogProcessCycleTimeCount=32.000; ]
10/09/26 19:02:44 Initializing user log writer for /home/vsaiadian/Hotsprings/workflow/work/vsaiadian/pegasus/noble-gas-reduction/run0001/./noble-gas-reduction-0.dag.nodes.log, (4355760.0.0)
10/09/26 19:02:49 Submitting HTCondor Node cleanup_noble-gas-reduction_0_local job(s)...
10/09/26 19:02:49 Submitting node cleanup_noble-gas-reduction_0_local from file 00/00/cleanup_noble-gas-reduction_0_local.sub using direct job submission
10/09/26 19:02:49 Submit warning: Submit:0:the line 'wf_submit_dir = /home/vsaiadian/Hotsprings/workflow/work/vsaiadian/pegasus/noble-gas-reduction/run0001' was unused by DAGMAN. Is it a typo?
|Submit:0:the line 'pegasus_job_runtime = 0' was unused by DAGMAN. Is it a typo?
|Submit:0:the line 'pegasus_gpus = 0' was unused by DAGMAN. Is it a typo?
|Submit:0:the line 'pegasus_cores = 1' was unused by DAGMAN. Is it a typo?
10/09/26 19:02:49 	assigned HTCondor ID (4355761.0.0)
10/09/26 19:02:49 Just submitted 1 job this cycle...
10/09/26 19:02:49 Currently monitoring 1 HTCondor log file(s)
10/09/26 19:02:49 Event: ULOG_POST_SCRIPT_TERMINATED for HTCondor Node register_local_3_0 (4355760.0.0) {10/09/26 19:02:44}
10/09/26 19:02:49 POST Script of node register_local_3_0 completed successfully.
10/09/26 19:02:49 Reassigning the id of job cleanup_noble-gas-reduction_0_local from (4355761.0.0) to (4355761.0.0)
10/09/26 19:02:49 Event: ULOG_SUBMIT for HTCondor Node cleanup_noble-gas-reduction_0_local (4355761.0.0) {10/09/26 19:02:49}
10/09/26 19:02:49 Number of idle job procs: 1
10/09/26 19:02:49 DAG status: 0 (DAG_STATUS_OK)
10/09/26 19:02:49 Of 25 nodes total:
10/09/26 19:02:49  Done     Pre   Queued    Post   Ready   Un-Ready   Failed   Futile
10/09/26 19:02:49   ===     ===      ===     ===     ===        ===      ===      ===
10/09/26 19:02:49    24       0        1       0       0          0        0        0
10/09/26 19:02:49 0 job proc(s) currently held
10/09/26 19:02:49 DAGMan Runtime Statistics: [EventCycleTimeAvg=0.013; EventCycleTimeMax=0.136; EventCycleTimeMin=0.000; EventCycleTimeStd=0.029; EventCycleTimeSum=0.666; SleepCycleTimeAvg=4.986; SleepCycleTimeMax=5.135; SleepCycleTimeMin=4.119; SleepCycleTimeStd=0.225; SleepCycleTimeSum=254.308; SubmitCycleTimeAvg=0.011; SubmitCycleTimeMax=0.135; SubmitCycleTimeMin=0.000; SubmitCycleTimeStd=0.029; SubmitCycleTimeSum=0.580; EventCycleTimeCount=51.000; SleepCycleTimeCount=51.000; SubmitCycleTimeCount=52.000; LogProcessCycleTimeAvg=0.002; LogProcessCycleTimeMax=0.008; LogProcessCycleTimeMin=0.000; LogProcessCycleTimeStd=0.002; LogProcessCycleTimeSum=0.064; LogProcessCycleTimeCount=33.000; ]
10/09/26 19:02:54 Currently monitoring 1 HTCondor log file(s)
10/09/26 19:02:54 Event: ULOG_EXECUTE for HTCondor Node cleanup_noble-gas-reduction_0_local (4355761.0.0) {10/09/26 19:02:49}
10/09/26 19:02:54 Number of idle job procs: 0
10/09/26 19:02:54 Event: ULOG_JOB_TERMINATED for HTCondor Node cleanup_noble-gas-reduction_0_local (4355761.0.0) {10/09/26 19:02:51}
10/09/26 19:02:54 Number of idle job procs: 0
10/09/26 19:02:54 Node cleanup_noble-gas-reduction_0_local job proc (4355761.0.0) completed successfully.
10/09/26 19:02:54 Node cleanup_noble-gas-reduction_0_local job(s) have exited the queue
10/09/26 19:02:54 Running POST script of Node cleanup_noble-gas-reduction_0_local...
10/09/26 19:02:54 DAG status: 0 (DAG_STATUS_OK)
10/09/26 19:02:54 Of 25 nodes total:
10/09/26 19:02:54  Done     Pre   Queued    Post   Ready   Un-Ready   Failed   Futile
10/09/26 19:02:54   ===     ===      ===     ===     ===        ===      ===      ===
10/09/26 19:02:54    24       0        0       1       0          0        0        0
10/09/26 19:02:54 0 job proc(s) currently held
10/09/26 19:02:54 DAGMan Runtime Statistics: [EventCycleTimeAvg=0.013; EventCycleTimeMax=0.136; EventCycleTimeMin=0.000; EventCycleTimeStd=0.029; EventCycleTimeSum=0.686; SleepCycleTimeAvg=4.987; SleepCycleTimeMax=5.135; SleepCycleTimeMin=4.119; SleepCycleTimeStd=0.223; SleepCycleTimeSum=259.314; SubmitCycleTimeAvg=0.011; SubmitCycleTimeMax=0.135; SubmitCycleTimeMin=0.000; SubmitCycleTimeStd=0.029; SubmitCycleTimeSum=0.580; EventCycleTimeCount=52.000; SleepCycleTimeCount=52.000; SubmitCycleTimeCount=53.000; LogProcessCycleTimeAvg=0.002; LogProcessCycleTimeMax=0.008; LogProcessCycleTimeMin=0.000; LogProcessCycleTimeStd=0.002; LogProcessCycleTimeSum=0.066; LogProcessCycleTimeCount=34.000; ]
10/09/26 19:02:54 Initializing user log writer for /home/vsaiadian/Hotsprings/workflow/work/vsaiadian/pegasus/noble-gas-reduction/run0001/./noble-gas-reduction-0.dag.nodes.log, (4355761.0.0)
10/09/26 19:02:59 Currently monitoring 1 HTCondor log file(s)
10/09/26 19:02:59 Event: ULOG_POST_SCRIPT_TERMINATED for HTCondor Node cleanup_noble-gas-reduction_0_local (4355761.0.0) {10/09/26 19:02:54}
10/09/26 19:02:59 POST Script of node cleanup_noble-gas-reduction_0_local completed successfully.
10/09/26 19:02:59 DAG status: 0 (DAG_STATUS_OK)
10/09/26 19:02:59 Of 25 nodes total:
10/09/26 19:02:59  Done     Pre   Queued    Post   Ready   Un-Ready   Failed   Futile
10/09/26 19:02:59   ===     ===      ===     ===     ===        ===      ===      ===
10/09/26 19:02:59    25       0        0       0       0          0        0        0
10/09/26 19:02:59 0 job proc(s) currently held
10/09/26 19:02:59 DAGMan Runtime Statistics: [EventCycleTimeAvg=0.013; EventCycleTimeMax=0.136; EventCycleTimeMin=0.000; EventCycleTimeStd=0.029; EventCycleTimeSum=0.688; SleepCycleTimeAvg=4.989; SleepCycleTimeMax=5.135; SleepCycleTimeMin=4.119; SleepCycleTimeStd=0.221; SleepCycleTimeSum=264.428; SubmitCycleTimeAvg=0.011; SubmitCycleTimeMax=0.135; SubmitCycleTimeMin=0.000; SubmitCycleTimeStd=0.029; SubmitCycleTimeSum=0.580; EventCycleTimeCount=53.000; SleepCycleTimeCount=53.000; SubmitCycleTimeCount=54.000; LogProcessCycleTimeAvg=0.002; LogProcessCycleTimeMax=0.008; LogProcessCycleTimeMin=0.000; LogProcessCycleTimeStd=0.002; LogProcessCycleTimeSum=0.066; LogProcessCycleTimeCount=35.000; ]
10/09/26 19:02:59 All jobs Completed!
10/09/26 19:02:59 Note: 0 total node deferrals because of -MaxJobs limit (0)
10/09/26 19:02:59 Note: 0 total node deferrals because of -MaxIdle limit (1000)
10/09/26 19:02:59 Note: 0 total node deferrals because of node category throttles
10/09/26 19:02:59 Note: 0 total PRE script deferrals because of -MaxPre limit (20) or DEFER
10/09/26 19:02:59 Note: 0 total POST script deferrals because of -MaxPost limit (20) or DEFER
10/09/26 19:02:59 Note: 0 total HOLD script deferrals because of -MaxHold limit (20) or DEFER
10/09/26 19:02:59 DAG status: 0 (DAG_STATUS_OK)
10/09/26 19:02:59 Of 25 nodes total:
10/09/26 19:02:59  Done     Pre   Queued    Post   Ready   Un-Ready   Failed   Futile
10/09/26 19:02:59   ===     ===      ===     ===     ===        ===      ===      ===
10/09/26 19:02:59    25       0        0       0       0          0        0        0
10/09/26 19:02:59 0 job proc(s) currently held
10/09/26 19:02:59 DAGMan Runtime Statistics: [EventCycleTimeAvg=0.013; EventCycleTimeMax=0.136; EventCycleTimeMin=0.000; EventCycleTimeStd=0.029; EventCycleTimeSum=0.688; SleepCycleTimeAvg=4.989; SleepCycleTimeMax=5.135; SleepCycleTimeMin=4.119; SleepCycleTimeStd=0.221; SleepCycleTimeSum=264.428; SubmitCycleTimeAvg=0.011; SubmitCycleTimeMax=0.135; SubmitCycleTimeMin=0.000; SubmitCycleTimeStd=0.029; SubmitCycleTimeSum=0.580; EventCycleTimeCount=53.000; SleepCycleTimeCount=53.000; SubmitCycleTimeCount=54.000; LogProcessCycleTimeAvg=0.002; LogProcessCycleTimeMax=0.008; LogProcessCycleTimeMin=0.000; LogProcessCycleTimeStd=0.002; LogProcessCycleTimeSum=0.066; LogProcessCycleTimeCount=35.000; ]
10/09/26 19:02:59 Wrote metrics file noble-gas-reduction-0.dag.metrics.
10/09/26 19:02:59 DAGMan Runtime Statistics: [EventCycleTimeAvg=0.013; EventCycleTimeMax=0.136; EventCycleTimeMin=0.000; EventCycleTimeStd=0.029; EventCycleTimeSum=0.688; SleepCycleTimeAvg=4.989; SleepCycleTimeMax=5.135; SleepCycleTimeMin=4.119; SleepCycleTimeStd=0.221; SleepCycleTimeSum=264.428; SubmitCycleTimeAvg=0.011; SubmitCycleTimeMax=0.135; SubmitCycleTimeMin=0.000; SubmitCycleTimeStd=0.029; SubmitCycleTimeSum=0.580; EventCycleTimeCount=53.000; SleepCycleTimeCount=53.000; SubmitCycleTimeCount=54.000; LogProcessCycleTimeAvg=0.002; LogProcessCycleTimeMax=0.008; LogProcessCycleTimeMin=0.000; LogProcessCycleTimeStd=0.002; LogProcessCycleTimeSum=0.066; LogProcessCycleTimeCount=35.000; ]
10/09/26 19:02:59 **** condor_scheduniv_exec.4355741.0 (condor_DAGMAN) pid 3662759 EXITING WITH STATUS 0
